date,sentiment_compound_mean,sentiment_positive_mean,sentiment_negative_mean,sentiment_neutral_mean,sentiment_compound_std,sentiment_compound_min,sentiment_compound_max,news_count,sentiment_momentum,sentiment_ma5,sentiment_ma10
2020-01-02,0.0,0.0,0.0,0.5,0.0,0.0,0.0,10,0.0,0.0,0.0
2020-01-03,0.0,0.0,0.0,0.5,0.0,0.0,0.0,10,0.0,0.0,0.0
2020-01-06,0.0,0.0,0.0,0.5,0.0,0.0,0.0,10,0.010593243452772572,0.0,0.0
2020-01-07,-0.010549560540357345,0.004465494035222932,0.002232747017611466,0.5,0.0,0.0,0.0,10,-0.006336611543623416,0.0,0.0
2020-01-08,0.00938764267801521,0.003746354304200524,0.001873177152100262,0.5,0.0,0.0,0.0,10,0.0077056900218743785,0.0,0.0
2020-01-09,0.014590792202618202,0.004786984209121122,0.002393492104560561,0.5,0.005767253310583809,-0.007059870562045378,0.006655262605488987,10,0.0017528112365108317,0.0010455955300505471,0.0
2020-01-10,0.014504225474674299,0.004804297554709902,0.002402148777354951,0.5,0.004444840131784405,-0.002855178689662563,0.006655262605488987,10,-0.00951044129515155,0.00188653390452711,0.0
2020-01-13,0.01796049861399381,0.005495552182573804,0.002747776091286902,0.5,0.004996212567058444,-0.002855178689662563,0.006976215252569862,10,0.009831393942232425,0.0025751023768956437,0.0
2020-01-14,0.004344172983508458,0.0037819755716782164,0.0018909877858391082,0.5,0.004672124006186983,-0.002855178689662563,0.006976215252569862,10,-0.008490748025372086,0.0028328435529144437,0.0
2020-01-15,0.012219798940466542,0.003453648303294791,0.0017268241516473954,0.5,0.004530989670064254,-0.002855178689662563,0.006976215252569862,10,0.0033847296573145114,0.00222639265602127,0.0
2020-01-16,0.014537028563630556,0.003917094227927594,0.001958547113963797,0.5,0.004990502152224726,-0.002855178689662563,0.00836655302646827,10,0.006496356141955983,0.0025686507402171268,0.0018071231351338367
2020-01-17,0.02349818693246982,0.004699637386493964,0.002349818693246982,0.5,0.0039639361563718,-0.001514532772802224,0.00836655302646827,10,-0.004504390777966938,0.0039121189278499054,0.002899326416188508
2020-01-21,0.015961229379340042,0.004960230974111727,0.0024801154870558637,0.5,0.004416146998942812,-0.0026519776473655776,0.00836655302646827,10,-0.0065141398958669106,0.001986480347862818,0.0022807913623792307
2020-01-22,0.002498767787089684,0.0022677386556616552,0.0011338693278308276,0.5,0.004122587315641586,-0.0026519776473655776,0.00836655302646827,10,0.0029410537184836327,0.0023472021166468736,0.0025900228347806586
2020-01-23,-0.002036541606281935,0.0013606767769873314,0.0006803383884936657,0.5,0.004156440732007055,-0.0026519776473655776,0.00836655302646827,10,0.0008519005413603065,0.0022013580622400886,0.0022138753591306793
2020-01-24,-0.01268684715101831,0.0034907378859346063,0.0017453689429673032,0.5,0.004921849880362507,-0.009042160974207403,0.003862162248501333,10,-0.010183137586685764,-0.0012803847378950461,0.0006441330011610402
2020-01-27,-0.03938649336818571,0.008637949748622717,0.004318974874311358,0.5,0.007114921679323078,-0.015730711659182384,0.0011409766124783616,10,-0.006688550684974981,-0.00519895951943179,-0.0006434202957909419
2020-01-28,-0.024532146730572947,0.011608819076145268,0.005804409538072634,0.5,0.009954335298500658,-0.015730711659182384,0.010053584595046017,10,0.0257842962542284,-0.0026578470709494708,-0.00033568336154332634
2020-01-29,-0.01090666875834127,0.008883723481698932,0.004441861740849466,0.5,0.00988194247845787,-0.015730711659182384,0.010053584595046017,10,-0.010920458785914411,-0.0028890371233467604,-0.00027091750334994335
2020-01-30,0.020535115327971663,0.004684939192839928,0.002342469596419964,0.5,0.010122459208813345,-0.015730711659182384,0.010053584595046017,10,0.004001232983473768,-0.002490360687321358,-0.0001445013125406347
2020-01-31,-0.02573055962298213,0.007235684453000009,0.0036178422265000045,0.5,0.012077138003435422,-0.01770582037552626,0.010053584595046017,10,-0.020840179168131634,-0.004223092567585129,-0.0027517386527400878
2020-02-03,-0.012194746150948621,0.009364931020161116,0.004682465510080558,0.5,0.010921040011112468,-0.01770582037552626,0.010053584595046017,10,0.024960434267877973,0.00037397254272169,-0.00241249348835505
2020-02-04,0.007548679468179312,0.013313616143986703,0.0066568080719933516,0.5,0.012164240390705868,-0.01770582037552626,0.014980414164082134,10,0.007725800271730421,0.0013593384565289135,-0.0006492543072102785
2020-02-05,0.055809373257145925,0.011161874651429185,0.005580937325714593,0.5,0.012800286245631743,-0.01770582037552626,0.014980414164082134,10,-0.003729818266228424,0.0037828324742733344,0.00044689767546328695
2020-02-06,0.049261138231202484,0.009852227646240497,0.004926113823120248,0.5,0.0127981489720822,-0.01770582037552626,0.014980414164082134,10,-0.007924923021068064,0.003821095291109389,0.0006653673018940154
2020-02-07,0.01529235850318204,0.0066590408157898295,0.0033295204078949148,0.5,0.007850545712055118,-0.005400853672730133,0.014980414164082134,10,-0.008726526549515778,0.006282088631668614,0.0010294980320417423
2020-02-10,0.008752028348243401,0.005350974784802102,0.002675487392401051,0.5,0.007852834163358743,-0.005400853672730133,0.014980414164082134,10,0.01272725147762066,0.006296445414176377,0.0033352089784490337
2020-02-11,0.006023361142325859,0.004805241343618594,0.002402620671809297,0.5,0.0062680733856077114,-0.005400853672730133,0.01125059589785371,10,-0.005637925251655407,0.003638057092006974,0.002498697774267944
2020-02-12,0.025795861373872166,0.005159172274774433,0.0025795861373872167,0.5,0.00506452470572768,-0.005400853672730133,0.007326397804890528,10,0.004774173912962532,0.0026804672056757626,0.0032316498399745488
2020-02-13,0.010867788804383993,0.0032605215854117167,0.0016302607927058583,0.5,0.005381744598104471,-0.005400853672730133,0.007326397804890528,10,-0.00809309220300003,0.0016892434829581583,0.0027551693870337735
2020-02-14,0.011126223416381881,0.003312208507811295,0.0016561042539056474,0.5,0.0037118323902222143,-0.0016304457368023773,0.007326397804890528,10,0.0034739790572362317,0.0031381208815909555,0.0047101047566297845
2020-02-18,-0.00451142508876438,0.0021313072313754455,0.0010656536156877228,0.5,0.0036493756414743227,-0.002919942636890105,0.006462646466197652,10,-0.004763475957323959,0.0010888527932348291,0.0036926491037056032
2020-02-19,0.0060489609411804954,0.0031564206128295025,0.0015782103064147512,0.5,0.004005421184237134,-0.002919942636890105,0.006462646466197652,10,0.007625728518054653,0.0016923154588207145,0.0026651862754138445
2020-02-20,-0.003382794198922845,0.003813749427227601,0.0019068747136138005,0.5,0.0035575850713884033,-0.00381551976362815,0.004705785881164548,10,-0.008521305644792698,-0.00036331778714444597,0.0011585747092656585
2020-02-21,-0.01604639484931077,0.006346469557305186,0.003173234778652593,0.5,0.005838270415283628,-0.01051810302712286,0.004705785881164548,10,-0.00670258326349471,-0.0021408492452085425,-0.0002258028811251922
2020-02-24,-0.07974541576995695,0.01594908315399139,0.007974541576995694,0.5,0.014617555474716307,-0.03351362667122315,0.004705785881164548,10,-0.02299552364410029,-0.009212281243539944,-0.0030370801809744942
2020-02-25,-0.12385287543900356,0.02477057508780071,0.012385287543900355,0.5,0.016652569430657745,-0.03351362667122315,0.004705785881164548,10,0.003233631106167034,-0.014684291829173145,-0.006797719517969159
2020-02-26,-0.11262027140266881,0.02252405428053376,0.01126202714026688,0.5,0.014472351325279208,-0.03351362667122315,-0.0037785406053220116,10,0.026501454959734105,-0.01638115712647046,-0.007344420833824872
2020-02-27,-0.13036963125742873,0.026073926251485746,0.013036963125742873,0.5,0.01677913208578938,-0.04416324258407911,-0.0037785406053220116,10,-0.0403847019787571,-0.02445070169056065,-0.012407009738852549
2020-02-28,-0.09363353938960503,0.018726707877921005,0.009363353938960503,0.5,0.017276002014235924,-0.04416324258407911,-0.0037785406053220116,10,0.03592490213971722,-0.023994749174008456,-0.013067799209608499
2020-03-02,-0.010603923370551643,0.032813604011517006,0.016406802005758503,0.5,0.034432029725337654,-0.04416324258407911,0.046039229006110016,10,0.05427756945047191,-0.008084178038541823,-0.008648229641040884
2020-03-03,0.016154987401120386,0.0274618218571826,0.0137309109285913,0.5,0.03409402459011593,-0.04416324258407911,0.046039229006110016,10,-0.07414712512718591,-0.007649758149745778,-0.011167024989459462
2020-03-04,0.10022320609920884,0.03878323863389236,0.01939161931694618,0.5,0.04091768422821545,-0.04416324258407911,0.046039229006110016,10,0.07031048689556707,0.00154646812621686,-0.007417344500126799
2020-03-05,-0.03304563732245543,0.03474418798081854,0.01737209399040927,0.5,0.03822529031794739,-0.033922077046888544,0.046039229006110016,10,-0.07612466782137972,0.0035947012336549735,-0.010428000228452838
2020-03-06,-0.01462223045461249,0.03105950660724995,0.015529753303624974,0.5,0.03910080084241022,-0.033922077046888544,0.046039229006110016,10,0.016868225046518415,0.0018315989224533258,-0.011081575125777565
2020-03-09,-0.21157604420784942,0.04231520884156988,0.02115760442078494,0.5,0.042535226699846815,-0.07596969747745097,0.04220259077449118,10,-0.05891584547708084,-0.022570186374258873,-0.015327182206400346
2020-03-10,-0.0727120719937661,0.047473285253127516,0.023736642626563758,0.5,0.0528774800826304,-0.07596969747745097,0.04939630628156144,10,0.1253660037590124,-0.007069345893731404,-0.007359552021738591
2020-03-11,-0.12573639387860583,0.058078149630095464,0.029039074815047732,0.5,0.047023307618134065,-0.07596969747745097,0.04939630628156144,10,-0.09826475141283542,-0.025283553074884436,-0.011868542474333787
2020-03-12,-0.15764136638008186,0.06445914413039067,0.03222957206519533,0.5,0.05678334008061119,-0.09511268097833658,0.04939630628156144,10,-0.04624423584706261,-0.03752167386117404,-0.016963486313759536
2020-03-13,-0.08518312729982028,0.07895079194644299,0.03947539597322149,0.5,0.0822558022810884,-0.09511268097833658,0.09287124972971839,10,0.18798393070805497,-0.01553665351515634,-0.006852527296351507
2020-03-16,-0.20346997275425438,0.1026081610373298,0.0513040805186649,0.5,0.09206830097009193,-0.11984055240393443,0.09287124972971839,10,-0.21271180213365282,-0.02431082450045303,-0.02344050543735595
2020-03-17,0.054975911783013795,0.09088888395922572,0.04544444197961286,0.5,0.09427612944673132,-0.11984055240393443,0.09287124972971839,10,0.17979540214795875,-0.022199115807960457,-0.01463423085084593
2020-03-18,-0.18619410898177996,0.07720872162570554,0.03860436081285277,0.5,0.0944946832385616,-0.11984055240393443,0.09287124972971839,10,-0.1117856124731822,-0.022791579327537236,-0.024037566201210836
2020-03-19,0.02138649175908669,0.03883114017125592,0.01941557008562796,0.5,0.08551319956221064,-0.11984055240393443,0.09287124972971839,10,0.056538570769743446,-0.002827481523752806,-0.020174577692463426
2020-03-20,-0.1508041116617237,0.03329936102606845,0.016649680513034226,0.5,0.06712462932555696,-0.11984055240393443,0.05995484974402432,10,-0.04806732034904748,-0.030073633931388864,-0.0228051437232726
2020-03-23,-0.11324262014946795,0.025787062723617304,0.012893531361808652,0.5,0.04562244900742274,-0.051830762729157875,0.05995484974402432,10,0.01406564448665748,-0.011964297014962866,-0.01813756075770795
2020-03-24,0.035290599386682,0.055493706630847295,0.027746853315423647,0.5,0.059404857236251454,-0.051830762729157875,0.09382773976227554,10,0.12312160758407997,-0.005189719011312622,-0.013694417409636539
2020-03-25,0.12678147231448852,0.04488553967743399,0.022442769838716996,0.5,0.05342526002620871,-0.04335951230846191,0.09382773976227554,10,-0.08229272831405354,0.007483435824163354,-0.007654071751686942
2020-03-26,0.2796281908572906,0.055925638171458125,0.027962819085729063,0.5,0.058653025624802596,-0.04335951230846191,0.09382773976227554,10,0.050879151855654836,0.019024706876821607,0.0080986126765344
2020-03-27,0.06710303698307718,0.03587884243811712,0.01793942121905856,0.5,0.05618889999789716,-0.033687352562252526,0.09382773976227554,10,-0.09610151586612936,0.020959138826063484,-0.004557247552662691
2020-03-30,0.1037380337088741,0.0432058417832765,0.02160292089163825,0.5,0.048662264944282545,-0.033687352562252526,0.09382773976227554,10,0.06720336204595267,0.0335211142871644,0.010778408636100767
2020-03-31,-0.026973441655179974,0.02773869465350276,0.01386934732675138,0.5,0.038326852748490264,-0.033687352562252526,0.062414163303876835,10,-0.049528731398255754,0.01155302195179817,0.0031816514702427746
2020-04-01,-0.044398571270868145,0.031223720576640395,0.015611860288320198,0.5,0.04571044230388885,-0.04414243033166543,0.062414163303876835,10,-0.028129708417109822,0.00041753359582068493,0.003950484709992019
2020-04-02,-0.062209675018915875,0.02766149982703085,0.013830749913515425,0.5,0.03428955345749972,-0.04414243033166543,0.03351600948370015,10,0.06697177756653694,-0.00749942961798038,0.005762638629420613
2020-04-03,-0.06075034703623898,0.02736963423049547,0.013684817115247735,0.5,0.031649639817009884,-0.04414243033166543,0.03351600948370015,10,-0.03796647235982098,-0.0037893841305197684,0.008584877347771858
2020-04-06,0.13003923460445432,0.036099263670857175,0.018049631835428587,0.5,0.044265990310613436,-0.04414243033166543,0.07033131865275055,10,0.08546844377770002,0.003573677703290312,0.018547395995227357
2020-04-07,0.08931856790561651,0.029023832187377068,0.014511916093688534,0.5,0.0431264285803436,-0.04414243033166543,0.07033131865275055,10,-0.07193437143718173,0.0064556115293151976,0.009004316740556684
2020-04-08,0.17130786457991615,0.03533027477227069,0.017665137386135343,0.5,0.033234721694196764,-0.015137125124949469,0.07033131865275055,10,0.03565950566406151,0.02209538817157435,0.011256460883697517
2020-04-09,0.0782346837476261,0.016715638605812672,0.008357819302906336,0.5,0.03339764944995124,-0.015137125124949469,0.07033131865275055,10,-0.019569042726253816,0.02042700075527535,0.006463785568647485
2020-04-13,0.06406533701733237,0.01954950795187142,0.00977475397593571,0.5,0.03210888554909034,-0.010104660822607414,0.07033131865275055,10,-0.024592070975983926,0.02143349361574376,0.008822054742611996
2020-04-14,0.05825889746170858,0.018388220040746656,0.009194110020373328,0.5,0.019366831079130578,-0.010104660822607414,0.03405645287963033,10,0.04067724996886346,0.013481747714444858,0.008527712708867586
2020-04-15,-0.002604183676278571,0.020902562832759746,0.010451281416379873,0.5,0.024750783483776764,-0.022030438529415775,0.03405645287963033,10,-0.05260302767567182,0.00939627056544794,0.007925941047381568
2020-04-16,0.023931400131674642,0.019473239045945445,0.009736619522972723,0.5,0.02058881427969183,-0.022030438529415775,0.030572589146256046,10,0.02784712799158029,0.0037483178819547767,0.012921853026764563
2020-04-17,0.017633076301620254,0.01821357427993457,0.009106787139967284,0.5,0.022809347563355214,-0.022030438529415775,0.030572589146256046,10,0.020976905386058897,0.006209554820924157,0.013318277788099752
2020-04-20,0.024548727127288728,0.016830444114800874,0.008415222057400437,0.5,0.024408883727559845,-0.022030438529415775,0.030572589146256046,10,-0.0446746428822381,0.0046542773786427015,0.013043885497193231
2020-04-21,-0.03627041479975779,0.025116479525433832,0.012558239762716916,0.5,0.023501651583664865,-0.030674795694063395,0.026793594848223412,10,-0.012793747660048704,-0.007595199589421187,0.002943274062511836
2020-04-22,-0.04270932670705718,0.023828697143973954,0.011914348571986977,0.5,0.025141821018603374,-0.030674795694063395,0.026793594848223412,10,0.05360504339790717,0.0013969376572307234,0.005396604111339331
2020-04-23,-0.013806616849937892,0.018048155172550095,0.009024077586275048,0.5,0.0250228890658447,-0.030674795694063395,0.026793594848223412,10,-0.02346966982358689,0.00012571534084919732,0.0019370166114019872
2020-04-24,0.06051480481441014,0.01246257570937744,0.00623128785468872,0.5,0.022082101999256407,-0.030674795694063395,0.022930247703843776,10,0.014457479424288544,-0.0024493921678863995,0.0018800813265188788
2020-04-27,0.04682117498266987,0.009723849743029386,0.004861924871514693,0.5,0.02118039776275604,-0.030674795694063395,0.022930247703843776,10,0.000796012500254184,0.004069631399876461,0.0043619543892595815
2020-04-28,0.03898291068474354,0.011291502602614653,0.005645751301307326,0.5,0.011668481116742532,-0.005242380698498916,0.022930247703843776,10,-0.01995645050329853,0.009156114398989357,0.0007804574047840851
2020-04-29,0.06009267564744625,0.015513455595155193,0.007756727797577597,0.5,0.012805716278780105,-0.005242380698498916,0.026583916282167053,10,0.03182629698066597,0.009886848114654012,0.005641892885942368
2020-04-30,0.020215148799467474,0.013679581094884541,0.0068397905474422704,0.5,0.014974788347750014,-0.009212446303987654,0.026583916282167053,10,-0.035796362586154706,0.008152243277805105,0.004138979309327151
2020-05-01,-0.01781260683385466,0.02128513222154897,0.010642566110774484,0.5,0.02134580696780632,-0.028059034078492195,0.026583916282167053,10,-0.018846587774504542,-0.0002431749988024201,-0.0013462835833444099
2020-05-04,-0.055036087984172324,0.013840435991485434,0.006920217995742717,0.5,0.01998212781196947,-0.028059034078492195,0.026583916282167053,10,0.03230886167046865,-0.0023360234413670523,0.0008668039792547044
2020-05-05,-0.02461441683453062,0.013783139352088672,0.006891569676044336,0.5,0.020477554329573287,-0.028059034078492195,0.026583916282167053,10,0.00479072879382092,0.0005205639754922054,0.004838339187240781
2020-05-06,0.01051828931231254,0.006756598122720041,0.0033782990613600203,0.5,0.014395944114956294,-0.028059034078492195,0.009040556385797371,10,-0.01601996677618367,-0.0061921013590184645,0.0018473733778177736
2020-05-07,0.0226096279728751,0.009174865854832551,0.0045874329274162755,0.5,0.01618012064465168,-0.028059034078492195,0.011504630788313985,10,0.018484041178700283,-0.002048685940558137,0.0030517786686234836
2020-05-08,0.035661265061049385,0.011785193272467409,0.0058925966362337046,0.5,0.009012083988124309,-0.006979410390386298,0.016871538638701944,10,0.005366907850387959,0.0069374286028806905,0.0033471268020391354
2020-05-11,0.047515412746546026,0.009503082549309205,0.004751541274654603,0.5,0.009494170462525701,-0.006979410390386298,0.016871538638701944,10,-0.016738460417790257,0.0061140787286677375,0.0018890276436503428
2020-05-12,-0.005826167782105873,0.012501644796163594,0.006250822398081797,0.5,0.014881080785962623,-0.020500317528877154,0.016871538638701944,10,-0.02063339574978884,0.00020590394573283266,0.000363233960612519
2020-05-13,-0.06304993985365585,0.012698706784672295,0.006349353392336147,0.5,0.016765723804684142,-0.020500317528877154,0.016871538638701944,10,0.003037592924649113,-0.001890758897035516,-0.00404143012802699
2020-05-14,-0.044063699063449466,0.01649595494271357,0.008247977471356785,0.5,0.016769758956737706,-0.020500317528877154,0.016871538638701944,10,0.02898754729926356,-0.0018867205156912093,-0.001967703228124673
2020-05-15,-0.003352564431257088,0.010971303516567277,0.005485651758283638,0.5,0.013904166687277779,-0.020500317528877154,0.01152482269503552,10,-0.00759845944459725,-0.004475755593343944,0.0012308365047683733
2020-05-18,0.07825396262859088,0.015650792525718178,0.007825396262859089,0.5,0.021503552495954197,-0.020500317528877154,0.03150119163168075,10,0.027574828381242478,0.001797867088809868,0.003955972908738803
2020-05-19,0.04157192614604306,0.015303984692204065,0.007651992346102032,0.5,0.01925611840155182,-0.01746272460422804,0.03150119163168075,10,-0.041985590826173924,0.0038010507556866637,0.002003477350709748
2020-05-20,0.06277982116044616,0.019545563695084683,0.009772781847542341,0.5,0.01551948294805745,-0.010484399194493177,0.03150119163168075,10,0.027135499453573297,0.010623815728348297,0.00436652841565639
2020-05-21,-0.002678158905250287,0.01163636528710347,0.005818182643551735,0.5,0.017511314682783646,-0.010484399194493177,0.03150119163168075,10,-0.024424696666817236,0.006764131907793769,0.0024387056960512798
2020-05-22,0.018718691963052387,0.008926135997768555,0.004463067998884278,0.5,0.01758897950148365,-0.010484399194493177,0.03150119163168075,10,0.010127307734225544,0.006449601523003801,0.0009869229648299283
2020-05-26,0.011448831591385766,0.007472163923435231,0.0037360819617176153,0.5,0.011939295513111651,-0.010484399194493177,0.01665110025908012,10,0.00993547270959172,0.0026072000038836808,0.0022025335463467743
2020-05-27,0.049116987630803965,0.009823397526160793,0.0049116987630803965,0.5,0.0102468473281253,-0.007773596407737116,0.01665110025908012,10,0.0025381131798336565,0.007669539285965077,0.00573529502082587
2020-05-28,0.041680944509866855,0.009741465266022598,0.004870732633011299,0.5,0.009546485731612275,-0.007773596407737116,0.014827297215913804,10,-0.016935211761987645,0.003917736324934284,0.00727077602664129
2020-05-29,0.029219530824685647,0.007249182528986357,0.0036245912644931786,0.5,0.007017361834437378,-0.0021079145460738413,0.014827297215913804,10,0.006920250371045267,0.0064349227714759925,0.006599527339634881
2020-06-01,0.010759426820725615,0.0035571617281943504,0.0017785808640971752,0.5,0.006839750512248006,-0.0021079145460738413,0.014827297215913804,10,-0.0010611010114336406,0.006714427468885864,0.006582014495944833
2020-06-02,0.0279573390309377,0.0055914678061875405,0.0027957339030937702,0.5,0.006224216347410636,-0.0021079145460738413,0.014827297215913804,10,0.004459597966515627,0.005898757217680517,0.004252978610782099
2020-06-03,0.04268507787903701,0.008537015575807402,0.004268507787903701,0.5,0.0058101829383099095,-0.0021079145460738413,0.013648979133831007,10,0.005438146353777595,0.005663093601263958,0.006666316443614517
2020-06-04,0.030818516137950024,0.008409504714999608,0.004204752357499804,0.5,0.006242991156507774,-0.0033687022311144066,0.013648979133831007,10,-0.017017681364945414,0.0054109360642558444,0.004664336194595065
2020-06-05,0.06081987953519219,0.014409777394448042,0.007204888697224021,0.5,0.011142542684684875,-0.0033687022311144066,0.026211650818398713,10,0.02958035304951312,0.009690799062941301,0.008062860917208647
2020-06-08,0.058140880014089236,0.013873977490227452,0.006936988745113726,0.5,0.010643387759511519,-0.0033687022311144066,0.026211650818398713,10,-0.014170071397229478,0.011348867984467593,0.009031647726676728
2020-06-09,0.05075676569492722,0.015350800354059854,0.007675400177029927,0.5,0.013771917932327708,-0.007799170822611612,0.026211650818398713,10,-0.019840750243780847,0.008146867263934588,0.0070228122408075525
2020-06-10,-0.001784470789799597,0.008384613772072743,0.004192306886036372,0.5,0.014471075601226072,-0.007799170822611612,0.026211650818398713,10,0.0024860797501742304,0.00435445322268091,0.005008773411972434
2020-06-11,-0.12009386861581206,0.024018773723162412,0.012009386861581206,0.5,0.0322760693405791,-0.05894405927443824,0.026211650818398713,10,-0.05363096820200086,-0.006760618185983858,-0.0006748410608640066
2020-06-12,-0.0853271773060682,0.025772664770036775,0.012886332385018387,0.5,0.029317698164072543,-0.05894405927443824,0.013060843963234703,10,0.07200490323767295,-0.00939077955701666,0.00015000975296232123
2020-06-15,-0.0626183304498638,0.026772373426319402,0.013386186713159701,0.5,0.028676550311169818,-0.05894405927443824,0.013060843963234703,10,-0.004748626921949439,-0.010136652032993455,0.0006061079757370691
2020-06-16,0.06722576533053748,0.013445153066107496,0.006722576533053748,0.5,0.03157306107049513,-0.05894405927443824,0.01896239819380252,10,0.010650181152517257,-0.004784338229710627,0.00168126451711198
2020-06-17,0.0394571927981896,0.010291638263753936,0.005145819131876968,0.5,0.031575181624580416,-0.05894405927443824,0.01896239819380252,10,-0.022562697749976546,-0.004441779926457956,-4.3663351888523215e-05
2020-06-18,0.026593864200261108,0.007718972544168238,0.003859486272084119,0.5,0.00913605332538645,-0.0036002995561740248,0.01896239819380252,10,0.004194519438702193,0.007465875904935327,0.0003526288594757343
2020-06-19,-0.01442595747184805,0.0032813380827217222,0.0016406690413608611,0.5,0.010056885793600612,-0.005649494809462974,0.01896239819380252,10,-0.006243714691991142,0.0037238081503957908,-0.0028334857033104344
2020-06-22,0.0023997010179281166,0.004246270076560939,0.0021231350382804695,0.5,0.00988091543055767,-0.005649494809462974,0.01896239819380252,10,0.012144590347154649,0.0033603838496770733,-0.0033881340916581903
2020-06-23,0.0085883671623214,0.005484003305439596,0.002742001652719798,0.5,0.0051247025363746115,-0.005649494809462974,0.006495095537691675,10,-0.002187675968527536,0.0004293881247493969,-0.0021774750524806152
2020-06-24,-0.025087718053681263,0.012219220348640128,0.006109610174320064,0.5,0.013044472152851736,-0.025855145939064572,0.006495095537691675,10,-0.03016256550822871,-0.0040215811518287126,-0.004231680539143334
2020-06-25,-0.017647131836817653,0.01370733759201285,0.006853668796006425,0.5,0.01468222582374371,-0.025855145939064572,0.010959447267809841,10,0.03681459320687441,-0.001948535674772378,0.0027586701150814743
2020-06-26,-0.0652043395267345,0.020347166083886797,0.010173583041943398,0.5,0.017859700652708605,-0.025855145939064572,0.010959447267809841,10,-0.035186352312595814,-0.005664017721836978,-0.0009701047857205936
2020-06-29,0.0023637010935708322,0.01662401024857148,0.00831200512428574,0.5,0.019549453945858934,-0.025855145939064572,0.014685678433118632,10,0.038912583477904605,-0.004025901142751587,-0.00033275864653725673
2020-06-30,0.009781081866478785,0.018107486403153072,0.009053743201576536,0.5,0.021286009961813235,-0.025855145939064572,0.015409875731554612,10,0.0007241972984359801,-0.0018054099102734922,-0.0006880108927620476
2020-07-01,0.05852947830922939,0.011705895661845878,0.005852947830922939,0.5,0.016506976921478976,-0.024226905044785974,0.015409875731554612,10,-0.010387742910690223,0.0043700458417123,0.00017423234494179374
2020-07-02,0.041622098994638465,0.008324419798927693,0.004162209899463846,0.5,0.016111266238859445,-0.024226905044785974,0.015409875731554612,10,-0.0004808819765003136,0.003086406557023147,0.0005689354411253844
2020-07-06,0.04240851588781218,0.008481703177562435,0.004240851588781218,0.5,0.00579340897367861,0.004541250844364075,0.01588172586745884,10,0.011340475023094765,0.01110813273947211,0.0027220575088175657
2020-07-07,0.016007407806042928,0.010413836246673358,0.005206918123336679,0.5,0.010864405121057045,-0.010818532028197159,0.01588172586745884,10,-0.026700257895656,0.0060072906472089516,0.0009906947522286824
2020-07-08,0.021484426257795307,0.011509239937023833,0.005754619968511916,0.5,0.009689517684838757,-0.010818532028197159,0.01588172586745884,10,0.01864599394361266,0.004490807883981129,0.0013426989868538185
2020-07-09,-0.014391127120237934,0.008096533367657921,0.0040482666838289605,0.5,0.010667936258640777,-0.010818532028197159,0.01588172586745884,10,-0.013471068074776604,0.002357660087936031,0.0033638529648241655
2020-07-10,0.021083428382164628,0.007979089782673662,0.003989544891336831,0.5,0.011282495514280474,-0.010818532028197159,0.01588172586745884,10,0.016109807432605483,0.003542650173712092,0.0033145283653676196
2020-07-13,-0.007566576689841583,0.00849078285346457,0.004245391426732285,0.5,0.009950067718938907,-0.010818532028197159,0.01046620127324438,10,-0.019828742401032606,-0.0015062032253373215,0.0048009647570673945
2020-07-14,0.024183384880206805,0.011078371061233513,0.0055391855306167566,0.5,0.010177322867758111,-0.009362541127788226,0.013406370782667931,10,0.022768911910456158,0.0033387773368356967,0.004673033992022324
2020-07-15,0.021876467326337933,0.010616987550459736,0.005308493775229868,0.5,0.010329977063651546,-0.009362541127788226,0.013406370782667931,10,-0.004324320041744878,0.003589695101937207,0.004040251492959168
2020-07-16,0.03180386713009057,0.008631507589709209,0.004315753794854604,0.5,0.009868127143078186,-0.009362541127788226,0.013406370782667931,10,-0.012488151986459695,0.004037196084702099,0.003197428086319065
2020-07-17,0.014207602816673031,0.0051122547270257,0.00255612736351285,0.5,0.009192317777948168,-0.009362541127788226,0.013406370782667931,10,0.006254713440154047,0.0025136782689767047,0.0030281642213443984
2020-07-20,0.013082416160372274,0.004887217395765549,0.0024436086978827745,0.5,0.006490952807974911,-0.0034061012455366413,0.013406370782667931,10,0.005558326552525195,0.00606757424396287,0.0022806855093127744
2020-07-21,0.021557647139455925,0.004311529427891185,0.0021557647139455924,0.5,0.005158127688402109,-0.0034061012455366413,0.009082050740923053,10,-0.006727901405229053,0.0037221075558119933,0.003530442446323845
2020-07-22,0.026388430262993166,0.005277686052598633,0.0026388430262993165,0.5,0.004460164027839719,-0.0034061012455366413,0.0084069387471426,10,0.004068044726826203,0.0030551138213753327,0.00332240446165627
2020-07-23,-0.00815623402256623,0.006581993078282111,0.0032909965391410556,0.5,0.008036226550475345,-0.012319859824193036,0.0084069387471426,10,-0.018066941892932786,0.0012723621056440538,0.0026547790951730764
2020-07-24,-0.021271963016902817,0.008085780649207064,0.004042890324603532,0.5,0.0085905653904784,-0.012319859824193036,0.0084069387471426,10,0.0061294597695046305,-0.0005354403442171085,0.000989118962379798
2020-07-27,-0.01852520180640323,0.008635132891306982,0.004317566445653491,0.5,0.008335383145875041,-0.012319859824193036,0.007395138795039502,10,0.013585538849727907,-0.0007378003346377282,0.0026648869546625708
2020-07-28,-0.00878108901991137,0.006686310334008609,0.0033431551670043045,0.5,0.008539290611147773,-0.012319859824193036,0.007395138795039502,10,-0.01386853094733742,-0.0023682862334800216,0.0006769106611659859
2020-07-29,0.02225021386815277,0.008765637541829166,0.004382818770914583,0.5,0.010438296823222585,-0.012319859824193036,0.01242838167815008,10,0.018901773830448,-0.0010320263115979555,0.0010115437548886886
2020-07-30,0.003674562647438262,0.007550675255945734,0.003775337627972867,0.5,0.008676377290619689,-0.006473392152297919,0.01242838167815008,10,-0.016178633615539284,0.0006818952657628108,0.0009771286857034323
2020-07-31,0.02724772455150367,0.007949712868560202,0.003974856434280101,0.5,0.008128735706316031,-0.006473392152297919,0.01242838167815008,10,0.011420756927530529,0.0034540762747287566,0.0014593179652558242
2020-08-03,0.0185021274867971,0.00620059345561889,0.003100296727809445,0.5,0.008103307488830421,-0.006473392152297919,0.01242838167815008,10,-0.0004894815508151851,0.003411253203586084,0.001336726434474178
2020-08-04,0.030772431352399376,0.006154486270479875,0.0030772431352399376,0.5,0.006013436630339075,-0.003750251937389204,0.01242838167815008,10,-0.003569093057353978,0.0054283177104401,0.0015300157384800395
2020-08-05,0.02870449479082956,0.0057408989581659116,0.0028704494790829558,0.5,0.004728924415841153,-0.003750251937389204,0.007670504990141325,10,0.002817812671227271,0.004228589985449971,0.0015982818369260077
2020-08-06,0.02744894832472644,0.005489789664945288,0.002744894832472644,0.5,0.0015737636710512729,0.0036119303819721615,0.007670504990141325,10,-2.0474935351622037e-06,0.0062641794848606654,0.0034730373753117383
2020-08-07,0.022484113602513345,0.004496822720502669,0.0022484113602513345,0.5,0.0027264360632836783,0.0006330295486443038,0.00718102343932614,10,-0.005794666011019967,0.004856684396561261,0.004155380335645009
2020-08-10,0.01633823900464108,0.003267647800928216,0.001633823900464108,0.5,0.002493071956294685,0.0006330295486443038,0.006429743053199433,10,0.0021091887458317693,0.003968923367591248,0.0036900882855886662
2020-08-11,-0.007656473851859561,0.0037814599991188302,0.0018907299995594151,0.5,0.005925098203278797,-0.007969132154236114,0.006429743053199433,10,-0.010711350448712187,0.0016527108603495932,0.003540514285394847
2020-08-12,0.014616059384129354,0.008235966646316614,0.004117983323158307,0.5,0.008039374330320469,-0.007969132154236114,0.013996549490237653,10,0.021965681644473767,0.0031660721477572372,0.003697331066603604
2020-08-13,0.006633738309172651,0.008004285331657238,0.004002142665828619,0.5,0.008073122479309016,-0.007969132154236114,0.013996549490237653,10,-0.016043723840735602,0.0014710981657247934,0.0038676388252927296
2020-08-14,0.019629154194952626,0.005405202154501243,0.0027026010772506215,0.5,0.008101985503680291,-0.007969132154236114,0.013996549490237653,10,0.001875291727729822,0.0013101157314423073,0.0030834000640017844
2020-08-17,0.0008179758963544614,0.0016429664947816096,0.0008214832473908048,0.5,0.008100567635599616,-0.007969132154236114,0.013996549490237653,10,0.0028817251338468797,0.0013036405747628432,0.0026362819711770458
2020-08-18,0.008068915070545968,0.0017283714292879448,0.0008641857146439724,0.5,0.0062527399675671525,-0.002047174350497949,0.013996549490237653,10,-0.00040645335706179786,0.003358144836413457,0.002505427848381525
2020-08-19,0.0010147270728081785,0.0031392090288355026,0.0015696045144177513,0.5,0.00298954224571158,-0.0044043954214108005,0.0027098425110787527,10,-0.006707784575427755,-0.00032204414591623375,0.0014220140009205018
2020-08-20,0.0017627108362350263,0.0032888057815208724,0.0016444028907604362,0.5,0.003141194174451109,-0.0044043954214108005,0.0031586327691348615,10,0.007563028190545662,0.0007191172780103283,0.0010951077218675608
2020-08-21,0.003658907320334137,0.0036680450783406946,0.0018340225391703473,0.5,0.0032967033520191797,-0.0044043954214108005,0.0034411070444764214,10,0.0002824742753415599,0.001441715211459238,0.0013759154714507726
2020-08-24,0.02773909686103323,0.0055478193722066456,0.0027739096861033228,0.5,0.0051259676032323915,-0.0044043954214108005,0.010043718303008653,10,0.006602611258532232,0.002908490369845218,0.002106065472304031
2020-08-25,0.02846862750129279,0.005693725500258558,0.002846862750129279,0.5,0.00512042064451848,-0.0044043954214108005,0.010043718303008653,10,-0.006447367149718053,0.003167082769699947,0.003262613803056702
2020-08-26,0.03972615932630541,0.007945231865261082,0.003972615932630541,0.5,0.0036849641889031568,0.0031586327691348615,0.010195626139483993,10,0.006599274986193393,0.006087087081878906,0.002882521467981336
2020-08-27,0.02577503550613073,0.005155007101226146,0.002577503550613073,0.5,0.00402437514009542,0.0016730440109038458,0.010195626139483993,10,-0.008522582128580147,0.005789969330232703,0.0032545433041215157
2020-08-28,0.031002059176122865,0.006200411835224573,0.0031002059176122865,0.5,0.0038074589538007668,0.0016730440109038458,0.010195626139483993,10,0.005059521344382034,0.006448260992394594,0.0039449881019269165
2020-08-31,0.01035107775360163,0.003533524026739491,0.0017667620133697455,0.5,0.004738351899631952,-0.0021949627140287475,0.010195626139483993,10,-0.008927528069314628,0.0040005247889871145,0.003454507579416166
2020-09-01,0.020104342763117566,0.005484177028642678,0.002742088514321339,0.5,0.004974425701916868,-0.0021949627140287475,0.010195626139483993,10,0.009719965730642155,0.004786255161651676,0.003976668965675811
2020-09-02,0.034493250762320425,0.008361958628483249,0.0041809793142416245,0.5,0.006638920889236002,-0.0021949627140287475,0.015365910154807594,10,0.007840907138194186,0.005820311964716396,0.005953699523297651
2020-09-03,-0.020391550906533697,0.019338918962254075,0.009669459481127038,0.5,0.01977913855689356,-0.03512584371534122,0.015365910154807594,10,-0.050491753870148814,-0.0015394655805326175,0.0021252518748500425
2020-09-04,-0.046488268041347536,0.01954159371147457,0.009770796855737285,0.5,0.019337196534782403,-0.03512584371534122,0.015365910154807594,10,0.026992816451066326,-0.004512584104444772,0.000967838443974911
2020-09-08,-0.11835868846996186,0.023671737693992372,0.011835868846996186,0.5,0.02179410914105422,-0.03512584371534122,0.015365910154807594,10,-0.019623314838086103,-0.009624859982111222,-0.002812167596562054
2020-09-09,-0.02624063838310209,0.01867811856780351,0.009339059283901755,0.5,0.024800231481699724,-0.03512584371534122,0.02014498633677464,10,0.04790132843913564,-0.007100863318078976,-0.00115730407821365
2020-09-10,-0.041993587259609624,0.02182870834310502,0.01091435417155251,0.5,0.021495424267484173,-0.03512584371534122,0.02014498633677464,10,-0.03772978292695406,-0.013691004667076378,-0.0039353463511799915
2020-09-11,0.005155436561982141,0.012754285039182708,0.006377142519591354,0.5,0.01828095620083351,-0.027756342102360998,0.02014498633677464,10,0.018117868780773483,-0.0065592214858893215,-0.00404934353321097
2020-09-14,-0.007183158850379753,0.010286565956710328,0.005143282978355164,0.5,0.020122594276026952,-0.027756342102360998,0.02014498633677464,10,0.01220875689876344,-0.002384250215162842,-0.003448417159803807
2020-09-15,0.030823768096067683,0.006164753619213537,0.0030823768096067683,0.5,0.014285199127782271,-0.01758479659017942,0.02014498633677464,10,-0.0075224695116684615,0.004210890120847166,-0.002706984930632028
2020-09-16,0.022237070118058345,0.007526711754419361,0.0037633558772096807,0.5,0.011376376574410263,-0.01758479659017942,0.012741829089357504,10,-0.00983830617390058,-0.0007418964657500693,-0.003921379891914522
2020-09-17,-0.01301992149154163,0.006083557350101021,0.0030417786750505105,0.5,0.008306832958318211,-0.008412365876402483,0.012741829089357504,10,-0.003793419280190946,0.0010925896770053178,-0.00629920749503553
2020-09-18,-0.04035649046670753,0.008071298093341506,0.004035649046670753,0.5,0.009986608040566504,-0.011182581807410497,0.012741829089357504,10,-0.0027702159310080132,-0.0012505411225955942,-0.003904881304242458
2020-09-21,-0.051943409357697964,0.010388681871539593,0.005194340935769796,0.5,0.006917968365951361,-0.011571097930805796,0.005219359577689042,10,-0.0003885161233952994,-0.006113126526628254,-0.004248688370895548
2020-09-22,-0.020392890962337616,0.011090541633010006,0.005545270816505003,0.5,0.009137634370847372,-0.011571097930805796,0.010517945160813724,10,0.02208904309161952,-0.005053409410003318,-0.00042125964457807586
2020-09-23,-0.04129101310503369,0.01527016606154922,0.00763508303077461,0.5,0.012342117455018703,-0.023721455093028143,0.010517945160813724,10,-0.03423940025384187,-0.008873911109366639,-0.004807903787558354
2020-09-24,-0.01702675131542893,0.01240895313226631,0.006204476566133155,0.5,0.01345175946911912,-0.023721455093028143,0.010517945160813724,10,0.026708914235985204,-0.00659394610549473,-0.002750678214244706
2020-09-25,-0.007928786957428305,0.014228546003866435,0.007114273001933217,0.5,0.01631451283816665,-0.023721455093028143,0.0159767237756141,10,0.012989264632657038,-0.001162084988889811,-0.0012063130557427026
2020-09-28,0.05845795519609176,0.011691591039218352,0.005845795519609176,0.5,0.01659364262878249,-0.023721455093028143,0.016110590199083896,10,0.00013386642346979727,0.004374252637088127,-0.0008694369447700634
2020-09-29,0.045457749052422544,0.012299992839314156,0.006149996419657078,0.5,0.016590998112226144,-0.023721455093028143,0.016110590199083896,10,-0.020923254742328368,0.0013081306962764883,-0.0018726393568634148
2020-09-30,0.03258607314010028,0.009725657656849704,0.004862828828424852,0.5,0.008920812085154063,-0.0048126645432444715,0.016110590199083896,10,0.013066382771465213,0.007703165360526265,-0.0005853728744201869
2020-10-01,0.014556602423778653,0.0061197635135853785,0.0030598817567926893,0.5,0.008672254477448134,-0.0048126645432444715,0.016110590199083896,10,-0.002960810458929819,0.008164255085793038,0.0007851544901491536
2020-10-02,0.006614956364825453,0.0077080927253760185,0.0038540463626880093,0.5,0.010295233984153985,-0.009577652178616392,0.016110590199083896,10,-0.014870559947907314,0.003053379894946939,0.0009456474530285641
2020-10-05,0.0228132737780277,0.010947756208016468,0.005473878104008234,0.5,0.010901485041776807,-0.009577652178616392,0.01797270867614209,10,0.027550360854758482,0.0034258035903585783,0.0039000281137233526
2020-10-06,-0.009297431991168356,0.013841292182328399,0.006920646091164199,0.5,0.01316671200431721,-0.013973515692226712,0.01797270867614209,10,-0.0319462243683688,0.00159363336056213,0.0014508820284193091
2020-10-07,0.035659913088555616,0.016447659745862264,0.008223829872931132,0.5,0.014850186153612064,-0.013973515692226712,0.01797270867614209,10,0.0313702705614447,0.00342224068876158,0.005562703024643923
2020-10-08,0.019055604699143764,0.013126798067979895,0.006563399033989947,0.5,0.014984865176557218,-0.013973515692226712,0.01797270867614209,10,-0.009386631226723008,0.0039656838634023915,0.006064969474597714
2020-10-09,0.05700068605388038,0.011400137210776077,0.005700068605388038,0.5,0.012947691154043383,-0.013973515692226712,0.01797270867614209,10,0.0007834094781202783,0.007639920923248722,0.005346650409097831
2020-10-12,0.0553657828779297,0.01107315657558594,0.00553657828779297,0.5,0.012652428802293744,-0.013973515692226712,0.01739675486921799,10,0.00762227984303232,0.00732854178074982,0.005377172685554199
2020-10-13,0.031504045150297366,0.010505421692782421,0.0052527108463912104,0.5,0.009496428478145132,-0.006306918994084421,0.01739675486921799,10,-0.022722731957732,0.008861861120378279,0.005227747240470204
2020-10-14,0.005809587026767335,0.00978195790374492,0.00489097895187246,0.5,0.010152320317407575,-0.006623141753502759,0.01641581296364758,10,-0.00031622275941833866,0.004057881795834129,0.003740061242297854
2020-10-15,-0.024096360089478165,0.004819272017895633,0.0024096360089478166,0.5,0.010120070782378211,-0.006623141753502759,0.01641581296364758,10,0.005095386447403039,0.002150306006115188,0.00305799493475879
2020-10-16,-0.013359962503578515,0.002761938872352617,0.0013809694361763085,0.5,0.009415390709322239,-0.006623141753502759,0.01641581296364758,10,0.0016626748635550914,0.0004185832934832101,0.004029252108365966
2020-10-19,-0.02953782921160405,0.005997512213957723,0.0029987561069788615,0.5,0.0064175840699324535,-0.016329861778318078,0.00013491955745537076,10,-0.01646478133577345,-0.006130551654909921,0.0005989950629199492
2020-10-20,-0.01911268024625416,0.007064038469627887,0.0035320192348139434,0.5,0.008035128655983671,-0.016329861778318078,0.004727334073110212,10,0.02105719585142829,-0.003923701041470995,0.0024690800394536415
2020-10-21,-0.022997046055514003,0.007750965259842942,0.003875482629921471,0.5,0.007906195822571854,-0.016329861778318078,0.004727334073110212,10,-0.006923034001210748,-0.0030382126763905505,0.000509834559721789
2020-10-22,0.01291759923566967,0.004047319799200959,0.0020236598996004793,0.5,0.008758239508095598,-0.016329861778318078,0.005218925396392127,10,0.007414625324492663,-0.0016888765358921809,0.00023071473511150354
2020-10-23,0.010781644703324506,0.0036201288927319255,0.0018100644463659628,0.5,0.009050869799525735,-0.016329861778318078,0.005218925396392127,10,-0.0017731640426890127,-0.0010267081766426323,-0.0003040624415797111
2020-10-26,-0.016541382574067343,0.009084734348210296,0.004542367174105148,0.5,0.01001146202653229,-0.018589516294535646,0.005218925396392127,10,-0.02203527764823876,-0.001478639079886146,-0.003804595367398034
2020-10-27,-0.030282289754719104,0.008353632186745896,0.004176816093372948,0.5,0.009391151093744873,-0.018589516294535646,0.005218925396392127,10,0.015563897382536718,-0.003029229676907974,-0.0034764653591894843
2020-10-28,-0.09483835661189896,0.01896767132237979,0.009483835661189896,0.5,0.017129521916479755,-0.035287878760604796,0.005218925396392127,10,-0.03226225984860587,-0.009647665443408827,-0.006342939059899688
2020-10-29,-0.04394361129727557,0.016753609522280704,0.008376804761140352,0.5,0.018774691341436844,-0.035287878760604796,0.011947330894238384,10,0.04723520965484318,-0.008301984343839575,-0.004995430439865878
2020-10-30,-0.05911682999423684,0.019788253261672956,0.009894126630836478,0.5,0.01759317200773871,-0.035287878760604796,0.011947330894238384,10,-0.024076881024414076,-0.011417046640615335,-0.006221877408628984
2020-11-02,0.020226638942224172,0.012131694541895296,0.006065847270947648,0.5,0.019741701568919842,-0.035287878760604796,0.01231820260127181,10,0.024447752731447503,-0.005235502861453844,-0.003357070970669995
2020-11-03,0.029979904279217783,0.014082347609294018,0.007041173804647009,0.5,0.022349059576668922,-0.035287878760604796,0.01779929009643455,10,0.00548108749516274,-0.0010705210597671488,-0.0020498753683375615
2020-11-04,0.08694090066564963,0.017388180133129927,0.008694090066564963,0.5,0.013267041067737259,-0.012129550130175693,0.02204704770168342,10,0.00424775760524887,0.010396464232690495,0.00037439939464083415
2020-11-05,0.09884421989513484,0.01976884397902697,0.009884421989513484,0.5,0.013897076170523047,-0.012129550130175693,0.02204704770168342,10,-0.0025868535627204814,0.011899036881635405,0.0017985262688979154
2020-11-06,0.06869921108871302,0.013931652342688302,0.006965826171344151,0.5,0.008882750497500626,-0.00028771518741854685,0.02204704770168342,10,-0.019747909326381485,0.014267403870186834,0.0014251786147857493
2020-11-09,0.05145394697871934,0.010482599520689565,0.005241299760344782,0.5,0.008920892740239177,-0.00028771518741854685,0.02204704770168342,10,0.011987604423105758,0.014143741197069914,0.004454119167808035
2020-11-10,0.016687299091796004,0.004462466338765607,0.0022312331693828034,0.5,0.010872520471985824,-0.0013997945931910616,0.02204704770168342,10,-0.013099683828878272,0.010303924259144791,0.004616701599688822
2020-11-11,0.029919916602094143,0.006917179715879536,0.003458589857939768,0.5,0.008667972865448157,-0.0013997945931910616,0.01946019413896294,10,0.009051649911951398,0.0074248857825601755,0.008910675007625334
2020-11-12,-0.006210785963846241,0.0063433940719428055,0.0031716970359714027,0.5,0.008444489406218433,-0.009978532303877019,0.01169988923568721,10,-0.017630387622637356,0.001537140493992184,0.006718088687813794
2020-11-13,0.018806097373244752,0.010413574343900297,0.005206787171950149,0.5,0.00986202794117155,-0.009978532303877019,0.013610335409063534,10,0.023588867712940553,0.0043167506132886,0.009292077241737718
2020-11-16,0.02546642390866475,0.011745639650984296,0.005872819825492148,0.5,0.009852348399951152,-0.009978532303877019,0.013610335409063534,10,-0.0019622841690511983,0.004306383014153625,0.00922506210561177
2020-11-17,0.03411076825164042,0.010016770782389162,0.005008385391194581,0.5,0.010442611309273523,-0.009978532303877019,0.013610335409063534,10,-0.01643997693810395,0.0036279567931735146,0.006965940526159153
2020-11-18,-0.007846173448372204,0.009334602183015997,0.004667301091507999,0.5,0.012009815039862681,-0.011563829610944043,0.013610335409063534,10,-0.006771903912852428,-0.00021518019276736133,0.003604852794896407
2020-11-19,-0.020682188069356768,0.0067673992588190846,0.0033836996294095423,0.5,0.01072564337709952,-0.011563829610944043,0.013610335409063534,10,0.015510272078365639,0.0025698147614923615,0.002053477627742273
2020-11-20,-0.024016583431171003,0.007434278331181932,0.003717139165590966,0.5,0.009255580357225056,-0.011563829610944043,0.011648051240012336,10,-0.010739005382601752,-0.0015107649033563764,0.0014029928549661118
2020-11-23,0.00464968361576279,0.005458311999939329,0.0027291559999696644,0.5,0.007303334284564532,-0.011563829610944043,0.005635930617216234,10,0.01242849353239639,-0.002713189027915597,0.0007965969931190142
2020-11-24,0.02500839329242055,0.00953005393527088,0.00476502696763544,0.5,0.01092569492784699,-0.011563829610944043,0.016161668273416252,10,0.010525737656200018,0.0014775297663859766,0.0025527432797797455
2020-11-25,0.03368863442184585,0.007794005709385821,0.0038970028546929103,0.5,0.008614870566693399,-0.006792562915180156,0.016161668273416252,10,-0.017746086510941228,0.00347341204106979,0.0016291159241512143
2020-11-27,0.028290382056742426,0.006714355236365137,0.0033571776181825683,0.5,0.008621466843293141,-0.006792562915180156,0.016161668273416252,10,0.003981397435679157,0.003163519387216307,0.002866667074354334
2020-11-30,-0.006304979465902952,0.0028589820252833778,0.0014294910126416889,0.5,0.008022358593590552,-0.004595548640170977,0.016161668273416252,10,-0.006992527838325158,0.003602922242218143,0.0010460786694308833
2020-12-01,0.015121029587932266,0.006087905011033771,0.0030439525055168857,0.5,0.008742866958376058,-0.004595548640170977,0.016161668273416252,10,0.015866735834947132,0.004729973557730127,0.0010083922649072653
2020-12-02,0.014111342182383895,0.0058859675299240966,0.0029429837649620483,0.5,0.005966606430384955,-0.004595548640170977,0.011271187194776155,10,-0.009480020439950998,0.0018558732540119084,0.0016667015101989424
2020-12-03,0.02073032789418302,0.004562170387564272,0.002281085193782136,0.5,0.005842347441406905,-0.004595548640170977,0.011271187194776155,10,-0.0024153239679166605,0.002047925458898603,0.0027606687499841963
2020-12-04,0.016672141118909134,0.0037505330325094954,0.0018752665162547477,0.5,0.006599224212452204,-0.004595548640170977,0.011271187194776155,10,0.009460432342703329,0.003335784645190132,0.0032496520162032193
2020-12-07,0.010460800408471638,0.0037986900047135563,0.0018993450023567782,0.5,0.005866554804766269,-0.0019356376714373402,0.011271187194776155,10,-0.010771912801049166,0.003867766838936859,0.003735344540577501
2020-12-08,0.01614630920588463,0.004519686955468487,0.0022598434777342433,0.5,0.0041721451642997365,-0.0019356376714373402,0.008836275129611826,10,0.004722785736793633,0.0021709590130528865,0.003450466285391507
2020-12-09,-0.011829485351132669,0.004223995780464063,0.0021119978902320313,0.5,0.006183155236207482,-0.007949201604598555,0.008836275129611826,10,-0.010736349669954848,0.00022288534116814417,0.0010393792975900262
2020-12-10,-0.010745269345841153,0.004007152579405759,0.0020035762897028797,0.5,0.006212785738453587,-0.007949201604598555,0.008836275129611826,10,0.006664093536336124,9.069517013395866e-05,0.0010693103145162808
2020-12-11,-0.01749884495435265,0.0034997689908705296,0.0017498844954352648,0.5,0.003851636627284912,-0.007949201604598555,0.002787148065356293,10,2.011076851182736e-05,-0.001929559315738527,0.0007031126647258024
2020-12-14,-0.01151560723328467,0.002303121446656934,0.001151560723328467,0.5,0.004002156739369645,-0.007949201604598555,0.002787148065356293,10,-0.003094261672207166,-0.002414283575842613,0.0007267416315471231
2020-12-15,0.012161654805000754,0.006181835142139065,0.0030909175710695327,0.5,0.00793178268581271,-0.007949201604598555,0.012921249154708825,10,0.017280508126666594,-0.0003874633579721065,0.0008917478275403901
2020-12-16,0.017224642249516846,0.006351101097875215,0.0031755505489376077,0.5,0.0067126018360737375,-0.004359258971957769,0.012921249154708825,10,-0.011148453987749773,0.0015569359963394148,0.0008899106687537794
2020-12-17,0.03408616512507937,0.006817233025015875,0.0034086165125079373,0.5,0.006706057254767377,-0.004359258971957769,0.012921249154708825,10,0.003984859586420697,0.0029654885606678503,0.0015280918654009047
2020-12-18,0.006698885685309889,0.0036805228098305554,0.0018402614049152777,0.5,0.007122591383075731,-0.004359258971957769,0.012921249154708825,10,-0.009268773262532615,0.0025162643187873978,0.00029335250152443535
2020-12-21,-0.002766238012695081,0.004391684104792182,0.002195842052396091,0.5,0.00701534811512434,-0.0039062790518439305,0.012921249154708825,10,-0.00039516054269106426,0.0026068603028101657,9.628836348377635e-05
2020-12-22,-0.01581748403547467,0.0031634968070949343,0.0015817484035474672,0.5,0.004105171203299456,-0.0039062790518439305,0.005757654753379748,10,0.0018331861915559244,-0.00039200810018920064,-0.0003897357290806536
2020-12-23,-0.008722601102178299,0.0022417277209856312,0.0011208638604928156,0.5,0.003993965539751293,-0.0039062790518439305,0.005757654753379748,10,0.002818904111112963,-0.0005974048834160195,0.00047976555646169763
2020-12-24,0.003682178992222007,0.002118497705303072,0.001059248852651536,0.5,0.0031433874562135566,-0.0039062790518439305,0.0035365890047962534,10,0.0027907777539712963,-0.0010416180331327186,0.000961935263767566
2020-12-28,0.02167488212794296,0.004334976425588592,0.002167488212794296,0.5,0.004970695311445373,-0.0039062790518439305,0.008722529021144565,10,0.005185940016348312,0.0014051114729267677,0.001960687895857083
2020-12-29,0.01671956250056783,0.004828832850513646,0.002414416425256823,0.5,0.0045621167312266675,-0.00222738052560012,0.008722529021144565,10,-0.010949909546744685,0.00174089117817553,0.0021738757404928476
2020-12-30,0.01306115943502532,0.004097152237405144,0.002048576118702572,0.5,0.004078378488170233,-0.00222738052560012,0.008722529021144565,10,0.0035689276910708667,0.0024238191833272802,0.00101590554156904
2020-12-31,0.009255020271317452,0.0033359244046635705,0.0016679622023317853,0.5,0.004282384920009837,-0.00222738052560012,0.008722529021144565,10,0.005097298357449098,0.003562426037746258,0.0014825105771651193
2021-01-04,-0.011624058054434117,0.007511740069813884,0.003755870034906942,0.5,0.009246096596579345,-0.014754827521051062,0.008722529021144565,10,-0.021193673043970906,-9.5857267423205e-05,-0.0005687376502779617
2021-01-05,-0.002055644734303234,0.009425422733840061,0.0047127113669200305,0.5,0.008876789607748185,-0.014754827521051062,0.007082595157549276,10,0.021837422678600338,-0.0004238440401422627,0.0004906337163922525
2021-01-06,-0.0032706493595826185,0.009182421808784183,0.004591210904392092,0.5,0.009178222078108438,-0.014754827521051062,0.007082595157549276,10,-0.0013727524097970623,0.001163600614528204,0.0014522458963518669
2021-01-07,0.0460664028423378,0.00921328056846756,0.00460664028423378,0.5,0.011041877263624322,-0.014754827521051062,0.014847403800101189,10,0.009137561052348975,0.0038647719414542925,0.0031442955623907864
2021-01-08,0.04341518205520385,0.00868303641104077,0.004341518205520385,0.5,0.010994708138538993,-0.014754827521051062,0.014847403800101189,10,-0.009355541114832278,0.003675375373924106,0.003618900705835182
2021-01-11,0.022974192644629375,0.008964672461320858,0.004482336230660429,0.5,0.007665984634824588,-0.006554750898592476,0.014847403800101189,10,-0.012046613583861387,0.005315390698415823,0.002609766715496309
2021-01-12,-0.0010784996111514362,0.004154134010164697,0.0020770670050823483,0.5,0.007859120656387384,-0.006554750898592476,0.014847403800101189,10,0.00697053934522518,0.0039820293562325085,0.0017790926580451226
2021-01-13,-0.006438867856755256,0.003082060361043933,0.0015410301805219666,0.5,0.007820338583454616,-0.006554750898592476,0.014847403800101189,10,0.0018598532912739163,0.0032951891542633894,0.0022293948843957966
2021-01-14,-0.0017700350163289227,0.0021482937929586665,0.0010741468964793333,0.5,0.0047870159931594925,-0.006554750898592476,0.005491862685268911,10,-0.006029092932243296,-0.00042498184462418375,0.0017198950484150544
2021-01-15,-0.014446395719668326,0.004406373635871412,0.002203186817935706,0.5,0.00419084771524749,-0.007190027975370938,0.0022756417379066196,10,-0.003436576781034262,-0.0029613599767521538,0.000357007698585976
2021-01-19,-0.004678499423638553,0.006359952895077366,0.003179976447538683,0.5,0.00585948630943732,-0.007190027975370938,0.008136379515524483,10,0.015326407490895422,-2.313389392876175e-05,0.0026461284022435303
2021-01-20,0.02480329493683301,0.009754010970947228,0.004877005485473614,0.5,0.008594059426307305,-0.007190027975370938,0.013935625421946263,10,0.005799245906421779,0.00268083350113395,0.0033314314286832293
2021-01-21,0.037314547075038375,0.007462909415007675,0.0037314547075038376,0.5,0.008661535574750284,-0.007190027975370938,0.013935625421946263,10,-0.013618902114393983,0.002289049815063082,0.002792119484663236
2021-01-22,0.018736228457101507,0.005754320128245394,0.002877160064122697,0.5,0.008537461935283841,-0.007190027975370938,0.013935625421946263,10,-0.0033273349627899185,0.00243761772288289,0.0010063179391293531
2021-01-25,0.0015365843256618752,0.002314391301957467,0.0011571956509787336,0.5,0.006650118735151269,-0.0030106116552376383,0.013935625421946263,10,0.006626450598320122,0.004598791106573574,0.0008187155649107102
2021-01-26,-0.001472677431755646,0.0027050947817394513,0.0013525473908697256,0.5,0.006762248429747316,-0.0030106116552376383,0.013935625421946263,10,-0.005104672689980716,0.0026737484540890312,0.0013253072800801346
2021-01-27,-0.03925146417212959,0.010260852129814238,0.005130426064907119,0.5,0.011683868871773787,-0.025677883699462,0.0036158389430824833,10,-0.024189049952563768,-0.005248953370192622,-0.0012840599345293358
2021-01-28,-0.029010152451217443,0.012309114473996666,0.006154557236998333,0.5,0.013439907207526936,-0.025677883699462,0.009760625975629766,10,0.03543850967509177,-0.0033601728365771242,-0.000535561510757021
2021-01-29,-0.05871455482826138,0.018249994949405452,0.009124997474702726,0.5,0.015196238398979104,-0.025677883699462,0.009760625975629766,10,-0.02907210114875436,-0.0066203455401545154,-0.0020913639086358126
2021-02-01,0.010834864028240927,0.015041289587731247,0.007520644793865623,0.5,0.018041739270719302,-0.025677883699462,0.016051767614439383,10,0.035363242787563975,-0.004133159805883135,0.00023281565034521945
2021-02-02,0.017730859876219546,0.016420488757326972,0.008210244378663486,0.5,0.019829292981962267,-0.025677883699462,0.016051767614439383,10,-0.0021535441300224445,-0.001055748359620101,0.000809000047234465
2021-02-03,0.05159793363301597,0.010319586726603195,0.005159793363301597,0.5,0.014390801201656929,-0.019311475173124593,0.016051767614439383,10,-0.012889454403463674,0.004281582196462952,-0.00048368558686483486
2021-02-04,0.04293385799298499,0.008586771598596998,0.004293385799298499,0.5,0.014502669463078969,-0.019311475173124593,0.016051767614439383,10,0.009844553149467528,0.004500121447421157,0.0005699743054220163
2021-02-05,0.026265977459999,0.0052531954919998,0.0026265977459999,0.5,0.006460446002612965,0.0010087690809532646,0.016051767614439383,10,-0.00695582706579545,0.009141915514971144,0.0012607849874083144
2021-02-08,0.036916942925699546,0.007383388585139909,0.0036916942925699545,0.5,0.005178490674724696,0.0010087690809532646,0.013898223484416938,10,0.00350185319574825,0.007411431664157986,0.0016391359291374253
2021-02-09,0.016972197554750806,0.004136789505715795,0.0020683947528578974,0.5,0.004816455181994206,-0.0011135249921484514,0.010853322230420792,10,-0.008512873352522043,0.0044090819688449075,0.0016766668046124034
2021-02-10,0.00990106405977631,0.002952686094960466,0.001476343047480233,0.5,0.005085942631875794,-0.0011135249921484514,0.010853322230420792,10,0.0007683400597890966,0.004138291166182384,0.004209936681322668
2021-02-11,0.0003395753983859162,0.0010403883626823873,0.0005201941813411937,0.5,0.00345003492913501,-0.0011135249921484514,0.007399348360373592,10,0.0020076400958987106,0.002300117752806097,0.003400119600113627
2021-02-12,0.010047172240931396,0.002239557736425849,0.0011197788682129246,0.5,0.003561582988302015,-0.0011135249921484514,0.007399348360373592,10,0.0030485779498394816,0.002462825342556796,0.00580237042876397
2021-02-16,0.009673693097611754,0.002314253565089778,0.001157126782544889,0.5,0.002390819286013304,-0.0011135249921484514,0.0047110331133788375,10,-0.0052803055317299785,0.0008691011868118492,0.004140266425484917
2021-02-17,0.006368931143001707,0.001866902513652217,0.0009334512568261085,0.5,0.002248464470931886,-0.0005692724183511411,0.0047110331133788375,10,0.00024887040912446867,0.001027725783396205,0.0027184038761205566
2021-02-18,-0.008842516758220675,0.001768503351644135,0.0008842516758220675,0.5,0.0033412500464353855,-0.004415835627354592,0.0047110331133788375,10,-0.004095433618127919,0.0002135956443971576,0.002175943405289771
2021-02-19,-0.010985223801927384,0.002197044760385477,0.0010985223801927384,0.5,0.0033301997382340926,-0.004415835627354592,0.0047110331133788375,10,0.002560938982779426,-0.0004898747172257467,0.000905121517790175
2021-02-22,-0.023339286216805998,0.004667857243361199,0.0023339286216805997,0.5,0.0031145635427260463,-0.0077328394581538396,-0.0003204020092266724,10,-0.005877942813578674,-0.002978649231532282,-0.0002579119444877431
2021-02-23,-0.013885696639893697,0.0036146847405072644,0.0018073423702536322,0.5,0.0035449019702692543,-0.0077328394581538396,0.0012563181187927874,10,0.008989157576946627,-0.0026135311241034962,-0.0008722149686458236
2021-02-24,0.008125154044363314,0.006780257114308556,0.003390128557154278,0.5,0.0072935752571603625,-0.0077328394581538396,0.01135161376597904,10,0.010095295647186253,-0.0002791279690623538,0.0003742989071669256
2021-02-25,-0.019784792733923973,0.012362246469966013,0.006181123234983006,0.5,0.013236243162424286,-0.02447880752512621,0.01135161376597904,10,-0.03583042129110525,-0.004291722348616678,-0.00203906335210976
2021-02-26,-0.029795679881750026,0.0135268784870027,0.00676343924350135,0.5,0.01316613131051705,-0.02447880752512621,0.01135161376597904,10,0.019728593355223367,-0.004870785853682213,-0.00268033028545398
2021-03-01,-0.009063763647048084,0.017673261733943086,0.008836630866971543,0.5,0.01808268237066336,-0.02447880752512621,0.023790763506800205,10,0.02854097767670305,0.0014339347393085955,-0.0007723572461118434
2021-03-02,0.01826616274337778,0.012207276455857915,0.006103638227928958,0.5,0.01858088178754133,-0.02447880752512621,0.023790763506800205,10,-0.0318716151976709,-0.0004334992226241008,-0.0015235151733637986
2021-03-03,0.0044061499065523035,0.01497927902322301,0.007489639511611505,0.5,0.01790563686345415,-0.02447880752512621,0.023790763506800205,10,-0.004985370181127435,-0.005317066350219534,-0.0027980971596409444
2021-03-04,-0.05760714582161504,0.011521429164323008,0.005760714582161504,0.5,0.015462985007211423,-0.013417213930100202,0.023790763506800205,10,-0.0003509920581020731,-0.003104747631214333,-0.0036982349899155054
2021-03-05,-0.011645779340526869,0.01532646799996018,0.00766323399998009,0.5,0.018350238045490602,-0.013417213930100202,0.023790763506800205,10,0.03291318212788241,0.001744488842322678,-0.001563148505679768
2021-03-08,0.0011992053958679676,0.012757471052681213,0.0063787355263406065,0.5,0.013614377679945994,-0.013417213930100202,0.01949596819778221,10,-0.024855199227943436,-0.004085510065069608,-0.0013257876628805065
2021-03-09,0.04715229911907186,0.013003280510588522,0.006501640255294261,0.5,0.015485978202431788,-0.013417213930100202,0.01949596819778221,10,0.019513873333983356,0.0003615887338689561,-3.595524437757236e-05
2021-03-10,0.024709541027270375,0.008514728892228226,0.004257364446114113,0.5,0.013584503056123024,-0.013417213930100202,0.01949596819778221,10,-0.008124328961120808,0.004180895776808846,-0.0005680852867053443
2021-03-11,0.05096740441826546,0.010193480883653091,0.005096740441826546,0.5,0.009403106226638931,-0.005359231030161227,0.01949596819778221,10,0.0043651736617345005,0.008943435963716051,0.002919344166250859
2021-03-12,0.029068664738360152,0.0058137329476720305,0.0029068664738360153,0.5,0.007695212425217167,-0.005359231030161227,0.01415464230382213,10,-0.009380088508556872,0.005247322023335399,0.0034959054328290383
2021-03-15,0.029838011336353144,0.005967602267270629,0.0029838011336353145,0.5,0.004945333013200277,0.0010153984958789497,0.01415464230382213,10,0.005476522805618167,0.007617552489667068,0.0017660212122987296
2021-03-16,0.009896060104996145,0.0030256678439181486,0.0015128339219590743,0.5,0.004744632619411949,-0.0015696837343783798,0.010395487004435822,10,-0.008061605035875496,0.0044726872820269655,0.002417138007947961
2021-03-17,0.013002699496082643,0.0036469957221354488,0.0018234978610677244,0.5,0.00469502139592776,-0.0015696837343783798,0.010395487004435822,10,0.00444906586490923,0.0038425010395928714,0.004011698408200859
2021-03-18,-0.02241806820551121,0.006403201728122809,0.0032016008640614046,0.5,0.008135404985252276,-0.014760539319459198,0.006491921301497117,10,-0.017639921449990048,-0.0011887042251861324,0.0038773658692649593
2021-03-19,-0.02080643527271997,0.006080875141564561,0.0030404375707822804,0.5,0.00805761958434016,-0.014760539319459198,0.006491921301497117,10,0.014157835344755565,-0.001512324719302649,0.001867498652016375
2021-03-22,-0.013896875361418443,0.0074627871238248655,0.0037313935619124328,0.5,0.008192436280609616,-0.014760539319459198,0.007025118077311765,10,0.007627822052015398,-0.0014056853641397193,0.003105933562763674
2021-03-23,-0.0020140668022207895,0.0050862254119853345,0.0025431127059926673,0.5,0.008657977863988307,-0.014760539319459198,0.007025118077311765,10,-0.01465597226125237,-0.0026179194540521646,0.0009273839139874007
2021-03-24,-0.010121786874906318,0.00670776942652244,0.00335388471326122,0.5,0.008121078007980656,-0.014760539319459198,0.007025118077311765,10,0.0021635181656256552,-0.004287263083821324,-0.0002223810221142264
2021-03-25,-0.013096540592160144,0.006112818683071675,0.0030564093415358373,0.5,0.006420387118482569,-0.007630854183940605,0.007025118077311765,10,0.010707601865274419,-0.00028710205053759095,-0.0007379031378618617
2021-03-26,0.02734022072194031,0.009112934823264696,0.004556467411632348,0.5,0.00989461221619148,-0.007630854183940605,0.016631202604519668,10,0.0113909367575602,0.003159679265307069,0.0008236772730022101
2021-03-29,0.03500575961040919,0.007579827045570919,0.0037899135227854597,0.5,0.009752355949043709,-0.007630854183940605,0.016631202604519668,10,-0.01749921528975329,0.001581053112797992,8.768387432913637e-05
2021-03-30,0.02100892830919706,0.0068856827411737,0.00344284137058685,0.5,0.008860445916051904,-0.00546733601831495,0.016631202604519668,10,-0.002289820248534191,0.0024756573628325505,-7.113104560980687e-05
2021-03-31,-0.0006722442990395965,0.00254944821952637,0.001274724109763185,0.5,0.007676735781368129,-0.0031578329337678124,0.016631202604519668,10,0.006780331973345488,0.004293624374411076,3.1806452948757167e-06
2021-04-01,0.02048311313459098,0.006201844582763405,0.0031009222913817025,0.5,0.008409597803333063,-0.0031578329337678124,0.016631202604519668,10,0.008202702735367051,0.005610611560008127,0.0026617547547352683
2021-04-05,0.04980987872044336,0.009961975744088672,0.004980987872044336,0.5,0.007720052931332275,-0.0031578329337678124,0.014438226417743616,10,0.002613024642798889,0.005172016322652917,0.004165847793979993
2021-04-06,0.042149829067895286,0.009078986314879836,0.004539493157439918,0.5,0.007740808108134955,-0.0031578329337678124,0.014438226417743616,10,-0.015411757169694784,0.005150912709309408,0.0033659829110537
2021-04-07,0.024899880751296788,0.005628996651560136,0.002814498325780068,0.5,0.006705645938717161,-0.0009735307519511682,0.014438226417743616,10,0.0024487635369367933,0.006077525853060095,0.004276591607946323
2021-04-08,0.007870558102791211,0.0022231321218590208,0.0011115660609295104,0.5,0.006656051608593369,-0.0009735307519511682,0.014438226417743616,10,0.0027454000436546444,0.006197152610872614,0.005245388492641845
2021-04-09,0.02235966660394014,0.004471933320788028,0.002235966660394014,0.5,0.0060101034675965285,-0.0009735307519511682,0.014438226417743616,10,0.0034993015200979194,0.005376099125631306,0.005493355342819717
2021-04-12,0.019574147214349392,0.004045548675382427,0.0020227743376912133,0.5,0.0035559743024279633,-0.0009735307519511682,0.007719934348738189,10,-0.00791601319750701,0.0024492380723288186,0.003810627197490868
2021-04-13,0.018030570515017996,0.0037368333355161467,0.0018684166677580734,0.5,0.0029973203524304433,-0.00019607884876882142,0.007719934348738189,10,0.0034905656578102517,0.0033028415845273384,0.004226877146918373
2021-04-14,-0.0016488646125932074,0.002526097461879595,0.0012630487309397975,0.5,0.004500743258828749,-0.004087726727828533,0.007719934348738189,10,-0.007382213536869964,0.0021902496819645066,0.004133887767512301
2021-04-15,0.01716825101063228,0.0061588013540121445,0.0030794006770060722,0.5,0.006056717495124931,-0.004087726727828533,0.01109419052516647,10,0.015181917252995003,0.0035649612212697466,0.004881056916071181
2021-04-16,0.017692138921412786,0.006263578936168246,0.003131789468084123,0.5,0.0056145608946267305,-0.004087726727828533,0.01109419052516647,10,-0.007485370969656735,0.002742738262624056,0.004059418694127681
2021-04-19,0.015660749976983596,0.006669856725054084,0.003334928362527042,0.5,0.006652524529697003,-0.005306560094486046,0.01109419052516647,10,-0.00891537964999578,0.001720642013480611,0.002084940042904715
2021-04-20,-0.014166767184587054,0.005239233140590567,0.0026196165702952836,0.5,0.007529925630429953,-0.006802319771775922,0.01109419052516647,10,-0.0014957596772898762,-0.0002987193026828594,0.0015020611409222394
2021-04-21,-0.004671373990180657,0.007138311779471847,0.0035691558897359235,0.5,0.008197797888497815,-0.006802319771775922,0.01109419052516647,10,0.016108375243929496,0.002380037137313562,0.0022851434096390344
2021-04-22,-0.011178202960306916,0.008439677573497098,0.004219838786748549,0.5,0.007822498366459896,-0.009210657476561801,0.009306055472153574,10,-0.018516712948715375,-0.001680932463032092,0.0009420143791188274
2021-04-23,0.01837349089294782,0.00981513649629743,0.004907568248148715,0.5,0.0095534165372897,-0.009210657476561801,0.010928696540176919,10,0.02013935401673872,-0.0002169570660986553,0.0012628905982627003
2021-04-26,0.005833849980699432,0.007307208313847753,0.0036536041569238766,0.5,0.009125700228871075,-0.009210657476561801,0.010928696540176919,10,-0.009146425615372378,0.001200809137759462,0.0014607255756200366
2021-04-27,0.020826785961611805,0.004308621117665279,0.0021543105588326394,0.5,0.00809921194254972,-0.009210657476561801,0.010928696540176919,10,-0.001997166812818918,0.002518293914511771,0.0011097873059144558
2021-04-28,0.0012030585331671932,0.000947568909902922,0.000473784454951461,0.5,0.007194088365711688,-0.009210657476561801,0.010928696540176919,10,-0.0006306440288754711,0.0004879748367030867,0.0014340059870083244
2021-04-29,0.009503951548569164,0.002607747512983316,0.001303873756491658,0.5,0.005032379270016406,-0.0008455399168898481,0.010928696540176919,10,0.007608346650935571,0.0036826676788245917,0.0010008676078962497
2021-04-30,-0.00212906647028425,0.004934351116753999,0.0024671755583769994,0.5,0.0050353786991581195,-0.007194706699326425,0.006762806734045723,10,-0.013957513433372148,5.7987030923922764e-05,-7.948501758736626e-05
2021-05-03,0.00386031796995497,0.005568534726875278,0.002784267363437639,0.5,0.005135588964465741,-0.007194706699326425,0.006762806734045723,10,0.00994279744658011,0.00025115099541375143,0.0007259800665866068
2021-05-04,-0.01854158926716661,0.0055403783516024445,0.0027701891758012223,0.5,0.006019603244485655,-0.007194706699326425,0.006762806734045723,10,-0.00942642835548091,-0.0010415373486288182,0.0007383782829414765
2021-05-05,-0.005377971832009609,0.0033766307057495615,0.0016883153528747807,0.5,0.0060718453596667575,-0.007194706699326425,0.006762806734045723,10,0.007381801369995,-0.0007317366128972935,-0.0001218808880971034
2021-05-06,0.003650971032653956,0.005182419278682275,0.0025912096393411375,0.5,0.00652049851885536,-0.007194706699326425,0.008165456466051824,10,0.007461992704284048,-0.00045120666649607345,0.001615730506164259
2021-05-07,0.027070436407979903,0.005414087281595981,0.0027070436407979903,0.5,0.005986876492293008,-0.006678337608227225,0.008165456466051824,10,-0.0007921148490834806,0.0024624029967628804,0.0012601950138434014
2021-05-10,0.008505251268053349,0.008658148468402774,0.004329074234201387,0.5,0.008289853062307036,-0.010435647322188157,0.008165456466051824,10,-0.0178089889391565,-0.0001743446171254881,3.840318914413166e-05
2021-05-11,-0.01956036417989656,0.008827633913958207,0.004413816956979104,0.5,0.008718241302298731,-0.010435647322188157,0.008165456466051824,10,0.0017617345194700373,-0.0005734596560236672,-0.0008074985023262427
2021-05-12,-0.06759826798234836,0.013519653596469672,0.006759826798234836,0.5,0.012649658342592502,-0.021449400664502738,0.008165456466051824,10,-0.012775487861784618,-0.005004032541277769,-0.0028678845770875316
2021-05-13,-0.02991695343382894,0.014098818291381451,0.0070494091456907255,0.5,0.013770103314361983,-0.021449400664502738,0.012173141406923493,10,0.03362254207142623,-0.004202495553103436,-0.002326851109799755
2021-05-14,0.009402829365534235,0.016180166316108673,0.008090083158054337,0.5,0.015641854367439412,-0.021449400664502738,0.014917956876899785,10,0.0027448154699762917,-0.0026935725011171473,-0.0001155847521771336
2021-05-17,0.040935076817670835,0.009873716825681353,0.004936858412840676,0.5,0.015052057680730363,-0.021449400664502738,0.014917956876899785,10,-0.017448009070120563,-0.0011124534753236715,-0.0006433990462245797
2021-05-18,0.006451019540523925,0.008655100676495072,0.004327550338247536,0.5,0.015032538344917343,-0.021449400664502738,0.014917956876899785,10,-0.005987240766143875,-0.001081129506652978,-0.0008272945813383225
2021-05-19,-0.023317927682338646,0.004663585536467729,0.0023317927682338646,0.5,0.010295826012963518,-0.008517292959364653,0.014917956876899785,10,0.005573881502546896,0.0026200683348840182,-0.0011919821031968758
2021-05-20,-0.001509937766731769,0.00733848205744192,0.00366924102872096,0.5,0.009939694749503748,-0.008517292959364653,0.014917956876899785,10,0.013498153212961106,0.0022963884047279893,-0.0009530535741877233
2021-05-21,0.011379082698640592,0.0047606779643674475,0.0023803389821837237,0.5,0.007001154427256788,-0.008517292959364653,0.010554741756143349,10,-0.011338622436284584,-0.0008439791066802149,-0.0017687758038986811
2021-05-24,0.03280358877690107,0.007083304875474372,0.003541652437737186,0.5,0.008335770232245134,-0.008517292959364653,0.010554741756143349,10,0.010695172870279768,0.001644289769991647,0.00026591814733398775
2021-05-25,0.011670212882834246,0.004273485550192173,0.0021367427750960863,0.5,0.006721618599257923,-0.002943411456817757,0.010554741756143349,10,-0.012036575970435281,0.002922691605805228,0.0009207810495761249
2021-05-26,0.01610470830018418,0.004637797513568002,0.002318898756784001,0.5,0.005974035407025592,-0.0021252837802967495,0.010554741756143349,10,0.004002100350565474,0.003886737211222524,0.003253402773053271
2021-05-27,0.0015280788863392125,0.0017224716307990089,0.0008612358153995044,0.5,0.004692227195836764,-0.0021252837802967495,0.009911292190138532,10,-0.000711502028437172,0.002008851768360165,0.002152620086544077
2021-05-28,0.006351688338734155,0.001270337667746831,0.0006351688338734155,0.5,0.004508989373361458,-0.0021252837802967495,0.009911292190138532,10,-0.00039643265069133626,0.002319404282616455,0.0007377125879681201
2021-06-01,0.002403104850475605,0.0008088433185527247,0.00040442165927636237,0.5,0.0015768610090323057,-0.0021252837802967495,0.0018768165702687245,10,-0.0012612154138266218,0.00023867914005146763,0.0009414844550215574
2021-06-02,0.0028724720114742253,0.0009027167507524488,0.0004513583753762244,0.5,0.0009035173682770904,-0.0004923335226864056,0.0018768165702687245,10,0.0019392683611171302,0.0009531228637969624,0.001937907234801095
2021-06-03,-0.0044568367098218875,0.0018559905675848605,0.0009279952837924302,0.5,0.0020822551448168233,-0.0036287033416374515,0.0014469348384307246,10,-0.005075638180068176,-0.00014798111858427276,0.0018693780463191257
2021-06-04,0.01108721201216541,0.004636577963524717,0.0023182889817623584,0.5,0.0045971203949286025,-0.0036287033416374515,0.008834095710505974,10,0.012462799052143425,0.0013857751151506114,0.0016973134417553881
2021-06-07,0.007347756107362232,0.004419845918864869,0.0022099229594324346,0.5,0.004701771991891169,-0.0036287033416374515,0.008834095710505974,10,-0.009630834414957157,0.0010726509960323316,0.0016960276393243935
2021-06-08,0.013687303117601024,0.0032686197598209934,0.0016343098799104967,0.5,0.004655483920595896,-0.0036287033416374515,0.008834095710505974,10,0.000971763568957007,0.0012061226734707774,0.0007224009067611226
2021-06-09,-0.004075968599051756,0.0009318769628142339,0.00046593848140711697,0.5,0.004839352788521554,-0.0036287033416374515,0.008834095710505974,10,-0.0019988921839915186,0.0005519622418874937,0.0007525425528422281
2021-06-10,0.005005667595470534,0.0022170450654179033,0.0011085225327089516,0.5,0.004452439354401329,-0.0018238673194856947,0.008834095710505974,10,0.006476110331747886,0.002208151512667422,0.0010300851970415747
2021-06-11,0.007961350603892617,0.00280818166710232,0.00140409083355116,0.5,0.002548465987120886,-0.0018238673194856947,0.004652243012262192,10,-0.002703808342703118,0.0008310193044780423,0.0011083972098143268
2021-06-14,0.01402646592486086,0.002805293184972172,0.001402646592486086,0.5,0.0023944356342705296,-0.0018238673194856947,0.004652243012262192,10,-0.00013323279646382247,0.0013534074199873293,0.0012130292080098303
2021-06-15,0.0029199046035475558,0.0019251101077267057,0.0009625550538633528,0.5,0.0028245469098062467,-0.0020116937805257917,0.004652243012262192,10,-0.003826895653621043,0.0009160636909810061,0.0010610931822258919
2021-06-16,-0.009311027533810412,0.0030723400888255834,0.0015361700444127917,0.5,0.003925220113178722,-0.005390124612855707,0.004652243012262192,10,-0.003378430832329915,0.00020281223230700363,0.00037738723709724865
2021-06-17,-0.013062556642388829,0.002612511328477766,0.001306255664238883,0.5,0.003043937857144774,-0.005390124612855707,0.0019484346695590737,10,0.004954409020803907,-0.0008147794885557946,0.0006966860120558138
2021-06-18,-0.031583848308013494,0.006316769661602699,0.0031583848308013493,0.5,0.005820585129502286,-0.013124468779900589,0.0018152018730952513,10,-0.01268875318784879,-0.003829360178447727,-0.0014991704369848424
2021-06-21,0.0007368426512806743,0.00918749144489106,0.00459374572244553,0.5,0.00989846563591537,-0.013124468779900589,0.014002289962720793,10,0.027126758742621382,-0.0013919425605226187,-1.9267570267644806e-05
2021-06-22,0.01000385514173141,0.010750416881613342,0.005375208440806671,0.5,0.010293362972012292,-0.013124468779900589,0.014002289962720793,10,-0.008877798060502151,3.5294576026267956e-05,0.000475679133503637
2021-06-23,0.030072497536300924,0.006736688402699438,0.003368344201349719,0.5,0.009898479074283354,-0.013124468779900589,0.014002289962720793,10,-0.0062077752453775226,0.0008966628299656332,0.0005497375311363184
2021-06-24,0.01642076380657535,0.004006341656754324,0.002003170828377162,0.5,0.010080830433180568,-0.013124468779900589,0.014002289962720793,10,0.006894533068044328,0.0021460558933530825,0.000665638202398644
2021-06-25,0.01343093950173883,0.0034083767957870195,0.0017041883978935097,0.5,0.005489830220908709,-0.0010832833431588806,0.014002289962720793,10,-0.0024806524055687174,0.005437069113196547,0.0008038544673744097
2021-06-28,0.019094685510440135,0.003818937102088027,0.0019094685510440135,0.5,0.002721155890026696,-0.0010832833431588806,0.005811249724885448,10,-0.0010156330572548278,0.0030996039730647683,0.0008538307062710748
2021-06-29,0.009871496291065835,0.001974299258213167,0.0009871496291065835,0.5,0.0026825733034354276,-0.0010832833431588806,0.005811249724885448,10,-0.002037628068801034,0.002130172831273214,0.001082733703649741
2021-06-30,0.006534100170115428,0.0013068200340230856,0.0006534100170115428,0.5,0.0021177057879733898,0.00027733619326086867,0.005811249724885448,10,0.0010508234534856165,0.002612461429254287,0.00175456212960996
2021-07-01,0.011378537823805157,0.0022757075647610314,0.0011378537823805157,0.5,0.001900307728146633,0.00027733619326086867,0.0052216268542757405,10,0.0038934672075292553,0.0024945368551323455,0.002320296374242714
2021-07-02,0.023416446941560233,0.004683289388312047,0.0023416446941560234,0.5,0.002971709930309268,0.00027733619326086867,0.007500081663913916,10,0.002278454809638175,0.0033284337240517825,0.004382751418624165
2021-07-06,0.017833087430609112,0.0049145215260046156,0.0024572607630023078,0.5,0.003845813241688671,-0.0020218560598241897,0.007500081663913916,10,-0.009521937723738105,0.002461069659674564,0.0027803368163696663
2021-07-07,0.014728668190453858,0.004293637677973565,0.0021468188389867824,0.5,0.0036503205590496515,-0.0020218560598241897,0.007500081663913916,10,0.005380831370006778,0.003077397483058908,0.002603785157166061
2021-07-08,-0.012039842806597645,0.004647285434774588,0.002323642717387294,0.5,0.0064446336155926,-0.008561024934316985,0.007500081663913916,10,-0.011920000244499573,0.001099560566846214,0.0018560109980502505
2021-07-09,0.010126496974435795,0.007732649351098482,0.003866324675549241,0.5,0.007832712515872024,-0.008561024934316985,0.011277947808795874,10,0.01983897274311286,0.0023108247577502405,0.002402680806441293
2021-07-12,0.010280162009526639,0.007763382358116651,0.0038816911790583255,0.5,0.007356949456450285,-0.008561024934316985,0.011277947808795874,10,-0.00782677347755878,0.0015010432912148763,0.0024147385076333295
2021-07-13,0.018687182469112235,0.006081978266199532,0.003040989133099766,0.5,0.007563397065271475,-0.008561024934316985,0.011277947808795874,10,-0.006967986989802721,0.001202051971466589,0.0018315608155705764
2021-07-14,0.001832160413193599,0.0027109738550158045,0.0013554869275079022,0.5,0.007470043459219629,-0.008561024934316985,0.011277947808795874,10,0.004681747233810318,0.0007632438244790096,0.0019203206537689588
2021-07-15,-0.009356864895822178,0.002647996029327563,0.0013239980146637815,0.5,0.006059152448913935,-0.0035168126585656267,0.011277947808795874,10,-0.004427175429417063,0.0018230006405079325,0.001461280603677073
2021-07-16,-0.016060267483342477,0.0039886765468316225,0.0019943382734158113,0.5,0.004309501312586479,-0.007538854211077806,0.0034511743312370946,10,-0.004276613356905434,-0.0019403597634668035,0.00018523249714171852
2021-07-19,-0.0444510124877658,0.00889020249755316,0.00444510124877658,0.5,0.006414477237637023,-0.015869512427409305,0.0011649345752446916,10,-0.008330658216331499,-0.005804497115196083,-0.0021517269119906033
2021-07-20,-0.013742928667719128,0.012856992025447581,0.0064284960127237905,0.5,0.011501999478257191,-0.015869512427409305,0.015162609437855634,10,0.03103212186526494,-0.0020686126959118313,-0.0004332803622226211
2021-07-21,0.012558195002136213,0.013091313952033445,0.006545656976016723,0.5,0.01239976512668059,-0.015869512427409305,0.015162609437855634,10,-0.006920789447020237,-0.00065323561279369,5.50041058426598e-05
2021-07-22,0.04236849897836496,0.008473699795672992,0.004236849897836496,0.5,0.012346708147551663,-0.015869512427409305,0.015162609437855634,10,-0.006225150032507454,0.0004025465497063729,0.0011127735951071526
2021-07-23,0.03400656994997697,0.0068013139899953945,0.0034006569949976972,0.5,0.012032001412049803,-0.015869512427409305,0.015162609437855634,10,0.0081287820624949,0.003939407796086503,0.0009995240163098496
2021-07-26,0.024240536402965196,0.004848107280593039,0.0024240536402965196,0.5,0.0055335975581400675,0.0020166699583279435,0.015162609437855634,10,-0.007763252158194511,0.00758975025409403,0.0008926265694489732
2021-07-27,0.013025345127266608,0.0057466988968474615,0.0028733494484237307,0.5,0.005862487923234206,-0.0047124448070912095,0.010145452020822843,10,-0.007094644669719541,0.0036147394051046612,0.000773063354596415
2021-07-28,-0.004194178045194656,0.002426968850791152,0.001213484425395576,0.5,0.0053922695089757,-0.0047124448070912095,0.010145452020822843,10,0.004526182924437294,0.0019291230304067986,0.0006379437088065542
2021-07-29,-0.0011542561828960702,0.003034953223250869,0.0015174766116254346,0.5,0.005489187452985677,-0.0047124448070912095,0.010145452020822843,10,0.004392414862661398,0.0023670196347427065,0.0013847830922245397
2021-07-30,-0.0023102615902056054,0.003266154304712776,0.001633077152356388,0.5,0.004244745444253568,-0.0054060480514769305,0.004206152980007483,10,-0.009612201031484413,-0.0007432803797172482,0.001598063708184627
2021-08-02,-0.005071167810601351,0.0038183355487919255,0.0019091677743959627,0.5,0.0038710996592222877,-0.0054060480514769305,0.004206152980007483,10,0.0035632424365855675,-0.001588281475221187,0.003000734389436421
2021-08-03,0.001590954801823178,0.0051507600712768315,0.0025753800356384158,0.5,0.0053078916057679995,-0.0054060480514769305,0.0082034265474622,10,0.010046232162353563,0.0009948927956894948,0.002304816100397078
2021-08-04,0.002880388385264239,0.004892873354588619,0.0024464366772943094,0.5,0.005895176154051623,-0.0054060480514769305,0.0082034265474622,10,-0.012835814448874494,0.00010566759193781916,0.0010173953111723088
2021-08-05,0.015960809099240247,0.006280420420789579,0.0031402102103947893,0.5,0.006252166231289098,-0.0054060480514769305,0.0082034265474622,10,0.010637834714906536,0.000465526358635171,0.0014162729966889387
2021-08-06,0.005080541923077794,0.004104366985557088,0.002052183492778544,0.5,0.005322532584261555,-0.004632387901412294,0.0082034265474622,10,-0.004330180571729514,0.0018817892172835026,0.0005692544187831273
2021-08-09,0.011234674635102564,0.002873540443152134,0.001436770221576067,0.5,0.0051779276209238285,-0.004632387901412294,0.0082034265474622,10,-0.0026151745159621598,0.002062368685422289,0.0002370436051005509
2021-08-10,0.0028800621695623807,0.0012026179500440974,0.0006013089750220487,0.5,0.00388189407243951,-0.004632387901412294,0.006005446813494242,10,0.0019325876083675642,0.0006202192427638753,0.0008075560192266851
2021-08-11,0.0022141914127586184,0.001069443798683345,0.0005347218993416725,0.5,0.0025561217188040395,-0.0009399082741974318,0.006005446813494242,10,0.00028306445351233833,0.0018018455805828282,0.0009537565862603236
2021-08-12,0.010691339005883815,0.002138267801176763,0.0010691339005883815,0.5,0.0018214271142929683,-0.0009399082741974318,0.004146380281677686,10,0.0028706364939952156,0.001430032274219517,0.000947779316427344
2021-08-13,0.011715717875280623,0.0023431435750561245,0.0011715717875280622,0.5,0.001819392050740539,-0.0009399082741974318,0.004146380281677686,10,-0.00253907362586947,0.0014164403570282146,0.0016491147871558586
2021-08-16,0.013957562732836253,0.0027915125465672506,0.0013957562732836253,0.5,0.001284832114255186,0.0009926793341701323,0.004146380281677686,10,0.0010135440464076328,0.002128592152310871,0.0020954804188665797
2021-08-17,-0.0047209024282057754,0.0037629520576571984,0.0018814760288285992,0.5,0.0043813401167699054,-0.00706069881494753,0.004146380281677686,10,-0.00968154951716338,0.0005179165224873383,0.0005690678826256069
2021-08-18,-0.025313864763862694,0.0068100067542497715,0.0034050033771248858,0.5,0.006599723436576482,-0.010748470745585936,0.004146380281677686,10,-0.003687771930638406,-0.001886926384166343,-4.254040179175744e-05
2021-08-19,-0.02758746221270647,0.006355287264481017,0.0031776436322405086,0.5,0.00604228613686197,-0.010748470745585936,0.002620850702215849,10,0.01200516297849552,-0.0024648639939199636,-0.0005174158598502232
2021-08-20,-0.0022503514282307124,0.006715576878077815,0.0033577884390389077,0.5,0.007638903589753139,-0.010748470745585936,0.008141567655737925,10,0.00688487542282834,-0.0011580117939340218,0.00012921428154709645
2021-08-23,0.029870083754826394,0.005974016750965279,0.0029870083754826395,0.5,0.008744997772281457,-0.010748470745585936,0.00852379036424833,10,0.00038222270851040463,2.2576138472474307e-05,0.0010755841453916725
2021-08-24,0.030268490535509583,0.0060536981071019165,0.0030268490535509582,0.5,0.007798314634725652,-0.010748470745585936,0.00852379036424833,10,-0.007028054062928835,0.0017338631617258792,0.0011258898421066088
2021-08-25,0.020399408149579155,0.004079881629915831,0.0020399408149579155,0.5,0.0036757913708307475,0.0012566922329095842,0.00852379036424833,10,0.0007243819228601733,0.0043275809556790005,0.0012203272857563285
2021-08-26,-0.003515107156855657,0.0031802577817039066,0.0015901288908519533,0.5,0.005866404774802821,-0.005824918819612557,0.00852379036424833,10,-0.008045037043792225,0.002911258745174572,0.00022319737562730423
2021-08-27,0.008671386474987108,0.005617556508072459,0.0028087782540362296,0.5,0.0060204066179747094,-0.005824918819612557,0.008807632480425154,10,0.01463255130003771,0.0030444717101120178,0.000943229958088998
2021-08-30,0.01214880750932031,0.0063130407149391,0.00315652035746955,0.5,0.00531493547938495,-0.005824918819612557,0.008807632480425154,10,-0.004501061635645565,0.0022010278062182696,0.0011118019723453721
2021-08-31,0.019608478809499487,0.004821106454903264,0.002410553227451632,0.5,0.0055561138588568725,-0.005824918819612557,0.008807632480425154,10,-0.005655686884284639,0.001632057338053361,0.0016829602498896201
2021-09-01,0.005448572385060765,0.001989125170015519,0.0009945625850077595,0.5,0.0055711475944034364,-0.005824918819612557,0.008807632480425154,10,0.0016608046652669683,0.0012503714183698111,0.002788976187024406
2021-09-02,0.0030086849946329526,0.0015011476919299567,0.0007505738459649783,0.5,0.003924315692881546,-0.0013491160395050494,0.008807632480425154,10,0.002530949784760983,0.0029838828643969028,0.0029475708047857372
2021-09-03,0.004698826517615847,0.0011631193873333778,0.0005815596936666889,0.5,0.0023442741707269473,-0.0013491160395050494,0.004306570844779589,10,-0.0031776695362382146,0.0011553501431688096,0.0020999109266404137
2021-09-07,-0.0014799452019568595,0.0021910813140733065,0.0010955406570366533,0.5,0.002285749308169306,-0.003395574405981705,0.002842638410522902,10,-0.0030605432802663923,-0.00038507890698344924,0.0009079744496174102
2021-09-08,-0.008415287119120282,0.0016830574238240563,0.0008415287119120282,0.5,0.0022825668056123093,-0.003395574405981705,0.002842638410522902,10,0.002077007666206554,-0.00037896904703746956,0.0006265441455079457
2021-09-09,-0.015532916338583669,0.0031065832677167338,0.0015532916338583669,0.5,0.002889288699186197,-0.004605608657393345,0.002842638410522902,10,-0.003287041917618194,-0.0013624285036685224,-5.602854264935564e-05
2021-09-10,-0.022744590261823218,0.004548918052364644,0.002274459026182322,0.5,0.0029084410560715696,-0.007722578759925436,-0.0003350311257153127,10,-0.0031169701025320906,-0.00347547193775819,-0.00024579453668064353
2021-09-13,-0.01675283299810315,0.004868225011925224,0.002434112505962612,0.5,0.0037314468279317494,-0.007722578759925436,0.0022764876184568905,10,0.009999066378382326,-0.0029531681889237494,-0.0008989090228774699
2021-09-14,-0.01865454941340679,0.005248568294985952,0.002624284147492976,0.5,0.003943254822872139,-0.007722578759925436,0.0022764876184568905,10,-0.00802312612503242,-0.003423381009042514,-0.0019042299580129818
2021-09-15,0.008339743485751838,0.005499041034867387,0.0027495205174336936,0.5,0.0067107289739777,-0.007722578759925436,0.008473996979569742,10,0.014220635486145272,-0.0014648682651735357,-0.0009219186561055026
2021-09-16,0.0019603633734320094,0.005257258645026759,0.0026286293225133797,0.5,0.006488697306081715,-0.007722578759925436,0.008473996979569742,10,-0.010025137428504749,-0.0008539746234818679,-0.0011082015635751953
2021-09-17,-0.003646693199617264,0.006378669959636614,0.003189334979818307,0.5,0.0068743352039794215,-0.009110872450405094,0.008473996979569742,10,-0.0075597320014700875,-0.0011316333615777995,-0.0023035526496679947
2021-09-20,-0.046065539846258205,0.00921310796925164,0.00460655398462582,0.5,0.009412151682091297,-0.01697731100841482,0.008473996979569742,10,-0.007866438558009725,-0.0049823930869521416,-0.003967780637937945
2021-09-21,-0.04483423662563213,0.008966847325126426,0.004483423662563213,0.5,0.009569353303641484,-0.01697731100841482,0.008473996979569742,10,0.016164952491855455,-0.0039955370889489085,-0.003709459048995711
2021-09-22,-0.013783430549523246,0.009103093573411472,0.004551546786705736,0.5,0.009915157361840758,-0.01697731100841482,0.009519611195260236,10,0.0103319697118196,-0.0037864142458108097,-0.0026256412554921727
2021-09-23,0.03473661410532625,0.007488895165438159,0.0037444475827190793,0.5,0.012290919232981916,-0.01697731100841482,0.012134715784494876,10,0.0026151045892346403,-0.0010492429991248331,-0.0009516088113033505
2021-09-24,0.038525560044072225,0.007705112008814445,0.0038525560044072225,0.5,0.011437059746857813,-0.01697731100841482,0.012134715784494876,10,-0.010673706737806654,0.0010651333002938302,-3.3250030641984726e-05
2021-09-27,0.01803223701640581,0.005457369150840903,0.0027286845754204516,0.5,0.006559716402885173,-0.0027763826213396126,0.012134715784494876,10,-0.0042373916680278345,0.0039053189777088714,-0.0005385370546216351
2021-09-28,-0.03613247355124934,0.00820050074137535,0.004100250370687675,0.5,0.012868702775906592,-0.020364110556098214,0.012134715784494876,10,-0.0175877279347586,-5.0314301988985125e-06,-0.0020002842595739033
2021-09-29,-0.03595218159672916,0.008236559132279386,0.004118279566139693,0.5,0.011848328199450106,-0.020364110556098214,0.012134715784494876,10,0.021933294775498546,-0.0015951168253708792,-0.0026907655355908446
2021-09-30,-0.051174400769821715,0.011281002966897899,0.005640501483448949,0.5,0.009536603385295899,-0.020364110556098214,0.0015691842194003325,10,-0.01347889834459548,-0.006404002807308884,-0.0037266229032168587
2021-10-01,0.0019182462073119577,0.008323458658259156,0.004161729329129578,0.5,0.012268404186547255,-0.020364110556098214,0.01149147763018199,10,0.023401191755377138,-0.004397909090610131,-0.0016663878951581502
2021-10-04,-0.022340224386269335,0.01212902996404186,0.00606451498202093,0.5,0.01277039869671395,-0.020364110556098214,0.01149147763018199,10,-0.02447737576693043,-0.006439812193691896,-0.0012672466079915123
2021-10-05,0.015050156923404612,0.011667296809179883,0.005833648404589942,0.5,0.011783603000257818,-0.012985898136748442,0.01149147763018199,10,0.02351041279735766,-0.0002620871503504096,-0.00013355929027465409
2021-10-06,0.0027356822967437395,0.00920440188384771,0.004602200941923855,0.5,0.011935535039873756,-0.012985898136748442,0.01149147763018199,10,-0.0064217218064237525,0.00024463457660661714,-0.000675241124382131
2021-10-07,0.03820931361866675,0.00764186272373335,0.003820931361866675,0.5,0.010065887925901584,-0.012985898136748442,0.01149147763018199,10,0.004195487802219899,0.00428623353292672,-0.001058884637191082
2021-10-08,0.01747891735966974,0.00477159886845994,0.00238579943422997,0.5,0.009432290778708228,-0.012985898136748442,0.010524514660609219,10,-0.010212003751194354,0.0016051933879325242,-0.001396357851338803
2021-10-11,-0.0008020104774007313,0.00569258919975039,0.002846294599875195,0.5,0.007197888461320383,-0.006865763848056816,0.010524514660609219,10,-0.004952040753267828,0.0028292202456708495,-0.0018052959740105234
2021-10-12,-0.018660445835646522,0.0037320891671293044,0.0018660445835646522,0.5,0.005959151305383436,-0.006865763848056816,0.008298280656405366,10,0.0044489832895147075,0.00024096120184058378,-1.0562974254912927e-05
2021-10-13,-0.01043338320467509,0.004101686296797598,0.002050843148398799,0.5,0.005801634075835824,-0.006865763848056816,0.008298280656405366,10,0.005439295042335979,2.4905527762264514e-05,0.00013477005218444084
2021-10-14,0.0294480597847252,0.0075007989959731125,0.0037503994979865563,0.5,0.009234755201226953,-0.006865763848056816,0.01706310194558336,10,0.014040587461789489,0.001777869785597863,0.0030320516592622915
2021-10-15,0.04590971134514972,0.009181942269029944,0.004590971134514972,0.5,0.009249457083624525,-0.006865763848056816,0.01706310194558336,10,-0.009602891567870753,0.003652656480098182,0.0026289249340153533
2021-10-18,0.04649680313398925,0.009299360626797851,0.0046496803133989255,0.5,0.007257344132412716,-0.0024167805585421087,0.01706310194558336,10,-0.004085440820615016,0.005700763161129063,0.004264991703399956
2021-10-19,0.03038053247702751,0.006076106495405502,0.003038053247702751,0.5,0.005665659337334203,0.00302251448379387,0.01706310194558336,10,0.004018569994308718,0.007662787183118747,0.003951874192479665
2021-10-20,0.024053564854200994,0.004810712970840199,0.0024053564854200995,0.5,0.005540180601264189,0.00337476955709759,0.01706310194558336,10,-0.0037293097473896086,0.007791090247163313,0.003907997887462789
2021-10-21,0.02342206867507598,0.0046844137350151955,0.0023422068675075978,0.5,0.0022483844426849334,0.002995871849622578,0.007460210377712606,10,-0.0006681579543941218,0.0049776442279711565,0.00337775700678451
2021-10-22,0.009312246710376967,0.002577485093684125,0.0012887425468420626,0.5,0.0030042086102853773,-0.0010725536274130976,0.007393339551406308,10,-0.004068425477035675,0.0032710914269460157,0.003461873953522099
2021-10-25,0.011119191319505044,0.0029388740155097404,0.0014694370077548702,0.5,0.003077941990691345,-0.0010725536274130976,0.007393339551406308,10,0.005820750196906643,0.003545776829425207,0.004623269995277135
2021-10-26,0.00915906365933361,0.0025468484834754537,0.0012734242417377268,0.5,0.002228076630466843,-0.0010725536274130976,0.004748196569493546,10,-0.0029284013159738276,0.002431067969847889,0.005046927576483317
2021-10-27,0.0025273729242506855,0.003873186630492039,0.0019365933152460195,0.5,0.0038449518796496635,-0.005051568068462853,0.004748196569493546,10,-0.006871363321982571,0.0006879483953519782,0.004239519321257645
2021-10-28,0.010995847935863317,0.005566881632814565,0.0027834408164072824,0.5,0.00565758304812201,-0.005051568068462853,0.009829281576461124,10,0.014880849644923977,0.0020546303407196877,0.003516137284345422
2021-10-29,0.011211747045245895,0.00561006145469108,0.00280503072734554,0.5,0.005395331999681468,-0.005051568068462853,0.009829281576461124,10,-0.00787994685731186,0.00265900801003216,0.0029650497184890877
2021-11-01,0.02263115573124086,0.004526231146248172,0.002263115573124086,0.5,0.005269563580455637,-0.005051568068462853,0.009829281576461124,10,-0.00014925757601513823,0.0020693841247602764,0.0028075804770927417
2021-11-02,0.01238295824616098,0.002476591649232196,0.001238295824616098,0.5,0.005313045675256837,-0.005051568068462853,0.009829281576461124,10,0.0018802859422790696,0.002441497691138972,0.0024362828304934302
2021-11-03,0.019902865706508864,0.003980573141301773,0.0019902865706508863,0.5,0.003406511992837829,0.0018000771431341267,0.009829281576461124,10,0.0027809161099447977,0.004744067143903141,0.00271600776962756
2021-11-04,0.02387264106986938,0.004774528213973876,0.002387264106986938,0.5,0.0019036403437311614,0.0018000771431341267,0.006461279195357994,10,-0.002279336834207557,0.0036145993008410036,0.0028346148207803457
2021-11-05,0.023960035349096152,0.00479200706981923,0.002396003534909615,0.5,0.0016658407783538495,0.0018000771431341267,0.006461279195357994,10,-0.00044914270820117785,0.0039712922876010024,0.0033151501488165812
2021-11-08,0.01467088320900552,0.002934176641801104,0.001467088320900552,0.5,0.0019828938260712733,0.0008877879113036169,0.006461279195357994,10,-0.002845011741645642,0.0037888344412349007,0.0029291092829975885
2021-11-09,0.001869686114136885,0.00270645448667454,0.00135322724333727,0.5,0.0038248190411002874,-0.003498775895770745,0.006461279195357994,10,-0.004386563807074362,0.0023530066449981126,0.002397252168068542
2021-11-10,-0.01806135229949472,0.004204129067434688,0.002102064533717344,0.5,0.005253772643523655,-0.008225823395229703,0.004181942361150437,10,-0.004727047499458958,-0.000584413873119427,0.002079826635391857
2021-11-11,-0.018622765410442055,0.0040918464452452214,0.0020459232226226107,0.5,0.004646034576975627,-0.008225823395229703,0.003732799652949259,10,0.008776763439964919,-0.0013106143364024713,0.0011519924822192662
2021-11-12,-0.0007537122067983553,0.005333139822126798,0.002666569911063399,0.5,0.005729035871708392,-0.008225823395229703,0.007222656026415475,10,0.00667171598168026,-0.0006126430617092282,0.0016793246129458872
2021-11-15,0.012938093751343287,0.0025947786304984697,0.0012973893152492348,0.5,0.0056841211296815,-0.008225823395229703,0.007222656026415475,10,-0.007233395846760193,-0.0007923486080388953,0.0014982429165980027
2021-11-16,0.01846191011822207,0.003699541903874226,0.001849770951937113,0.5,0.00576106553656729,-0.008225823395229703,0.007222656026415475,10,0.0038759696852072034,0.0006804525440877507,0.0015167295945429315
2021-11-17,0.0020881077834239425,0.002159198353223535,0.0010795991766117674,0.5,0.0038040592840842733,-0.002601625374463401,0.007222656026415475,10,-0.006466855239325886,0.001805292148241011,0.000610439137560792
2021-11-18,0.007747307842784027,0.0032838784848657396,0.0016419392424328698,0.5,0.003781491818026447,-0.002601625374463401,0.007222656026415475,10,0.0059864055897347335,0.0023720601823482347,0.0005307229229728816
2021-11-19,-0.0010258511974921742,0.0024616903830126566,0.0012308451915063283,0.5,0.0028732984912204513,-0.002601625374463401,0.003865229864862485,10,-0.004783445774574568,0.0006477958652044924,1.7576401747632085e-05
2021-11-22,-0.002018369833923043,0.0026601941102988302,0.0013300970551494151,0.5,0.0033668452638840178,-0.0031971365563219223,0.003865229864862485,10,-0.0017984709970186863,1.0516518009051624e-05,-0.00039091604501492185
2021-11-23,-0.004897782004466741,0.0020843116761900906,0.0010421558380950453,0.5,0.002838132319836494,-0.0031971365563219223,0.0033847802152713324,10,0.004854269469267036,-0.0004311028723744226,0.00012467483585666407
2021-11-24,0.0012564116539089585,0.002382706701663073,0.0011913533508315366,0.5,0.002745043117856013,-0.0031971365563219223,0.0033847802152713324,10,0.0006367177227770693,0.0005479923296626942,0.0011766422389518528
2021-11-26,-0.03128973181485861,0.008891935395416587,0.004445967697708293,0.5,0.010336528982696509,-0.022724822637582465,0.0022938506357221833,10,-0.025018673273304648,-0.004673928240908065,-0.0011509340292799152
2021-11-29,-0.012051287441375475,0.012739624270113215,0.006369812135056607,0.5,0.01316726102316846,-0.022724822637582465,0.013200199537034996,10,0.03592502217461746,-0.0017541552216404188,-0.0005531796782179632
2021-11-30,-0.0474765557250878,0.018295444169707558,0.009147722084853779,0.5,0.01531183536005076,-0.022724822637582465,0.013200199537034996,10,-0.032161509871540206,-0.004906989977277077,-0.0024482367296340124
2021-12-01,-0.029293830358932405,0.014658899096476477,0.007329449548238239,0.5,0.015051112981391297,-0.022724822637582465,0.013200199537034996,10,0.007146122916615982,-0.007601454043443945,-0.0040162784579091835
2021-12-02,-0.027636769368018878,0.014990311294659183,0.007495155647329592,0.5,0.017712728436874686,-0.022724822637582465,0.01419443613158311,10,0.026009623549472338,-0.00522133694427176,-0.0023366723073045327
2021-12-03,-0.010115525027672805,0.011486062426589968,0.005743031213294984,0.5,0.015151267788116117,-0.01896131033450521,0.01419443613158311,10,-0.022642999861880675,-0.0023660851628147794,-0.0035200067018614223
2021-12-06,0.029127908297894946,0.011457957479777367,0.005728978739888683,0.5,0.01478366392492117,-0.01896131033450521,0.01419443613158311,10,0.020179436307748988,-0.0026599505547314937,-0.0022070528881859564
2021-12-07,0.039982315369263555,0.013628838894051087,0.006814419447025544,0.5,0.014489603476861311,-0.011815187417889228,0.020707080374404274,10,0.008976207796952851,0.005273727587050403,0.00018336880488666328
2021-12-08,0.05920539710695394,0.011841079421390788,0.005920539710695394,0.5,0.011271067847521748,-0.008448563730297565,0.020707080374404274,10,-0.01762179506208761,0.008253822133091582,0.00032618404482381846
2021-12-09,0.02768547586137704,0.010324481952205219,0.0051622409761026096,0.5,0.012446994182195796,-0.008448563730297565,0.020707080374404274,10,-0.010266365482211381,0.003978718872796017,-0.0006213090357378714
2021-12-10,0.009088797468172852,0.006605146273564381,0.0033025731367821907,0.5,0.010386519684798132,-0.007181080169894716,0.020707080374404274,10,0.016730153508376477,0.0075782462865518815,0.002606080561868551
2021-12-13,-0.01128029073830102,0.008622107039981378,0.004311053519990689,0.5,0.01231421757813454,-0.009136167611567658,0.020707080374404274,10,-0.01868524095004942,0.0034048382487480654,0.0003724438470082858
2021-12-14,-0.011762953084203203,0.008718639509161815,0.004359319754580908,0.5,0.008165045491587909,-0.009136167611567658,0.009549073338481762,10,0.0016654900341316337,-0.002230713341619994,0.0015215071227152044
2021-12-15,-0.0004306342637614794,0.01098510327325016,0.00549255163662508,0.5,0.011709136377552106,-0.009136167611567658,0.016348464630746795,10,0.02381914220818282,0.00042192252206603166,0.0043378723275788065
2021-12-16,0.00022395278888383735,0.010854185862721097,0.005427092931360548,0.5,0.011980453763270503,-0.009136167611567658,0.016348464630746795,10,-0.025091880010727263,0.00010945548004888117,0.0020440871764224487
2021-12-17,-0.0044710523105438256,0.011793186882606629,0.0058965934413033145,0.5,0.011340412051189764,-0.010287680637092622,0.016348464630746795,10,-0.001544265257112154,-0.0038578953150659955,0.0018601754857429432
2021-12-20,-0.05069858978080506,0.010139717956161013,0.005069858978080506,0.5,0.011643117810753717,-0.01138805785140995,0.016348464630746795,10,-0.0011003772143173274,-0.004308273363034454,-0.0004517175571431942
2021-12-21,-0.006496339894883444,0.013151224346691692,0.006575612173345846,0.5,0.014937788207798034,-0.01138805785140995,0.017777934551572505,10,0.029165992402982455,0.000741449062767252,-0.0007446321394263711
2021-12-22,0.027616789867902315,0.013115396541187097,0.006557698270593548,0.5,0.013513433995869515,-0.01138805785140995,0.017777934551572505,10,-0.00759773733099367,-0.00049220441926634,-3.5140948600154155e-05
2021-12-23,0.05696971948968861,0.011393943897937723,0.005696971948968861,0.5,0.012871184620603549,-0.01138805785140995,0.017777934551572505,10,-0.0039564972989170055,0.0025012186410621196,0.0013053370605555004
2021-12-27,0.050404720649526544,0.010080944129905308,0.005040472064952654,0.5,0.011305294428307664,-0.01138805785140995,0.017777934551572505,10,0.00761523532581343,0.007326541817975696,0.00173432325145485
2021-12-28,0.03175413386751832,0.007024263339254396,0.003512131669627198,0.5,0.007227773253593033,-0.0010101548486260992,0.017777934551572505,10,-0.014849090096101358,0.009402122418532466,0.002546924527749006
2021-12-29,0.023717792563793617,0.005416995078509457,0.0027084975392547284,0.5,0.006106907955036522,-0.0010101548486260992,0.01383893524747526,10,0.002412049988053111,0.006126914536103367,0.0034341817994353097
2021-12-30,-0.004330025506180668,0.0018006018608541414,0.0009003009304270707,0.5,0.0067300137705089596,-0.0029897555945093135,0.01383893524747526,10,-0.004391650733936325,0.0034929239730857376,0.0015003597769096988
2021-12-31,-0.007023400614566411,0.00233927688253129,0.001169638441265645,0.5,0.006990968493000052,-0.0029897555945093135,0.01383893524747526,10,0.0003635756808517687,0.0017229480060218627,0.0021120833235419912
2022-01-03,0.0012635283713395098,0.0039966626797124745,0.0019983313398562372,0.5,0.0038465989378014378,-0.0029897555945093135,0.006374052530970564,10,0.009000232444628109,0.00022997146272092374,0.0037782566403483098
2022-01-04,0.005197084433754181,0.00320995146722954,0.00160497573361477,0.5,0.003819598148892901,-0.0029897555945093135,0.006374052530970564,10,-0.007003674488031075,0.00030607804103404134,0.004854100229783253
2022-01-05,-0.02274721202796185,0.008798810759572747,0.004399405379786374,0.5,0.009469914466235909,-0.019392757790687165,0.006374052530970564,10,-0.018763135833626654,-0.003852852544988794,0.0011370309955572866
2022-01-06,-0.03497691460659221,0.006995382921318442,0.003497691460659221,0.5,0.00955900181711658,-0.019392757790687165,0.006374052530970564,10,0.018428988774479516,-0.003447655229328461,2.2634371878638147e-05
2022-01-07,-0.04067790591164429,0.008135581182328858,0.004067790591164429,0.5,0.009549617079521316,-0.019392757790687165,0.006374052530970564,10,-0.0030864477238841115,-0.0037324625946153047,-0.001004757294296721
2022-01-10,-0.010758361682923951,0.0021516723365847903,0.0010758361682923951,0.5,0.007994914761240094,-0.019392757790687165,-0.000629621957060511,10,0.0026091854866368003,-0.005295479351500409,-0.002532753944389743
2022-01-11,0.006114561125275161,0.004883744220752846,0.002441872110376423,0.5,0.010291957823889806,-0.019392757790687165,0.009159984668711818,10,0.010601015922166779,-0.0033375580263459437,-0.0015157399926559512
2022-01-12,0.017561179763810515,0.00447292345506541,0.002236461727532705,0.5,0.005127246941118511,-0.004050216740091761,0.009159984668711818,10,-0.006342230225682366,0.0011045444203973797,-0.001374154062295707
2022-01-13,-0.003776460291149049,0.008740451466057323,0.004370225733028661,0.5,0.008677151999690704,-0.0142436152864307,0.009159984668711818,10,-0.017061369729460152,-0.0015514248336472303,-0.002499540031487846
2022-01-14,-0.017676467622754027,0.005960449999736328,0.002980224999868164,0.5,0.008599530578652441,-0.0142436152864307,0.009159984668711818,10,0.015063595556179532,-0.0005773854316791116,-0.002154924013147208
2022-01-18,-0.05301930118448206,0.0111505137500623,0.00557525687503115,0.5,0.011777502872364209,-0.018387945694007368,0.009159984668711818,10,-0.0192079259637562,-0.003966768319789593,-0.004631123835645001
2022-01-19,-0.04542917882099558,0.009632489277365005,0.004816244638682503,0.5,0.009276527617686993,-0.018387945694007368,0.002817754443029452,10,0.008698403825668555,-0.00773667362719972,-0.005537115826772831
2022-01-20,-0.06519144342749084,0.013038288685498167,0.006519144342749084,0.5,0.007164524016892564,-0.018387945694007368,0.0008199802697488323,10,-0.0013478366258095065,-0.010507700214635273,-0.004701577897118947
2022-01-21,-0.0660695703839929,0.01321391407679858,0.00660695703839929,0.5,0.008026210445135707,-0.018914821867908604,0.0008199802697488323,10,-0.007877443373760284,-0.011441941530930855,-0.006496683182289043
2022-01-24,-0.04530076903112505,0.010907979768479606,0.005453989884239803,0.5,0.008783398124221022,-0.018914821867908604,0.002771738943381896,10,0.0216865608112905,-0.011051589796204242,-0.005814487613941677
2022-01-25,-0.04719164863028906,0.011286155688312408,0.005643077844156204,0.5,0.007878729153154069,-0.018914821867908604,0.002771738943381896,10,-0.014943645197028621,-0.009808381908132113,-0.006887575113960853
2022-01-26,-0.018161338596694443,0.005480093681593486,0.002740046840796743,0.5,0.008716991311223643,-0.018914821867908604,0.002771738943381896,10,0.010675270405894888,-0.008169800704014718,-0.007953237165607219
2022-01-27,-0.03175438476518189,0.006350876953036377,0.0031754384765181887,0.5,0.008618134974811625,-0.018914821867908604,0.002771738943381896,10,-0.003887452909958733,-0.007039142756727168,-0.008773421485681221
2022-01-28,0.029111537137689512,0.01040945716451284,0.00520472858225642,0.5,0.013846114717305654,-0.012171906253646725,0.024347646888076113,10,0.029731735645786683,0.0016133509944697756,-0.004914295268230539
2022-01-31,0.0630825164385751,0.0162058957928554,0.0081029478964277,0.5,0.015905399035544728,-0.012171906253646725,0.024347646888076113,10,-0.0054616951552965975,0.004836193552349299,-0.0031076981219274715
2022-02-01,0.08349433696442846,0.016698867392885692,0.008349433696442846,0.5,0.012789583802856075,-0.00538408875771057,0.024347646888076113,10,-0.012022948174978065,0.008643175514638935,-0.0005826031967465894
2022-02-02,0.05861911789652896,0.011723823579305792,0.005861911789652896,0.5,0.01149173440636721,-0.00538408875771057,0.024347646888076113,10,0.00255951188953496,0.010827005773656584,0.0013286025348209329
2022-02-03,-0.013509271787176907,0.013558867027527288,0.006779433513763644,0.5,0.01893080033726503,-0.024391082077444004,0.024347646888076113,10,-0.033813597524780414,0.007025607109709897,-6.767823508635473e-06
2022-02-04,-0.016352727942806993,0.012990175796401271,0.0064950878982006355,0.5,0.016304010045269095,-0.024391082077444004,0.018885951732779516,10,0.029548011941867403,0.003187463704979354,0.0024004073497245646
2022-02-07,-0.03822644141293926,0.011083241525536783,0.0055416207627683916,0.5,0.013804534419800063,-0.024391082077444004,0.00942251544733641,10,-0.008858642499166347,-0.0013300691685251386,0.0017530621919120803
2022-02-08,0.016427374035572855,0.005753283230276536,0.002876641615138268,0.5,0.014047764653187874,-0.024391082077444004,0.00942251544733641,10,0.012102919826406211,-0.0010224284417527762,0.003810373536443079
2022-02-09,0.032027837407376435,0.008873375904637252,0.004436687952318626,0.5,0.015137296928388657,-0.024391082077444004,0.014517207887505545,10,0.006116000695842283,-3.4899537189492237e-06,0.005411757909968817
2022-02-10,0.008004482351181749,0.013678046915876188,0.006839023457938094,0.5,0.012668597461578165,-0.01811572566845976,0.014517207887505545,10,-0.032632933555965304,0.0012515813280778998,0.0041385942188938984
2022-02-11,-0.03761328687586274,0.017200795966842913,0.008600397983421456,0.5,0.015159118543454192,-0.01896945434456343,0.014517207887505545,10,-0.0008537286761036711,-0.003573695513719466,-0.0001931159043700559
2022-02-14,-0.06820962789886069,0.013641925579772137,0.006820962789886069,0.5,0.015159538995083327,-0.01896945434456343,0.014517207887505545,10,0.015128857618270208,-0.0036014723320295207,-0.00246577075027733
2022-02-15,-0.011738883166893716,0.012858924080525691,0.0064294620402628455,0.5,0.016877936298242757,-0.01896945434456343,0.01576672117072042,10,0.019607317897013643,-0.0021283695362180888,-0.0015753989889854326
2022-02-16,0.021345553667203775,0.006829508550969569,0.0034147542754847846,0.5,0.014441720314252133,-0.01896945434456343,0.01576672117072042,10,-0.014885513414825358,-0.004855569562540185,-0.002429529758129567
2022-02-17,-0.0075420153759658826,0.0126070223596035,0.00630351117980175,0.5,0.01518893423718337,-0.021173138152195015,0.01576672117072042,10,-0.02205434590809008,-0.005467052059287237,-0.0021077353656046684
2022-02-18,-0.04576348632073808,0.009740169101410992,0.004870084550705496,0.5,0.01337463507189856,-0.021173138152195015,0.01576672117072042,10,0.014006976756052114,-0.0031063934696031305,-0.003340044491661298
2022-02-22,-0.06413707468861791,0.012827414937723583,0.006413707468861792,0.5,0.013752759182709533,-0.021173138152195015,0.01576672117072042,10,-0.002976783868689936,-0.004366863177311053,-0.003984167754670287
2022-02-23,-0.059535382510772325,0.011907076502154465,0.005953538251077232,0.5,0.008871625630919628,-0.021173138152195015,0.0008812077558950637,10,-0.008269177580654818,-0.011202631980552668,-0.006665500758385378
2022-02-24,-0.02266368673831879,0.014503974725883237,0.007251987362941618,0.5,0.014260941609992361,-0.021173138152195015,0.014956856067329216,10,0.03336897891281687,-0.008387502318265839,-0.006621535940403012
2022-02-25,0.03152901812907505,0.018580552189473448,0.009290276094736724,0.5,0.01744252272384989,-0.018412122845487655,0.022372677655603468,10,0.007415821588274252,0.00032166084329385833,-0.002572695607996689
2022-02-28,0.058144883803808445,0.013257379054526766,0.006628689527263383,0.5,0.01705929124464411,-0.018412122845487655,0.022372677655603468,10,-0.024815281096251085,0.001266372434392915,-0.0009200105176051076
2022-03-01,0.007427617557573263,0.013429594925554325,0.006714797462777163,0.5,0.01808622142993895,-0.018412122845487655,0.022372677655603468,10,-0.013030900239764276,0.00020026075127710374,-0.002083301213016975
2022-03-02,0.0012109743937691968,0.012186266292793513,0.006093133146396756,0.5,0.01602760278130356,-0.015473503680411893,0.022372677655603468,10,0.03411619543773292,0.00761122367183884,-0.0017957041543569141
2022-03-03,-0.0034757972552986365,0.01312362062260708,0.00656181031130354,0.5,0.016258904392312735,-0.015473503680411893,0.022372677655603468,10,-0.023897358187409345,0.003568919172355334,-0.0024092915729552523
2022-03-04,0.009089971294830393,0.010610466912581273,0.005305233456290637,0.5,0.012771503685183332,-0.015473503680411893,0.018642691757321028,10,-0.0026793761202461575,-0.002492424868832255,-0.0010853820127691982
2022-03-07,-0.07117811215645327,0.014235622431290654,0.007117811215645327,0.5,0.017579930867564354,-0.029518158313449172,0.018642691757321028,10,-0.021584115763114697,-0.007907535843392566,-0.003320581704499825
2022-03-08,-0.07447659063663903,0.014895318127327806,0.007447659063663903,0.5,0.01707225302938341,-0.029518158313449172,0.018642691757321028,10,0.022284404795249402,-0.006259585810950141,-0.0030296625298365186
2022-03-09,-0.018422773233688534,0.02081671990769492,0.01040835995384746,0.5,0.019729868387719732,-0.029518158313449172,0.02569824789143582,10,0.03293200140963559,-0.004848474584127183,0.001381374543855829
2022-03-10,0.023621134535946976,0.01240793835376782,0.00620396917688391,0.5,0.019729611557696647,-0.029518158313449172,0.02569824789143582,10,-0.029990061543103685,-0.004655904028443092,-0.0005434924280438791
2022-03-11,0.014074815193821366,0.01431720222219294,0.00715860111109647,0.5,0.02006372730997769,-0.029518158313449172,0.02569824789143582,10,-0.008669731471807274,-0.005661404543071224,-0.00407691470595174
2022-03-14,-0.04112393540184445,0.00822478708036889,0.004112393540184445,0.5,0.015382678890206105,-0.012961545123475138,0.02569824789143582,10,0.005540542657511471,-0.0012419733735741234,-0.004574754608483345
2022-03-15,0.0017100443023868963,0.013930373920103248,0.006965186960051624,0.5,0.01774525659879834,-0.012961545123475138,0.02569824789143582,10,0.02882957663683461,0.004486492164240019,-0.0008865468233550611
2022-03-16,0.06061888843681584,0.01707111266467228,0.00853555633233614,0.5,0.016791017139873105,-0.012961545123475138,0.02238376135718223,10,0.0009751871863112882,0.0038235948573893007,-0.0005124398633689409
2022-03-17,0.09356692183250859,0.018713384366501717,0.009356692183250859,0.5,0.01642543818690866,-0.012961545123475138,0.02238376135718223,10,-0.01003594378573025,0.0071515211020132695,0.0012478085367850888
2022-03-18,0.07732312292763832,0.015464624585527664,0.007732312292763832,0.5,0.011976278912425883,-0.007421002465963666,0.02238376135718223,10,-0.0006855227435031974,0.012076289092298053,0.0032074422746134145
2022-03-21,0.03929242006216138,0.008148257587168231,0.004074128793584116,0.5,0.009224189792295749,-0.00043466036210393355,0.02238376135718223,10,-0.012096955190052716,0.01347355751307,0.006115792069747938
2022-03-22,0.03755291344415842,0.007800356263567639,0.0039001781317838193,0.5,0.008088026368399469,-0.00043466036210393355,0.02238376135718223,10,0.011738773962754134,0.011452665399025851,0.007969578781632935
2022-03-23,-0.002338742584354625,0.008003824250637726,0.004001912125318863,0.5,0.010780244468288933,-0.012272698789159042,0.01234781757145198,10,-0.023576812389809243,0.004521373369757597,0.004172484113573449
2022-03-24,0.022292212886762718,0.012640241770125238,0.006320120885062619,0.5,0.01117236387521363,-0.012272698789159042,0.01434391292056647,10,0.026616611709725513,0.004920592439580496,0.006036056770796883
2022-03-25,0.011895641164760828,0.010560927425724861,0.0052804637128624305,0.5,0.010549356960103146,-0.012272698789159042,0.01434391292056647,10,-0.009277742353117402,0.0036013675874805528,0.007838828339889303
2022-03-28,0.044258397941003835,0.008851679588200767,0.0044258397941003835,0.5,0.010367414173037647,-0.012272698789159042,0.01434391292056647,10,0.002078784709137693,0.005117290715218692,0.009295424114144347
2022-03-29,0.04077945545261048,0.008155891090522097,0.0040779455452610485,0.5,0.010517175113723265,-0.012272698789159042,0.01434391292056647,10,0.0051115921509437,0.005307777480594744,0.008380221439810298
2022-03-30,0.021846337549032237,0.008565067626271702,0.004282533813135851,0.5,0.008074889202326744,-0.0062937001746978805,0.01434391292056647,10,-0.018550247602228342,0.006503577203486976,0.005512475286622287
2022-03-31,-0.016149489100574604,0.011400929438468562,0.005700464719234281,0.5,0.01129469558442995,-0.015652540713177343,0.012256547427530462,10,-0.009358840538479463,0.0005042864767382139,0.0027124394581593547
2022-04-01,-0.030893363839194686,0.008452154490744546,0.004226077245372273,0.5,0.011150850178794835,-0.015652540713177343,0.012256547427530462,10,0.019062763297535756,0.00017309688012008274,0.0018872322338003178
2022-04-04,-0.006918965734899288,0.009051233995138372,0.004525616997569186,0.5,0.011305665297862227,-0.015652540713177343,0.012256547427530462,10,0.004680716103520943,0.00036229356237860166,0.0027397921387986466
2022-04-05,-0.0017509325492826022,0.008017627358015034,0.004008813679007517,0.5,0.010167112775895524,-0.015652540713177343,0.008090938687879357,10,-0.020642659489686688,-0.004599360083488957,0.0003542086985528936
2022-04-06,-0.02362949787866645,0.010119858700986195,0.0050599293504930976,0.5,0.010421799786084138,-0.015652540713177343,0.008090938687879357,10,0.0028348041885354336,-0.00528400337120376,0.0006097869161416081
2022-04-07,-0.030025419644311158,0.008840674347857255,0.0044203371739286275,0.5,0.009201381482425925,-0.012551720801807331,0.008090938687879357,10,0.013970302241764432,-0.001302818102869785,-0.0003992658130657856
2022-04-08,-0.01352426244472275,0.005540442907939573,0.0027702214539697865,0.5,0.008816445570718114,-0.012551720801807331,0.008090938687879357,10,-0.00690441211054682,-0.0025150679161523247,-0.0011709855180161211
2022-04-11,-0.025458218261859934,0.00792723407136701,0.003963617035683505,0.5,0.008366935076313814,-0.01687729010355421,0.004253385628492534,10,-0.014226263621499924,-0.007508713674439038,-0.003573210056030218
2022-04-12,-0.03824294050558378,0.007648588101116756,0.003824294050558378,0.5,0.007978752370701312,-0.01687729010355421,0.004253385628492534,10,0.013459842385812437,-0.005681859057625927,-0.0051406095705574415
2022-04-13,-0.015200267040099875,0.010489771806177347,0.005244885903088674,0.5,0.010430829529864202,-0.01687729010355421,0.011174577597236057,10,0.01459202531497783,-0.0015035602155243355,-0.003393781793364048
2022-04-14,-0.007311679941506092,0.00891205438645859,0.004456027193229295,0.5,0.010741421348460968,-0.01687729010355421,0.011174577597236057,10,-0.023318715441633997,-0.00478306491010243,-0.003042941506486108
2022-04-18,-0.001957380885324785,0.007841194575222329,0.0039205972876111645,0.5,0.010917074801005788,-0.01687729010355421,0.011174577597236057,10,0.011939269560364951,-0.004293833270498171,-0.0034044505933252477
2022-04-19,0.006180997045160397,0.009468870161319365,0.0047344350806596824,0.5,0.011353702719966191,-0.01214413784439794,0.016057604355527166,10,0.016262472639560155,0.0022931456213181045,-0.0026077840265604666
2022-04-20,0.025390434999855348,0.005626982570380375,0.0028134912851901874,0.5,0.011067136836303716,-0.01214413784439794,0.016057604355527166,10,-0.016676079427108137,0.002852940150550265,-0.0014144594535378308
2022-04-21,0.001143634642623755,0.010476342641826694,0.005238171320913347,0.5,0.01220856681238999,-0.014752948498371943,0.016057604355527166,10,-0.014134473426790972,-0.0023325650685713352,-0.0019180626420478354
2022-04-22,-0.07185246303451094,0.014370492606902189,0.007185246303451094,0.5,0.01655916241048233,-0.027740054250753654,0.016057604355527166,10,-0.012987105752381711,-0.005451748349842478,-0.005117406629972454
2022-04-25,-0.06132510960623894,0.016063646578169277,0.008031823289084639,0.5,0.017223824702913205,-0.027740054250753654,0.016057604355527166,10,0.03343799123613589,-0.004271187295959433,-0.004282510283228802
2022-04-26,-0.08364737616062545,0.02052809988904658,0.01026404994452329,0.5,0.015432149944696456,-0.028146308431003852,0.005697936985382235,10,-0.03384424541638609,-0.013111969853265636,-0.005409412115973766
2022-04-27,-0.033917207656533055,0.011980764089362625,0.005990382044681312,0.5,0.016018632164575178,-0.028146308431003852,0.005697936985382235,10,0.030244355282705637,-0.012568665468609085,-0.00485786265902941
2022-04-28,-0.002168935843937699,0.018330418451881696,0.009165209225940848,0.5,0.022923890581640138,-0.028146308431003852,0.02474690007293945,10,0.022648853221237664,-0.004668695754346808,-0.0035006304114590715
2022-04-29,-0.015732600302954536,0.021043151343685063,0.010521575671842531,0.5,0.025271967905444614,-0.036284507106413955,0.02474690007293945,10,-0.0610314071793534,-0.006377586325478868,-0.005914667337660673
2022-05-02,-0.009770607035201422,0.022235549997235687,0.011117774998617843,0.5,0.025269258849661715,-0.036284507106413955,0.02474690007293945,10,0.04195974991876761,-0.006382125160084584,-0.005326656228022008
2022-05-03,-0.04295356318762322,0.015598958766751325,0.007799479383375663,0.5,0.02229771461687132,-0.036284507106413955,0.02474690007293945,10,-0.0008381164308672862,0.0002145618024134599,-0.006448704025426089
2022-05-04,0.06729131713040386,0.013458263426080771,0.006729131713040386,0.5,0.026028965871259545,-0.036284507106413955,0.02986242108440229,10,0.025025294702915923,0.005767436648953561,-0.0034006144098277626
2022-05-05,-0.0015836019065305442,0.02344975202523188,0.01172487601261594,0.5,0.028877491575430642,-0.036284507106413955,0.02986242108440229,10,-0.06551212969420928,-0.0063118850875957255,-0.005490290420971267
2022-05-06,-0.019102520613147878,0.023728784845564437,0.011864392422782219,0.5,0.023718604209596875,-0.035649708609806985,0.02986242108440229,10,0.029975483767322952,-0.0001898286348097411,-0.0032837074801443044
2022-05-09,-0.12226839014107962,0.024453678028215926,0.012226839014107963,0.5,0.027137125140631053,-0.035649708609806985,0.02986242108440229,10,-0.02636287578987273,-0.007732297323751825,-0.007057211241918204
2022-05-10,-0.05875571337497887,0.01338974097489809,0.006694870487449045,0.5,0.02688127487105785,-0.035649708609806985,0.02986242108440229,10,0.03449499808221024,-0.008208143110078402,-0.003996790653832472
2022-05-11,-0.07673735114406943,0.016986068528716203,0.008493034264358101,0.5,0.01643150337015141,-0.035649708609806985,0.0024578974498534745,10,-0.018921104953791845,-0.017473268827746535,-0.005852916089396487
2022-05-12,-0.02550212426659445,0.006739023153221206,0.003369511576610603,0.5,0.013921776801051052,-0.03203710063235676,0.0024578974498534745,10,0.015167242998066599,-0.010602520006959493,-0.008457202547277609
2022-05-13,0.010184205688768915,0.013876289144293877,0.006938144572146939,0.5,0.02100440653581949,-0.03203710063235676,0.02386969542307149,10,0.025165659928943263,-0.004693735953848388,-0.0024417822943290646
2022-05-16,0.03104554997940675,0.009704020286166312,0.004852010143083156,0.5,0.014661359174936257,-0.01646320750393837,0.02386969542307149,10,-0.027816096352627162,0.0009244039867118304,-0.003403946668519997
2022-05-17,0.06682154454729916,0.015995242862496945,0.007997621431248473,0.5,0.017066838530678474,-0.01646320750393837,0.02386969542307149,10,0.024116033164419348,0.004466750943713871,-0.001870696083182266
2022-05-18,-0.040286715803574305,0.02150376465062398,0.01075188232531199,0.5,0.025617846371245187,-0.04039526078745259,0.02386969542307149,10,-0.06056489302231627,-0.00031965971298897333,-0.008896464270367754
2022-05-19,-0.043432350589302504,0.022132891607769618,0.011066445803884809,0.5,0.025741164624949006,-0.04039526078745259,0.02386969542307149,10,0.034561478986460004,-0.0012272231720131365,-0.005914871589486314
2022-05-20,-0.0768048346979779,0.015458394786034538,0.007729197393017269,0.5,0.02185119924455143,-0.04039526078745259,0.020169632234863677,10,0.0059799235706510245,-0.005971933902695748,-0.0053328349282720676
2022-05-23,0.021445666499315674,0.008178321167191527,0.004089160583595763,0.5,0.024526038852363517,-0.04039526078745259,0.020169632234863677,10,0.01840889816126512,-0.001471645730599902,-0.0002736208719440358
2022-05-24,0.017633973472344633,0.008940659772585735,0.0044703298862928675,0.5,0.021341877563491464,-0.04039526078745259,0.018555039930923556,10,-0.02667583754809877,-0.00712973170100768,-0.0013314903786469045
2022-05-25,0.033141678413260066,0.01204220076076882,0.00602110038038441,0.5,0.01110512422618626,-0.008120797617175213,0.018555039930923556,10,0.017571562351382908,0.0028394734033243773,0.001259906845167702
2022-05-26,0.0353553721404278,0.012484939506202367,0.0062424697531011835,0.5,0.01200299028376025,-0.008120797617175213,0.019883256167224195,10,0.0104324914330165,0.007982880996967734,0.003377828912477299
2022-05-27,0.0901271397609027,0.01802542795218054,0.00901271397609027,0.5,0.012988029772027945,-0.008120797617175213,0.02474226295510973,10,0.004859006787885534,0.012902105234057992,0.0034650856656811223
2022-05-31,0.0639185841744581,0.01696662924666433,0.008483314623332164,0.5,0.014893263933406384,-0.008120797617175213,0.02474226295510973,10,-0.031016631572768794,0.007936223524341469,0.003232288896870783
2022-06-01,0.01830854276053136,0.01283313341796688,0.00641656670898344,0.5,0.014723053512002027,-0.007482768681131846,0.02474226295510973,10,-0.001208400063472781,0.008063829311550141,0.00046704880527123074
2022-06-02,0.007789801232825355,0.01072938511242568,0.00536469255621284,0.5,0.015463660960624641,-0.007482768681131846,0.02474226295510973,10,0.02591378671961797,0.009859879972405828,0.006349676687865102
2022-06-03,-0.008998441058435577,0.014087033570677865,0.0070435167853389324,0.5,0.0178907611881733,-0.016347313992415624,0.02474226295510973,10,-0.03477833203090175,0.0026137659404778637,0.005298323468722799
2022-06-06,0.008701841374972688,0.01263857760327162,0.00631928880163581,0.5,0.01320574820822314,-0.016347313992415624,0.018431018038486124,10,0.019484714771328737,-0.0017072064947614596,0.005597449369648266
2022-06-07,-0.006144200067112471,0.00966936931485459,0.004834684657427295,0.5,0.01371970012866134,-0.016347313992415624,0.018431018038486124,10,0.0063859923943219155,0.0014523458634173592,0.004694284693879414
2022-06-08,0.0031114136103542007,0.007818246579361254,0.003909123289680627,0.5,0.014325355972492293,-0.016347313992415624,0.018431018038486124,10,-0.02031733895917065,0.0007901104424566041,0.004426969877003373
2022-06-09,-0.041782077648423635,0.014705344311841414,0.007352672155920707,0.5,0.01376227871318983,-0.02379869397635359,0.009523393173235029,10,-0.01300474819041797,-0.007655831960511339,0.001102024005947244
2022-06-10,-0.10617157182968981,0.02123431436593796,0.01061715718296898,0.5,0.016656642550300766,-0.029110303335524668,0.009523393173235029,10,-0.005311609359171077,-0.010208429829133147,-0.0037973319443276423
2022-06-13,-0.15279571329519256,0.030559142659038512,0.015279571329519256,0.5,0.01868232905400486,-0.038768430665237275,0.009523393173235029,10,-0.009658127329712607,-0.018589596117963226,-0.010148401306362343
2022-06-14,-0.11942068957792948,0.023884137915585895,0.011942068957792948,0.5,0.014052815171156054,-0.038768430665237275,-0.0037736797459957394,10,0.034994750919241535,-0.02124901070180938,-0.00989833241919601
2022-06-15,-0.04658267592041632,0.019044871756738746,0.009522435878369373,0.5,0.02142625688827098,-0.038768430665237275,0.014592504858983224,10,0.018366184604978963,-0.01617172057282561,-0.007690805065184503
2022-06-16,-0.036155210625293255,0.016959378697714134,0.008479689348857067,0.5,0.02252768401735815,-0.038768430665237275,0.014592504858983224,10,-0.04710445634714666,-0.01791437207518758,-0.01278510201784946
2022-06-17,-0.026197634884875996,0.016435107348467093,0.008217553674233546,0.5,0.02298468099293134,-0.038768430665237275,0.014592504858983224,10,0.034712817186418055,-0.011652138268431722,-0.010930284048782435
2022-06-21,-0.00972307251636976,0.01973001982216834,0.00986500991108417,0.5,0.02169803008107256,-0.03251195148816344,0.024477242280086964,10,0.022276376581832347,0.0009969963206331255,-0.008796299898665049
2022-06-22,0.04229422610656823,0.009326560097580741,0.004663280048790371,0.5,0.02159004308821027,-0.03251195148816344,0.024477242280086964,10,-0.02577881459448761,0.0014914178069521445,-0.009878796447428617
2022-06-23,0.05451314562477365,0.011770344001221825,0.0058851720006109125,0.5,0.020930925186708957,-0.03251195148816344,0.024477242280086964,10,0.010833789723578513,0.00047936031699107317,-0.007846180127917268
2022-06-24,0.0646565644676883,0.013799027769804758,0.006899513884902379,0.5,0.013904438093256314,-0.0013015723144006452,0.03056329358583576,10,0.021031076176657892,0.013094409331790912,-0.002409981371698333
2022-06-27,0.06187073243539565,0.01435619417626329,0.007178097088131645,0.5,0.015062157198839394,-0.0029730715337762392,0.03056329358583576,10,-0.033536365119612,0.01205962188538474,0.00020374180847650968
2022-06-28,0.012411976626945747,0.017893133731834692,0.008946566865917346,0.5,0.01865539032907948,-0.020143036075892073,0.03056329358583576,10,-0.017169964542115834,0.003135566214188934,0.0020662812674110296
2022-06-29,-0.03971308836471232,0.007942617672942465,0.003971308836471232,0.5,0.018622153356760825,-0.020143036075892073,0.03056329358583576,10,0.019431290666732992,0.0032535315952372467,0.0023724747010946956
2022-06-30,-0.04935676625508312,0.009871353251016624,0.004935676625508312,0.5,0.018875303474443265,-0.020143036075892073,0.03056329358583576,10,-0.008047532858839634,-0.0004047675401980699,3.729638839650162e-05
2022-07-01,0.0018046505864825293,0.00667494590206837,0.003337472951034185,0.5,0.011248357332146889,-0.020143036075892073,0.010553814029047315,10,0.01931309229704603,-0.004406663451555759,0.004343872940117577
2022-07-05,0.005631107125475357,0.006965740270427549,0.0034828701352137745,0.5,0.011573492977725098,-0.020143036075892073,0.010553814029047315,10,-0.008969685514810699,-0.003495223441953188,0.004282199221715776
2022-07-06,0.026185178056190216,0.005237035611238043,0.0026185178056190215,0.5,0.007001852728015494,-0.008759278267998716,0.010553814029047315,10,0.0019890357761935817,0.001248016631311266,0.0021917914227501
2022-07-07,0.033536467949847694,0.006707293589969539,0.0033536467949847695,0.5,0.009100246463554397,-0.008759278267998716,0.014964587965241805,10,0.011391423674811607,0.004383283306191444,0.003818407450714345
2022-07-08,0.029512467876421554,0.006456007928497025,0.0032280039642485123,0.5,0.0065791021901857255,-0.000830271529819071,0.014964587965241805,10,-0.015794859495060876,0.005969084653827372,0.002782158556814651
2022-07-11,0.004344758354409099,0.00910744030594605,0.004553720152973025,0.5,0.009496462217143042,-0.011527461422777274,0.014964587965241805,10,-0.010697189892958203,0.0015528295634624546,-0.0014269169440466523
2022-07-12,-0.03600268611652987,0.0072005372233059734,0.0036002686116529867,0.5,0.010651877305447113,-0.011527461422777274,0.014964587965241805,10,0.0022835827054557,-0.0006127718828491835,-0.0020539976624011857
2022-07-13,-0.04204707108718157,0.008409414217436314,0.004204707108718157,0.5,0.010466719216151806,-0.011527461422777274,0.014964587965241805,10,0.004786976205111482,-0.0022187852433772416,-0.00048538430603298763
2022-07-14,-0.02783235855280656,0.005566471710561312,0.002783235855280656,0.5,0.004444469195851952,-0.011527461422777274,-0.000830271529819071,10,0.0014582686100578224,-0.005811429616856057,-0.0007140731553323066
2022-07-15,0.019576188241790526,0.008885595257933013,0.0044427976289665065,0.5,0.012243192328669758,-0.011527461422777274,0.01920124935943668,10,0.02219988326158895,-0.0018051254390049065,0.0020819796074112327
2022-07-18,0.013065073127421778,0.010187818280806763,0.005093909140403381,0.5,0.011684074552726473,-0.009243878717321574,0.01920124935943668,10,-0.02756482094026802,-0.00117234747061572,0.00019024104642336725
2022-07-19,0.06410994904094154,0.018397704195409204,0.009198852097704602,0.5,0.016112775986865002,-0.008363571580831342,0.02762829164595959,10,0.03599186322679093,0.006202086602040513,0.0027946573595956647
2022-07-20,0.041934210430652485,0.013962556473351392,0.006981278236675696,0.5,0.015029389901577716,-0.008363571580831342,0.02762829164595959,10,-0.02173248545269635,0.00827262834313518,0.0030269215498789693
2022-07-21,0.07230911758070002,0.014461823516140004,0.007230911758070002,0.5,0.013655924037798082,-0.008363571580831342,0.02762829164595959,10,0.003965566515933938,0.01084462966540507,0.002516600024274507
2022-07-22,0.010707853210189522,0.00836321529293571,0.004181607646467855,0.5,0.015168920428776152,-0.00933246697634671,0.02762829164595959,10,-0.01919383968554389,0.005137886398248392,0.001666380479621743
2022-07-25,0.003073454634699435,0.006836335577837693,0.0034181677889188467,0.5,0.013545966256411777,-0.00933246697634671,0.02762829164595959,10,0.0106476340243159,0.007073634124008498,0.0029506433266963893
2022-07-26,-0.032600837650726966,0.007396945562124853,0.0036984727810624265,0.5,0.009369955710796187,-0.01154320266205866,0.00986137270919718,10,-0.01285836971002785,-0.0007606647375951514,0.002720710932222681
2022-07-27,0.02654706361474709,0.013004881164321858,0.006502440582160929,0.5,0.015405355763203437,-0.01154320266205866,0.026156273782937722,10,0.03769947644499638,0.0032914287803397445,0.005782028561737462
2022-07-28,0.04457734969676663,0.016610938380725766,0.008305469190362883,0.5,0.015678670117571788,-0.01154320266205866,0.026156273782937722,10,-0.014022935085756805,0.003745821977936492,0.007295225821670781
2022-07-29,0.08749562093783414,0.017499124187566828,0.008749562093783414,0.5,0.014237844250088175,-0.01154320266205866,0.026156273782937722,10,0.0020744213854009264,0.008453867389722203,0.006795876893985297
2022-08-01,0.03919669108760848,0.009721394302320144,0.004860697151160072,0.5,0.014863112089556972,-0.01154320266205866,0.026156273782937722,10,-0.017030844209779517,0.0076262171546888306,0.0073499256393486645
2022-08-02,0.007870467341132281,0.007897746586828106,0.003948873293414053,0.5,0.013375179861120702,-0.006662395550704803,0.026156273782937722,10,-0.00383931142350713,0.008602378576959602,0.003920856919682225
2022-08-03,0.010254995808729461,0.008374652280347542,0.004187326140173771,0.5,0.010426221541553541,-0.006662395550704803,0.015638477163140152,10,0.022300872713844955,0.006498819253000087,0.004895124016669916
2022-08-04,0.013664569080632516,0.007692737625966932,0.003846368812983466,0.5,0.010279615062080185,-0.006662395550704803,0.015638477163140152,10,-0.016415817327195992,0.003916683480752736,0.003831252729344614
2022-08-05,0.022058984898914634,0.006013854462310508,0.003006927231155254,0.5,0.008621981030090846,-0.006662395550704803,0.015638477163140152,10,-0.0008484058956796936,0.0007499822522892607,0.004601924821005732
2022-08-08,-0.006067728246075821,0.0012135456492151642,0.0006067728246075821,0.5,0.008485795900759685,-0.006662395550704803,0.015638477163140152,10,0.00038819533588141386,0.0010670889329579714,0.0043466530438234004
2022-08-09,-0.011853316128639563,0.0023706632257279128,0.0011853316128639564,0.5,0.007990343268882889,-0.004248692893594086,0.015638477163140152,10,-0.0030111421697399665,0.0015498294643801146,0.005076104020669858
2022-08-10,0.026340656706403398,0.00892562708624615,0.004462813543123075,0.5,0.010490501323840072,-0.004248692893594086,0.021290637641290244,10,0.02553933053488433,0.002680261560010133,0.00458954040650511
2022-08-11,0.027227451315576433,0.008748268164411543,0.004374134082205772,0.5,0.010484627252192612,-0.004248692893594086,0.021290637641290244,10,-0.021996111599640544,0.0026946348011512413,0.0033056591409519887
2022-08-12,0.06317922076251148,0.01310616012473583,0.006553080062367915,0.5,0.011866005369634723,-0.004248692893594086,0.021290637641290244,10,0.018027842732917243,0.006484257768011736,0.0036171200101504986
2022-08-15,0.03431072786011402,0.007332461544256337,0.0036662307721281686,0.5,0.011230349955844581,-0.004248692893594086,0.021290637641290244,10,-0.013352826874715173,0.007525676292752914,0.004296382612855443
2022-08-16,0.03861265065166634,0.007722530130333268,0.003861265065166634,0.5,0.009877602747170696,-0.0007054739583503,0.021290637641290244,10,-0.0020938621832706783,0.00875055081478795,0.0051501901395840325
2022-08-17,-0.0023209555627695666,0.004361005523509154,0.002180502761754577,0.5,0.009025897097559079,-0.007237794954094601,0.017322368774566943,10,-0.009113474670675692,0.0030448642957109804,0.002862562927860557
2022-08-18,-0.005154256778870011,0.003794345280289065,0.0018971726401445326,0.5,0.00881239418058814,-0.007237794954094601,0.017322368774566943,10,0.009507356124286104,0.003639871321419341,0.003167253061285291
2022-08-19,-0.029780391539585005,0.007469119088044669,0.0037345595440223347,0.5,0.007319690577597965,-0.012900001139847905,0.0039695418998517695,10,-0.015169562310039408,-0.0024046026614636283,0.002039827553274054
2022-08-22,-0.05338417481562034,0.012189875743251736,0.006094937871625868,0.5,0.010072064809255253,-0.0214000649197158,0.002269561170191503,10,-0.008500063779867895,-0.0074785240253771425,2.3576133687885915e-05
2022-08-23,-0.060896547895461686,0.012179309579092338,0.006089654789546169,0.5,0.00925155548537992,-0.0214000649197158,0.002269561170191503,10,0.01916220224200249,-0.008301232504236023,0.00022465915527596357
2022-08-24,-0.03453627858521343,0.008851362681243388,0.004425681340621694,0.5,0.010564605514704705,-0.0214000649197158,0.0029161604463010526,10,0.005154023124014362,-0.006270441424156892,-0.0016127885642229557
2022-08-25,0.024616505477748817,0.006415209547358636,0.003207604773679318,0.5,0.01378561499877993,-0.0214000649197158,0.014091605518061545,10,0.011175445071760493,-0.0039060325545828833,-0.00013308061658177107
2022-08-26,-0.027800487925260242,0.016898608227960448,0.008449304113980224,0.5,0.019234225144045918,-0.03368805871951874,0.014091605518061545,10,-0.04777966423758029,-0.00806364407051705,-0.00523412336599034
2022-08-29,-0.043771348334933166,0.018148673345694328,0.009074336672847164,0.5,0.017751743042057545,-0.03368805871951874,0.014091605518061545,10,0.027021702920016044,-0.005116902246474431,-0.006297713135925786
2022-08-30,-0.08563761681744941,0.017127523363489883,0.008563761681744941,0.5,0.01783043550594703,-0.03368805871951874,0.014091605518061545,10,-0.004361799771945507,-0.00687496082522141,-0.007588096664728716
2022-08-31,-0.042519227461536954,0.00850384549230739,0.004251922746153695,0.5,0.016982924485070657,-0.03368805871951874,0.014091605518061545,10,0.0032111304654769413,-0.009021597935675873,-0.007646019679916382
2022-09-01,-0.02641491442180547,0.007280470900585219,0.0036402354502926095,0.5,0.013594718613521404,-0.03368805871951874,0.0029962320243361873,10,0.010813257130307452,-0.011240672634420945,-0.007573352594501914
2022-09-02,-0.025928822566193555,0.007183252529462836,0.003591626264731418,0.5,0.005707007511113428,-0.011028155571448206,0.0029962320243361873,10,-0.013732732482417243,-0.006650360982133408,-0.0073570025263252296
2022-09-06,-0.01972554236263302,0.005942596488750729,0.0029712982443753644,0.5,0.005819938704515427,-0.011028155571448206,0.0029962320243361873,10,0.0066414434742461115,-0.006136101218999856,-0.005626501732737143
2022-09-07,0.005849098251363335,0.011057524611549999,0.0055287623057749995,0.5,0.011599290759743329,-0.010736500458081055,0.018341016392734,10,0.022436073376568944,-0.00026226682616341533,-0.003568613825692413
2022-09-08,0.03476113547725849,0.009682265084674993,0.004841132542337497,0.5,0.01103070497482441,-0.010736500458081055,0.018341016392734,10,-0.011730294515277961,0.002623282570522045,-0.003199157682576914
2022-09-09,0.06703864681087153,0.013407729362174306,0.006703864681087153,0.5,0.012413769149428136,-0.010736500458081055,0.018341016392734,10,0.008660727938876844,0.005078326128921384,-0.0030811732527497803
2022-09-12,0.0541107407718977,0.01082214815437954,0.00541107407718977,0.5,0.008742114907280068,-0.004095056983834944,0.018341016392734,10,-0.004687177046983182,0.009342480774407535,0.001346059896137064
2022-09-13,-0.02896815135822369,0.023030778662099793,0.011515389331049897,0.5,0.025412987465686796,-0.0432366134006168,0.018341016392734,10,-0.0538208861699665,0.001514169491051165,-0.002310965863974346
2022-09-14,-0.04877554757657203,0.019069299418430125,0.009534649709215063,0.5,0.02376404869487551,-0.0432366134006168,0.015271449816332883,10,0.04662362548594068,-0.0014766313704308587,-0.000869449098297137
2022-09-15,-0.08527890083274389,0.019313788223431366,0.009656894111715683,0.5,0.023590656088427444,-0.0432366134006168,0.015271449816332883,10,-0.014704751269677296,-0.0050623235827927495,-0.001219520506135352
2022-09-16,-0.02518810198079665,0.0072956284530419175,0.0036478142265209588,0.5,0.02071397347579758,-0.0432366134006168,0.0105842727693497,10,0.004135605094904959,-0.009553040363949017,-0.002237357117513816
2022-09-19,-0.019404620929192224,0.008452324663362801,0.0042261623316814005,0.5,0.019857478291353266,-0.0432366134006168,0.006857100716286535,10,0.01403923480573499,-0.01029847477456165,-0.00047799700007705725
2022-09-20,-0.019328560784206233,0.008437112634365604,0.004218556317182802,0.5,0.00849939363341024,-0.011317739184353415,0.006857100716286535,10,-0.018129203813648354,-0.0039055727139106545,-0.0011957016114297447
2022-09-21,-0.03588582663643295,0.011748565804810948,0.005874282902405474,0.5,0.009030872841035018,-0.017116493600784488,0.006857100716286535,10,-0.0058443905034226695,-0.008006273851132329,-0.004741452610781594
2022-09-22,-0.061360296129726224,0.012272059225945245,0.006136029612972623,0.5,0.008856745328245956,-0.017116493600784488,0.006857100716286535,10,0.008688912621095057,-0.007428242210199531,-0.006245282896496141
2022-09-23,-0.07129448932655824,0.014258897865311648,0.007129448932655824,0.5,0.009869530600799554,-0.017232619015461026,0.006857100716286535,10,-0.008805038035771595,-0.009438339195402046,-0.00949568977967553
2022-09-26,-0.060001210339054215,0.012000242067810843,0.006000121033905422,0.5,0.004054363151097298,-0.017232619015461026,-0.00842758097968943,10,0.006892092807178951,-0.012877864580315767,-0.011588169677438708
2022-09-27,-0.049489175054975854,0.00989783501099517,0.004948917505497585,0.5,0.006366828098847614,-0.017232619015461026,-0.0021203598092424114,10,0.008220166399039663,-0.011047515922691886,-0.007476544318301271
2022-09-28,0.012018756514517077,0.01071100864791974,0.00535550432395987,0.5,0.014127367538074299,-0.017232619015461026,0.019672139926234733,10,0.021792499735477144,-0.003689789217288042,-0.005848031534210185
2022-09-29,-0.005957762938744171,0.014306312538571989,0.0071531562692859945,0.5,0.016183849254106087,-0.021126437880238824,0.019672139926234733,10,-0.04079857780647356,-0.0062295605973979205,-0.006828901403798726
2022-09-30,-0.027534989543312273,0.01862175785948561,0.009310878929742805,0.5,0.01584106471770267,-0.021126437880238824,0.019672139926234733,10,0.00605974210825555,-0.0057963759487023704,-0.007617357572052208
2022-10-03,-0.017182064499409917,0.020692342868266083,0.010346171434133042,0.5,0.020762380948910256,-0.021126437880238824,0.025883894952576147,10,0.04095059072455942,0.0014485082834692741,-0.005714678148423247
2022-10-04,0.06900149976690732,0.023844763801370312,0.011922381900685156,0.5,0.024220432245695474,-0.021126437880238824,0.030583700679551518,10,0.00469980572697537,0.00798932038122806,-0.001529097770731913
2022-10-05,0.09074941145840473,0.019495181463070832,0.009747590731535416,0.5,0.023537642863829245,-0.021126437880238824,0.030583700679551518,10,-0.03260164943663635,0.003651302644564147,-1.9243286361947388e-05
2022-10-06,0.03053445179304448,0.014282243427758782,0.007141121713879391,0.5,0.021045039729009212,-0.015066695771983274,0.030583700679551518,10,-0.008227132089555167,0.005827574051283912,-0.0002009932730570041
2022-10-07,-0.06711107898416391,0.013422215796832782,0.006711107898416391,0.5,0.02472893562344982,-0.028003617786773516,0.030583700679551518,10,-0.017758536940133518,0.003240189648325864,-0.001278093150188253
2022-10-10,-0.07623527044552565,0.01524705408910513,0.007623527044552565,0.5,0.02136432319514856,-0.028003617786773516,0.030583700679551518,10,0.020511154152871636,-0.0034350820689697413,-0.0009932868927502337
2022-10-11,-0.07002542866404966,0.014005085732809933,0.0070025428664049665,0.5,0.010033027812920038,-0.028003617786773516,-0.002017948757084831,10,0.0009732878561474756,-0.010855657360430926,-0.001433168489601433
2022-10-12,-0.02883735426611874,0.005767470853223748,0.002883735426611874,0.5,0.009765307877671877,-0.028003617786773516,-0.0032907731480149582,10,0.0032284026297394464,-0.011110222238616952,-0.003729459797026402
2022-10-13,0.02692615589182601,0.01192519712887811,0.005962598564439055,0.5,0.019320150936771443,-0.028003617786773516,0.02596564246086497,10,0.029256415608879927,-0.003868077577115958,0.0009797482370839771
2022-10-14,-0.0016463238380072984,0.01763969307484477,0.008819846537422385,0.5,0.018018084578281857,-0.02366266361565439,0.02596564246086497,10,-0.04962830607651936,-0.0029998867428921326,0.00012015145271686567
2022-10-17,0.047971718578969466,0.02536945279289682,0.01268472639644841,0.5,0.021889853121104624,-0.02366266361565439,0.026480052302171098,10,0.05014271591782549,0.0037946164443224627,0.00017976718767636067
2022-10-18,0.023741597255009052,0.020523428528104737,0.010261714264052368,0.5,0.021237544638785622,-0.02366266361565439,0.026480052302171098,10,-0.015052482635682374,0.007383965533171088,-0.0017358459136299186
2022-10-19,0.05205920779201585,0.014859906420703376,0.007429953210351688,0.5,0.02171099603206095,-0.02366266361565439,0.026480052302171098,10,-0.01809966695993903,0.006707700704084019,-0.0022012607672664665
2022-10-20,-0.005325728889210754,0.0086835255555013,0.00434176277775065,0.5,0.019361104249855463,-0.02366266361565439,0.026480052302171098,10,-0.0012788124131145606,-7.560972940194866e-05,-0.0019718436532589535
2022-10-21,0.01516968803708274,0.012782608940759999,0.006391304470379999,0.5,0.0162819382260693,-0.007950909706564868,0.026480052302171098,10,0.03167572952882969,0.009401886958181893,0.0032010001076448803
2022-10-24,0.04609314461719971,0.014519235394483188,0.007259617697241594,0.5,0.0135302660769621,-0.007950909706564868,0.02372481982226482,10,-0.011842843167644945,0.006482271828671648,0.005138444136497056
2022-10-25,0.08645575176092435,0.01729115035218487,0.008645575176092435,0.5,0.014132119683609782,-0.007950909706564868,0.02372481982226482,10,0.00438467792505004,0.007450088811307887,0.007417027172239488
2022-10-26,0.0346015252698754,0.011845449102218112,0.005922724551109056,0.5,0.014313360178070044,-0.007950909706564868,0.02372481982226482,10,-0.023654370652034462,0.007306965055525039,0.0070073328798045285
2022-10-27,0.004660546481823531,0.009912327090081904,0.004956163545040952,0.5,0.01383174794195429,-0.007387716072364547,0.02372481982226482,10,0.0013051054541532991,0.007680624873195763,0.003802507571896907
2022-10-28,0.018593418675586504,0.012698901528834497,0.006349450764417249,0.5,0.014096531462302041,-0.007387716072364547,0.024626377895927698,10,0.030708988514138946,0.007860936487928339,0.008631411723055116
2022-10-31,0.018482271950098217,0.012721130873932155,0.006360565436966077,0.5,0.015317151876332827,-0.00745440410765752,0.024626377895927698,10,-0.03208078200358522,0.003993660335472859,0.005237966082072254
2022-11-01,0.02178457196580922,0.012060670870789955,0.006030335435394977,0.5,0.013877961744091782,-0.00745440410765752,0.024626377895927698,10,0.0033531734988728745,-7.991670221805248e-05,0.003685086054544917
2022-11-02,-0.06092936595630834,0.012185873191261668,0.006092936595630834,0.5,0.01786088145368517,-0.02500198485734284,0.024626377895927698,10,-0.020900754248558195,-0.0036027704592137113,0.0018520972981556638
2022-11-03,-0.06614867963592859,0.013229735927185718,0.006614867963592859,0.5,0.018128734347350114,-0.02500198485734284,0.024626377895927698,10,0.01441599254191317,-0.004503446798657396,0.0015885890372691835
2022-11-04,-0.03661542083783664,0.016402233947614347,0.008201116973807173,0.5,0.013876569841316504,-0.02500198485734284,0.013618724670070526,10,0.024204716985500196,-0.0067049774438288304,0.0005779795220497541
2022-11-07,0.021077857125334498,0.011272899635353347,0.005636449817676674,0.5,0.015634238039749497,-0.02500198485734284,0.013618724670070526,10,-0.004004742749510681,-0.0032913002381853573,0.00035118004864375106
2022-11-08,0.048050998988488455,0.00961019979769769,0.004805099898848845,0.5,0.01610329751210576,-0.02500198485734284,0.013618724670070526,10,-0.004016089118097144,-0.0013514755559358882,-0.0007156961290769703
2022-11-09,-0.009276687052945376,0.011996587225937438,0.005998293612968719,0.5,0.014592249929817872,-0.02077788695478977,0.013618724670070526,10,-0.02637577975725247,-0.0005066559754252741,-0.002054713217319493
2022-11-10,0.0670908170133631,0.02727008803919913,0.013635044019599566,0.5,0.027421763824420468,-0.02077788695478977,0.05543448436034493,10,0.0762123713151347,0.012697439359729645,0.004096996280536125
2022-11-11,0.07316224032283843,0.0284843727010942,0.0142421863505471,0.5,0.027454868164924952,-0.02077788695478977,0.05543448436034493,10,-0.046193737572197024,0.01182184378334512,0.002558433169758145
2022-11-14,0.09289909016615305,0.024537002732431274,0.012268501366215637,0.5,0.029035601426763005,-0.02077788695478977,0.05543448436034493,10,-0.0181765238369489,0.008111891989472953,0.0024102958756437977
2022-11-15,0.015030143816110082,0.008963213462422681,0.0044816067312113406,0.5,0.02900157304404281,-0.02077788695478977,0.05543448436034493,10,0.01764889359912014,0.008734936739044241,0.0036917305915541766
2022-11-16,-0.014124511660786876,0.008633646699036804,0.004316823349518402,0.5,0.02622277853983977,-0.008935777048800997,0.05543448436034493,10,-0.016965163048309417,0.01124010483040414,0.005366724427489433
2022-11-17,-0.0043804213053375935,0.006684828627946948,0.003342414313973474,0.5,0.008912330936050542,-0.008935777048800997,0.009240746788147902,10,0.005162723662458846,-0.0004646566087711301,0.006116391375479258
2022-11-18,-0.010971312374511617,0.005366650414112144,0.002683325207056072,0.5,0.007854743407144081,-0.008935777048800997,0.008713116550319144,10,0.007847904744346157,-0.0013610895846377646,0.005230377099353678
2022-11-21,-0.0036907160417441283,0.003910531147558645,0.0019552655737793225,0.5,0.006904181210265782,-0.008252046497990273,0.008713116550319144,10,-0.008642270607144509,-0.0003506719145435211,0.003880610037464716
2022-11-22,0.024091468563351613,0.007407419511556841,0.0037037097557784207,0.5,0.00862908754788078,-0.008252046497990273,0.013579987927526016,10,0.017463676625855795,0.0006227023608978532,0.004678819549971047
2022-11-23,0.026018313961739814,0.0077927885912344825,0.0038963942956172413,0.5,0.007192865991888566,-0.003883688698329779,0.013579987927526016,10,-0.0076652987796783645,0.003456049490065438,0.00734807716023479
2022-11-25,0.03201938812956717,0.006592573757669011,0.0032962868788345054,0.5,0.006642912905402708,-0.003883688698329779,0.013579987927526016,10,-0.006197733345481016,0.004017305217645051,0.0017763243044369604
2022-11-28,-0.0163542466048483,0.007213975419534761,0.0036069877097673806,0.5,0.010875237511600664,-0.015444192913123267,0.013579987927526016,10,-0.015161148715489903,-2.3249746742548538e-05,-0.0006921696656901566
2022-11-29,-0.0288651707475542,0.00577303414951084,0.00288651707475542,0.5,0.010719027927536266,-0.015444192913123267,0.013579987927526016,10,0.013852327575347378,0.0004351149253682296,4.2221505412354256e-05
2022-11-30,0.023186356910816497,0.015994643549429404,0.007997321774714702,0.5,0.017011042288444682,-0.015444192913123267,0.030947872397389053,10,0.03253973773516494,0.003908691819340837,0.0022656970901193453
2022-12-01,0.04748062306927221,0.011135790317738259,0.0055678951588691294,0.5,0.017081360566439455,-0.015444192913123267,0.030947872397389053,10,-0.03181550561543889,0.00255222734616134,0.003004138418113389
2022-12-02,0.048142631152122695,0.011003388701168163,0.005501694350584081,0.5,0.01712400150421829,-0.015444192913123267,0.030947872397389053,10,-0.00032702727001576726,0.0023699040880748924,0.0031936046528599714
2022-12-05,-0.033260843316133736,0.006652168663226747,0.0033260843316133735,0.5,0.01778354261275036,-0.017894212283564803,0.030947872397389053,10,-0.0166995517954992,0.001879900213986585,0.0009283252336220182
2022-12-06,-0.055813446255060795,0.011162689251012159,0.0055813446255060795,0.5,0.019268937420445387,-0.017894212283564803,0.030947872397389053,10,0.0034950173021587316,-0.0006815657147394516,-0.000123225394685611
2022-12-07,-0.056926296915866634,0.011385259383173326,0.005692629691586663,0.5,0.008228583261537966,-0.017894212283564803,-0.0008676332180498347,10,0.012536824096856969,-0.007243614371127083,-0.0016674612758931229
2022-12-08,-0.014566306514085341,0.007927782607819714,0.003963891303909857,0.5,0.010417841254883898,-0.017894212283564803,0.00752178195750397,10,0.009384152842053073,-0.0055657313360163215,-0.001506751994927491
2022-12-09,-0.0028169452915827176,0.00557791036331919,0.002788955181659595,0.5,0.010131940985924365,-0.017894212283564803,0.00752178195750397,10,-0.014871360205408468,-0.006796714887984101,-0.0022134053999546045
2022-12-12,0.024085833212847962,0.009716885474505924,0.004858442737252962,0.5,0.011452530052425186,-0.014399194981406072,0.014279296218109305,10,0.021628874466013803,-0.00036201318764927937,0.0007589435131686528
2022-12-13,0.02369897068166371,0.009639512968269074,0.004819756484134537,0.5,0.00854497149797761,-0.007349578247904498,0.014279296218109305,10,-0.006989631779315886,0.003975758696390619,0.0016470964908255835
2022-12-14,0.02586039337133731,0.009207228430334355,0.004603614215167177,0.5,0.009421266629304882,-0.007349578247904498,0.014279296218109305,10,-0.013342389072893757,0.003137687946480372,-0.0020529632123233556
2022-12-15,-0.0394745586983682,0.012754688032202588,0.006377344016101294,0.5,0.015104908551684532,-0.024921675023714007,0.014279296218109305,10,-0.01886895038961367,-0.0033510034497632236,-0.004458367392889772
2022-12-16,-0.07018691738649181,0.014037383477298363,0.007018691738649181,0.5,0.01544674587637984,-0.024921675023714007,0.014279296218109305,10,0.013783924249633261,-0.004108637954998473,-0.005452676421491287
2022-12-19,-0.0751115696660785,0.0150223139332157,0.00751115696660785,0.5,0.011530780448084183,-0.024921675023714007,0.0072896644387934195,10,0.002130234772228401,-0.008766000398990803,-0.004564006793320041
2022-12-20,-0.0318465473573302,0.00706086837915602,0.00353043418957801,0.5,0.009517593605565106,-0.024921675023714007,0.0010373383615349674,10,0.010044854363387312,-0.010016465614442494,-0.0030203534590259374
2022-12-21,0.011496360270695598,0.008304282722040682,0.004152141361020341,0.5,0.014818300662576032,-0.024921675023714007,0.014867993802734736,10,0.013830655441199768,-0.005832321927075479,-0.0013473169902975535
2022-12-22,0.0024227209927555706,0.010119010577628687,0.005059505288814344,0.5,0.011898469756435985,-0.01445169956861636,0.014867993802734736,10,-0.029319693371351097,-0.0037383268360559494,-0.0035446651429095867
2022-12-23,0.010473994599000669,0.011729265298877708,0.005864632649438854,0.5,0.01168317734341946,-0.01445169956861636,0.014867993802734736,10,0.020319802093898387,-0.0003371561761833952,-0.0022228970655909343
2022-12-27,-0.021055365256240077,0.008123141401436032,0.004061570700718016,0.5,0.010950772264886334,-0.01445169956861636,0.014867993802734736,10,-0.009917724635691738,0.0006544226021051314,-0.004055788898442836
2022-12-28,-0.01700359651290506,0.00731278765276903,0.003656393826384515,0.5,0.012309407446536665,-0.01445169956861636,0.014867993802734736,10,-0.00797101621220564,-0.0019571727347249324,-0.005986819174583713
2022-12-29,0.002318452019656747,0.011177197359281391,0.0055885986796406955,0.5,0.013216779579684779,-0.01445169956861636,0.01746133164481911,10,0.029481969967434463,-0.0014385051663080572,-0.003635413546691768
2022-12-30,0.0048332513997652775,0.010674237483259685,0.005337118741629843,0.5,0.011205250651349613,-0.012020638322615351,0.01746133164481911,10,-0.020002074127163705,0.0009436862509462962,-0.0013973202925548268
2023-01-03,0.018200067138709846,0.008000874335470773,0.004000437167735386,0.5,0.010988040065329736,-0.012020638322615351,0.01746133164481911,10,-0.0014598063969040176,-0.0010300440299598312,-0.0006836001030716132
2023-01-04,0.001662798689085291,0.004693420645545861,0.0023467103227729305,0.5,0.011406129507200675,-0.012020638322615351,0.01746133164481911,10,0.01153951945429299,0.0012876745071309869,0.0009710485546180591
2023-01-05,-0.013511845298043907,0.007728349442971701,0.0038641747214858504,0.5,0.01129742868156223,-0.011645528874622113,0.01746133164481911,10,-0.019184499449666492,0.0013626963967296347,-0.0002972381689976489
2023-01-06,0.031223704549768194,0.014008426826368381,0.0070042134131841904,0.5,0.013293625791731776,-0.011645528874622113,0.02284078102943865,10,0.03448630990406076,0.0024385862736535425,0.0005000405536727426
2023-01-09,0.017379366015922344,0.01175131414977463,0.005875657074887315,0.5,0.013150468501607226,-0.011645528874622113,0.02284078102943865,10,-0.02360841357470178,0.002793208261069835,0.0018684472560080655
2023-01-10,0.04841896940539585,0.01019554891125459,0.005097774455627295,0.5,0.012639144092395012,-0.011645528874622113,0.02284078102943865,10,0.007745865704325117,0.004988964668731955,0.0019794603193860616
2023-01-11,0.031766708714467407,0.006865096773068902,0.003432548386534451,0.5,0.013120937176648669,-0.011645528874622113,0.02284078102943865,10,0.005871191455819602,0.006051055476699397,0.0036693649919151915
2023-01-12,0.03873927273384795,0.007747854546769591,0.0038739272733847954,0.5,0.0091793453204497,-0.0007676325452631305,0.02284078102943865,10,-0.00943351874851639,0.00906334242489686,0.005213019410813246
2023-01-13,0.03377031474130191,0.0067540629482603825,0.0033770314741301912,0.5,0.00504663957507006,-0.0007676325452631305,0.012849424614881588,10,0.0005809524971691626,0.005294557891716001,0.0038665720826847718
2023-01-17,0.008970455068157227,0.0031477518063015943,0.0015738759031507972,0.5,0.005442001303578769,-0.0020304911890052235,0.012849424614881588,10,-0.006027349552539585,0.005041986162967582,0.003917597212018708
2023-01-18,-0.022660385543136576,0.007196649350983557,0.0035983246754917784,0.5,0.010459965954687983,-0.015562598500411085,0.012849424614881588,10,-0.013532107311405861,0.0005338198310729681,0.0027613922499024612
2023-01-19,-0.042052399976184415,0.008410479995236883,0.004205239997618441,0.5,0.008197621763816476,-0.015562598500411085,0.003996858363534361,10,0.007924248204116746,-0.0035637351511622175,0.0012436601627685896
2023-01-20,-0.0071375795845398295,0.014039783280895649,0.0070198916404478244,0.5,0.013014123080570527,-0.015562598500411085,0.018918401045981525,10,0.026556751342275864,-0.0004632361152389519,0.004300053154828953
2023-01-23,0.03860232622225401,0.012812698775313694,0.006406349387656847,0.5,0.014120311718586343,-0.015562598500411085,0.018918401045981525,10,-0.007037056062316305,0.0011136612087872199,0.0032041095502516105
2023-01-24,0.05014707150638509,0.01050374971848748,0.00525187485924374,0.5,0.01405907533202115,-0.015562598500411085,0.018918401045981525,10,-0.012592848109480914,0.001377458821425126,0.003209722492196354
2023-01-25,0.018313527997305307,0.004258191056315752,0.002129095528157876,0.5,0.010709594477755043,-0.007638350296294338,0.018918401045981525,10,0.0005297780663493512,0.004453633509614074,0.002493726670343521
2023-01-26,0.0168577088064988,0.003967027218154451,0.0019835136090772254,0.5,0.008455578032505455,-0.0007115031258156934,0.018918401045981525,10,0.011189578528647659,0.008182874262709205,0.002309569555773494
2023-01-27,0.02220161563444012,0.004561473166532252,0.002280736583266126,0.5,0.006106200163795197,-0.0007115031258156934,0.01188134498366522,10,-0.00851301249823222,0.00489816224770272,0.002217463066231884
2023-01-30,0.0008899224257450749,0.008823811808271262,0.004411905904135631,0.5,0.008603760184158891,-0.012968740984683369,0.011007853469181317,10,-0.015463581955632466,-7.185494596699815e-05,0.000520903131410111
2023-01-31,0.006947617119626437,0.010035350747047533,0.005017675373523767,0.5,0.010782533034341138,-0.012968740984683369,0.014642470285510134,10,0.027611211270193503,0.0029989397362981673,0.0021881992788616465
2023-02-01,0.020210055409028427,0.012687838404927931,0.006343919202463966,0.5,0.011043907477125591,-0.012968740984683369,0.014642470285510134,10,-0.004190166340919843,0.005125745537109494,0.004789689523361784
2023-02-02,0.06632357912401725,0.01326471582480345,0.006632357912401725,0.5,0.011642607735756006,-0.012968740984683369,0.014699373244309921,10,0.00424706929971963,0.005864049492135215,0.00702346187742221
2023-02-03,0.02466177749598286,0.011835429293403569,0.005917714646701784,0.5,0.013791962786687104,-0.012968740984683369,0.014699373244309921,10,-0.025053983935620416,0.0032941591596832966,0.004096160703693008
2023-02-06,-0.0029928341079249465,0.01039814898445827,0.005199074492229135,0.5,0.012000812978336882,-0.010354610691310495,0.014699373244309921,10,0.004214147673556101,0.004659814753069091,0.0022939799035510467
2023-02-07,-0.0060376051850639465,0.00978919476903047,0.004894597384515235,0.5,0.011653824036206073,-0.010354610691310495,0.014699373244309921,10,0.019012973615780915,0.004305822815572369,0.0036523812759352682
2023-02-08,-0.00724779482648763,0.010031232697315207,0.005015616348657603,0.5,0.01274243700558392,-0.011080724476164705,0.014699373244309921,10,-0.023953235074191226,-7.828685786304135e-07,0.002562481334265432
2023-02-09,-0.011730016759788908,0.010927677083975462,0.005463838541987731,0.5,0.010007638668747074,-0.011080724476164705,0.01287251059802652,10,0.0022509282984295442,-0.0047066167529876465,0.0005787163695737841
2023-02-10,-0.02952543146367429,0.0073685941431983855,0.0036842970715991927,0.5,0.009808765962221591,-0.011080724476164705,0.01287251059802652,10,0.01102505795343045,-0.00219664225958649,0.0005487584500484033
2023-02-13,0.008023458234543793,0.007491222432065532,0.003745611216032766,0.5,0.011108686180471259,-0.011080724476164705,0.01287251059802652,10,0.009253347567070858,0.0013211722125176183,0.002990493482793355
2023-02-14,0.022272427644123294,0.004641428550149633,0.0023207142750748164,0.5,0.009057364521941044,-0.011080724476164705,0.011448609342766147,10,-0.011729023874753608,-0.001309412813485178,0.0014982050010435954
2023-02-15,0.023235617502124585,0.004834066521749891,0.0024170332608749456,0.5,0.007261995174387804,-0.00882979617773516,0.011448609342766147,10,0.0030535902224835265,0.0014613672198469762,0.0007302921756341729
2023-02-16,-0.018826633884370114,0.005614110570538067,0.0028070552852690334,0.5,0.009119838807387806,-0.013788741489130674,0.011448609342766147,10,-0.01656191717962674,0.0004695781575678737,-0.0021185192977098864
2023-02-17,-0.0229716193732706,0.006443107668318164,0.003221553834159082,0.5,0.00915505743978359,-0.013788741489130674,0.011448609342766147,10,0.011021335663802923,-0.0005229553626367345,-0.001359798811111612
2023-02-21,-0.060995635949642926,0.012199127189928586,0.006099563594964293,0.5,0.00967707479527871,-0.020041234255327334,0.002773175690496066,10,-0.017273828429999583,-0.006820924082255431,-0.002749875934868906
2023-02-22,-0.040636993710903194,0.008127398742180639,0.0040636993710903195,0.5,0.009473717174496991,-0.020041234255327334,0.002773175690496066,10,0.0184676781094405,-0.007079552405035305,-0.0041944826092602415
2023-02-23,-0.027142268308566288,0.008981406605762854,0.004490703302881427,0.5,0.010180925310349842,-0.020041234255327334,0.005329429416074394,10,0.006902985561961228,-0.00656830165991964,-0.002553467220036332
2023-02-24,-0.011302797025617612,0.005813512349173118,0.002906756174586559,0.5,0.009696792076028237,-0.020041234255327334,0.005329429416074394,10,-0.01586698090163252,-0.005918063659205131,-0.0027242427508186286
2023-02-27,-0.0035585291705279394,0.00631332848959983,0.003156664244799915,0.5,0.010490492012025088,-0.020041234255327334,0.005329429416074394,10,0.013610556052725098,-0.004749981580706187,-0.0026364684716714605
2023-02-28,-0.017500914577627813,0.005548852626970209,0.0027744263134851046,0.5,0.006153889478820846,-0.010537551485558128,0.005329429416074394,10,-0.006109006395352501,-0.0013489350952778257,-0.0040849295887666285
2023-03-01,-0.007813770177830989,0.0036114237470108446,0.0018057118735054223,0.5,0.006341212764360844,-0.010537551485558128,0.005329429416074394,10,-0.0016892630174945023,-0.0019792768352364654,-0.004529414620135885
2023-03-02,-0.0002984543117852863,0.005114486920219985,0.0025572434601099925,0.5,0.00703266426548527,-0.010537551485558128,0.0075821940867943916,10,0.012307458932474424,-0.001528723901092466,-0.004048512780506053
2023-03-03,0.03167444400310526,0.009485065364407741,0.0047425326822038705,0.5,0.008466268981684769,-0.004725264845680033,0.0161477371607488,10,0.008565543073954407,0.0038083338281689194,-0.0010548649155181055
2023-03-06,0.04069516336228725,0.00813903267245745,0.004069516336228725,0.5,0.008584482689217346,-0.004725264845680033,0.0161477371607488,10,-0.015460570390919637,0.0033311662687013576,-0.0007094076560024143
2023-03-07,0.0025133080254004696,0.01072060768197188,0.00536030384098594,0.5,0.011959759228743313,-0.015326919115337678,0.0161477371607488,10,-0.01601408588516684,0.0008729828112709282,-0.00023797614200344875
2023-03-08,-0.02204159721970763,0.00580962663295026,0.00290481331647513,0.5,0.011549420778000684,-0.015326919115337678,0.0161477371607488,10,0.016741713129021618,0.0021009945831437227,6.0858873953628656e-05
2023-03-09,-0.05395247162583734,0.011733690334290095,0.005866845167145048,0.5,0.014058881007057556,-0.01845935787384867,0.0161477371607488,10,-0.01987415188753261,-0.0031073158089848897,-0.0023180198550386776
2023-03-10,-0.05253783719536016,0.01145076344819466,0.00572538172409733,0.5,0.009507342321037381,-0.01845935787384867,0.0014147940136839399,10,0.003981219416797299,-0.009232490932544923,-0.002712078552188002
2023-03-13,-0.05741209555681581,0.011482419111363162,0.005741209555681581,0.5,0.008969864580068574,-0.01845935787384867,0.0014147940136839399,10,0.012968377453861923,-0.009671876487148645,-0.0031703551092236437
2023-03-14,0.0008145933673051979,0.010821518313621584,0.005410759156810792,0.5,0.013886203835695023,-0.01845935787384867,0.016476655480623936,10,0.017986416483813383,-0.003311161567956322,-0.001219089378342697
2023-03-15,0.013310018186661332,0.008322433349750358,0.004161216674875179,0.5,0.013677914231001502,-0.01845935787384867,0.016476655480623936,10,-0.023457539046061626,-0.0049902970837806485,-0.0014446512503184627
2023-03-16,0.045096296887254805,0.013673181754409422,0.006836590877204711,0.5,0.014283070417966906,-0.01447813845705137,0.017562006217166637,10,0.024542889782604327,0.002213975734422413,-0.00044667003728123824
2023-03-17,-0.0007305577638977434,0.011854115697557307,0.005927057848778654,0.5,0.013324122683735172,-0.011019457310067593,0.017562006217166637,10,-0.02858146352723423,0.0029057119638191686,-0.0031633894843628775
2023-03-20,0.0257682543756819,0.012499955748514776,0.006249977874257388,0.5,0.0132762543464384,-0.011019457310067593,0.017562006217166637,10,0.01993786102837769,0.004991344908119077,-0.0023402657895147836
2023-03-21,0.018135233843379155,0.010973351642054227,0.005486675821027113,0.5,0.012594986841629328,-0.011019457310067593,0.017562006217166637,10,0.004063790179474891,0.0042924525915512875,0.0004906455117974828
2023-03-22,0.00906228973396909,0.01278794046393624,0.00639397023196812,0.5,0.015167908658947887,-0.01646322377571363,0.017562006217166637,10,-0.02944541767349862,0.0023959845494960995,-0.0012971562671422743
2023-03-23,-0.0008275019075887347,0.010809982135624674,0.005404991067812337,0.5,0.012728898355894585,-0.01646322377571363,0.012982193897784988,10,0.019447752509089034,-0.0005195109472621473,0.000847232393580133
2023-03-24,-0.013064812982056157,0.00836251992073119,0.004181259960365595,0.5,0.011404840215158732,-0.01646322377571363,0.012982193897784988,10,0.0026552785197291318,0.002812341965372278,0.0028590269645957234
2023-03-27,0.017118817153713623,0.0034237634307427247,0.0017118817153713624,0.5,0.010883253928488396,-0.01646322377571363,0.012982193897784988,10,-0.003992852947356296,0.0013580520828599062,0.003174698495489492
2023-03-28,0.009521530105227605,0.0029535350181896605,0.0014767675090948302,0.5,0.008730414625288655,-0.01646322377571363,0.005639807253104534,10,-0.003220797801464448,-0.0015531553958403332,0.0013696485978554774
2023-03-29,0.02385063281644747,0.005819355560433633,0.0029096777802168163,0.5,0.005987567702592255,-0.0015738434957162095,0.014237268879836451,10,0.01581111237555266,0.004586943135269683,0.0034914638423828915
2023-03-30,0.030631157954646993,0.0071754605880735385,0.0035877302940367692,0.5,0.005929120240092951,-0.0015738434957162095,0.014237268879836451,10,-0.008521999491168497,0.005133091266328193,0.002306790159533023
2023-03-31,0.05731513456711375,0.01146302691342275,0.005731513456711375,0.5,0.007270467667646052,-0.0015738434957162095,0.014436542471763847,10,0.008721273083095893,0.0068924383100600565,0.004852390137716167
2023-04-03,0.03975109722829033,0.007950219445658066,0.003975109722829033,0.5,0.00695127100767645,-0.0015738434957162095,0.014436542471763847,10,-0.010737695995221452,0.007302816744218887,0.0043304344135393965
2023-04-04,0.020564028108293796,0.007977453677212068,0.003988726838606034,0.5,0.008404211470838264,-0.005796972083329965,0.014436542471763847,10,-0.00949581855987236,0.006458191026696136,0.0024525178154279014
2023-04-05,-0.007650826896692942,0.003996063030366852,0.001998031515183426,0.5,0.00784451105516468,-0.005796972083329965,0.014436542471763847,10,0.0033046015521017713,0.003112263144483207,0.003849603139876445
2023-04-06,-0.007850299200218106,0.003956168569661818,0.001978084284830909,0.5,0.0077245578969663,-0.005796972083329965,0.014436542471763847,10,0.00607153362565549,0.0026850418856350757,0.003909066575981635
2023-04-10,0.003471825934394472,0.0023559455410310237,0.0011779727705155119,0.5,0.004101866782198567,-0.005796972083329965,0.0036988464765423945,10,-0.002582860096989714,-3.0060092301775753e-06,0.003444716150414939
2023-04-11,0.007556856023197741,0.00153893952327037,0.000769469761635185,0.5,0.0035637475141003985,-0.005796972083329965,0.0035791630944272956,10,-0.001037655475383814,-0.000751045800127903,0.003275885472045492
2023-04-12,-0.005299889220859258,0.0017241798424635728,0.0008620899212317864,0.5,0.0030098865141240673,-0.004134884052006904,0.0035791630944272956,10,-0.0040935315740606715,-0.00041862819386329075,0.0030197814164164226
2023-04-13,0.015144089106141623,0.005812975507863749,0.0029064877539318745,0.5,0.006509057937771413,-0.004134884052006904,0.01326268999363811,10,0.017397574045645015,0.00273238391110997,0.0029223235277965887
2023-04-14,0.011764054114712558,0.006488982506149561,0.0032444912530747807,0.5,0.0068086339831764505,-0.004134884052006904,0.01326268999363811,10,-0.015332063466441781,0.001602676597663777,0.0021438592416494263
2023-04-17,0.02416578903966663,0.006212740123135774,0.003106370061567887,0.5,0.00683551494150192,-0.004134884052006904,0.01326268999363811,10,0.005375530375769211,0.0020646473787693685,0.0010308206847695956
2023-04-18,0.0034866728768926753,0.002076916890580982,0.001038458445290491,0.5,0.006777974771019557,-0.004134884052006904,0.01326268999363811,10,-0.002450936606991805,0.0022439619335533623,0.0007464580667127296
2023-04-19,0.006795192002068684,0.0014152130655457802,0.0007076065327728901,0.5,0.006025222210580562,-0.0020693734728036706,0.01326268999363811,10,-0.0009394822936718006,0.0030540863444151302,0.0013177290752759197
2023-04-20,-0.008635983091162166,0.0022973434822149232,0.0011486717411074616,0.5,0.0034739031306266614,-0.00595254815297297,0.00330615690296554,10,-0.005868286155274904,-0.0007889612849070859,0.0009717113131014421
2023-04-21,-0.008556035439522177,0.002313333012542921,0.0011566665062714605,0.5,0.0034542981660753004,-0.00595254815297297,0.00330615690296554,10,0.006855737039930698,-0.0001944488129548061,0.0007041138923544854
2023-04-24,-0.006996300166541477,0.002569105402007018,0.001284552701003509,0.5,0.0029733670754694603,-0.00595254815297297,0.0009031888869577287,10,-5.160972086737381e-05,-0.0006853643603298432,0.0006896415092197628
2023-04-25,-0.023426818049541907,0.005855208978607103,0.0029276044893035516,0.5,0.007180166980800619,-0.015810858882773227,0.0009031888869577287,10,-0.01666243804886358,-0.004018580196079235,-0.0008873091312629367
2023-04-26,-0.031334111523354524,0.006834541748731142,0.003417270874365571,0.5,0.006854722873455286,-0.015810858882773227,0.0009031888869577287,10,0.011969671685443384,-0.004769965236005591,-0.0008579394457952305
2023-04-27,-0.00014316059601005016,0.013072731934200036,0.006536365967100018,0.5,0.012733382340854417,-0.015810858882773227,0.01956614972249704,10,0.023407336919826882,0.0003337743390884107,-0.0002275934729093376
2023-04-28,0.03996360879771288,0.010553513224429137,0.005276756612214569,0.5,0.013230123545048766,-0.015810858882773227,0.01956614972249704,10,-0.011312946969036508,0.0018037771123889713,0.0008046641497170826
2023-05-01,0.04572207664291654,0.009401819655388407,0.004700909827694204,0.5,0.013263928642904408,-0.015810858882773227,0.01956614972249704,10,-0.00863930924366818,0.0015562399811293703,0.00043543781039976357
2023-05-02,-0.0061986111219123705,0.006741857393356161,0.0033709286966780807,0.5,0.011950596533049373,-0.011586262936400304,0.01956614972249704,10,-0.011200156446192655,0.0024011591704039548,-0.0008087105128376404
2023-05-03,-0.03161779081877406,0.006323558163754813,0.0031617790818774063,0.5,0.012436404133316724,-0.011586262936400304,0.01956614972249704,10,0.00458795787174382,0.0017697355969386263,-0.0015001148195334824
2023-05-04,-0.04300550055906534,0.008601100111813068,0.004300550055906534,0.5,0.0077338672365856705,-0.011586262936400304,0.008253202753460531,10,-0.0002204272697259313,-0.003587240814437265,-0.001626733237674427
2023-05-05,0.007096189984127458,0.010897262929518092,0.005448631464759046,0.5,0.011883709380401609,-0.011586262936400304,0.018474751389515376,10,0.025693483723897792,-0.0015429310872262958,0.0001304230125813377
2023-05-08,0.01951357953230315,0.00871520412938224,0.00435760206469112,0.5,0.011909992518681911,-0.011586262936400304,0.018474751389515376,10,-0.018022622725266446,-0.00137528405633498,9.047796239719519e-05
2023-05-09,0.023912431294176306,0.007835433777007609,0.003917716888503804,0.5,0.010765395102066002,-0.007218732334382416,0.018474751389515376,10,-0.005031549941507452,2.608427549337655e-05,0.0012136217229486656
2023-05-10,0.0005944544173256775,0.0031718384016374834,0.0015859192008187417,0.5,0.010096250266031729,-0.007218732334382416,0.018474751389515376,10,0.00906338654066352,0.002322538341105673,0.00204613696902215
2023-05-11,-0.0029868000117823828,0.003586670177959809,0.0017933350889799045,0.5,0.009038198954960096,-0.004579421277258522,0.018474751389515376,10,-0.006180589256620905,0.003426960009338975,-8.014040254914479e-05
2023-05-12,0.002006724059387399,0.0025879653637258526,0.0012939826818629263,0.5,0.0033525277731677175,-0.004579421277258522,0.004483965263404999,10,0.00011331715865925407,-0.0005846516354754306,-0.0010637913613508632
2023-05-15,-0.0005362773143977965,0.0020793650889688133,0.0010396825444844067,0.5,0.003714106863266607,-0.004579421277258522,0.004483965263404999,10,0.004541471273690534,-8.344448049844023e-05,-0.0007293642684167101
2023-05-16,-0.008338042947626337,0.0036397182156145216,0.0018198591078072608,0.5,0.004299280339043704,-0.006377683373153031,0.004483965263404999,10,-0.009335847812286913,-0.0004430968996773421,-0.00020850631209198278
2023-05-17,0.01411885020794849,0.007075558957025052,0.003537779478512526,0.5,0.006906748646579528,-0.006377683373153031,0.011890829058788244,10,0.018268512431941275,0.0010382758593993069,0.00168040710025249
2023-05-18,0.024930323891769746,0.009237853693789303,0.004618926846894651,0.5,0.007569337572605999,-0.006377683373153031,0.011890829058788244,10,-0.0024457804093616087,0.0032666103879278154,0.003346785198633395
2023-05-19,0.033150016837907116,0.0075939151045618285,0.0037969575522809143,0.5,0.007547540311539153,-0.006377683373153031,0.011890829058788244,10,-0.010890916254897243,0.0032940982337450243,0.0013547232991347967
2023-05-22,0.013590359567324978,0.003681983650445401,0.0018409918252227004,0.5,0.0076816472862798225,-0.006377683373153031,0.011890829058788244,10,0.001600902301909568,0.00273347228520604,0.0013250139023537999
2023-05-23,-0.020854766094302958,0.004274309683153232,0.002137154841576616,0.5,0.009261210549920535,-0.011222026747550129,0.011890829058788244,10,-0.01137706144398909,0.0017646036103266204,0.0006607533553246392
2023-05-24,-0.03064265397744089,0.006231887259780818,0.003115943629890409,0.5,0.007893728522629222,-0.011222026747550129,0.009445048649426635,10,0.0039034264121967643,-0.002077282268501701,-0.0005195032045511971
2023-05-25,-0.016305076361668447,0.009099402782935306,0.004549701391467653,0.5,0.007644923735756158,-0.011222026747550129,0.008757581265902425,10,0.01607618160125579,-0.002214775745206543,0.0005259173213606361
2023-05-26,0.024146779514243967,0.00970842279308437,0.004854211396542185,0.5,0.01029748724915772,-0.011222026747550129,0.01304908677799732,10,0.004291505512094895,0.0006842151314870426,0.0019891566826160333
2023-05-30,0.03637211885399708,0.007274423770799417,0.0036372118853997084,0.5,0.010299451631045464,-0.011222026747550129,0.01304908677799732,10,-0.013032483509498816,0.0006565288458989516,0.0016950005655524958
2023-05-31,0.01159510972776982,0.006391438085443253,0.0031957190427216267,0.5,0.008996563946575204,-0.007318600335353365,0.01304908677799732,10,-0.00612522747833244,0.0016792093534421903,0.0017219064818844055
2023-06-01,0.006270721036162144,0.005326560347121719,0.0026632801735608593,0.5,0.007915869093639566,-0.006108624209833935,0.01304908677799732,10,0.015963077772866652,0.005113820133119407,0.0015182689323088526
2023-06-02,0.03046709009860723,0.010165834159610735,0.005082917079805367,0.5,0.008936447075453165,-0.006108624209833935,0.014534424705965554,10,0.004679971142932837,0.006269188821132032,0.002027206537962745
2023-06-05,0.037308827721800886,0.008797486634972004,0.004398743317486002,0.5,0.008610974027123415,-0.006108624209833935,0.014534424705965554,10,-0.016538006341883293,0.0032586551383490202,0.0019714351349180313
2023-06-06,0.02480789896326996,0.006297300883265818,0.003148650441632909,0.5,0.008452966864468425,-0.006108624209833935,0.014534424705965554,10,0.0043574779438319,0.0037261137462321512,0.0021913212960655514
2023-06-07,-0.005769491713101446,0.002723162547896396,0.001361581273948198,0.5,0.0078239526779901,-0.0038120096998572883,0.014534424705965554,10,-0.006165906007771449,0.004185436648227481,0.0029323230008348354
2023-06-08,0.007884215370497216,0.004118182874004302,0.002059091437002151,0.5,0.007315127979215136,-0.0038120096998572883,0.014534424705965554,10,0.010000652314098746,0.0034522744584692287,0.004283047295794318
2023-06-09,0.005874487423042085,0.003716237284513276,0.001858118642256638,0.5,0.0038955354965609654,-0.0038120096998572883,0.0061886426142414575,10,-0.0050405830748003755,0.0007750014251643345,0.0035220951231481833
2023-06-12,0.027763084939866157,0.005552616987973232,0.002776308493986616,0.5,0.005009166462204738,-0.0038120096998572883,0.009321148810237156,10,0.008173089270796075,0.0030399475143953135,0.003149301326372167
2023-06-13,0.02900283050192002,0.005800566100384004,0.002900283050192002,0.5,0.005264397187719606,-0.0038120096998572883,0.009321148810237156,10,-0.0023886588587633817,0.003955666243107237,0.003840889994669694
2023-06-14,0.028455107146071835,0.005691021429214367,0.0028455107146071836,0.5,0.0037438178652046007,0.0008194255259321714,0.009321148810237156,10,-0.006113064425541603,0.004881953288265128,0.004533694968246305
2023-06-15,0.03321675482958771,0.006643350965917542,0.003321675482958771,0.5,0.005010407795764888,0.0008194255259321714,0.01217813742034668,10,0.011358711894414508,0.006079852249486173,0.0047660633539777005
2023-06-16,0.015543239029754224,0.005556394158235056,0.002778197079117528,0.5,0.006452509324994588,-0.0036716195284263176,0.01217813742034668,10,-0.015849756948772997,0.005115916435912693,0.0029454589305385136
2023-06-20,0.0062856836571624965,0.00686162154879862,0.00343081077439931,0.5,0.007183010060396873,-0.0047351076976228645,0.01217813742034668,10,-0.001063488169196547,0.0023046651343406888,0.0026723063243680014
2023-06-21,-0.022753348015088028,0.004550669603017606,0.002275334801508803,0.5,0.0072853936595514675,-0.005245281583003636,0.01217813742034668,10,-0.0005101738853807714,-0.00013088917255479337,0.0019123885352762215
2023-06-22,-0.010449318110313428,0.004563729231688314,0.002281864615844157,0.5,0.007491516888326932,-0.005245281583003636,0.01217813742034668,10,0.008956079997442079,0.000447385405146461,0.002664669346705795
2023-06-23,-0.015322153225416264,0.0055382962547088814,0.0027691481273544407,0.5,0.004297972064131516,-0.007658808766684566,0.003710798414438443,10,-0.01136960718112301,-0.0035200038322597883,0.0012799242086131923
2023-06-26,-0.014058081075837652,0.005285481824793159,0.0026427409123965795,0.5,0.004320564797713378,-0.007658808766684566,0.003710798414438443,10,0.0031719704734280985,-0.0036830475852258184,0.0007164344253434374
2023-06-27,-0.0011496535087466657,0.007867167338211356,0.003933583669105678,0.5,0.007910739630342518,-0.007658808766684566,0.011455854954693034,10,0.015942693247949502,-0.0004448550547626384,0.0009299050397890251
2023-06-28,0.011024899954997041,0.005432256645462615,0.0027161283227313073,0.5,0.007458193058491367,-0.007658808766684566,0.011455854954693034,10,-0.011809931643131377,0.0005333859241504202,0.0002012483757978134
2023-06-29,0.025958871565101016,0.005427825438645765,0.0027139127193228827,0.5,0.0075467065540398585,-0.007658808766684566,0.011455854954693034,10,0.004827621361244261,0.0006859351758239151,0.0005666602904851881
2023-06-30,0.027314120800136142,0.0056988752856527896,0.0028494376428263948,0.5,0.0072958946396294525,-0.004486838293256468,0.012269004495714109,10,0.007795459822908191,0.00467149782830365,0.000575746998021931
2023-07-03,0.029855378283534982,0.005971075656706996,0.002985537828353498,0.5,0.005807310845853497,-0.00035407668843834283,0.012269004495714109,10,-0.011098326694113148,0.0058030010472751355,0.0010599767310246588
2023-07-05,0.019118939806809787,0.005136000236848089,0.0025680001184240444,0.5,0.005641285309609593,-0.0019683184132291975,0.012269004495714109,10,-0.0031389962148301587,0.0031181663736906894,0.0013366556594640254
2023-07-06,-0.014533586580215235,0.0036871691837770206,0.0018435845918885103,0.5,0.007511328970147156,-0.007922511336500904,0.012269004495714109,10,-0.005954192923271706,0.0016044794440781772,0.0010689326841142987
2023-07-07,-0.021259883813917378,0.0042519767627834755,0.0021259883813917377,0.5,0.007527528127119397,-0.007922511336500904,0.012269004495714109,10,0.005057410797880579,0.00013675040179292886,0.000411342788808422
2023-07-10,-0.013970976363316494,0.00439754597741752,0.00219877298870876,0.5,0.004035733816174677,-0.007922511336500904,0.002405026057131332,10,0.005270126595751656,-0.0018360452859236265,0.0014177262711900119
2023-07-11,0.010470227623999295,0.004004112550546742,0.002002056275273371,0.5,0.0055562192928313315,-0.007922511336500904,0.0067422110558885695,10,0.0043371849987572375,-0.0007217386350661048,0.0025406312061045156
2023-07-12,0.027597450997220628,0.0055194901994441254,0.0027597450997220627,0.5,0.006528444817185923,-0.007922511336500904,0.007411233485312474,10,0.0006690224294239044,0.0011541717446422294,0.0021361690591664593
2023-07-13,0.03770599666545027,0.007541199333090054,0.003770599666545027,0.5,0.004687106991162727,-0.0028651005386203243,0.008470153458069118,10,0.0010589199727566445,0.004432704703556234,0.0030185920738172054
2023-07-14,0.024761633016796757,0.005635264692228377,0.0028176323461141886,0.5,0.003991251858477678,-0.0010244071333035398,0.008470153458069118,10,-0.009494560591372658,0.0048008433846195905,0.00246879689320626
2023-07-17,0.01883521473219185,0.004449981035307397,0.0022249905176536986,0.5,0.0038227481741095557,-0.0010244071333035398,0.008470153458069118,10,0.004879789647853072,0.005090914676103231,0.0016274346950898022
2023-07-18,0.016580417645147283,0.003999021617898483,0.0019995108089492417,0.5,0.003866679358632811,-0.0010244071333035398,0.008470153458069118,10,0.0032618926912928448,0.005165927506093992,0.002222094435513944
2023-07-19,0.022217613426873305,0.004443522685374661,0.0022217613426873304,0.5,0.003792795261012133,-0.0010244071333035398,0.008470153458069118,10,-0.004759364870110305,0.004155262876177912,0.002654717310410071
2023-07-20,0.0045304822044511806,0.005410693920159397,0.0027053469600796984,0.5,0.005282648733767576,-0.006756896218903741,0.007117275205842377,10,-0.009114806554635813,0.0011098529407833403,0.002771278822169787
2023-07-21,-0.006791485602122652,0.00314630035884463,0.001573150179422315,0.5,0.005179868952582104,-0.006756896218903741,0.007117275205842377,10,0.007080990740801818,0.0013795532718236636,0.003090198328221627
2023-07-24,-0.003997746366420178,0.003705048205985125,0.0018525241029925625,0.5,0.005201801408126802,-0.006756896218903741,0.007117275205842377,10,0.0037100593552554795,0.0014153075443444686,0.0032531111102238495
2023-07-25,0.011954869584346328,0.0023909739168692656,0.0011954869584346328,0.5,0.004300530910965642,-0.006756896218903741,0.004034153877153557,10,-0.001219480525597394,0.0005547871734872256,0.002860357339790609
2023-07-26,0.011155647219851888,0.002334755375169436,0.001167377687584718,0.5,0.004182345260868633,-0.006756896218903741,0.004034153877153557,10,-0.0029701122483547504,5.211732698109373e-05,0.0021036901015795027
2023-07-27,-0.006275719349550513,0.0031315927709475444,0.0015657963854737722,0.5,0.00404759279638237,-0.006424666064487883,0.004034153877153557,10,-0.006269227167689295,0.0001185633578642653,0.0006142081493238028
2023-07-28,0.0054962297224431245,0.005485982585346272,0.002742991292673136,0.5,0.005968217921561046,-0.006424666064487883,0.009877842794752345,10,0.016302508859240228,0.002029313012435119,0.0017044331421293911
2023-07-31,0.00820314945130629,0.005923740599919847,0.0029618702999599233,0.5,0.005862104757356465,-0.006424666064487883,0.009877842794752345,10,-0.008409129854233033,0.00151622482510827,0.0014657661847263693
2023-08-01,0.01446911349342661,0.004670547791495783,0.0023352738957478913,0.5,0.006067308670039883,-0.006424666064487883,0.009877842794752345,10,-0.004133800579735003,0.00042027262695389924,0.00048752990022056243
2023-08-02,-0.025059860058407137,0.005991113972027636,0.002995556986013818,0.5,0.00884320157782724,-0.013839541336347905,0.009877842794752345,10,-0.011174453697132214,-0.002316547860955964,-0.0011322152669874352
2023-08-03,-0.031754338026650696,0.006350867605330139,0.0031754338026650695,0.5,0.00855832972714462,-0.013839541336347905,0.009877842794752345,10,0.011291567495921084,-0.0015412094161437518,-0.0007113230291397432
2023-08-04,-0.03614598221970874,0.007229196443941747,0.0036145982219708737,0.5,0.00571490395845181,-0.013839541336347905,0.0014687129405193122,10,-0.0027521003146236955,-0.004576792806104324,-0.0012737398968346025
2023-08-07,0.001960074639809073,0.005624046924946706,0.002812023462473353,0.5,0.008180154416207243,-0.013839541336347905,0.00902409277936278,10,0.014324166934413296,-0.0030657168383356305,-0.0007747460066136802
2023-08-08,-0.0008237740341347315,0.006180816659735466,0.003090408329867733,0.5,0.008190621572925317,-0.013839541336347905,0.00902409277936278,10,-0.013242375824155883,-0.0033763559194511126,-0.0014780416462486067
2023-08-09,-0.0037215344100457086,0.0067603687349176616,0.0033801843674588308,0.5,0.006384153403106767,-0.007038730380597102,0.00902409277936278,10,-0.0028204473358039994,-0.0020161937283009524,-0.0021663707946284584
2023-08-10,-0.01834383246803406,0.0038359091233199916,0.0019179545616599958,0.5,0.006448240231716102,-0.007038730380597102,0.00902409277936278,10,0.007289444325166872,-0.0014564561713016344,-0.0014988327937226931
2023-08-11,-0.013096181343417352,0.00278637889839665,0.001393189449198325,0.5,0.006085149327815457,-0.007038730380597102,0.00902409277936278,10,-0.001320406314592848,-0.000610379814296147,-0.0025935863102002354
2023-08-14,0.008219162210416261,0.0023569606887653047,0.0011784803443826524,0.5,0.004837620206569373,-0.007038730380597102,0.005750475751703066,10,0.0068201681217261445,-0.0012651032198280898,-0.00216541002908186
2023-08-15,-0.011450210078602918,0.006123692516855961,0.0030618462584279804,0.5,0.006706961558806407,-0.011550909428841738,0.005750475751703066,10,-0.017301385180544804,-0.0027316284966378166,-0.0030539922080444646
2023-08-16,-0.022259714812860598,0.008285593463707497,0.004142796731853748,0.5,0.006793333930545965,-0.011550909428841738,0.005750475751703066,10,0.003995514218264051,-0.0028349614626339338,-0.002425577595467443
2023-08-17,-0.04469869611409401,0.008939739222818802,0.004469869611409401,0.5,0.006822512209923655,-0.011550909428841738,0.005750475751703066,10,-0.00015751781845929624,-0.004427686857355284,-0.0029420715143284593
2023-08-18,-0.025695025109359247,0.005139005021871849,0.0025695025109359246,0.5,0.006947132352192991,-0.011550909428841738,0.005750475751703066,10,0.007564206203036106,-0.004243489748550844,-0.0024269347814234953
2023-08-21,-0.0016373855604031227,0.004913602791277949,0.0024568013956389745,0.5,0.007359185053252677,-0.011550909428841738,0.006879188518795987,10,0.007027895344796864,-0.00401774719513226,-0.0026414252074801747
2023-08-22,0.006588358273275826,0.003268454024542159,0.0016342270122710796,0.5,0.006042051009915757,-0.007712913029036983,0.006879188518795987,10,-0.0096566552476256,-0.002263058655129835,-0.002497343575883826
2023-08-23,0.02524433625989827,0.006900511737866062,0.003450255868933031,0.5,0.007515382199594325,-0.007712913029036983,0.011044879965972587,10,0.013822346694802201,0.0014569963801802199,-0.0006889825412268568
2023-08-24,-0.008650935710005267,0.009093440452649445,0.004546720226324723,0.5,0.009456371587955762,-0.013457974663146133,0.011044879965972587,10,-0.02450285462911872,0.00030798405335838994,-0.0020598514019984472
2023-08-25,0.0071747855674192396,0.010406940222247937,0.0052034701111239685,0.5,0.00986332750234562,-0.013457974663146133,0.011044879965972587,10,0.020175940700771222,0.0016813186260835832,-0.0012810855612336303
2023-08-28,-0.0007923147841409905,0.008813520151935891,0.0044067600759679455,0.5,0.009785884943863366,-0.013457974663146133,0.011044879965972587,10,-0.0004533462825886403,0.0015584048733316759,-0.001229671160900292
2023-08-29,0.04581815497867958,0.009163630995735916,0.004581815497867958,0.5,0.010865021492048271,-0.013457974663146133,0.01450830719454621,10,0.008243687439509761,0.005015559658006841,0.001376250501438503
2023-08-30,0.04101018175515114,0.008202036351030229,0.004101018175515114,0.5,0.010330033448446848,-0.013457974663146133,0.01450830719454621,10,-0.010675125091038185,0.0035732200855139286,0.0025151082328470744
2023-08-31,0.02790758797659998,0.006646141936716162,0.003323070968358081,0.5,0.005817440237273308,-0.0015969365120942491,0.01450830719454621,10,-0.005430118615602275,0.005945427715724305,0.0031267058845413477
2023-09-01,0.006725624752358014,0.0024097492918677688,0.0012048746459338844,0.5,0.0060647841683182085,-0.0015969365120942491,0.01450830719454621,10,0.0033960657720952803,0.004961660360199493,0.0033214894931415384
2023-09-05,-0.0066533080659988055,0.002530081119867115,0.0012650405599335575,0.5,0.007200361188904162,-0.004194177587506065,0.01450830719454621,10,-0.005993306847507096,0.002869900891690991,0.002214152882511333
2023-09-06,-0.015611079464929827,0.004321635399653319,0.0021608176998266595,0.5,0.004373389810067233,-0.006971599351452862,0.003833182103508026,10,-0.002777421763946797,-0.0014260804175088237,0.0017947396202490085
2023-09-07,-0.023961738125241605,0.004792347625048321,0.0023961738125241605,0.5,0.003244547316557899,-0.006971599351452862,0.0017991292600010311,10,0.0037603334152668255,-0.002834970025447636,0.0003691250300331461
2023-09-08,-0.014593737609997121,0.0038698293364265077,0.0019349146682132539,0.5,0.003771883244196479,-0.006971599351452862,0.0017991292600010311,10,0.004637888657826661,-0.0022302581787006616,0.001857584768511822
2023-09-11,0.00823134981954965,0.0037871139213672875,0.0018935569606836438,0.5,0.005384969879357282,-0.006971599351452862,0.006723453106275201,10,0.0052968303846345766,-0.0012453934094458275,0.001858133475376833
2023-09-12,0.004090317038478175,0.004615320477581582,0.002307660238790791,0.5,0.00562699141781978,-0.006971599351452862,0.006723453106275201,10,-0.012419338711104122,-0.0015457350129103986,0.0006620829393902961
2023-09-13,0.0037819996781849703,0.0045536570055229415,0.0022768285027614707,0.5,0.004782523067432864,-0.005695885604828921,0.006723453106275201,10,0.006937517910293622,9.691131847311407e-05,-0.0006645845495178548
2023-09-14,0.006626109279672851,0.005122478925820517,0.0025612394629102586,0.5,0.005542599771210759,-0.005695885604828921,0.00842991886716793,10,0.007188286561703228,0.002425148279143907,-0.00020491087315186452
2023-09-15,-0.0041467696100753555,0.007277054703770158,0.003638527351885079,0.5,0.0086267417879471,-0.012159612938677844,0.00842991886716793,10,-0.020589531805845773,-0.0002920988529197865,-0.001261178515810224
2023-09-18,-0.005014010623967483,0.007103606500991733,0.0035518032504958663,0.5,0.007782777148800387,-0.012159612938677844,0.00842991886716793,10,0.012880900635807269,-0.001492531934748942,-0.0013689626720973847
2023-09-19,-0.022648893094868727,0.005010637083726695,0.0025053185418633475,0.5,0.007458864942979677,-0.012159612938677844,0.00842991886716793,10,-0.0028722983125022417,-0.0007835569368577211,-0.00116464597488406
2023-09-20,-0.01804086279383832,0.004089031023520613,0.0020445155117603067,0.5,0.008215290228607112,-0.012159612938677844,0.00842991886716793,10,-0.007243784142686782,-0.0029108423495625814,-0.0014069655155447337
2023-09-21,-0.04657789912775305,0.00931557982555061,0.004657789912775305,0.5,0.007071411331211985,-0.01640093410321941,0.0007212876971294246,10,-0.007006139345159812,-0.007877012943640049,-0.002725932332248071
2023-09-22,-0.04681887889745495,0.00936377577949099,0.004681887889745495,0.5,0.006952898700007358,-0.01640093410321941,0.0007212876971294246,10,0.01410533562602545,-0.0059042100513432725,-0.00309815445213153
2023-09-25,-0.02445577914911956,0.007573199223785003,0.0037865996118925014,0.5,0.007839713417501452,-0.01640093410321941,0.0040230650909416354,10,0.006318663568135596,-0.005243854572580831,-0.003368193253664886
2023-09-26,-0.021678445628534236,0.007017732519667937,0.0035088662598339684,0.5,0.008583162672391618,-0.01640093410321941,0.0040230650909416354,10,-0.01875759908180985,-0.00776055924767991,-0.0042720580922688154
2023-09-27,-0.017470258065302263,0.006328971047518357,0.0031644855237591787,0.5,0.009183209971369026,-0.01640093410321941,0.0040230650909416354,10,0.014963848051613438,-0.005835737483918945,-0.004373289916740764
2023-09-28,-0.014353409932677346,0.006952340674043341,0.0034761703370216703,0.5,0.008121944269290334,-0.014734533990868215,0.005893173970516585,10,0.005663859909771363,-0.0013769158691717466,-0.0046269644064058976
2023-09-29,0.005688176575199636,0.0029440233724679445,0.0014720116862339723,0.5,0.008135749195367754,-0.014734533990868215,0.005893173970516585,10,-0.008602756056658611,-0.0014597125909613594,-0.003681961321152316
2023-10-02,0.0054382657332755855,0.0028940412040831345,0.0014470206020415672,0.5,0.0076478596093609635,-0.014734533990868215,0.005893173970516585,10,0.0027889496417328186,-0.002248452098031528,-0.0037461533353061794
2023-10-03,-0.0272904770080179,0.0055110071053307745,0.0027555035526653873,0.5,0.0072458583291523625,-0.013744071674259506,0.005893173970516585,10,-0.013823439229850298,-0.0020503596347097863,-0.004905459441194848
2023-10-04,-0.009258248602513341,0.007311064729003669,0.0036555323645018345,0.5,0.008596810430653875,-0.013744071674259506,0.008109754957160709,10,0.021853826631420215,-0.00047427145542668916,-0.0031550044696728174
2023-10-05,-0.011563911461460002,0.007719285597065806,0.003859642798532903,0.5,0.007832700478105449,-0.013744071674259506,0.008109754957160709,10,-0.009413785116937912,-0.0019137122814854469,-0.0016453140753285966
2023-10-06,0.031034363020046585,0.007076226043860785,0.0035381130219303927,0.5,0.00988754148359365,-0.013744071674259506,0.011814893014644445,10,0.013118923174421648,0.0009911827386718474,-0.00023426492614475602
2023-10-09,0.02802452859084592,0.0064742591580206526,0.0032371295790103263,0.5,0.010132844263833297,-0.013744071674259506,0.011814893014644445,10,-0.005511038715004135,0.002236080087481751,-6.186005274888551e-06
2023-10-10,0.0388778968261283,0.00777557936522566,0.00388778968261283,0.5,0.004804399027977103,-0.001304030159777203,0.011814893014644445,10,-0.0010958635182480858,0.006026492578612097,0.0019880664719511554
2023-10-11,0.02634142208677711,0.005268284417355422,0.002634142208677711,0.5,0.004692559933758668,-0.001304030159777203,0.011814893014644445,10,-0.0009149826103584946,0.005263143221386701,0.0023944358829800063
2023-10-12,0.005424274343845773,0.005249144432848148,0.002624572216424074,0.5,0.006567678674074786,-0.00624643434611849,0.011814893014644445,10,-0.01053944251715222,0.004274662384118444,0.0011804750513164986
2023-10-13,-0.011620475106420464,0.005186100468639913,0.0025930502343199566,0.5,0.006028619902650267,-0.00624643434611849,0.00630385429964031,10,0.0012275754573509712,0.000907912003436051,0.0009495473710539493
2023-10-16,-0.0011182064182602147,0.007286554206271963,0.0036432771031359814,0.5,0.007183428692222426,-0.00624643434611849,0.01059436938392988,10,0.0156132282726974,0.001766015020293965,0.002001047553887858
2023-10-17,0.009128775736799896,0.005237157775259941,0.0026185788876299707,0.5,0.0069354818116689355,-0.00624643434611849,0.01059436938392988,10,-0.010692614437012304,0.0007047678533990354,0.0033656302160055664
2023-10-18,-0.004839493626114984,0.008030811647842917,0.0040154058239214585,0.5,0.008886230060364446,-0.013399820506516447,0.01059436938392988,10,-0.013301575453434022,-0.002833797882111,0.0012146726696378508
2023-10-19,-0.036634856259866545,0.007326971251973309,0.0036634856259866546,0.5,0.009153219531646044,-0.013399820506516447,0.01059436938392988,10,0.004916972310195389,-0.0032810806521515134,0.0004967908659834653
2023-10-20,-0.05744658736977511,0.011489317473955022,0.005744658736977511,0.5,0.010089894396692676,-0.013399820506516447,0.01059436938392988,10,-0.004102435522706505,-0.004794365618203522,-0.0019432268073837355
2023-10-23,-0.037922836349186806,0.007584567269837361,0.0037922836349186806,0.5,0.006122008246867067,-0.013399820506516447,-9.824505308242415e-05,10,0.010899713824864099,-0.007250353473822191,-0.0027421692267641127
2023-10-24,-0.011675102317439585,0.0071788819453061,0.00358944097265305,0.5,0.008640543413471823,-0.013399820506516447,0.007265792222727274,10,0.008951362116890738,-0.005777546018660251,-0.002536389082630608
2023-10-25,-0.014599010498581217,0.007763663581534426,0.003881831790767213,0.5,0.008855358607863437,-0.014339628627712542,0.007265792222727274,10,-0.021605420850439816,-0.00596550764289947,-0.004399652762505235
2023-10-26,-0.03151059363849148,0.011145980209516479,0.005572990104758239,0.5,0.009212902261055936,-0.014339628627712542,0.007265792222727274,10,0.0025071088496029237,-0.006635441959257182,-0.0049582613057043475
2023-10-27,-0.051620714392651146,0.01032414287853023,0.005162071439265115,0.5,0.008592965408236486,-0.014339628627712542,0.007265792222727274,10,0.0070322395483410904,-0.005078441261405375,-0.004936403439804449
2023-10-30,-0.007704629470030403,0.00954760744457935,0.004773803722289675,0.5,0.011601146284266518,-0.014339628627712542,0.012010022325859904,10,0.01681030255562843,-0.002339322817400702,-0.0047948381456114466
2023-10-31,0.022807832338874547,0.007761753287620595,0.0038808766438102973,0.5,0.011441750255582805,-0.014339628627712542,0.012010022325859904,10,-0.00553506501862655,-0.002497489800499486,-0.004137517909579868
2023-11-01,0.0483182985323453,0.00966365970646906,0.00483182985323453,0.5,0.010356737299913758,-0.011832519778109618,0.012010022325859904,10,0.004031042179080568,0.0024716358223058066,-0.0017469359102968319
2023-11-02,0.05973252302279149,0.011946504604558298,0.005973252302279149,0.5,0.008726137603392544,-0.004800280229768528,0.01885855702012762,10,0.008352557533813698,0.008609851181953255,0.000987204611348036
2023-11-03,0.06459714459912151,0.012919428919824302,0.006459714459912151,0.5,0.004611690717476228,0.006474957307233353,0.01885855702012762,10,-0.009464826767096257,0.011448653278513233,0.0031851060085539284
2023-11-06,0.05000879949199104,0.010001759898398207,0.005000879949199104,0.5,0.006279333898622325,0.0017529924220356374,0.01885855702012762,10,-0.007640737830995725,0.009397247297748379,0.0035289622401738384
2023-11-07,0.023311402657253767,0.004662280531450754,0.002331140265725377,0.5,0.006883565220930788,0.0017529924220356374,0.01885855702012762,10,0.0010871264972496242,0.00867027962015876,0.003086394909829637
2023-11-08,0.009330044939043583,0.0018660089878087167,0.0009330044939043584,0.5,0.00753106399322076,0.0010049156221052513,0.01885855702012762,10,-0.0018352032971800103,0.006770062847317027,0.004620849334811416
2023-11-09,-0.007064674608903884,0.003976291282707785,0.0019881456413538925,0.5,0.0062489173732181895,-0.008083839306732843,0.009393730253031363,10,-0.009088754928838094,0.0013815835819449341,0.004995717381949094
2023-11-10,0.014229195683708173,0.008235065341230197,0.004117532670615098,0.5,0.008468886016455,-0.008083839306732843,0.015616441094852496,10,0.02370028040158534,0.0026261257503091607,0.007037389514411197
2023-11-13,0.011161271424798835,0.008178706444941897,0.004089353222470948,0.5,0.008613514810209858,-0.008083839306732843,0.015616441094852496,10,-0.016452280028092847,0.0021083594792539627,0.005752803388501171
2023-11-14,0.05642603310878995,0.011842432577251557,0.005921216288625779,0.5,0.011525929260376575,-0.008083839306732843,0.019075017703661823,10,0.019910856636902174,0.005355339236129275,0.007012809428144018
2023-11-15,0.033060318076631644,0.007169289570819896,0.003584644785409948,0.5,0.011472978068522738,-0.008083839306732843,0.019075017703661823,10,-0.01747800562810431,0.005473758526819727,0.006121910687068377
2023-11-16,0.036437428621332035,0.007287485724266407,0.0036437428621332035,0.5,0.009271636385478848,-0.0008358389332403515,0.019075017703661823,10,-0.00040658468197762865,0.007328611866882273,0.004355097724413603
2023-11-17,0.006782480882455699,0.0013564961764911398,0.0006782480882455699,0.5,0.008225430300595384,-0.0008358389332403515,0.019075017703661823,10,9.162166675613648e-05,0.004461733459978978,0.0035439296051440693
2023-11-20,0.01643792425207624,0.0032875848504152483,0.0016437924252076241,0.5,0.007707287374155059,0.0011904273935798848,0.019075017703661823,10,0.0061082290369938175,0.006106956866093016,0.004107658172673489
2023-11-21,0.011085660104334278,0.0035644194175770507,0.0017822097087885254,0.5,0.0034092984743856664,-0.0020209310950652926,0.007390278097329839,10,-0.009411209192395131,0.001887767106347593,0.003621553171238434
2023-11-22,0.015717460372018377,0.0044907794711138704,0.0022453897355569352,0.5,0.0035326284152808122,-0.0020209310950652926,0.007390278097329839,10,0.0060820603160117725,0.0023805905354253865,0.003927174531122557
2023-11-24,0.004395119656275444,0.0022263113279652838,0.0011131556639826419,0.5,0.003592093763951745,-0.0020209310950652926,0.007390278097329839,10,-0.003464255553062401,0.0022618797902862254,0.004795245828584249
2023-11-27,0.0045064090479007834,0.002204053449640216,0.001102026724820108,0.5,0.004072248940840933,-0.0020209310950652926,0.007390278097329839,10,-0.002551031127974168,0.0016146384862010033,0.0030381859730899906
2023-11-28,-0.0006286087693378277,0.0011770498861924938,0.0005885249430962469,0.5,0.002507958296451153,-0.0020209310950652926,0.00406112922094648,10,0.0029342759906934024,0.00033260657285569815,0.0032197817194743574
2023-11-29,-0.0032004792812084792,0.0012935082099772381,0.0006467541049886191,0.5,0.002292638321342751,-0.001954157460090089,0.00406112922094648,10,-0.0019263671698416251,0.0005475430640210944,0.0012176550851843437
2023-11-30,0.006363237915869013,0.0019034800093326771,0.0009517400046663386,0.5,0.002187421271183983,-0.001954157460090089,0.0037840728581564065,10,0.004730321497394718,0.0004921317914630796,0.0014363611634442331
2023-12-01,0.014519277237542982,0.003534687873667471,0.0017673439368337356,0.5,0.0032604040408007622,-0.001954157460090089,0.005873742123607695,10,0.0020896692654512883,0.0015475054826078027,0.001904692636447014
2023-12-04,0.007082176424653327,0.0050221080362454025,0.0025110540181227012,0.5,0.004366317808915402,-0.005408509126972105,0.005873742123607695,10,-0.0112822512505798,0.0008566351492313995,0.0012356368177162014
2023-12-05,-0.0001727278825430778,0.003950373658913746,0.001975186829456873,0.5,0.004410098295791771,-0.005408509126972105,0.005873742123607695,10,0.004839639400810669,0.0005468374978784496,0.0004397220353670739
2023-12-06,-0.01647263610333849,0.003294527220667698,0.001647263610333849,0.5,0.004838487985352207,-0.005408509126972105,0.005873742123607695,10,-0.003337333082708116,-4.5153336047798474e-05,0.0002511948639866479
2023-12-07,0.0058218608847698805,0.004147753866974635,0.0020738769334873175,0.5,0.005909593502390481,-0.005408509126972105,0.007968189065892917,10,0.011874391874762469,0.0007916699054995036,0.0006419008484812916
2023-12-08,0.013595806878273591,0.005323296581567753,0.0026616482907838765,0.5,0.0055710989068001775,-0.005408509126972105,0.007968189065892917,10,-0.003872691195952127,0.0004360210547661225,0.0009917632686869625
2023-12-11,0.026646968704221084,0.005329393740844217,0.0026646968704221083,0.5,0.004602675689697894,-0.003906202808869552,0.007968189065892917,10,-0.0001710035832418466,0.002302621737500332,0.0015796284433658657
2023-12-12,0.021032249461424936,0.004206449892284987,0.0021032249461424937,0.5,0.004371095728585293,-0.003906202808869552,0.007968189065892917,10,0.0006748632335162874,0.0033362671867756656,0.0019415523423270576
2023-12-13,0.03695754692993362,0.007391509385986724,0.003695754692993362,0.5,0.00414459814327074,0.003924494286698943,0.013650676351045998,10,0.009051318830830768,0.006847643018758775,0.0034012448413554886
2023-12-14,0.03482849392660081,0.006965698785320162,0.003482849392660081,0.5,0.004456376073604198,0.0026470624846992585,0.013650676351045998,10,-0.01100361386634674,0.005783417702520044,0.0032875438040097737
2023-12-15,0.027035815570728428,0.005457996109684486,0.002728998054842243,0.5,0.0051827377395944,-7.62494933082003e-05,0.013650676351045998,10,-0.002723311978007459,0.004949068229870246,0.002692544642318184
2023-12-18,0.011831928930485791,0.0024172187816359583,0.0012086093908179791,0.5,0.005159879158702242,-7.62494933082003e-05,0.013650676351045998,10,0.004604593860208617,0.00506983824591054,0.0036862299917054366
2023-12-19,0.01719750448750464,0.0034903338930397285,0.0017451669465198643,0.5,0.005162109535091562,-7.62494933082003e-05,0.013650676351045998,10,0.001338063452010152,0.005323248305649608,0.004329757746212637
2023-12-20,-0.007149191208659644,0.008359673032272585,0.004179836516136293,0.5,0.008321212423226948,-0.014684266911006771,0.005866407818910568,10,-0.02055067472991734,-0.0003437403467609457,0.0032519513359989148
2023-12-21,0.0024726812151772597,0.010284047517039966,0.005142023758519983,0.5,0.009612854361756636,-0.014684266911006771,0.010301467821202559,10,0.02498573473220933,0.0011871407205397144,0.003485279211529879
2023-12-22,-0.004537900938195542,0.008881931086365405,0.004440965543182703,0.5,0.009587132251516731,-0.014684266911006771,0.010301467821202559,10,-0.008641409294315672,0.001534402324578732,0.003241735277224489
2023-12-26,0.026988693022667043,0.005397738604533409,0.0026988693022667043,0.5,0.009564863921850136,-0.014684266911006771,0.010301467821202559,10,0.0025716309386238922,0.0014750713443008046,0.0032724547951056724
2023-12-27,0.012203676231460719,0.0024407352462921437,0.0012203676231460718,0.5,0.009256472210092953,-0.014684266911006771,0.010301467821202559,10,-0.0028012317190320157,0.0005878813298144436,0.002955564817732026
2023-12-28,0.010053869700055545,0.002010773940011109,0.0010053869700055544,0.5,0.004006580635088825,0.0003701746080437829,0.010301467821202559,10,-0.001060283138434981,0.0035987696336245547,0.0016275146434318044
2023-12-29,-0.0017097377647540268,0.0015423691226325031,0.0007711845613162516,0.5,0.002554397321694635,-0.0028264750133749628,0.0042316894655107795,10,-0.0031966496214187456,0.0009731810667090501,0.0010801608936243823
2024-01-02,-0.013528132351372513,0.002952409542303691,0.0014762047711518456,0.5,0.003837851221141204,-0.005660579005492328,0.0042316894655107795,10,-0.002834103992117365,-0.0004909464397667929,0.0005217279424059695
2024-01-03,-0.02750561490266349,0.005501122980532698,0.002750561490266349,0.5,0.003976228319467917,-0.008016314922730805,0.0014304577464787638,10,-0.0023557359172384773,-0.0029405473174151098,-0.0007327379865571526
2024-01-04,-0.02850879204263357,0.005701758408526714,0.002850879204263357,0.5,0.003148499640573833,-0.008016314922730805,0.0003701746080437829,10,0.004587933625373797,-0.003912315126182264,-0.0016622168981839103
2024-01-05,-0.016031683402141967,0.004423460799630148,0.002211730399815074,0.5,0.003667882148205845,-0.008016314922730805,0.0018256861788026324,10,0.005254067476159641,-0.0036212128120304945,-1.1221589202969895e-05
2024-01-08,0.020853223652153773,0.006456232262002093,0.0032281161310010464,0.5,0.008808259224699166,-0.008016314922730805,0.014114629309846638,10,0.012288943131044006,-0.00023299194738617411,0.000370094559661438
2024-01-09,0.02410402468123518,0.005806072056185811,0.0029030360280929055,0.5,0.008350656548468472,-0.008016314922730805,0.014114629309846638,10,-0.0155925299897548,0.0006035437177306591,5.62986389819331e-05
2024-01-10,0.03050450087277149,0.007086167294493073,0.0035430836472465366,0.5,0.006942965517556702,-0.0034283812973570083,0.014114629309846638,10,0.0071438725736325814,0.003340001081021704,0.0001997268818032971
2024-01-11,0.005861692725715647,0.0026049760506731503,0.0013024880253365752,0.5,0.006355629142596055,-0.0014779006799081618,0.014114629309846638,10,-0.00633702747211129,0.0038914662248157317,-1.042445068326625e-05
2024-01-12,0.009576486515746607,0.002362667688740568,0.001181333844370284,0.5,0.006460269360246081,-0.0014779006799081618,0.014114629309846638,10,0.0014220311724972845,0.0036765241078772883,2.765564792339692e-05
2024-01-16,-0.0060857003683660125,0.0017177904697468123,0.0008588952348734061,0.5,0.003505959531893335,-0.0037313402367431525,0.00566597189372442,10,-0.004482315830853567,0.00010733019855933002,-6.283087441342206e-05
2024-01-17,-0.01432876971103873,0.0033664043382813555,0.0016832021691406778,0.5,0.004358743303236047,-0.005616897183990499,0.00566597189372442,10,-0.0018855569472473466,-0.0007204691022571375,-5.846269226323919e-05
2024-01-18,-0.000904960761396086,0.006051166128209884,0.003025583064104942,0.5,0.005567235630428724,-0.005616897183990499,0.008805260963896,10,0.014422158147886499,-9.261128822282138e-05,0.0016236948963994414
2024-01-19,0.025836444241402745,0.008911886970940882,0.004455943485470441,0.5,0.0078075887328898355,-0.005616897183990499,0.012313502764936146,10,0.003508241801040146,0.002504300380441782,0.0031978833026287566
2024-01-22,0.03885514821909871,0.007771029643819742,0.003885514821909871,0.5,0.0077530486338247846,-0.005616897183990499,0.012313502764936146,10,-0.010119177562309067,0.0027929703021451146,0.003234747205011201
2024-01-23,0.0290486703825521,0.00580973407651042,0.00290486703825521,0.5,0.00687453980282656,-0.005616897183990499,0.012313502764936146,10,0.0007270490593409562,0.004123513201887352,0.0021154217002233413
2024-01-24,0.009879379793963732,0.0019758759587927464,0.0009879379793963732,0.5,0.0049209305428735755,0.0008119284117831249,0.012313502764936146,10,-0.00210944585018491,0.005409278321042077,0.0023444046093924697
2024-01-25,0.014989447002429213,0.0029978894004858425,0.0014989447002429213,0.5,0.004550781521065764,0.0008119284117831249,0.012313502764936146,10,0.004448437115923243,0.00470029923380415,0.0023038439727906647
2024-01-26,0.009034181147355066,0.0022413597301886488,0.0011206798650943244,0.5,0.0022306193909496248,-0.0006517852510764532,0.005260365527706368,10,-0.005912150778782821,0.0021072416306016305,0.0023057710055217062
2024-01-29,0.02027559195468468,0.004489641891654572,0.002244820945827286,0.5,0.0033106384350333755,-0.0006517852510764532,0.007556774896180896,10,0.008208560147257349,0.003179731569312394,0.0029863509357287545
2024-01-30,0.010507232850940906,0.0029364033605990825,0.0014682016802995412,0.5,0.0037277644882132066,-0.0006517852510764532,0.007556774896180896,10,-0.008157424830720794,0.0024753267300108074,0.00329941996594908
2024-01-31,-0.015249366083261624,0.008087723147439588,0.004043861573719794,0.5,0.009230827406711701,-0.016105744611597972,0.007556774896180896,10,-0.015505094677058073,-0.0009082078746654121,0.0022505352231883325
2024-02-01,-0.007021177224213471,0.00973336091924922,0.00486668045962461,0.5,0.010861952263831015,-0.016105744611597972,0.012493688211609788,10,0.02859943282320776,0.000538456662115272,0.002619377947959711
2024-02-02,0.011787316129210728,0.013094626300240794,0.006547313150120397,0.5,0.01170203428025856,-0.016105744611597972,0.012493688211609788,10,-0.001809242134095168,0.0028057029278334865,0.0024564722792175587
2024-02-05,0.0333196612707537,0.008788157271932199,0.004394078635966099,0.5,0.011597406997249322,-0.016105744611597972,0.012493688211609788,10,-0.01387078360418681,0.0006570804432628697,0.0019184060062876318
2024-02-06,0.016347532296343375,0.005393731477050134,0.002696865738525067,0.5,0.011591550337879498,-0.016105744611597972,0.012493688211609788,10,0.005496748353635783,0.001239292595563568,0.0018573096627871877
2024-02-07,0.012275885439469076,0.004579402105675275,0.0022897010528376374,0.5,0.006462950301863809,-0.0031863375266721894,0.012493688211609788,10,0.005931047136426448,0.006108733110561171,0.0026002626179478794
2024-02-08,0.01853742008529798,0.003707484017059596,0.001853742008529798,0.5,0.005669000621795822,-0.0031863375266721894,0.01068444607751462,10,-0.007670874702564889,0.0037241121204042438,0.002131284391259758
2024-02-09,0.024257304582957863,0.004851460916591573,0.0024257304582957864,0.5,0.0044523138326190695,-0.0031863375266721894,0.008241457963390042,10,0.005171758264734372,0.002735691210013225,0.0027706970689233557
2024-02-12,0.008939951975420005,0.0024206261291724505,0.0012103130645862252,0.5,0.0037682024732174487,-0.0009489536011326738,0.008241457963390042,10,-0.006691295126692198,0.0031831679951211276,0.0019201242191919988
2024-02-13,-0.01480144621533101,0.006788516926772552,0.003394258463386276,0.5,0.008501566238292001,-0.013674255653625456,0.008241457963390042,10,-0.012725302052492782,-1.3765300996682051e-05,0.000612763647283443
2024-02-14,-0.008405743299567484,0.008067657509925255,0.004033828754962628,0.5,0.00884074913665085,-0.013674255653625456,0.009579763275017639,10,0.023254018928643094,0.0002538957613288373,0.0031813144359450042
2024-02-15,0.0028779305102027974,0.009691756537790863,0.004845878268895432,0.5,0.009192614282404341,-0.013674255653625456,0.009579763275017639,10,-0.0037585125902881433,0.001304029246109706,0.0025140706832569746
2024-02-16,0.017662573537725046,0.0067348279322864135,0.0033674139661432068,0.5,0.009129303520566161,-0.013674255653625456,0.009579763275017639,10,-0.010624720521841602,-0.0008051330264246204,0.0009652790917943022
2024-02-20,-0.00831256858924656,0.005543347507668976,0.002771673753834488,0.5,0.009424497862199645,-0.013674255653625456,0.009579763275017639,10,-0.0012018521640532187,-0.0018164067064311506,0.0006833806443449885
2024-02-21,-0.015907653192158883,0.004024330587086511,0.0020121652935432555,0.5,0.0066995280499128175,-0.006005322001165325,0.009579763275017639,10,0.007269521924147426,0.0011712844088903607,0.0005787595539468393
2024-02-22,0.027302936898718023,0.009464135380520489,0.004732067690260244,0.5,0.010957301152946937,-0.006005322001165325,0.02112288421741404,10,0.01985868429443194,0.003479908597369641,0.0018669021793492392
2024-02-23,0.03789171947767955,0.007578343895535911,0.0037891719477679553,0.5,0.01093830062249383,-0.006005322001165325,0.02112288421741404,10,-0.02077493667120245,0.00238524796966606,0.0018446386078878828
2024-02-26,0.02947346735572509,0.008419194371272068,0.004209597185636034,0.5,0.010779550670536868,-0.006005322001165325,0.02112288421741404,10,-0.004134698896402167,0.0025885916670503662,0.0008917293203128729
2024-02-27,-0.002887423507631863,0.001947016198600678,0.000973508099300339,0.5,0.009744535305800462,-0.003786751350190576,0.02112288421741404,10,0.005493101049590443,0.0041309260071634045,0.001157259650366127
2024-02-28,-0.00623092785203542,0.002383752036673662,0.001191876018336831,0.5,0.01004254926225907,-0.003786751350190576,0.02112288421741404,10,-0.003364504759830411,0.0035464550104808757,0.002358869709685618
2024-02-29,0.00879548222686414,0.002864533152326524,0.001432266576163262,0.5,0.0034201274218047407,-0.003786751350190576,0.005229094697149161,10,0.006887249757579705,0.00036769710642789997,0.0019238028518987703
2024-03-01,0.019297947642677078,0.004965026235489112,0.002482513117744556,0.5,0.004832844768610633,-0.003786751350190576,0.00800782894888763,10,0.0027787342517384683,0.0018996733869631078,0.002142460678314584
2024-03-04,0.020072769291863045,0.004810061905651919,0.0024050309528259595,0.5,0.004162665623038922,-0.001658155060430544,0.00800782894888763,10,-0.009201091019806595,0.0024183712428174297,0.002503481454933898
2024-03-05,-0.005630890009126569,0.006464730634417067,0.0032323653172085334,0.5,0.007062825391360784,-0.010193100883444606,0.00800782894888763,10,-0.00899983881252564,3.848112624853517e-05,0.0020847035667059697
2024-03-06,-0.01040876625181486,0.005509155385879409,0.0027545776929397046,0.5,0.0073048991293359926,-0.010193100883444606,0.00800782894888763,10,0.01533420408671926,0.001398332778989575,0.0024723938947352254
2024-03-07,0.00875355040963588,0.008546110670890247,0.0042730553354451235,0.5,0.008260349009431045,-0.010193100883444606,0.010304127925951478,10,0.005163024722676823,0.0024133394247500385,0.001390518265588969
2024-03-08,0.014861186876313586,0.007324583377554705,0.0036622916887773527,0.5,0.00835659768964454,-0.010193100883444606,0.010304127925951478,10,-0.01683264692938946,-0.0004939301657150841,0.0007028716106240118
2024-03-11,0.0044222847252783914,0.005984961672245308,0.002992480836122654,0.5,0.008355172000560341,-0.010193100883444606,0.010304127925951478,10,0.0054062809160915215,-0.00047972536900058315,0.0009693229369084233
2024-03-12,0.005918384817636587,0.006284181690716946,0.003142090845358473,0.5,0.007579502506735977,-0.0065285190034379825,0.011201787981366396,10,0.012324026068712857,0.003799252403961617,0.001918866765105076
2024-03-13,0.013591700297798659,0.004749518594684532,0.002374759297342266,0.5,0.007917889830503644,-0.0065285190034379825,0.011201787981366396,10,-0.013126317696707135,0.0023861258202385383,0.0018922292996140567
2024-03-14,0.010676944506497105,0.005332469752944842,0.002666234876472421,0.5,0.0067267788171519695,-0.0065285190034379825,0.011201787981366396,10,-0.0009465618467866532,-0.0002489180773772359,0.0010822106736864013
2024-03-15,-0.01879756460321606,0.003759512920643212,0.001879756460321606,0.5,0.006716158834050442,-0.006482917484461503,0.011201787981366396,10,-0.003611825922334111,-0.0002397977735819401,-0.0003668639696485121
2024-03-18,-0.005059915902727585,0.005224022850513747,0.0026120114252568736,0.5,0.007272935161656705,-0.006482917484461503,0.011201787981366396,10,0.012800976989413848,0.001248261744877821,0.00038426818793861893
2024-03-19,0.009140486117690805,0.006150042213179163,0.0030750211065895816,0.5,0.005606048403046597,-0.006482917484461503,0.006318059504952345,10,-0.0006689098548287031,0.00013773407862927023,0.0019684932412954437
2024-03-20,0.03478563844653763,0.006957127689307526,0.003478563844653763,0.5,0.006611665556930681,-0.006482917484461503,0.008904173912846591,10,0.0032550242627229498,0.0023034748042667363,0.002344800312252637
2024-03-21,0.02964976494081043,0.0059299529881620865,0.0029649764940810432,0.5,0.005947485378698523,-0.006482917484461503,0.008904173912846591,10,-0.005667638511330564,0.0035250001969954203,0.0016380410598090922
2024-03-22,0.017897535775578215,0.004514299054459436,0.002257149527229718,0.5,0.003887361969111182,-0.0014021878490156903,0.008904173912846591,10,-0.004638723250531718,0.004541146124084583,0.0021506741752513213
2024-03-25,-0.0020343615000019875,0.0025645625676777493,0.0012822812838388746,0.5,0.004935055506850551,-0.0030549644525015296,0.008904173912846591,10,-0.0016527766034858393,0.002666541332593808,0.0019574015387358147
2024-03-26,-0.012094912544245811,0.002418982508849162,0.001209491254424581,0.5,0.005102132899766661,-0.0030549644525015296,0.008904173912846591,10,0.0002551692274712636,0.0009767523575630265,0.0005572432180961484
2024-03-27,0.004626444746668549,0.00482846206768824,0.00241423103384412,0.5,0.0049962448933385615,-0.0030549644525015296,0.008630626525532925,10,0.011430421750563191,0.0009220428801002933,0.001612758842183515
2024-03-28,0.011578861346136133,0.004182302419247404,0.002091151209623702,0.5,0.0048381779145016705,-0.0030549644525015296,0.008630626525532925,10,-0.007514141018353904,0.0004980329012328922,0.002011516549114156
2024-04-01,0.012889212487659136,0.003920232190942803,0.0019601160954714016,0.5,0.004905468484730184,-0.0030549644525015296,0.008630626525532925,10,-0.0031300700472954857,0.00037575356301273733,0.0024584498435486603
2024-04-02,-0.013560263510177622,0.003456376373488205,0.0017281881867441025,0.5,0.005894249316960669,-0.0072390590731691296,0.008630626525532925,10,-0.005225474533052665,-0.00046106536112078267,0.0011027379857365127
2024-04-03,-0.013602535414329136,0.003447921992657902,0.001723960996328951,0.5,0.005763689822149065,-0.0072390590731691296,0.008630626525532925,10,0.008330181437857243,0.0003171181568228931,0.0006469352571929598
2024-04-04,-0.030803788431434387,0.006888172596078952,0.003444086298039476,0.5,0.005829224381024123,-0.012334336350379616,0.0011164855071790214,10,-0.013425458715067728,-0.003875874418359615,-0.0014769157691296609
2024-04-05,-0.00024003301893301315,0.008174884296466475,0.0040874421482332375,0.5,0.008878591594396327,-0.012334336350379616,0.011099194174331695,10,0.02343353052471131,-0.0018793326849290803,-0.0006906498918480941
2024-04-08,-0.002682955290609727,0.007936053841009741,0.003968026920504871,0.5,0.008902617938884253,-0.012334336350379616,0.011099194174331695,10,-0.01147382517264961,-0.0015515419765693705,-0.0005878942067783166
2024-04-09,0.020283427282103604,0.004306439455299331,0.0021532197276496654,0.5,0.008345305628530884,-0.012334336350379616,0.011099194174331695,10,0.001820124191566297,0.0001853684767141317,-0.00013784844220332548
2024-04-10,-0.01397686409029671,0.0037590349468915965,0.0018795174734457982,0.5,0.009333789627679326,-0.012334336350379616,0.011099194174331695,10,-0.010902473842356875,-0.0019242521260451895,-0.0008035669846111482
2024-04-11,-0.000944482908790863,0.006115757184314156,0.003057878592157078,0.5,0.007900077969525111,-0.009456980649108493,0.011099194174331695,10,0.016901778359694086,0.0020315746861478525,-0.0009221498661058814
2024-04-12,-0.027604785390540898,0.010484155551831909,0.005242077775915954,0.5,0.008814921383257132,-0.01455068829580164,0.007444797710585593,10,-0.021995486006387233,-0.0030984018078788144,-0.0024888672464039472
2024-04-15,-0.031878742554963445,0.011338946984716417,0.005669473492358208,0.5,0.009432421289555511,-0.01455068829580164,0.007444797710585593,10,0.0025293333480396196,-0.0054277465977676355,-0.003489644287168503
2024-04-16,-0.04771425042816635,0.00954285008563327,0.004771425042816635,0.5,0.008910012844492545,-0.01455068829580164,0.007444797710585593,10,0.009964847934425869,-0.0061281466390845415,-0.002971389081185205
2024-04-17,-0.03309744114289933,0.006619488228579866,0.003309744114289933,0.5,0.008716217865759796,-0.01455068829580164,0.007444797710585593,10,-0.0037240957113052753,-0.005392871054191129,-0.003658561590118159
2024-04-18,-0.016742116429959708,0.0033484232859919416,0.0016742116429959708,0.5,0.005713810921311605,-0.01455068829580164,-0.0020565070133361507,10,0.003572442604643178,-0.007323462620307896,-0.0026459439670800224
2024-04-19,-0.027912184953459707,0.005582436990691941,0.0027912184953459707,0.5,0.004292651944901132,-0.01202135494776202,-0.0020565070133361507,10,-0.006550388007437902,-0.006165034586634799,-0.004631718197256806
2024-04-22,-0.0037257669599460863,0.006565985439633715,0.0032829927198168574,0.5,0.0066177051408214055,-0.00875854812743615,0.008731248071466746,10,0.017489796198902896,-0.002014513982789046,-0.0037211302902783404
2024-04-23,0.0198954603581721,0.009818124156591853,0.004909062078295927,0.5,0.009100427612704211,-0.00875854812743615,0.011964576270872662,10,0.003233328199405916,0.0007897026740527168,-0.0026692219825159126
2024-04-24,0.03484805733949048,0.006969611467898096,0.003484805733949048,0.5,0.008385256606509071,-0.00875854812743615,0.011964576270872662,10,-0.011751566209517783,0.001988425231251978,-0.0017022229114695754
2024-04-25,0.012668593297853192,0.005584672228581056,0.002792336114290528,0.5,0.008740914896147166,-0.00875854812743615,0.011964576270872662,10,-0.004789440414870505,0.0015147711845485024,-0.002904345717879697
2024-04-26,0.009742870570970489,0.004999527683204515,0.0024997638416022574,0.5,0.007136363211482068,-0.004576430353515626,0.011964576270872662,10,0.014785572988258666,0.00530830933698434,-0.00042836262482522927
2024-04-29,0.014685268246360888,0.005988007218282594,0.002994003609141297,0.5,0.00689861943061605,-0.004576430353515626,0.011964576270872662,10,-0.007030693968153923,0.004197749456008815,0.0010916177366098844
2024-04-30,-0.0039048704758833557,0.009706034962731444,0.004853017481365722,0.5,0.00966659543068373,-0.01573051358686217,0.01020914263474304,10,-0.01890896225345129,-0.0013412685155381522,-0.0002757829207427176
2024-05-01,-0.026645839559611785,0.007448133689648436,0.003724066844824218,0.5,0.009657636879580002,-0.01573051358686217,0.01020914263474304,10,0.012295074771368153,-0.0020709582909079318,-4.126652982797685e-05
2024-05-02,-0.016729192207971904,0.009431463159976413,0.004715731579988207,0.5,0.010661428005825452,-0.01573051358686217,0.01020914263474304,10,0.012563875893067067,0.0006700151953098032,0.0010923931899291528
2024-05-03,0.03041622997259593,0.008373538538181865,0.004186769269090933,0.5,0.011223426545985635,-0.01573051358686217,0.012556739721478527,10,0.0034283026439054787,0.0011395346126569007,0.0032239219748206203
2024-05-06,0.05335216784343899,0.010670433568687798,0.005335216784343899,0.5,0.011977892279193613,-0.01573051358686217,0.012556739721478527,10,-0.0022306158144667076,0.002569069660741441,0.003383409558375128
2024-05-07,0.04037715575294236,0.008075431150588471,0.004037715575294236,0.5,0.006749132371434112,-0.0034354388154940185,0.012556739721478527,10,-0.008982694083736753,0.005983858342768889,0.002321294913615368
2024-05-08,0.01943953018686791,0.0038917964494843416,0.0019458982247421708,0.5,0.005634802353240457,-5.835618166138978e-06,0.012556739721478527,10,-0.0013492654414412053,0.006669778982234464,0.0022994103456632662
2024-05-09,0.010714236506224606,0.0021467377133556806,0.0010733688566778403,0.5,0.005481592714158038,-5.835618166138978e-06,0.012556739721478527,10,0.005096783316791975,0.005862281106445022,0.0032661481508774125
2024-05-10,0.011224184875015902,0.0022487273871139393,0.0011243636935569696,0.5,0.004163232474254023,-5.835618166138978e-06,0.01032612390701182,10,-0.003441548854075993,0.003680812931059285,0.002410173771858093
2024-05-13,0.010831737479697345,0.0023272168661776504,0.0011636084330888252,0.5,0.002134171705766869,-0.00024130405535727206,0.005090947698625836,10,-0.0018907028999071152,0.0015673273385854668,0.002068198499663454
2024-05-14,0.010409846548253832,0.0022428386798889477,0.0011214193399444738,0.5,0.002570143955335886,-0.00024130405535727206,0.005090947698625836,10,0.005079117195117,0.002266204001882399,0.004125031172325644
2024-05-15,0.027187394944997813,0.005598348359237744,0.002799174179618872,0.5,0.004557349264586269,-0.00024130405535727206,0.011715927882596233,10,0.006878114742836505,0.004610556702034874,0.005640167842134669
2024-05-16,0.024120122050378758,0.006211802938161555,0.0031059014690807776,0.5,0.005416261160910153,-0.0020816677921287052,0.011715927882596233,10,-0.013797595674724938,0.0031760336038839654,0.0045191573551644935
2024-05-17,0.01799838933456292,0.004987456394998387,0.0024937281974991934,0.5,0.0054546109161324715,-0.0020816677921287052,0.011715927882596233,10,0.003246441302398928,0.0030791085370280415,0.003379960734043663
2024-05-20,-8.405740858918875e-07,0.0013876104132686251,0.0006938052066343126,0.5,0.00530083205418889,-0.0020816677921287052,0.011715927882596233,10,-0.0002483835728632755,0.003310647335580885,0.002438987337083176
2024-05-21,0.0076383961527589275,0.0015276792305517854,0.0007638396152758927,0.5,0.005235117913718564,-0.0020816677921287052,0.011715927882596233,10,0.0015854843065712387,0.002843459556424577,0.002554831779153488
2024-05-22,0.0011869019035983437,0.00204146240687042,0.00102073120343521,0.5,0.0022418686687031304,-0.002706123039226127,0.002501874243978186,10,-0.005207997283204313,-4.095062793989524e-05,0.0022848030370474894
2024-05-23,-0.012641730467105778,0.00419626225607328,0.00209813112803664,0.5,0.004006134991212506,-0.0073807894850155265,0.002501874243978186,10,-0.004674666445789399,-0.0011007749665172596,0.001037629318683353
2024-05-24,-0.005143116560120306,0.005695985037470375,0.0028479925187351873,0.5,0.005428876511537542,-0.0073807894850155265,0.0070010425881694704,10,0.014381832073184997,6.647884906259005e-05,0.0015727936930453156
2024-05-28,-0.00021824173985329764,0.0048768779753730245,0.0024384389876865122,0.5,0.005410927803058366,-0.0073807894850155265,0.0070010425881694704,10,-0.006752240735235393,-6.703876783198393e-05,0.0016218042838744505
2024-05-29,-0.00019533678096150808,0.004872296983594667,0.0024361484917973333,0.5,0.0060067511676454854,-0.0073807894850155265,0.0070010425881694704,10,-0.00761584836261453,-0.0020408229185637115,0.0004013183189304326
2024-05-30,-0.02182213373698283,0.0045302946493526175,0.0022651473246763087,0.5,0.00626941954192653,-0.0073807894850155265,0.0070010425881694704,10,0.0013920109242371304,-0.002694605427807151,-0.001367778027873523
2024-05-31,-0.008857009817098508,0.007123319433329482,0.003561659716664741,0.5,0.007119487011843144,-0.007367046509680453,0.00802787620486467,10,0.014002911790307992,0.00038712771016888856,-0.00035682362817418545
2024-06-03,0.005281538666825162,0.005039664790327247,0.0025198323951636237,0.5,0.0061767575551223385,-0.007367046509680453,0.00802787620486467,10,-0.006911793624190921,-0.0007898642913302556,-0.00036169272113383276
2024-06-04,0.017744613128074887,0.0035489226256149773,0.0017744613128074886,0.5,0.006254445471592098,-0.007367046509680453,0.00802787620486467,10,0.0003867265106327622,-0.0005390628436557687,-0.0003030508057438763
2024-06-05,0.024110902442185944,0.004822180488437189,0.0024110902442185944,0.5,0.0068818734882456906,-0.005975035585443322,0.011847649793331305,10,0.010344840702024793,0.003303876416946583,0.0006315267491914355
2024-06-06,0.021917737081674403,0.0045167585067569975,0.0022583792533784988,0.5,0.0052189021141382415,-0.00019981663563317653,0.011847649793331305,10,-0.012047466428964482,0.004458920206908612,0.0008821573895507306
2024-06-07,0.017554355712779596,0.004387562052998284,0.002193781026499142,0.5,0.005257425833383659,-0.0011152197300303701,0.011847649793331305,10,-0.0009154030943971936,0.002630301019929604,0.0015087143650492462
2024-06-10,0.0021096971647516227,0.001298630343392689,0.0006493151716963445,0.5,0.0051923641432126315,-0.0011152197300303701,0.011847649793331305,10,0.0036960743945448904,0.0029232554366977583,0.0010666955726837512
2024-06-11,0.006960027082702677,0.002135485236560782,0.001067742618280391,0.5,0.005137571970766495,-0.0011152197300303701,0.011847649793331305,10,0.00012952665062293534,0.003164769881463947,0.001312853518904089
2024-06-12,0.022991514619417806,0.004598302923883561,0.0022991514619417805,0.5,0.0037567814451449242,-0.0011152197300303701,0.008503672791998707,10,0.005793291476861251,0.002495974481197427,0.002899925449072005
2024-06-13,0.022597849934696455,0.004519569986939291,0.0022597849934696454,0.5,0.0034610102151689417,-0.0011152197300303701,0.008503672791998707,10,-0.006159016938316997,0.0030048689790604043,0.003731894592984508
2024-06-14,0.017424113246965838,0.0037473964477271102,0.0018736982238635551,0.5,0.003255246822854374,-0.000393860697500914,0.008503672791998707,10,-0.0027385165511826237,0.0031491407855662955,0.00288972090274795
2024-06-17,0.01602530286788917,0.0034676343719117764,0.0017338171859558882,0.5,0.0037842622637823072,-0.000393860697500914,0.008503672791998707,10,0.00805824726205362,0.0041658471655739325,0.0035445513011358454
2024-06-18,0.016319755436329242,0.003526524885599791,0.0017632624427998955,0.5,0.0038033366825145154,-0.000393860697500914,0.008503672791998707,10,-0.005143059169806952,0.004128036381495592,0.0036464031314797697
2024-06-20,0.01276630352004593,0.0042372152688564535,0.0021186076344282267,0.5,0.00382949550120627,-0.0025259318472709014,0.007664386564552705,10,-0.005047259242016655,0.0019221154536416707,0.002209044967419549
2024-06-21,-0.002611224622710573,0.002203129854372617,0.0011015649271863086,0.5,0.00411001751094472,-0.0025259318472709014,0.007664386564552705,10,0.0009638015261697053,0.0011407582186850895,0.002072813598872747
2024-06-24,-0.011922056772270168,0.0023844113544540337,0.0011922056772270169,0.5,0.004513219138307102,-0.003065171894990004,0.007664386564552705,10,-0.001503041573888808,0.0006064959791872715,0.0018778183823767835
2024-06-25,-0.0011561870005905028,0.0028536307439426998,0.0014268153719713499,0.5,0.0031602434477761756,-0.003065171894990004,0.003933590015736899,10,0.006998761910726903,-0.00013966333057588987,0.0020130919174990215
2024-06-26,0.004068082201612033,0.002857064370315743,0.0014285321851578714,0.5,0.0029840773214423657,-0.003065171894990004,0.003933590015736899,10,-0.002361158815516573,-0.0003294425694809755,0.0018992969060073084
2024-06-27,0.010688904066414501,0.0021377808132829004,0.0010688904066414502,0.5,0.002737080746178681,-0.003065171894990004,0.003933590015736899,10,-0.0006651099763288482,0.0003572080447515003,0.0011396617491965856
2024-06-28,-0.0026731669322231184,0.0021878016691858257,0.0010939008345929129,0.5,0.003344107223794798,-0.004083652583445674,0.003933590015736899,10,-0.004990973807337151,-0.0001470964077173953,0.0004968309054838472
2024-07-01,-0.0008346123810578272,0.0025555125794188838,0.0012777562897094419,0.5,0.003065666720725783,-0.004083652583445674,0.003933590015736899,10,0.006759216514365174,0.0010010507574645055,0.0008037733683258885
2024-07-02,0.007978715339978884,0.004318178123626226,0.002159089061813113,0.5,0.003706440050778764,-0.004083652583445674,0.006195317856513505,10,0.0035197539255940047,0.0014533963256198267,0.0006568664975219685
2024-07-03,0.02325887699535345,0.00465177539907069,0.002325887699535345,0.5,0.004051366588305412,-0.004083652583445674,0.006195317856513505,10,-0.0011108734467344394,0.002155798967531575,0.0009131781990252997
2024-07-05,0.02788087907463025,0.00557617581492605,0.002788087907463025,0.5,0.004207560816046686,-0.004083652583445674,0.006195317856513505,10,0.0003643207687065164,0.0030640877584503954,0.001710647901600948
2024-07-08,0.01924984758835957,0.003849969517671914,0.001924984758835957,0.5,0.002162935723575944,0.0010166989647510949,0.006195317856513505,10,-0.004432066213734487,0.004084158068089749,0.001968530830186177
2024-07-09,0.012010893465870625,0.002402178693174125,0.0012010893465870625,0.5,0.0026056093031771744,0.0007410719362856977,0.006195317856513505,10,-0.0002756270284653972,0.003697259669162989,0.002349155213313747
2024-07-10,0.019943060324252672,0.0039886120648505346,0.0019943060324252673,0.5,0.0038757794743536395,0.0007410719362856977,0.010208065293514812,10,0.009466993357229114,0.004499809156563251,0.0029766027410915385
2024-07-11,0.003643513981133421,0.0065707220236403225,0.0032853610118201613,0.5,0.007023126732836111,-0.008763028841120457,0.010208065293514812,10,-0.01897109413463527,0.0017303145063833458,0.0019430567369574602
2024-07-12,0.011603439211375077,0.008162707069688654,0.004081353534844327,0.5,0.00703222264218027,-0.008763028841120457,0.010208065293514812,10,0.014280055915551149,0.0017439668855723678,0.0024040273220113815
2024-07-15,-0.0006996652357904587,0.005702086180255546,0.002851043090127773,0.5,0.007031999644923729,-0.008763028841120457,0.010208065293514812,10,-0.002690824449215201,0.002105867617665247,0.003095012842877498
2024-07-16,0.02455434199731562,0.004910868399463124,0.002455434199731562,0.5,0.007209389397054375,-0.008763028841120457,0.010208065293514812,10,0.003563172873527698,0.003235528330156745,0.003466393999659867
2024-07-17,-0.00785327519672511,0.007714373788650808,0.003857186894325404,0.5,0.009183550731102651,-0.013927543241993745,0.006389375498743188,10,-0.020316918740736933,-0.0015915933769449664,0.001454107889809142
2024-07-18,-0.025590952800288447,0.009377774225886482,0.004688887112943241,0.5,0.009006802655102815,-0.013927543241993745,0.006389375498743188,10,0.006111139305071234,-0.0014022683961053771,0.0001640230551389843
2024-07-19,-0.04814035451807197,0.009628070903614394,0.004814035451807197,0.5,0.008329113493784816,-0.013927543241993745,0.006389375498743188,10,0.0006761384049955854,-0.0039337269173769,-0.0010948800159022664
2024-07-22,-0.0069410563657331305,0.008582901706086332,0.004291450853043166,0.5,0.010439792418531137,-0.013927543241993745,0.01079203564940956,10,0.017932301181336485,-0.0023405603125380868,-0.00011734634743642003
2024-07-23,0.0034894458795198258,0.006496801257035741,0.0032484006285178704,0.5,0.00932369350356159,-0.013927543241993745,0.01079203564940956,10,-0.012350138239180297,-0.003930055930240872,-0.0003472638000420636
2024-07-24,-0.023191934491826882,0.011833077331305083,0.005916538665652542,0.5,0.012248870414984125,-0.02314909375473495,0.01079203564940956,10,-0.021590991164964213,-0.005774366032789113,-0.00368297970486704
2024-07-25,-0.049749694303913294,0.009949938860782659,0.0049749694303913294,0.5,0.012195682287862327,-0.02314909375473495,0.01079203564940956,10,0.018006473516892663,-0.005239609292973069,-0.003320938844539223
2024-07-26,-0.028668742149551472,0.013127394231807865,0.0065636971159039326,0.5,0.014067033135393186,-0.02314909375473495,0.011090468702846357,10,0.016233088940688645,-0.0015934624460184122,-0.0027635946816976565
2024-07-29,0.011268597657162299,0.005682133023327318,0.002841066511663659,0.5,0.012490022853114187,-0.02314909375473495,0.011090468702846357,10,-0.010277158573553047,-0.003589207550041662,-0.0029648839312898744
2024-07-30,0.011572678256849083,0.005621316903389961,0.0028106584516949806,0.5,0.0124442961253923,-0.02314909375473495,0.011090468702846357,10,-0.005773482007323527,-0.004269621407693558,-0.004099838668967215
2024-07-31,0.01941089485071749,0.007188960222163643,0.0035944801110818214,0.5,0.009516154412957608,-0.005142620237842288,0.0157933986591674,10,0.02075357053719762,0.0035188770750869125,-0.0011277444788511005
2024-08-01,-0.004767127020531466,0.011482357843551227,0.005741178921775614,0.5,0.011925285656820299,-0.013693502993456064,0.0157933986591674,10,-0.029486901652623465,0.0018087005239641573,-0.0017154543845044556
2024-08-02,-0.02713660867164236,0.015956254173773405,0.007978127086886702,0.5,0.0133850070856969,-0.018381860868696753,0.0157933986591674,10,-0.00468835787524069,-0.004085765390344465,-0.0028396139181814384
2024-08-05,-0.10340693708465429,0.020681387416930857,0.010340693708465428,0.5,0.01712495601467631,-0.02996879838863975,0.0157933986591674,10,-0.011586937519942997,-0.010242187093931076,-0.006915697321986369
2024-08-06,-0.06332762229545912,0.019568248379132513,0.009784124189566257,0.5,0.01950934360479826,-0.02996879838863975,0.0157933986591674,10,0.04032288426870079,-0.007179335542312826,-0.005724478475003192
2024-08-07,-0.0455822672784693,0.01601917737573455,0.008009588687867275,0.5,0.014868641599432119,-0.02996879838863975,0.010354085880061037,10,-0.0180887337385639,-0.011884944845846878,-0.004183033885379983
2024-08-08,0.04277008256782437,0.013710448419233448,0.006855224209616724,0.5,0.02139544870532512,-0.02996879838863975,0.023042611519136447,10,0.03077725937763931,-0.004537721943328377,-0.0013645107096821097
2024-08-09,0.03329940085028682,0.01181631207572594,0.00590815603786297,0.5,0.02011169202531659,-0.02996879838863975,0.023042611519136447,10,-0.018370934669597938,7.298560031867573e-05,-0.0020063898950128944
2024-08-12,0.04626220391055018,0.009252440782110035,0.004626220391055018,0.5,0.01156795919716043,-0.007734647858502863,0.023042611519136447,10,-0.004628642871883359,0.006075352073577655,-0.0020834175101767105
2024-08-13,0.035937150967919974,0.007187430193583995,0.0035937150967919975,0.5,0.012495708799566381,-0.007734647858502863,0.023042611519136447,10,0.01680454577590318,0.0073740508482771135,9.735765298214405e-05
2024-08-14,0.034523903599650296,0.006904780719930059,0.0034523903599650296,0.5,0.009774760275923269,4.303397765514916e-05,0.023042611519136447,10,-0.013023851324981628,0.009685726105693026,-0.001099609370076926
2024-08-15,0.061340926577443014,0.012268185315488603,0.006134092657744302,0.5,0.007677890984811053,4.303397765514916e-05,0.016847579753558328,10,0.012309519335754082,0.008303853354731893,0.0018830657057017585
2024-08-16,0.03657792591694816,0.007315585183389632,0.003657792591694816,0.5,0.008078309683148589,4.303397765514916e-05,0.016847579753558328,10,-0.01414346840706937,0.007767473856276475,0.003920229728297575
2024-08-19,0.04640885309750893,0.009281770619501787,0.004640885309750893,0.5,0.006827391237433033,0.001989779357261412,0.016847579753558328,10,0.007732505379651755,0.009703324008128077,0.007889338040852867
2024-08-20,0.016212514493129104,0.004565539830823899,0.0022827699154119494,0.5,0.007090298943334217,-0.0019845553982971165,0.016133247764330783,10,-0.011706840135210284,0.005936896977756989,0.006655473913017051
2024-08-21,0.019962343612330104,0.005315505654664099,0.0026577528273320494,0.5,0.007061689399957713,-0.0019845553982971165,0.016133247764330783,10,0.0062242322270791295,0.006020086657798051,0.00785290638174554
2024-08-22,-0.01112947352939338,0.005052345925066685,0.0025261729625333427,0.5,0.006984292747811216,-0.008932805548120926,0.009722284736913167,10,-0.013172482376902939,0.00100687599530771,0.004655364675019802
2024-08-23,0.011317070217967129,0.008218617742340709,0.0041093088711703545,0.5,0.008454090286450285,-0.008932805548120926,0.01148337085011919,10,0.020416176398240116,0.0029055942938792656,0.00533653407507787
2024-08-26,-0.0010052689852331949,0.007856634363792766,0.003928317181896383,0.5,0.0077938491524408285,-0.008932805548120926,0.01148337085011919,10,-0.014637097543257371,0.0003303920078689959,0.005016858007998537
2024-08-27,0.016541400405876705,0.005410764543267462,0.002705382271633731,0.5,0.007691783963579007,-0.008932805548120926,0.01148337085011919,10,0.004748922779683196,0.001046342304837422,0.0034916196412972055
2024-08-28,-0.012557506357615544,0.003574965329219785,0.0017874826646098925,0.5,0.007982759404091851,-0.008932805548120926,0.01148337085011919,10,-0.007571169294521174,-0.0009967877025142124,0.0025116494776419194
2024-08-29,-0.007366926982486458,0.002536849454193968,0.001268424727096984,0.5,0.006652357400778274,-0.00597597320797616,0.01148337085011919,10,0.00593659413991543,0.0007818975934978268,0.0008943867944027683
2024-08-30,0.006796165830645906,0.0053694680168204405,0.0026847340084102203,0.5,0.006099280712574118,-0.00597597320797616,0.010093051774424433,10,0.010132430842485163,0.0005038337783588754,0.0017047140361190704
2024-09-03,-0.018495669485579975,0.010427835080065617,0.005213917540032809,0.5,0.011614444621619256,-0.02115107439771169,0.010093051774424433,10,-0.031244126172136122,-0.003095635762555826,-0.001382621877343415
2024-09-04,-0.02110094367366274,0.01094888991768217,0.005474444958841085,0.5,0.011377187795154283,-0.02115107439771169,0.010093051774424433,10,0.0195485308168013,-0.0037351836960469063,-0.0013444206956047422
2024-09-05,-0.04295272599034468,0.008590545198068936,0.004295272599034468,0.5,0.011308237017741885,-0.02115107439771169,0.010093051774424433,10,-0.0014154740346743466,-0.003143592577568621,-0.002070190140041417
2024-09-06,-0.03646801842629962,0.0072936036852599235,0.0036468018426299618,0.5,0.01266725198033221,-0.02115107439771169,0.010093051774424433,10,-0.014242232243699915,-0.006587766735813405,-0.0029029345711577893
2024-09-09,-0.01449699532064197,0.010619445919117862,0.005309722959558931,0.5,0.01316449241213073,-0.02115107439771169,0.0115800702824842,10,0.02884032014176885,-0.006290363034201452,-0.0028932646279212883
2024-09-10,-0.0020125115399346103,0.011104330931536177,0.0055521654657680886,0.5,0.010687637183505763,-0.01726024985928465,0.0115800702824842,10,-0.0071073976296445185,-0.0011656136240911774,-0.0021306246933235017
2024-09-11,0.04452961470703398,0.008905922941406796,0.004452961470703398,0.5,0.011901437157175718,-0.01726024985928465,0.0115800702824842,10,0.0061923532360568245,0.0012879002698702013,-0.0012236417130883526
2024-09-12,0.0377216681677924,0.007544333633558479,0.0037721668167792397,0.5,0.011879201973476207,-0.01726024985928465,0.0115800702824842,10,-0.003169723529957258,0.003390564264774998,0.00012348584360318826
2024-09-13,0.03928006608866719,0.007856013217733437,0.003928006608866719,0.5,0.003134773641260361,0.004472672652839682,0.0115800702824842,10,-0.0020875909535746917,0.007924156517704839,0.0006681948909457169
2024-09-16,0.023599405883275214,0.004719881176655043,0.0023599405883275213,0.5,0.003502953962036901,0.0012566297656613212,0.010665025888896507,10,-0.004151081639703236,0.005859468414340263,-0.00021544730993059425
2024-09-17,0.01154815208687432,0.002309630417374864,0.001154815208687432,0.5,0.0043278457515364245,0.00026455008109871336,0.010665025888896507,10,-0.0009920796845626079,0.00501784389999207,0.001926115137950446
2024-09-18,-0.002292126692896764,0.0014725452364193758,0.0007362726182096879,0.5,0.004149810665934997,-0.002896455862498093,0.007495302358939249,10,-0.0031610059435968063,0.0023055475497131494,0.0017967239097916754
2024-09-19,0.023908245642273264,0.006712619703453382,0.003356309851726691,0.5,0.007733327334290916,-0.002896455862498093,0.01697685316676334,10,0.019873309029261432,0.004201857711277968,0.0037962109880264826
2024-09-20,0.0202322831819024,0.00727144547479508,0.00363572273739754,0.5,0.008134764417985845,-0.002896455862498093,0.01697685316676334,10,-0.018917880561887146,0.002732109951180295,0.005328133234442567
2024-09-23,0.029741831383620444,0.007242384540139961,0.0036211922700699803,0.5,0.008093891843124847,-0.002896455862498093,0.01697685316676334,10,0.004750300453656542,0.003042638609754578,0.00445105351204742
2024-09-24,0.00563237417959328,0.0024204930993345273,0.0012102465496672636,0.5,0.00796240456963282,-0.002896455862498093,0.01697685316676334,10,-0.0002980942141856957,0.003491964362404243,0.004254904131198156
2024-09-25,0.005765338287896752,0.0023939002776738327,0.0011969501388369164,0.5,0.007765793504675299,-0.0019410273951238066,0.01697685316676334,10,-0.004372427774488763,0.0036990057488755167,0.003002276649294333
2024-09-26,0.007814342718880743,0.002803701163870631,0.0014018505819353155,0.5,0.0028091391706344883,-0.0019410273951238066,0.00403867571712313,10,0.005899924647264854,0.001111370258947475,0.0026566139851127214
2024-09-27,0.0015403496999847701,0.0023843805380851326,0.0011921902690425663,0.5,0.00263365602316683,-0.0018612489301417234,0.00403867571712313,10,-0.005291892684113675,0.0012489323445741274,0.001990521147877211
2024-09-30,0.011703352218848845,0.003176148421763466,0.001588074210881733,0.5,0.002908107733596726,-0.0018612489301417234,0.004236552581176722,10,0.005489769548167267,0.0015343882491029247,0.002288513429428751
2024-10-01,-0.010567952467463632,0.004937958880943875,0.0024689794404719376,0.5,0.005539999209676095,-0.009324107094664358,0.004236552581176722,10,-0.01356065967584108,-0.0008326689386993546,0.0013296477118524442
2024-10-02,-0.008248606018939434,0.004566350192655018,0.002283175096327509,0.5,0.005519321368989907,-0.009324107094664358,0.004236552581176722,10,0.009462497996788333,-0.000432740972246215,0.0016331323883146509
2024-10-03,-0.018111882807992363,0.003714637163014456,0.001857318581507228,0.5,0.004921213398044233,-0.009324107094664358,0.004236552581176722,10,-0.0018198043943790099,-0.001576758814121848,-0.00023269427758718653
2024-10-04,0.01237871134190549,0.0035966845965511216,0.0017983422982755608,0.5,0.006839302142516319,-0.009324107094664358,0.008970249395274354,10,0.01065166288752939,0.00046793445833113176,0.0008584334014526296
2024-10-07,-0.003828643771438915,0.0067458950178040196,0.0033729475089020098,0.5,0.007677419193723847,-0.009586022165882668,0.008970249395274354,10,-0.018556271561157023,-0.0022965804910807463,-0.00038109612098891077
2024-10-08,0.015122624541622682,0.009415206352246316,0.004707603176123158,0.5,0.008027221037677876,-0.009586022165882668,0.009689347495581924,10,0.019275369661464592,0.00150611042696851,0.0003367207441345776
2024-10-09,0.012027895528645877,0.008796260549650955,0.004398130274825478,0.5,0.008330457679723605,-0.009586022165882668,0.009689347495581924,10,-0.002575935508093652,0.0029011146440413695,0.0012341868358975772
2024-10-10,0.024554394405133705,0.0062909607743533895,0.0031454803871766948,0.5,0.008385545891979108,-0.009586022165882668,0.009689347495581924,10,-0.009183534827478246,0.0028233727744943816,0.0006233069801862667
2024-10-11,0.018491894559086546,0.005078460805143958,0.002539230402571979,0.5,0.007940482718862336,-0.009586022165882668,0.009689347495581924,10,0.008121970427943603,0.0022396924130302365,0.0013538134356806842
2024-10-14,0.019482319385309976,0.005276545770388645,0.0026382728851943225,0.5,0.004539877381426105,-0.002070122839989974,0.009689347495581924,10,0.0016558192952687012,0.005698430222851237,0.001700924865885245
2024-10-15,0.010250080231229603,0.007122993601204719,0.0035614968006023595,0.5,0.006777994626560688,-0.007609466332438197,0.0077076668832223305,10,-0.015317133215660528,0.002238667457247212,0.001872388942107861
2024-10-16,0.007962244178929915,0.0066654263907447815,0.0033327131953723907,0.5,0.0064181873507916905,-0.007609466332438197,0.0077076668832223305,10,0.012288612289012013,0.0017518142510643208,0.002326464447552845
2024-10-17,-0.005169134757960214,0.00415325758930792,0.00207662879465396,0.5,0.0061875264151727335,-0.007609466332438197,0.0077076668832223305,10,-0.004850306435485563,0.002131606723279966,0.002477489748887174
2024-10-18,0.014132563694351414,0.0029406197248114476,0.0014703098624057238,0.5,0.005922278280476198,-0.007609466332438197,0.0077076668832223305,10,0.0041427132178605275,0.0017155477534789964,0.0019776200832546166
2024-10-21,0.003296037949000093,0.001988494236165835,0.0009942471180829175,0.5,0.004968447289781215,-0.007609466332438197,0.004679145956573816,10,-0.005794322229585758,-0.00019053952129286512,0.0027539453507791855
2024-10-22,0.00278988226654564,0.0020897253726567255,0.0010448626863283628,0.5,0.002898348433598483,-0.0018227694906369774,0.004679145956573816,10,0.0013479156022525585,0.0012363829675178905,0.0017375252123825514
2024-10-23,-0.01914824467848464,0.0038296489356969277,0.0019148244678484638,0.5,0.004796044048324235,-0.009191323428069387,0.00397155273894878,10,-0.008716469539684968,-0.00153771090941075,0.00010705167082678547
2024-10-24,-0.012534008841883309,0.003937316442592542,0.001968658221296271,0.5,0.005065449268555792,-0.009191323428069387,0.00397155273894878,10,0.011337095439393208,-0.0010743244113636363,0.0005286411559581649
2024-10-25,-0.012241664311126166,0.0038788475364411137,0.0019394237682205568,0.5,0.004304833784484823,-0.009191323428069387,0.002145772011323821,10,-0.0024452191812539548,-0.001928524393139419,-0.00010648831983021135
2024-10-28,0.007496280572379388,0.0016988875610959668,0.0008494437805479834,0.5,0.004771990703281648,-0.009191323428069387,0.0026514435020339455,10,0.0029508906719640793,-0.0010336817946052345,-0.0006121106579490499
2024-10-29,0.006610205967111926,0.0015216726400424745,0.0007608363200212372,0.5,0.0049222306109438655,-0.009191323428069387,0.0026514435020339455,10,-0.0010373162538706016,-0.000615885567295682,0.0003102487001111043
2024-10-30,0.0016088947680892307,0.0025219348798470134,0.0012609674399235067,0.5,0.002431050234398998,-0.003300233889343751,0.0026514435020339455,10,-0.004914361137507095,0.0005623323404494451,-0.0004876892844806524
2024-10-31,-0.03383467918813332,0.00784302066973556,0.00392151033486778,0.5,0.008699021435367094,-0.018614700871699585,0.0026514435020339455,10,-0.015314466982355834,-0.0035897622361552362,-0.002332043323759436
2024-11-01,-0.02970404202902862,0.0086691481015565,0.00433457405077825,0.5,0.009314305736883344,-0.018614700871699585,0.004092509543626166,10,0.02270721041532575,-0.002711370893443976,-0.002319947643291698
2024-11-04,-0.028890458010622323,0.008506431297875242,0.004253215648937621,0.5,0.008836083759392334,-0.018614700871699585,0.004092509543626166,10,-0.006904593021926142,-0.0038040762895107604,-0.0024188790420579974
2024-11-05,0.0225767843510292,0.006390079189072491,0.0031950395945362455,0.5,0.011385226598520036,-0.018614700871699585,0.012265644545291332,10,0.015077728023591308,-0.001673772830085163,-0.0011448291986904224
2024-11-06,0.05791581475569556,0.013457885270005762,0.006728942635002881,0.5,0.01642912674222367,-0.018614700871699585,0.025295927786425976,10,0.013030283241134644,0.004045459505068782,0.0023038959227591137
2024-11-07,0.0749880034320094,0.01499760068640188,0.00749880034320094,0.5,0.010511509092309388,-0.002812083478299976,0.025295927786425976,10,-0.017864698058937645,0.009254645624906365,0.0028324416943755646
2024-11-08,0.060806651371910034,0.012161330274382006,0.006080665137191003,0.5,0.010553708462202674,-0.002812083478299976,0.025295927786425976,10,-0.0036743964182566202,0.009187510378027475,0.0032380697422917494
2024-11-11,0.020261877444197975,0.004052375488839595,0.0020261877444197975,0.5,0.00956838874049057,0.0009690634297987444,0.025295927786425976,10,-0.0027877698794329664,0.009943739759647218,0.0030698317350682292
2024-11-12,0.003055395146096725,0.0025395187968009583,0.0012697593984004791,0.5,0.01095038039451709,-0.00289265965137242,0.025295927786425976,10,-0.0038617230811711645,0.006912078920314468,0.002619153045114653
2024-11-13,-0.0028189474945822246,0.0013646502686651685,0.0006823251343325842,0.5,0.0038942272611127097,-0.00289265965137242,0.007431229727488331,10,0.003124887376196761,0.0018993389079941414,0.0029723992065314618
2024-11-14,-0.014516944535678533,0.003058207390351934,0.001529103695175967,0.5,0.0037715613361313746,-0.006049734794859041,0.0037568333092317108,10,-0.006281962519683382,-0.000796853996475333,0.004228895814215516
2024-11-15,-0.03170166153565986,0.006495150790348199,0.0032475753951740995,0.5,0.005756664235128676,-0.013203489851361216,0.0009690634297987444,10,-0.007153755056502176,-0.004188918628593918,0.002499295874716778
2024-11-18,-0.025559017086131952,0.007723679680253781,0.0038618398401268905,0.5,0.006517899343486972,-0.013203489851361216,0.003917814394541086,10,0.017121304245902302,-0.00359916843564545,0.003172285662000884
2024-11-19,-0.00887015104725016,0.007028296358124113,0.0035141481790620563,0.5,0.0073693030879024065,-0.013203489851361216,0.003963584828470035,10,4.577043392894886e-05,-0.002227919539676959,0.002342079690318755
2024-11-20,0.013172250142105362,0.0026344500284210723,0.0013172250142105362,0.5,0.007352334000100381,-0.013203489851361216,0.003963584828470035,10,-0.003941633966217939,-0.002269974912191408,-0.00018531800209863335
2024-11-21,0.01554332871883964,0.003108665743767928,0.001554332871883964,0.5,0.007647092661842537,-0.013203489851361216,0.0053404615405816536,10,0.005318510678329558,8.064354896730741e-06,-0.0003943948207893011
2024-11-22,0.014717285829708809,0.0029434571659417617,0.0014717285829708808,0.5,0.0019843367776600862,2.195086225209586e-05,0.0053404615405816536,10,-0.0018725024455901185,0.003342354144167281,-0.00042328224221331866
2024-11-25,0.019714834902519275,0.003942966980503855,0.0019714834902519276,0.5,0.0019597051030295306,2.195086225209586e-05,0.0053404615405816536,10,-0.0004474787890531573,0.0031628873264467395,-0.00021814055459935534
2024-11-26,0.020350741747600466,0.004070148349520093,0.0020350741747600467,0.5,0.0022721871456803425,2.195086225209586e-05,0.005722005647630368,10,0.0027015253416919904,0.003514571490278806,0.0006433259753009235
2024-11-27,0.008235413226881186,0.004181241323669593,0.0020906206618347967,0.5,0.003842221133665118,-0.003801238017440034,0.005722005647630368,10,-0.009523243665070402,0.0027499337143403802,0.00023997940107448601
2024-11-29,0.012547588531675962,0.005043676384628548,0.002521838192314274,0.5,0.003888857251417516,-0.003801238017440034,0.005722005647630368,10,0.009409023506255276,0.002803398503987098,0.0014057314294419142
2024-12-02,0.007091673229458473,0.003952493324185051,0.0019762466620925254,0.5,0.003871992666464839,-0.003801238017440034,0.005722005647630368,10,-0.003159329022515367,0.002599497978248766,0.0029709260612080235
2024-12-03,0.014179485116049644,0.0028358970232099288,0.0014179485116049644,0.5,0.003971341473132563,-0.003801238017440034,0.005722005647630368,10,-0.001997007351785207,0.002085691739964024,0.002624289533205382
2024-12-04,0.014918872508465537,0.0029837745016931074,0.0014918872508465537,0.5,0.004048725578161982,-0.003801238017440034,0.006051417924264779,10,0.005599968809750111,0.002151574195290906,0.002833072842784856
2024-12-05,0.007721819019757733,0.002790880888568085,0.0013954404442840425,0.5,0.003374829143395744,-0.0018697756269248078,0.006051417924264779,10,-0.007921193551189587,0.0025378666733939514,0.0026439001938671656
2024-12-06,0.011128493565869164,0.0034722157977903714,0.0017361078988951857,0.5,0.002923951207172384,-0.0018697756269248078,0.006051417924264779,10,0.004365229469106335,0.0019154003440672086,0.002359399424027153
2024-12-09,-0.009197559520066253,0.0035031477988009354,0.0017515738994004677,0.5,0.004585422530226131,-0.006144213927296471,0.006051417924264779,10,-0.008639667769477999,0.00019686626534793917,0.0013981821217983526
2024-12-10,-0.011021072331765525,0.00386785036114079,0.001933925180570395,0.5,0.00478792819180049,-0.006144213927296471,0.006051417924264779,10,0.0031803306133521003,-0.0004862002203438687,0.0007997457598100776
2024-12-11,-0.001570518655012084,0.005757961096491478,0.002878980548245739,0.5,0.005543449520685591,-0.006144213927296471,0.008165786048233592,10,0.011129669362177963,-6.332659555010611e-05,0.0010441237998704
2024-12-12,-0.00035353298920163623,0.005514563963329389,0.0027572819816646943,0.5,0.006036838617836747,-0.006144213927296471,0.008165786048233592,10,-0.013579808576043795,-0.0007721759757271851,0.0008828453488333831
2024-12-13,0.0045421614688319805,0.004535425071722665,0.0022677125358613326,0.5,0.005796126792872662,-0.006144213927296471,0.008165786048233592,10,0.005387555888686002,-0.0012765600719883308,0.0003194201360394389
2024-12-16,-0.0027352247348536958,0.00307994783098553,0.001539973915492765,0.5,0.005400839892909663,-0.005414022527810203,0.008165786048233592,10,0.003825820965146387,0.0007121535786754008,0.00045450992201166994
2024-12-17,-0.00015184546483915096,0.002563271976982621,0.0012816359884913104,0.5,0.005566465087095946,-0.005414022527810203,0.008165786048233592,10,-0.007663349291823662,0.0005321312483039797,2.296551398005553e-05
2024-12-18,-0.049262478318971195,0.012385398547809031,0.006192699273904516,0.5,0.013072243587929695,-0.02949284635160343,0.0037993543260221863,10,-0.025628851385801954,-0.0069995952316634245,-0.0035314609136067655
2024-12-19,-0.057036589403853255,0.011407317880770651,0.0057036589403853255,0.5,0.013365192971071747,-0.02949284635160343,0.0037993543260221863,10,0.028627734026696383,-0.006089813191082793,-0.0034309945834049894
2024-12-20,-0.03248139151266668,0.013742360815140317,0.006871180407570158,0.5,0.015342849523083124,-0.02949284635160343,0.010869123768910471,10,0.011734236093817518,-0.003910695109475859,-0.002593627590732095
2024-12-23,0.028818808187561773,0.006340503187450386,0.003170251593725193,0.5,0.0158518819698105,-0.02949284635160343,0.010869123768910471,10,-0.003581850300376832,-0.0032131112809735685,-0.001250478851149084
2024-12-24,0.048665260821393705,0.00973305216427874,0.00486652608213937,0.5,0.017055003509494227,-0.02949284635160343,0.01104275925539211,10,0.00375548578685847,-0.00023176043673485137,0.00015018540578456418
2024-12-26,0.029873956562419722,0.006245230503466555,0.0031226152517332775,0.5,0.005875771746425247,-0.0008651123249070469,0.01104275925539211,10,-0.011448418041866026,0.005585677076291051,-0.0007069590776861868
2024-12-27,-0.000697726053862276,0.007501384714367195,0.0037506923571835973,0.5,0.009389528216592799,-0.011055736101235558,0.01104275925539211,10,-0.010650077314761641,0.003547552321025349,-0.0012711304350287223
2024-12-30,-0.03693898431579375,0.0073877968631587505,0.0036938984315793752,0.5,0.010112301071770169,-0.011055736101235558,0.01104275925539211,10,0.00035374039946878266,-0.0007666715731101004,-0.00233868334129298
2024-12-31,-0.04340422032988289,0.008680844065976578,0.004340422032988289,0.5,0.009079690975431116,-0.011055736101235558,0.01104275925539211,10,0.006417195306839374,-0.0030810863458023085,-0.0031470988133879387
2025-01-02,-0.02868447122986062,0.005736894245972124,0.002868447122986062,0.5,0.004894235153096556,-0.011055736101235558,-0.00040565878647391695,10,0.002060913753705207,-0.0057344155251251696,-0.0029830879809300105
2025-01-03,0.010145566142237272,0.006368237919213852,0.003184118959606926,0.5,0.00961268498264739,-0.011055736101235558,0.01259602672149196,10,0.014819913362714154,-0.003134078423531994,0.0012257993263795285
2025-01-06,0.026516975276200117,0.006785986149388153,0.0033929930746940764,0.5,0.009041531967543716,-0.010701995701766776,0.01259602672149196,10,-0.007057981636041655,0.00018467781380517855,0.0018661150674152637
2025-01-07,0.01171693154139064,0.009745994896350049,0.0048729974481750244,0.5,0.009163480690513951,-0.01110391288210788,0.01259602672149196,10,-0.016641957967558185,0.0001042943777369576,-0.0003311885976865714
2025-01-08,-0.006675846009553768,0.006067439386161166,0.003033719693080583,0.5,0.00883034976283093,-0.01110391288210788,0.01259602672149196,10,0.012664273073033194,0.0012733264949075008,-0.0009038799254474039
2025-01-10,-0.0415919941570823,0.009358638958700002,0.004679319479350001,0.5,0.011654126458775487,-0.01541164380306681,0.01259602672149196,10,-0.016972003993992124,-0.0013642249374614223,-0.003549320231293296
2025-01-13,-0.020459732539901222,0.006182482694064295,0.0030912413470321476,0.5,0.00912054046304564,-0.01541164380306681,0.005538045085450305,10,0.01698708789126757,-0.003568341464119662,-0.003351209943825828
2025-01-14,-0.021149866506036674,0.006044455900837205,0.0030222279504186025,0.5,0.008188114720242227,-0.01541164380306681,0.0015754440882007614,10,-0.0004291642769567172,-0.004446694518960914,-0.0021310083525778677
2025-01-15,0.03505752696513986,0.0070115053930279725,0.0035057526965139862,0.5,0.011924639042480341,-0.01541164380306681,0.018312792279639112,10,0.017166512468395068,0.0014366465133884843,0.0007704704455627209
2025-01-16,0.028910637711151432,0.007190587185025151,0.0035952935925125753,0.5,0.012027804114090544,-0.01541164380306681,0.018312792279639112,10,-0.02042548174383141,0.0007020365823649621,0.0009876815386362313
2025-01-17,0.04365193630800086,0.010138846904395038,0.005069423452197519,0.5,0.008310355993293456,-0.0021126894641922966,0.018312792279639112,10,0.012103748433546002,0.005782577136849066,0.0022091760996938215
2025-01-21,0.027744327684573834,0.006957325179709632,0.003478662589854816,0.5,0.008017402613702537,-0.0021126894641922966,0.018312792279639112,10,-0.0012228318637708124,0.007221133740325491,0.0018263961381029148
2025-01-22,0.04149537932860696,0.008299075865721392,0.004149537932860696,0.5,0.007355288853524188,-0.0021126894641922966,0.018312792279639112,10,-0.0026302855833553185,0.008219466082522197,0.0018863857817806417
2025-01-23,0.03369942474703643,0.006739884949407286,0.003369942474703643,0.5,0.0047216043382626105,-0.0021126894641922966,0.009991058969353706,10,-0.0008244553018161849,0.0056196048706766534,0.003528125692032569
2025-01-24,0.014327159038733567,0.004768853354012596,0.002384426677006298,0.5,0.005027343746690535,-0.002855132319398823,0.009991058969353706,10,-0.008168618539810213,0.005471116299635348,0.003086576441000155
2025-01-27,-0.020203936316328296,0.007583111410206585,0.0037915557051032924,0.5,0.009512996413263737,-0.014580715690809543,0.008768227105582893,10,-0.01172558337141072,0.0005567613676026983,0.0031696692522258816
2025-01-28,-0.013696630933734594,0.008884572486725325,0.004442286243362663,0.5,0.009611641262498905,-0.014580715690809543,0.009217869449967608,10,0.02379858514077715,0.0006466898364796414,0.003933911788402566
2025-01-29,-0.016736236668605797,0.009492493633699564,0.004746246816849782,0.5,0.009278224697498498,-0.014580715690809543,0.009217869449967608,10,-0.013896765210289153,-0.0015166776200301823,0.0033513942312460077
2025-01-30,0.016357313491596377,0.006390726538533638,0.003195363269266819,0.5,0.009271231043527896,-0.014580715690809543,0.009217869449967608,10,0.009954310165633307,-0.0015242919830501078,0.0020476564438132727
2025-01-31,-0.007417178515049527,0.0050003786398844135,0.0025001893199422067,0.5,0.009400788589187603,-0.014580715690809543,0.009217869449967608,10,-0.010322240159331697,-0.0019626306699743303,0.0017542428148305089
2025-02-03,-0.012300015055624797,0.005976945947999468,0.002988472973999734,0.5,0.0073559175572128896,-0.007608597684666707,0.009217869449967608,10,-0.0025617719306467723,-0.000568207068745763,-5.722850571532323e-06
2025-02-04,-0.009050902683344816,0.006626768422455465,0.0033133842112277323,0.5,0.006719535576127894,-0.007608597684666707,0.007224881828679752,10,0.01483347951334646,-0.0009668045930033342,-0.0001600573782618464
2025-02-05,0.00587492845771235,0.006247384147986941,0.0031236920739934706,0.5,0.006630422808537634,-0.007608597684666707,0.007224881828679752,10,-0.003316208898065387,0.0007507091451838477,-0.00038298423742316734
2025-02-06,0.0246297558031879,0.00492595116063758,0.00246297558031879,0.5,0.006387836522592154,-0.007608597684666707,0.007224881828679752,10,-0.0002643742079957434,0.0004244860086452196,-0.0005499029872024441
2025-02-07,-0.00318633076384985,0.005672580588258628,0.002836290294129314,0.5,0.007536184536863055,-0.009464770111542897,0.007224881828679752,10,-0.01310906883416152,-0.00045910286285937295,-0.0012108667664168515
2025-02-10,0.0014867828282309294,0.006607203306674784,0.003303601653337392,0.5,0.006827783444827755,-0.009464770111542897,0.007224881828679752,10,0.01617731119740573,0.002405124891246535,0.0009184589112503861
2025-02-11,-0.004021077061368006,0.005505631328754997,0.0027528156643774984,0.5,0.006285488162129977,-0.009464770111542897,0.006712541085862833,10,-0.0063729582970035725,0.0010280650832824368,3.063024513955126e-05
2025-02-12,0.007213761933893928,0.00325866352970261,0.001629331764851305,0.5,0.006225159033326944,-0.009464770111542897,0.006712541085862833,10,-0.003063449503244997,-0.00029844284571758364,0.00022613314973313203
2025-02-13,0.013403346994506998,0.004496580541825224,0.002248290270912612,0.5,0.007830805548032999,-0.009464770111542897,0.010426292122230674,10,0.01315015883661641,0.0010579558342048267,0.0007412209214250232
2025-02-14,0.012717469333917153,0.004407367548037018,0.002203683774018509,0.5,0.005435759762899141,-0.0027238667143857365,0.010426292122230674,10,-0.01049823592972532,0.0029365210950144773,0.001238709116077552
2025-02-18,0.021332226816328702,0.004314407901595503,0.0021572039507977516,0.5,0.0050132527509852455,-0.0027238667143857365,0.010426292122230674,10,0.002516931582555837,0.002083010432854149,0.002244067662050342
2025-02-19,0.007916688929139881,0.00163130032415774,0.00081565016207887,0.5,0.0049180152416193855,-0.0027238667143857365,0.010426292122230674,10,-6.801838514380876e-05,0.0024904877530657734,0.0017592764181741049
2025-02-20,0.0008129534813448396,0.0030520474137167484,0.0015260237068583742,0.5,0.005376233284927322,-0.0043341850761716705,0.010426292122230674,10,-0.006711154466089053,0.0021684240807085865,0.0009349906174955014
2025-02-21,-0.03170223731469635,0.007925093722884191,0.0039625468614420956,0.5,0.008157351545435437,-0.01706412670256352,0.0024449877750611915,10,-0.01272994162639185,-0.0033296596842502524,-0.0011358519250227127
2025-02-24,-0.04394569713856267,0.008789139427712533,0.004394569713856267,0.5,0.007960027788734728,-0.01706412670256352,0.0024449877750611915,10,0.01209502019816111,-0.004309092223631805,-0.000686285564308664
2025-02-25,-0.04452160687073048,0.008904321374146096,0.004452160687073048,0.5,0.007032347096045059,-0.01706412670256352,0.0023769693899173827,10,0.000289375588930052,-0.005734035961738515,-0.0018255127644421832
2025-02-26,-0.015854688566379616,0.0032616205666405884,0.0016308102833202942,0.5,0.00643196033778823,-0.01706412670256352,0.00013602428004699796,10,0.004815755195519356,-0.006182224983712592,-0.0018458686153234095
2025-02-27,-0.03401376715155872,0.006893436283676409,0.0034467181418382045,0.5,0.007570053042107595,-0.01706412670256352,0.00013602428004699796,10,-0.01600057793555687,-0.008488298699580232,-0.003159937309435823
2025-02-28,0.00020935876587672525,0.010618240856848593,0.0053091204284242965,0.5,0.011527250498608728,-0.015864553655509872,0.01585414463498891,10,0.03171869829049878,-0.0019046444320697463,-0.0026171520581599996
2025-03-03,-0.029345247479201274,0.016438479252499527,0.008219239626249764,0.5,0.013568985888558482,-0.0175967394669998,0.01585414463498891,10,-0.03345088410198871,-0.004430171024589225,-0.004369631624110515
2025-03-04,-0.023295702390352203,0.015228570234729713,0.007614285117364857,0.5,0.014016989571181769,-0.0175967394669998,0.01585414463498891,10,0.0053619128647993675,-0.0059411901619348395,-0.0058376130618366774
2025-03-05,-0.031120480293353826,0.013663614654129389,0.006831807327064694,0.5,0.015945963712182706,-0.0175967394669998,0.01585414463498891,10,0.023394104495388368,-0.003736539439306652,-0.004959382211509622
2025-03-06,-0.031490926324604006,0.013737703860379424,0.006868851930189712,0.5,0.016336754752577766,-0.017819007085749905,0.01585414463498891,10,-0.02897828497893784,-0.004127430125354659,-0.0063078644124674454
2025-03-07,-0.0018985189830232154,0.01149963426056196,0.00574981713028098,0.5,0.013601685253533185,-0.017819007085749905,0.011159277893187936,10,0.023339624888497945,-0.006194135491802833,-0.00404938996193629
2025-03-10,-0.06545246764737944,0.016770905397974583,0.008385452698987291,0.5,0.01600145149255573,-0.0269730913054258,0.011159277893187936,10,-0.03249370910817384,-0.008069405859488033,-0.006249788442038629
2025-03-11,-0.04836723137721821,0.013353858143942335,0.006676929071971168,0.5,0.015832960137831385,-0.0269730913054258,0.011159277893187936,10,0.019405225981772634,-0.007136013603778579,-0.006538601882856709
2025-03-12,-0.0494234778327209,0.013142608852841797,0.006571304426420899,0.5,0.014183563762912575,-0.0269730913054258,0.00552061780274804,10,0.012454735253099591,-0.008390495196526881,-0.006063517317916767
2025-03-13,-0.027619966001736773,0.008781906486644972,0.004390953243322486,0.5,0.013628706782250796,-0.0269730913054258,0.00552061780274804,10,-0.018777854136281746,-0.0076048906207439645,-0.0058661603730493115
2025-03-14,0.020436258009498186,0.013347907739789852,0.006673953869894926,0.5,0.01840262074509568,-0.0269730913054258,0.021265869083087807,10,0.03515685328992313,-0.004455840364676012,-0.005324987928239422
2025-03-17,0.022985025992264076,0.01385766133634303,0.006928830668171515,0.5,0.01362746250213609,-0.013890984206835322,0.021265869083087807,10,-0.014849738363981846,0.002222004040230341,-0.0029237009096288458
2025-03-18,0.028380812807595378,0.01277850397327677,0.006389251986638385,0.5,0.014237837510754954,-0.013890984206835322,0.021265869083087807,10,-0.017069642836742505,0.0016048746814336656,-0.002765569461172457
2025-03-19,0.010935190282273338,0.009289379468212363,0.004644689734106182,0.5,0.014812374696421939,-0.013890984206835322,0.021265869083087807,10,0.021452007685531127,0.0027871998091232976,-0.002801647693701792
2025-03-20,-0.0033998495034285687,0.00787896694594877,0.003939483472974385,0.5,0.012214531810311726,-0.010653512117636543,0.021265869083087807,10,-0.012983388720209765,0.005128418020027325,-0.0012382363003583196
2025-03-21,0.015730426438742562,0.0046026807226253,0.00230134036131265,0.5,0.008235829538233336,-0.010653512117636543,0.010798495567894584,10,0.0030095465999813165,0.001040174892942991,-0.0017078327358665101
2025-03-24,0.027142934069974332,0.006885182248871653,0.0034425911244358267,0.5,0.01110119464934672,-0.010653512117636543,0.017646000146633645,10,0.01682134669896751,0.003286148778448528,0.002754076409339434
2025-03-25,0.033408311747874876,0.006681662349574975,0.0033408311747874877,0.5,0.008241028681384637,-0.0021848931523151816,0.017646000146633645,10,-0.016071666692208497,0.005731717892860866,0.0036682962871472657
2025-03-26,0.013438997797386072,0.01012575617456198,0.00506287808728099,0.5,0.010425981814901926,-0.011156934922627149,0.017646000146633645,10,-0.012731268377052296,0.0013406317947565194,0.0020639158019399085
2025-03-27,-0.02148263721494311,0.005346083079272053,0.0026730415396360265,0.5,0.010532373287831435,-0.011156934922627149,0.017646000146633645,10,0.007849954061863285,0.001116214253066783,0.003122316136547054
2025-03-28,-0.057001894152891766,0.011400378830578354,0.005700189415289177,0.5,0.014088525087122564,-0.01973722070834405,0.017646000146633645,10,-0.016430239847580186,-0.002996160578135254,-0.0009779928425961315
2025-03-31,-0.02917613333075756,0.00952757437992043,0.004763787189960215,0.5,0.010141128500098288,-0.01973722070834405,0.005538521570653376,10,0.025275742278997426,-0.005417656293331308,-0.00106575375744139
2025-04-01,-0.017362439469637187,0.009685659244968595,0.0048428296224842975,0.5,0.010560865903356257,-0.01973722070834405,0.005538521570653376,10,-0.0017572861147450158,-0.004976275893034665,0.00037772099991310035
2025-04-02,0.02674658623725734,0.005349317247451468,0.002674658623725734,0.5,0.010965241313702285,-0.01973722070834405,0.006728194715792668,10,0.0029469592598843075,-0.0013992499653507017,-2.9309085297091198e-05
2025-04-03,-0.0631436719803341,0.01963502117720084,0.00981751058860042,0.5,0.02387137075259605,-0.04839563335990149,0.006728194715792668,10,-0.05512382807569416,-0.010416980465178227,-0.0046503831060557225
2025-04-04,-0.16902840664939983,0.038291144473741746,0.019145572236870873,0.5,0.03281010584010678,-0.05974960534553109,0.006728194715792668,10,-0.011353971985629596,-0.018419457392615635,-0.010707808985375444
2025-04-07,-0.1841278519959333,0.03682557039918666,0.01841278519959333,0.5,0.03153753050652624,-0.05974960534553109,0.006728194715792668,10,0.05741813285340369,-0.01999345620517179,-0.012705556249251548
2025-04-08,-0.12963600400099973,0.025927200800199945,0.012963600400099973,0.5,0.028964412757810715,-0.05974960534553109,0.006728194715792668,10,-0.013369052070813958,-0.02388980820894173,-0.014433042050988198
2025-04-09,0.1285364656566329,0.03772862450137241,0.018864312250686206,0.5,0.06129001823599229,-0.05974960534553109,0.09515387644904849,10,0.11085440101198984,-0.006204671862290567,-0.0038019609138206347
2025-04-10,0.07474295383563367,0.04848732686557226,0.02424366343278613,0.5,0.059191408141486206,-0.05974960534553109,0.09515387644904849,10,-0.12976145603377542,-0.0034470611072556557,-0.006932020786216941
2025-04-11,0.13106398677671752,0.049284517078494794,0.024642258539247397,0.5,0.05024087949337124,-0.03460757958472693,0.09515387644904849,10,0.05269967478643589,0.012121279002192353,-0.0031490891952116406
2025-04-14,-0.014284619986915104,0.02021479572576827,0.010107397862884135,0.5,0.04970921840268201,-0.03460757958472693,0.09515387644904849,10,-0.010147382810840044,0.014176515978791614,-0.002908470113190087
2025-04-15,0.04051504450363859,0.009254862827657528,0.004627431413828764,0.5,0.047972093895944534,-0.03460757958472693,0.09515387644904849,10,-0.009672493281263628,0.016971064713300944,-0.0034593717478203943
2025-04-16,-0.026985733406025836,0.01069362160845111,0.005346810804225555,0.5,0.021675439381058703,-0.03460757958472693,0.018092095201708958,10,-0.020680590653694986,-0.0065413848853266955,-0.006373028373808631
2025-04-17,-0.03801552389817368,0.00848766351002154,0.00424383175501077,0.5,0.014960279598121455,-0.0224083715440897,0.018092095201708958,10,0.023735209639669907,0.0006454986507347327,-0.0014007812282604616
2025-04-21,-0.07441504412056173,0.01576756755449915,0.007883783777249576,0.5,0.01440504112291581,-0.023567493023827546,0.007944712390868913,10,-0.024894331119407753,-0.007686418994372568,0.0022174300039098926
2025-04-22,0.004794249659413145,0.01667051194776766,0.00833525597388383,0.5,0.020017413675928717,-0.023567493023827546,0.025117204723895226,10,0.04868469774772277,-0.004251920527767306,0.004962297725512155
2025-04-23,0.030351416951712916,0.021781945406227615,0.010890972703113807,0.5,0.022170598130252635,-0.023567493023827546,0.025117204723895226,10,-0.008456066252935157,-0.000574136655496349,0.008198464028902296
2025-04-24,0.10339576150522758,0.020679152301045518,0.010339576150522759,0.5,0.01974417213895001,-0.023567493023827546,0.025117204723895226,10,0.0035979752373211937,0.007959360394977844,0.0007089877548255741
2025-04-25,0.07382230941539965,0.01476446188307993,0.007382230941539965,0.5,0.019418876809786014,-0.023567493023827546,0.025117204723895226,10,-0.012885980238282801,0.009168619469861495,0.004907059060298114
2025-04-28,0.04712158980365477,0.009424317960730955,0.004712158980365477,0.5,0.009902473861958737,0.0006407067039131409,0.025117204723895226,10,-0.00673242676608532,0.014010259415409631,0.0031619202105185318
2025-04-29,0.023027084780017727,0.004605416956003546,0.002302708478001773,0.5,0.00808746324892182,0.0006407067039131409,0.020259113708281262,10,0.005161703990185895,0.010147300609450394,0.002947690040841544
2025-04-30,0.013205181262962995,0.002641036252592599,0.0013205181262962995,0.5,0.007877610164763385,0.0006407067039131409,0.020259113708281262,10,-0.004322419334333416,0.007111071187211504,0.0032684672658575774
2025-05-01,0.0226358403207505,0.0045271680641501,0.00226358403207505,0.5,0.003042977761453201,0.0006407067039131409,0.007373133469998461,10,0.004819110778820024,0.00431906887327238,0.006139214634125112
2025-05-02,0.03750944604664334,0.0075018892093286675,0.0037509446046643338,0.5,0.005594932792716789,0.0006407067039131409,0.01472657412963474,10,0.008427471991049096,0.005789757005199636,0.007479188237530565
2025-05-05,0.024406797798810866,0.009135757952384749,0.004567878976192374,0.5,0.007697072397261825,-0.006381597588933863,0.01472657412963474,10,-0.021108171718568602,0.004385296146630235,0.009197777781019933
2025-05-06,0.0010862281480755742,0.009600470456808044,0.004800235228404022,0.5,0.009279493408820358,-0.007693239651855532,0.01472657412963474,10,-0.0013116420629216696,0.0016861660774393217,0.005916733343444858
2025-05-07,-0.016214135012755926,0.006140397824641745,0.0030701989123208726,0.5,0.009351829845412078,-0.007693239651855532,0.01472657412963474,10,0.012039595884991372,0.0022594390521133655,0.004685255119662435
2025-05-08,0.004088152793526405,0.0059464569932756355,0.0029732284966378177,0.5,0.009300431734253352,-0.007693239651855532,0.01472657412963474,10,0.0014534188616996957,0.002159573643363344,0.003239321258317862
2025-05-09,0.01572441735959181,0.0036192040800625547,0.0018096020400312773,0.5,0.006095877010696501,-0.007693239651855532,0.005799775094835535,10,-0.006511256007051824,-0.0009280373650068618,0.002430859820096387
2025-05-12,0.06274512821937935,0.013023346252020063,0.006511673126010031,0.5,0.015305179059536086,-0.007693239651855532,0.032558782749008364,10,0.03327026366122465,0.006860038702581584,0.005622667424605909
2025-05-13,0.0651591713672071,0.013506154881585611,0.006753077440792806,0.5,0.013045089628096744,-0.0007114809122162891,0.032558782749008364,10,-0.02531058176547618,0.009848326829659127,0.005767246453549224
2025-05-14,0.06805233221733394,0.013610466443466787,0.006805233221733394,0.5,0.013472936991290325,-0.0007114809122162891,0.032558782749008364,10,-0.006223785385672365,0.009183938702603922,0.005721688877358644
2025-05-15,0.02067491442587962,0.004134982885175924,0.002067491442587962,0.5,0.013597704012482219,-0.0007114809122162891,0.032558782749008364,10,0.0031079164762759515,0.008850450098463969,0.005505011870913656
2025-05-16,0.020270033278156907,0.004054006655631381,0.0020270033278156907,0.5,0.012645698064027131,0.001024415597859818,0.032558782749008364,10,0.0028729402207627874,0.010393800739886938,0.0047328816874400385
2025-05-19,0.02002286249696117,0.004004572499392234,0.002002286249696117,0.5,0.0030901600787373233,0.0008761131291423752,0.0072482009835321826,10,-0.006129159165756182,0.0040572668159137406,0.005458652759247662
2025-05-20,0.006668593292359545,0.003920538290888713,0.0019602691454443564,0.5,0.004069697487520093,-0.0038802294486252054,0.007005272294898557,10,-0.0047563425777675805,0.0018315807294822628,0.005839953779570695
2025-05-21,-0.03189874496749512,0.0069638244129272735,0.0034819122064636368,0.5,0.009076218205250907,-0.01613513066101424,0.007005272294898557,10,-0.012254901212389036,-0.0016003285222925489,0.0037918050901556864
2025-05-22,-0.034100385245970734,0.006820077049194147,0.0034100385245970735,0.5,0.008570187781719911,-0.01613513066101424,0.007005272294898557,10,0.015690259623071245,-0.002515769144708302,0.0031673404768778335
2025-05-23,-0.03881383254046485,0.00776276650809297,0.003881383254046485,0.5,0.006765854343879653,-0.01613513066101424,0.0008761131291423752,10,-0.006263426787378679,-0.0052584831687523485,0.002567658785567295
2025-05-27,0.022176478303347714,0.00920407490284599,0.004602037451422995,0.5,0.013510804492382334,-0.01613513066101424,0.0204590558452733,10,0.027167353670594974,-0.0013418946255261631,0.0013576860951937885
2025-05-28,0.013632554337804637,0.010912859695954605,0.005456429847977303,0.5,0.013611020846396371,-0.01613513066101424,0.0204590558452733,10,-0.026030281262542143,-0.0016800938192548908,7.574345511368596e-05
2025-05-29,0.0314983744831813,0.01001382517481549,0.005006912587407745,0.5,0.010992126071310188,-0.006708297825321674,0.0204590558452733,10,0.00958241967917317,0.002349171165328823,0.0003744213215181369
2025-05-30,-0.0027353605277768978,0.0032212016134915977,0.0016106008067457989,0.5,0.010970196543677596,-0.006708297825321674,0.0204590558452733,10,-0.00409237942320595,0.0024219083406570975,-4.693040202560228e-05
2025-06-02,0.013386751712932687,0.0027314737834542857,0.0013657368917271429,0.5,0.009714298018257255,-0.005571225417268844,0.0204590558452733,10,0.00418322708845853,0.004583976291152814,-0.0003372534387997672
2025-06-03,0.016368578700767984,0.003327839181021345,0.0016639195905106725,0.5,0.0045813680459252885,-0.005571225417268844,0.005800290454605506,10,0.0016982485274485981,0.001652223213019255,0.00015516429374654584
2025-06-04,0.01662669973544843,0.003325339947089686,0.001662669973544843,0.5,0.002640846901200942,-8.118516130162234e-05,0.005800290454605506,10,-0.005726602995098862,0.0027812057883743525,0.0005505559845597307
2025-06-05,0.0009943241850300193,0.0037171204390687627,0.0018585602195343813,0.5,0.004303159958868172,-0.005277383403094138,0.005800290454605506,10,-0.005351070862600782,0.0009234902553746594,0.001636330710351741
2025-06-06,0.008461645110800683,0.0052105846242228955,0.0026052923121114477,0.5,0.00589793954872943,-0.005277383403094138,0.010280683010067904,10,0.015558066413162042,0.0029958638896485645,0.002708886115152831
2025-06-09,0.009872079477099376,0.005492671497482633,0.0027463357487413167,0.5,0.005920376171147896,-0.005277383403094138,0.010280683010067904,10,-0.009360734930782044,0.002359445120074355,0.0034717107056135843
2025-06-10,0.02780603416172034,0.005561206832344068,0.002780603416172034,0.5,0.005875806164714048,-0.005277383403094138,0.010280683010067904,10,0.004563041328392581,0.002295984910688942,0.001974104061854098
2025-06-11,0.0060984142205940586,0.0030489421471907216,0.0015244710735953608,0.5,0.0062644705998963325,-0.005277383403094138,0.010280683010067904,10,-0.008226878362286305,0.0017324696278660401,0.0022568377081201964
2025-06-12,0.010935867347980171,0.004016432772667944,0.002008216386333972,0.5,0.004889860330604513,-0.002743888954607865,0.010280683010067904,10,0.006566308910325391,0.003552430299628373,0.0022379602775015163
2025-06-13,-0.017029748130235056,0.005954229596525362,0.002977114798262681,0.5,0.006666085560848346,-0.011296379879250695,0.00548298940767844,10,-0.015118799834968222,-0.0007629822782353468,0.0011164408057066089
2025-06-16,0.003197833287709913,0.008170486577042446,0.004085243288521223,0.5,0.008119332347827609,-0.011296379879250695,0.009392659896159117,10,0.020689039775409812,0.0009315600851393047,0.0016455026026068297
2025-06-17,-0.017093174622096474,0.009680408188525372,0.004840204094262686,0.5,0.008527664277407268,-0.011296379879250695,0.009392659896159117,10,-0.017744844686325423,-0.0018354747544296445,0.00023025507812964862
2025-06-18,0.001218724826476299,0.006018028298810818,0.003009014149405409,0.5,0.008532334158014005,-0.011296379879250695,0.009392659896159117,10,0.008042944580059275,-0.001348545005529478,0.0001919623111682811
2025-06-20,-0.018066805811298714,0.003613361162259743,0.0018066805811298714,0.5,0.00803041913605637,-0.011296379879250695,0.009392659896159117,10,-0.0018694182763988598,-0.0025487606939741613,0.0005018348028271058
2025-06-23,0.01186434239423902,0.0040314676099230855,0.0020157338049615428,0.5,0.007774863915252632,-0.008352184790166306,0.009606504133156335,10,0.011785162619662226,0.0016318161085072448,0.0004344169151359489
2025-06-24,0.030915943043920424,0.0076356275997880125,0.0038178137998940063,0.5,0.008231398555137904,-0.008352184790166306,0.01112172017970181,10,0.0015152160465454756,0.0019776281652157833,0.0014545941251775441
2025-06-25,0.034541563683179545,0.006910503471936187,0.0034552517359680937,0.5,0.006210914837623982,-0.002178658486505891,0.01112172017970181,10,-0.011125006282652228,0.003647407902658961,0.0009059665741146583
2025-06-26,0.03189759225330269,0.0063817091859608155,0.0031908545929804077,0.5,0.005997744531917718,-0.002178658486505891,0.01112172017970181,10,0.008023407378180636,0.005313280199726411,0.0019823675970984667
2025-06-27,0.022059676762503276,0.004414126087800933,0.0022070630439004666,0.5,0.004382537015954418,-3.2861029504172024e-06,0.01112172017970181,10,-0.002801150390008056,0.006792806074072022,0.00212202269004893
2025-06-30,0.030672532641641638,0.006134506528328328,0.003067253264164164,0.5,0.004111411982104332,-3.2861029504172024e-06,0.01112172017970181,10,-5.4543460689560064e-05,0.0059043907323472755,0.00376810342042726
2025-07-01,0.015441445371054779,0.003833976465625555,0.0019169882328127774,0.5,0.0038649381641726265,-0.001118531087121899,0.008020121275230219,10,-0.006282958511654502,0.0034563404789825338,0.0027169843220991585
2025-07-02,0.01465165521416456,0.0036760184342475113,0.0018380092171237556,0.5,0.0033516203833148907,-0.001118531087121899,0.008020121275230219,10,0.005863627878209932,0.004406017057790224,0.004026712480224593
2025-07-03,0.019942534850955762,0.004734194361605752,0.002367097180802876,0.5,0.003439453406725815,-0.001118531087121899,0.008338955206607324,10,0.003593858415519291,0.004469783844065644,0.004891532021896028
2025-07-07,0.00870292453094427,0.00698211642560805,0.003491058212804025,0.5,0.00641510692032937,-0.007862297279128794,0.008338955206607324,10,-0.016201252485736117,0.0018535302111954532,0.004323168142633738
2025-07-08,-0.0003987149226936104,0.005639046455610271,0.0028195232278051354,0.5,0.006191498844530849,-0.007862297279128794,0.008338955206607324,10,0.007146410398034098,0.0006774673500699935,0.0032909290412086343
2025-07-09,-0.004193467929266559,0.004880095854295681,0.0024400479271478406,0.5,0.006496056966818842,-0.007862297279128794,0.008338955206607324,10,0.006777990283758251,0.002113594248027084,0.002784967363504809
2025-07-10,0.013487369210023654,0.0031747317627345284,0.0015873658813672642,0.5,0.006353567925281842,-0.007862297279128794,0.008338955206607324,10,-0.00331589839821822,0.0017138158906985445,0.003059916474244384
2025-07-11,0.009184642407350693,0.004035277123269121,0.0020176385616345605,0.5,0.0053761236694318485,-0.007862297279128794,0.0060621034026635545,10,-0.006043727967143808,-0.0006134797431626149,0.0019281520504515147
2025-07-14,0.0014268264186736066,0.0024837139255337037,0.0012418569627668519,0.5,0.0035342597946465353,-0.0032975229626984737,0.0060621034026635545,10,0.004704936772155777,0.0012404624745546045,0.0015469963428750289
2025-07-15,-0.009744012279953954,0.002887078328962326,0.001443539164481163,0.5,0.004214348553523571,-0.003956298214731202,0.0060621034026635545,10,-0.005363712024188505,0.0005923802078273033,0.0006349237789486483
2025-07-16,0.0010746216867563163,0.002852456480505398,0.001426228240252699,0.5,0.0034002246154012936,-0.003956298214731202,0.003193657417327689,10,0.007149955632058891,1.8691010760130133e-05,0.001066142629393607
2025-07-17,0.007685211019176444,0.004174574346989424,0.002087287173494712,0.5,0.004065181531835921,-0.003956298214731202,0.00537376740890938,10,0.0021801099915816913,0.0005442034916529392,0.001129009691175742
2025-07-18,0.01412823102925435,0.0028859703449738427,0.0014429851724869214,0.5,0.0035245480371407486,-0.003956298214731202,0.00537376740890938,10,-0.005464253617593839,0.001185610842455742,0.0002860655496465636
2025-07-21,0.0111373601384888,0.0022877961668207325,0.0011438980834103663,0.5,0.0035244197294018896,-0.003956298214731202,0.00537376740890938,10,0.0014896210915528174,0.0011839550571379532,0.0012122087658462787
2025-07-22,0.0032436338463494767,0.0007090509083928683,0.00035452545419643416,0.5,0.0021989689652004564,-9.048620868445933e-05,0.00537376740890938,10,-0.0007616032492425706,0.002102721026809351,0.0013475506173183272
2025-07-23,0.01641425578002213,0.0032828511560044258,0.0016414255780022129,0.5,0.003408837139746976,-9.048620868445933e-05,0.007811886951519131,10,0.007174355317893344,0.0030263669336476396,0.0015225289722038849
2025-07-24,0.015246070377998855,0.003049214075599771,0.0015246070377998855,0.5,0.003241084034476901,-9.048620868445933e-05,0.007811886951519131,10,-0.007113663309864737,0.0020912581801966422,0.0013177308359247908
2025-07-25,0.02080739728744896,0.004161479457489792,0.002080739728744896,0.5,0.0030618582127290577,0.0006375316336257875,0.007811886951519131,10,0.0032761041376414557,0.0029042209777927043,0.002044915910124223
2025-07-28,0.008082349216280704,0.0016164698432561408,0.0008082349216280704,0.5,0.0032547785954990622,0.00017685810881817865,0.007811886951519131,10,-0.003797469670477671,0.002659765622982668,0.0019218603400603107
2025-07-29,0.0019862391656496245,0.0023702094256127606,0.0011851047128063803,0.5,0.0041009986213879765,-0.002959442388724254,0.007811886951519131,10,-0.0031363004975424325,0.00194037081851266,0.0020215459226610053
2025-07-30,-0.006720028377592927,0.0014619110813973712,0.0007309555406986856,0.5,0.002576402575306669,-0.002959442388724254,0.00397432777929585,10,0.0017100096420745725,0.00012810687887889748,0.0015772369062632685
2025-07-31,-0.013172824127544908,0.0026345648255089817,0.0013172824127544909,0.5,0.0030406153715588015,-0.0036948193411530106,0.00397432777929585,10,-0.0024453865945033293,-0.0007505017176825835,0.0006703782312570295
2025-08-01,-0.0348939753799186,0.00697879507598372,0.00348939753799186,0.5,0.00646592548797699,-0.015992133140148468,0.00017685810881817865,10,-0.012297313798995457,-0.004743793901571447,-0.0009197864618893714
2025-08-04,-0.008249753583975764,0.011474684270739166,0.005737342135369583,0.5,0.010955878135059065,-0.015992133140148468,0.01473710033091602,10,0.030729233471064488,-0.0018317454571518787,0.00041401008291539474
2025-08-05,-0.01018816467589297,0.011862366489122608,0.005931183244561304,0.5,0.011037322654863986,-0.015992133140148468,0.01473710033091602,10,-0.019594966327219354,-0.0022114301786676947,-0.00013552968007751742
2025-08-06,0.028601902716175277,0.008958957874103946,0.004479478937051973,0.5,0.011852544350267353,-0.015992133140148468,0.01473710033091602,10,0.012139773291395817,-0.0005051621703192621,-0.0001885276457201823
2025-08-07,0.002710935472181597,0.004312417768958669,0.0021562088844793346,0.5,0.011727785938975742,-0.015992133140148468,0.01473710033091602,10,-0.008079387310572672,7.430569481530203e-05,-0.0003380980114336407
2025-08-08,0.023806904380978544,0.005293034219849169,0.0026465171099245843,0.5,0.007721802553530121,-0.004857865996303334,0.01473710033091602,10,0.008597195364455024,0.004832675392639962,4.4440745534257696e-05
2025-08-11,0.007496845852847192,0.0037004410620804506,0.0018502205310402253,0.5,0.005804825516528939,-0.004857865996303334,0.007799715348974834,10,-0.010303843170761162,0.0013844297620994928,-0.000223657847526193
2025-08-12,0.02773503895633541,0.0072164263391246335,0.0036082131695623168,0.5,0.005969296124066635,-0.0025041278217863283,0.01134543584661274,10,0.013849563668399067,0.004625090130682708,0.0012068299760075063
2025-08-13,0.020118978178718848,0.005693214183601321,0.0028466070918006605,0.5,0.005790809552811565,-0.0025041278217863283,0.01134543584661274,10,-0.008115356964207843,0.0038147244481451905,0.0016547811389129642
2025-08-14,0.024797675883850102,0.004959535176770021,0.0024797675883850103,0.5,0.005589069482897196,-0.0025041278217863283,0.01134543584661274,10,-0.0029269880811124693,0.0040348386114997135,0.0020545721531575077
2025-08-15,0.0010600576441136915,0.0021434349269754773,0.0010717174634877387,0.5,0.005829756244798038,-0.0028971350972291088,0.01134543584661274,10,-0.003200225898521536,0.001895468522258925,0.0033640719574494437
2025-08-18,-0.004491345794536879,0.0011003296931023272,0.0005501648465511636,0.5,0.005463915541926577,-0.0028971350972291088,0.01134543584661274,10,0.002796371916443663,0.0023761414504591015,0.0018802856062792972
2025-08-19,-0.014760002327952233,0.0029520004655904466,0.0014760002327952233,0.5,0.003448901392886529,-0.005858103118756786,0.0032300788824048965,10,-0.00575733993797134,-0.0010645663426148034,0.0017802618940339521
2025-08-20,-0.013984226037280778,0.0027968452074561556,0.0013984226037280778,0.5,0.0024795966241129646,-0.005858103118756786,0.00030309080129242716,10,0.00342643379593055,-0.0021969159836610296,0.0008089042322420803
2025-08-21,-0.02048992328481991,0.004097984656963982,0.002048992328481991,0.5,0.002115375469918381,-0.005858103118756786,-0.00010076318078544588,10,-0.0015725122064826902,-0.0030583704497813002,0.00048823408085920674
2025-08-22,0.01458432337459718,0.00720743190967621,0.003603715954838105,0.5,0.008446054848927775,-0.005858103118756786,0.015186444876893468,10,0.019190626406202393,0.0005583455450432151,0.0012269070336510702
2025-08-25,0.011526462999201792,0.007819003984755287,0.003909501992377644,0.5,0.008728065276900706,-0.005858103118756786,0.015186444876893468,10,-0.019452830424956935,-0.00027477892841238917,0.0010506812610233563
2025-08-26,0.02509009086660833,0.007862275205363978,0.003931137602681989,0.5,0.00826153539614696,-0.004266385548063467,0.015186444876893468,10,0.008400380739198465,0.0017236407335659675,0.00032953719547558215
2025-08-27,0.0037643232520765775,0.003597121682457627,0.0017985608412288134,0.5,0.007929990803589441,-0.004266385548063467,0.015186444876893468,10,-0.0017430108829605828,0.0026881714597660976,0.000245627738052534
2025-08-28,0.016136164864740676,0.0032272329729481353,0.0016136164864740676,0.5,0.0070127609534413,-0.004266385548063467,0.015186444876893468,10,0.000765735111360577,0.004120351649534881,0.0005309905998767906
2025-08-29,-0.0014174676097703878,0.003981962673760349,0.0019909813368801745,0.5,0.004788454879838014,-0.00639818429357164,0.004133995191134998,10,-0.009554903713106633,-0.00019657418455814034,0.00018088568024253736
2025-09-02,-0.016939574684830355,0.005492394549989399,0.0027461972749946995,0.5,0.005453856407995596,-0.006922279936861564,0.004133995191134998,10,-0.0005240956432899235,-0.0007277530623177597,-0.0005012659953650744
2025-09-03,-0.013700651004081577,0.006140179286139154,0.003070089643069577,0.5,0.005681516197705395,-0.006922279936861564,0.0051000736279842585,10,0.012022353564845822,-0.0005345373749479077,0.00059455167930903
2025-09-04,0.010873800168036778,0.006789613324848398,0.003394806662424199,0.5,0.0069343134214562485,-0.006922279936861564,0.008346486409699372,10,0.0032464127817151134,0.0006565630453570836,0.0016723672525615907
2025-09-05,0.01713567843215802,0.005537237672024149,0.0027686188360120747,0.5,0.006940827181533208,-0.006922279936861564,0.008346486409699372,10,-0.01151163938808819,-0.0006078114342276785,0.0017562701076536014
2025-09-08,0.012145520578772568,0.00453920610134706,0.00226960305067353,0.5,0.006165882128521853,-0.006922279936861564,0.008346486409699372,10,0.005271131894341807,0.0010930212076772472,0.00044822351155955343
2025-09-09,0.002714965984461452,0.002653095182484836,0.001326547591242418,0.5,0.0042396850712840385,-0.003165152978388819,0.008346486409699372,10,0.000582174737159713,0.0030151079256721,0.0011436774316771702
2025-09-10,0.012962670854380631,0.0025925341708761263,0.0012962670854380631,0.5,0.004082206350902277,-0.003165152978388819,0.008346486409699372,10,0.0002953162904499873,0.0025917871887877865,0.0010286249069199394
2025-09-11,0.023595856641058788,0.0047191713282117576,0.0023595856641058788,0.5,0.004131514173728771,-0.003165152978388819,0.008485890387959882,10,0.005502420444397194,0.0026196679844398886,0.0016381155148984861
2025-09-12,0.018310998361425284,0.003984040548729991,0.0019920202743649953,0.5,0.0032787004455783735,-0.00048276131466740146,0.008485890387959882,10,-0.008968651702627284,0.003156146317184172,0.0012741674414782466
2025-09-15,0.021182913833758622,0.004558423643196659,0.0022792118215983295,0.5,0.0032767344687677207,-0.00048276131466740146,0.008485890387959882,10,0.005189380541630095,0.003676274379386113,0.00238464779353168
2025-09-16,0.00489321262342505,0.0021591036266234522,0.0010795518133117261,0.5,0.003982871208148596,-0.0012879303382402618,0.008485890387959882,10,-0.005994549565202956,0.0028810575811155205,0.0029480827533938103
2025-09-17,0.0040808678803535186,0.002321572575237759,0.0011607862876188795,0.5,0.004334404596140635,-0.0012879303382402618,0.008485890387959882,10,0.0003177621777299411,0.0020903299603009184,0.0023410585745443522
2025-09-18,0.004218367810629638,0.002349072561292983,0.0011745362806464914,0.5,0.003114293637535281,-0.0012879303382402618,0.004789119185128365,10,0.005759287345638686,0.0013509757197346151,0.001985321852087252
2025-09-19,0.014507283159079416,0.0035482354054894305,0.0017741177027447153,0.5,0.003246595317381079,-0.0012879303382402618,0.004885418870829605,10,9.629968570123992e-05,0.0024246117568340166,0.002790379037009094
2025-09-22,0.023474307550485074,0.004694861510097015,0.0023474307550485074,0.5,0.0031968080355086236,-0.0012879303382402618,0.004885418870829605,10,-0.00047537239649653174,0.0023652972063080923,0.003020785792847103
2025-09-23,0.00632217691358424,0.004932541514058271,0.0024662707570291356,0.5,0.004633497066327081,-0.005502159197012135,0.004885418870829605,10,-0.009912205671345209,0.0015224514345537176,0.002201754507834619
2025-09-24,-0.006564550943353916,0.004252941171559499,0.0021264705857797495,0.5,0.004950974183973603,-0.005502159197012135,0.004885418870829605,10,0.0026555413536788475,0.0011471614979891242,0.0016187457291450213
2025-09-25,-0.022263063972453402,0.004452612794490681,0.0022263063972453403,0.5,0.0050863281702815885,-0.005502159197012135,0.004885418870829605,10,-0.0021624434997933317,-0.0008124746076618727,0.00026925055603637115
2025-09-26,-0.0032564040654810738,0.004585838644543723,0.0022929193222718616,0.5,0.00538266436908192,-0.005502159197012135,0.005901836747171263,10,0.010910898090297882,-0.0006091910323935412,0.0009077103622202376
2025-09-29,0.005880532700677973,0.0045154807688866745,0.0022577403844433372,0.5,0.005014930031257014,-0.005502159197012135,0.005901836747171263,10,-0.003266292530809123,-0.000964091483987728,0.0007006028611601823
2025-09-30,0.021047048911508513,0.0042094097823017025,0.0021047048911508512,0.5,0.004667742829269261,-0.0050090613431266195,0.005901836747171263,10,0.0014553041670095634,0.0009545100320890399,0.0012384807333213788
2025-10-01,0.016877189057826387,0.0033754378115652774,0.0016877189057826387,0.5,0.004209480498184589,-0.0050090613431266195,0.005901836747171263,10,-0.0006909275484097144,0.0022038177677480954,0.0016754896328686098
2025-10-02,0.01351520657037475,0.00270304131407495,0.001351520657037475,0.5,0.0019386470756343618,0.0006183547238911569,0.005901836747171263,10,-0.0027815661110708323,0.0033293009811516507,0.001258413186744889
2025-10-03,0.006806313935981597,0.0013612627871963194,0.0006806313935981597,0.5,0.0017503747816326072,6.551280273581206e-05,0.0040908483833717035,10,-0.0005528419211553448,0.00216203619226456,0.0007764225799355096
2025-10-06,0.0072174325105337864,0.0014434865021067573,0.0007217432510533787,0.5,0.0018728654533800304,6.551280273581206e-05,0.0040908483833717035,10,0.0035810791769574912,0.002364245744930793,0.0007000771304715326
2025-10-07,-0.00016550168098742696,0.0025078368578168955,0.0012539184289084477,0.5,0.003028980481983761,-0.0038114057910215715,0.0036465919796933033,10,-0.007457997770714875,0.000783794910052138,0.0008691524710705889
2025-10-08,0.009438083048733023,0.004428553803760986,0.002214276901880493,0.5,0.0036781993193208988,-0.0038114057910215715,0.0058276636405680815,10,0.009639069431589653,0.0012693434711733564,0.001736580619460726
2025-10-09,-0.0012321875960813466,0.004131546612928323,0.0020657733064641617,0.5,0.004111449627314323,-0.0038114057910215715,0.0058276636405680815,10,-0.0085832340477634,0.0005945584449560615,0.001961929713053856
2025-10-10,-0.040065966630068076,0.01189830241972567,0.005949151209862835,0.5,0.013107741677412495,-0.02711167321141361,0.0058276636405680815,10,-0.024356102804218294,-0.0048408787578738234,-0.0013394212828046314
2025-10-13,-0.023780953051752242,0.015155305135388838,0.007577652567694419,0.5,0.01584628656940311,-0.02711167321141361,0.015598671787557583,10,0.042710344998971195,-0.0024504627963009675,-4.3108525685087164e-05
2025-10-14,-0.021795546807197863,0.014758223886477961,0.007379111943238981,0.5,0.015829895693364043,-0.02711167321141361,0.015598671787557583,10,-0.017162998448020272,-0.002001046970189191,-0.0006086260300685265
2025-10-15,0.030100577144330974,0.007062999869174654,0.003531499934587327,0.5,0.015626338282229285,-0.02711167321141361,0.015598671787557583,10,0.005590327819966379,-0.002361379466402069,-0.0005460179976143565
2025-10-16,-0.0063878543346473915,0.003961571639931938,0.001980785819965969,0.5,0.0157284639290733,-0.02711167321141361,0.015598671787557583,10,-0.010320388259333124,-0.0030691428049288926,-0.0012372921799864156
2025-10-17,0.0050038826832190155,0.00519703460319676,0.00259851730159838,0.5,0.008235964711678688,-0.006294387099829435,0.015598671787557583,10,0.01156510265008659,0.0034073349474052607,-0.0007167719052342814
2025-10-20,0.016080998839474447,0.007412457834447846,0.003706228917223923,0.5,0.006531102002362406,-0.006294387099829435,0.010672270853256949,10,0.005401555302999794,0.0024220547605451337,-1.4204017877916808e-05
2025-10-21,0.02662613809074732,0.005325227618149464,0.002662613809074732,0.5,0.006323149397162218,-0.006294387099829435,0.010672270853256949,10,-0.01063957440232266,0.0027414593828245294,0.0003702062063176692
2025-10-22,0.008945713472209663,0.005347502175018892,0.002673751087509446,0.5,0.007176591572027102,-0.006294387099829435,0.010672270853256949,10,-0.005370235671799728,0.0008687513067507036,-0.0007463140798256828
2025-10-23,0.000870917788335553,0.0037325430382440703,0.0018662715191220351,0.5,0.0061217630970227645,-0.005337539220865439,0.010672270853256949,10,0.011164932663797922,0.003293107415303087,0.00011198230518709718
2025-10-24,0.013987128016568207,0.006355785083890601,0.0031778925419453006,0.5,0.006439208214186071,-0.005337539220865439,0.010672270853256949,10,0.0020750291449413982,0.0038194488228264325,0.0036133918851158466
2025-10-27,0.043366444827462505,0.008673288965492501,0.004336644482746251,0.5,0.006894202210124519,-0.005337539220865439,0.012290050865671143,10,0.004387628277797262,0.004143004825309271,0.0032825297929272024
2025-10-28,0.03746736218990613,0.007493472437981226,0.003746736218990613,0.5,0.006626641014342069,-0.005337539220865439,0.012290050865671143,10,-0.010002107005272487,0.004594054307202144,0.003667756845013337
2025-10-29,0.024224027451493955,0.004873857660414409,0.0024369288302072043,0.5,0.004819630840827955,-4.3578255173426506e-05,0.012290050865671143,10,-0.0023315221155720822,0.005652846500340547,0.003260798903545625
2025-10-30,-0.012767411390490018,0.0040787781850304405,0.0020393890925152203,0.5,0.008447265688311539,-0.00990481243951924,0.012290050865671143,10,-0.009861234184345813,0.0025064053238502025,0.0028997563695766448
2025-10-31,-0.012217448314527275,0.004188770800222989,0.0020943854001114945,0.5,0.00791731384548111,-0.00990481243951924,0.012290050865671143,10,0.01252273414549554,0.0014495051474706865,0.0026344769851485593
2025-11-03,-0.009276963344250766,0.004747815624162673,0.0023739078120813364,0.5,0.005266625448430857,-0.00990481243951924,0.0026179217059763005,10,-0.0008972089789838211,-0.0006643624802650461,0.0017393211725221125
2025-11-04,-0.012330326086025061,0.005358488172517532,0.002679244086258766,0.5,0.006809808068775365,-0.011736830084583816,0.0026179217059763005,10,-0.013457542811576295,-0.0034693172692615406,0.000562368518970302
2025-11-05,-0.010604269432210784,0.0057036995032803866,0.0028518497516401933,0.5,0.007445801087847632,-0.011736830084583816,0.0036535556982648654,10,0.015390385782848681,-0.002729890478573882,0.0014614780108833324
2025-11-06,-0.032102439047896704,0.008856191608422584,0.004428095804211292,0.5,0.007767395980037682,-0.011736830084583816,0.0036535556982648654,10,-0.014831744740683939,-0.002984565799153849,-0.00023908023765182307
2025-11-07,-0.010437985905638603,0.005364528847151662,0.002682264423575831,0.5,0.007543309650951006,-0.011736830084583816,0.0036535556982648654,10,0.01244003084319012,-0.0032557817801948997,-0.0009031383163621065
2025-11-10,0.009141118966769871,0.009280349821633357,0.0046401749108166785,0.5,0.011330121708772201,-0.011736830084583816,0.01540101862170995,10,0.014139176820938903,-0.0005197206012514055,-0.0005920415407582258
2025-11-11,0.03123035156636922,0.006246070313273844,0.003123035156636922,0.5,0.009437189916704721,-0.011178189042419073,0.01540101862170995,10,-0.013325668104369415,0.0022427155191334647,-0.0006133008750640378
2025-11-12,0.030176477213037144,0.0060352954426074286,0.0030176477213037143,0.5,0.009421056086719577,-0.011178189042419073,0.01540101862170995,10,-0.0014458333285687353,0.0016379078172348515,-0.0005459913306695152
