date,DFF,UNRATE,CPIAUCSL,VIXCLS,DGS10,DGS2,T10Y2Y,DEXUSEU,DCOILWTICO,UMCSENT,INDPRO,PAYEMS,HOUST,GDP,inflation_rate,fed_rate_change,fed_rate_change_3m,unemployment_change,vix_ma20,vix_spike,yield_curve_inverted
2020-01-01,1.55,3.6,259.127,,,,,,,99.8,101.3372,152031.0,1581.0,,,,,,,0,0
2020-01-02,1.55,,,12.47,1.88,1.58,0.3,1.1166,61.17,,,,,,,0.0,,,,0,0
2020-01-03,1.55,,,14.02,1.8,1.53,0.27,1.1173,63.0,,,,,,,0.0,,,,0,0
2020-01-04,1.55,,,,,,,,,,,,,,,0.0,,,,0,0
2020-01-05,1.55,,,,,,,,,,,,,,,0.0,,,,0,0
2020-01-06,1.55,,,13.85,1.81,1.54,0.27,1.1187,63.27,,,,,,,0.0,,,,0,0
2020-01-07,1.55,,,13.79,1.83,1.54,0.29,1.1138,62.7,,,,,,,0.0,,,,0,0
2020-01-08,1.55,,,13.45,1.87,1.58,0.29,1.1117,59.65,,,,,,,0.0,,,,0,0
2020-01-09,1.55,,,12.54,1.85,1.58,0.27,1.1106,59.56,,,,,,,0.0,,,,0,0
2020-01-10,1.54,,,12.56,1.83,1.56,0.27,1.1119,59.02,,,,,,,-0.010000000000000009,,,,0,0
2020-01-11,1.54,,,,,,,,,,,,,,,0.0,,,,0,0
2020-01-12,1.54,,,,,,,,,,,,,,,0.0,,,,0,0
2020-01-13,1.54,,,12.32,1.85,1.58,0.27,1.1138,58.17,,,,,,,0.0,,,,0,0
2020-01-14,1.54,,,12.39,1.82,1.58,0.24,1.113,58.34,,,,,,,0.0,,,,0,0
2020-01-15,1.54,,,12.42,1.79,1.56,0.23,1.116,57.86,,,,,,,0.0,,,,0,0
2020-01-16,1.54,,,12.32,1.81,1.58,0.23,1.1131,58.52,,,,,,,0.0,,,,0,0
2020-01-17,1.55,,,12.1,1.84,1.58,0.26,1.1093,58.55,,,,,,,0.010000000000000009,,,,0,0
2020-01-18,1.55,,,,,,,,,,,,,,,0.0,,,,0,0
2020-01-19,1.55,,,,,,,,,,,,,,,0.0,,,,0,0
2020-01-20,1.55,,,,,,,,,,,,,,,0.0,,,,0,0
2020-01-21,1.55,,,12.85,1.78,1.53,0.25,1.1096,58.25,,,,,,,0.0,,,,0,0
2020-01-22,1.55,,,12.91,1.77,1.53,0.24,1.1085,56.76,,,,,,,0.0,,,,0,0
2020-01-23,1.55,,,12.98,1.74,1.51,0.23,1.1041,55.51,,,,,,,0.0,,,,0,0
2020-01-24,1.55,,,14.56,1.7,1.49,0.21,1.1026,54.09,,,,,,,0.0,,,,0,0
2020-01-25,1.55,,,,,,,,,,,,,,,0.0,,,,0,0
2020-01-26,1.55,,,,,,,,,,,,,,,0.0,,,,0,0
2020-01-27,1.55,,,18.23,1.61,1.44,0.17,1.1019,53.09,,,,,,,0.0,,,,0,0
2020-01-28,1.55,,,16.28,1.65,1.45,0.2,1.1008,53.33,,,,,,,0.0,,,,0,0
2020-01-29,1.55,,,16.39,1.6,1.42,0.18,1.1004,53.29,,,,,,,0.0,,,,0,0
2020-01-30,1.6,,,15.49,1.57,1.41,0.16,1.1032,52.19,,,,,,,0.050000000000000044,,,,0,0
2020-01-31,1.59,,,18.84,1.51,1.33,0.18,1.1082,51.58,,,,,,,-0.010000000000000009,,,,0,0
2020-02-01,1.59,3.5,259.25,,,,,,,101.0,101.6718,152292.0,1549.0,,,0.0,,,,0,0
2020-02-02,1.59,,,,,,,,,,,,,,,0.0,,,,0,0
2020-02-03,1.59,,,17.97,1.54,1.36,0.18,1.1062,50.06,,,,,,,0.0,,,,0,0
2020-02-04,1.59,,,16.05,1.61,1.41,0.2,1.1043,49.59,,,,,,,0.0,,,,0,0
2020-02-05,1.59,,,15.15,1.66,1.44,0.22,1.1006,50.87,,,,,,,0.0,,,,0,0
2020-02-06,1.59,,,14.96,1.65,1.44,0.21,1.0979,50.94,,,,,,,0.0,,,,0,0
2020-02-07,1.58,,,15.47,1.59,1.41,0.18,1.095,50.34,,,,,,,-0.010000000000000009,,,,0,0
2020-02-08,1.58,,,,,,,,,,,,,,,0.0,,,,0,0
2020-02-09,1.58,,,,,,,,,,,,,,,0.0,,,,0,0
2020-02-10,1.58,,,15.04,1.56,1.37,0.19,1.0916,49.59,,,,,,,0.0,,,,0,0
2020-02-11,1.58,,,15.18,1.59,1.41,0.18,1.0917,50.0,,,,,,,0.0,,,,0,0
2020-02-12,1.58,,,13.74,1.62,1.44,0.18,1.0893,51.13,,,,,,,0.0,,,,0,0
2020-02-13,1.58,,,14.15,1.61,1.44,0.17,1.0848,51.41,,,,,,,0.0,,,,0,0
2020-02-14,1.58,,,13.68,1.59,1.42,0.17,1.0839,52.03,,,,,,,0.0,,,,0,0
2020-02-15,1.58,,,,,,,,,,,,,,,0.0,,,,0,0
2020-02-16,1.58,,,,,,,,,,,,,,,0.0,,,,0,0
2020-02-17,1.58,,,,,,,,,,,,,,,0.0,,,,0,0
2020-02-18,1.59,,,14.83,1.55,1.41,0.14,1.0815,52.1,,,,,,,0.010000000000000009,,,,0,0
2020-02-19,1.59,,,14.38,1.56,1.42,0.14,1.0794,53.31,,,,,,,0.0,,,,0,0
2020-02-20,1.59,,,15.56,1.52,1.39,0.13,1.0797,53.77,,,,,,,0.0,,,,0,0
2020-02-21,1.58,,,17.08,1.46,1.34,0.12,1.0855,53.36,,,,,,,-0.010000000000000009,,,,0,0
2020-02-22,1.58,,,,,,,,,,,,,,,0.0,,,,0,0
2020-02-23,1.58,,,,,,,,,,,,,,,0.0,,,,0,0
2020-02-24,1.58,,,25.03,1.38,1.26,0.12,1.0857,51.36,,,,,,,0.0,,,,0,0
2020-02-25,1.58,,,27.85,1.33,1.2,0.13,1.0868,49.78,,,,,,,0.0,,,,0,0
2020-02-26,1.58,,,27.56,1.33,1.16,0.17,1.0887,48.67,,,,,,,0.0,,,,0,0
2020-02-27,1.58,,,39.16,1.3,1.11,0.19,1.0977,47.17,,,,,,,0.0,,,,0,0
2020-02-28,1.58,,,40.11,1.13,0.86,0.27,1.1001,44.83,,,,,,,0.0,,,,0,0
2020-02-29,1.58,,,,,,,,,,,,,,,0.0,,,,0,0
2020-03-01,1.58,4.4,258.076,,,,,,,89.1,97.606,150895.0,1266.0,-24.4,,0.0,0.030000000000000027,,,0,0
2020-03-01,1.58,4.4,258.076,,,,,,,89.1,97.606,150895.0,1266.0,-13.9,,0.0,0.030000000000000027,0.0,,0,0
2020-03-01,1.58,4.4,258.076,,,,,,,89.1,97.606,150895.0,1266.0,-18.6,,0.0,0.030000000000000027,0.0,,0,0
2020-03-01,1.58,4.4,258.076,,,,,,,89.1,97.606,150895.0,1266.0,4.4,,0.0,0.030000000000000027,0.0,,0,0
2020-03-01,1.58,4.4,258.076,,,,,,,89.1,97.606,150895.0,1266.0,-27.7,,0.0,0.030000000000000027,0.0,,0,0
2020-03-01,1.58,4.4,258.076,,,,,,,89.1,97.606,150895.0,1266.0,11.8,,0.0,0.030000000000000027,0.0,,0,0
2020-03-01,1.58,4.4,258.076,,,,,,,89.1,97.606,150895.0,1266.0,-8.7,,0.0,0.030000000000000027,0.0,,0,0
2020-03-01,1.58,4.4,258.076,,,,,,,89.1,97.606,150895.0,1266.0,-5.5,,0.0,0.030000000000000027,0.0,,0,0
2020-03-01,1.58,4.4,258.076,,,,,,,89.1,97.606,150895.0,1266.0,-5.2,,0.0,0.030000000000000027,0.0,,0,0
2020-03-01,1.58,4.4,258.076,,,,,,,89.1,97.606,150895.0,1266.0,5.6,,0.0,0.040000000000000036,0.0,,0,0
2020-03-01,1.58,4.4,258.076,,,,,,,89.1,97.606,150895.0,1266.0,-9.6,,0.0,0.040000000000000036,0.0,,0,0
2020-03-01,1.58,4.4,258.076,,,,,,,89.1,97.606,150895.0,1266.0,-3.3,,0.0,0.040000000000000036,0.0,,0,0
2020-03-01,1.58,4.4,258.076,,,,,,,89.1,97.606,150895.0,1266.0,-3.0,,0.0,0.040000000000000036,0.0,,0,0
2020-03-01,1.58,4.4,258.076,,,,,,,89.1,97.606,150895.0,1266.0,4.3,,0.0,0.040000000000000036,0.0,,0,0
2020-03-01,1.58,4.4,258.076,,,,,,,89.1,97.606,150895.0,1266.0,-5.9,,0.0,0.040000000000000036,0.0,,0,0
2020-03-01,1.58,4.4,258.076,,,,,,,89.1,97.606,150895.0,1266.0,-13.5,,0.0,0.040000000000000036,0.0,,0,0
2020-03-01,1.58,4.4,258.076,,,,,,,89.1,97.606,150895.0,1266.0,-15.0,,0.0,0.030000000000000027,0.0,,0,0
2020-03-01,1.58,4.4,258.076,,,,,,,89.1,97.606,150895.0,1266.0,4.4,,0.0,0.030000000000000027,0.0,,0,0
2020-03-01,1.58,4.4,258.076,,,,,,,89.1,97.606,150895.0,1266.0,7.0,,0.0,0.030000000000000027,0.0,,0,0
2020-03-01,1.58,4.4,258.076,,,,,,,89.1,97.606,150895.0,1266.0,-10.7,,0.0,0.030000000000000027,0.0,,0,0
2020-03-01,1.58,4.4,258.076,,,,,,,89.1,97.606,150895.0,1266.0,6.4,,0.0,0.030000000000000027,0.0,,0,0
2020-03-01,1.58,4.4,258.076,,,,,,,89.1,97.606,150895.0,1266.0,-6.6,,0.0,0.030000000000000027,0.0,,0,0
2020-03-01,1.58,4.4,258.076,,,,,,,89.1,97.606,150895.0,1266.0,2.5,,0.0,0.030000000000000027,0.0,,0,0
2020-03-01,1.58,4.4,258.076,,,,,,,89.1,97.606,150895.0,1266.0,-6.9,,0.0,0.030000000000000027,0.0,,0,0
2020-03-01,1.58,4.4,258.076,,,,,,,89.1,97.606,150895.0,1266.0,-1.8,,0.0,0.030000000000000027,0.0,,0,0
2020-03-02,1.59,,,33.42,1.1,0.84,0.26,1.1164,46.78,,,,,-1.8,,0.010000000000000009,0.040000000000000036,,,0,0
2020-03-03,1.59,,,36.82,1.02,0.71,0.31,1.1175,47.27,,,,,-1.8,,0.0,0.040000000000000036,,,0,0
2020-03-04,1.09,,,31.99,1.02,0.67,0.35,1.113,46.78,,,,,-1.8,,-0.5,-0.45999999999999996,,,0,0
2020-03-05,1.09,,,39.62,0.92,0.59,0.33,1.1202,45.9,,,,,-1.8,,0.0,-0.45999999999999996,,,0,0
2020-03-06,1.09,,,41.94,0.74,0.49,0.25,1.1319,41.14,,,,,-1.8,,0.0,-0.51,,,0,0
2020-03-07,1.09,,,,,,,,,,,,,-1.8,,0.0,-0.5,,,0,0
2020-03-08,1.09,,,,,,,,,,,,,-1.8,,0.0,-0.5,,,0,0
2020-03-09,1.09,,,54.46,0.54,0.38,0.16,1.142,31.05,,,,,-1.8,,0.0,-0.5,,,0,0
2020-03-10,1.09,,,47.3,0.76,0.5,0.26,1.1342,34.47,,,,,-1.8,,0.0,-0.5,,,0,0
2020-03-11,1.09,,,53.9,0.82,0.5,0.32,1.128,33.13,,,,,-1.8,,0.0,-0.5,,,0,0
2020-03-12,1.1,,,75.47,0.88,0.5,0.38,1.1081,31.56,,,,,-1.8,,0.010000000000000009,-0.49,,,0,0
2020-03-13,1.1,,,57.83,0.94,0.49,0.45,1.1066,31.72,,,,,-1.8,,0.0,-0.49,,,0,0
2020-03-14,1.1,,,,,,,,,,,,,-1.8,,0.0,-0.48,,,0,0
2020-03-15,1.1,,,,,,,,,,,,,-1.8,,0.0,-0.48,,,0,0
2020-03-16,0.25,,,82.69,0.73,0.36,0.37,1.1139,28.96,,,,,-1.8,,-0.8500000000000001,-1.33,,,0,0
2020-03-17,0.25,,,75.91,1.02,0.47,0.55,1.0971,26.96,,,,,-1.8,,0.0,-1.33,,,0,0
2020-03-18,0.25,,,76.45,1.18,0.54,0.64,1.0833,20.48,,,,,-1.8,,0.0,-1.33,,,0,0
2020-03-19,0.2,,,72.0,1.12,0.44,0.68,1.0699,25.09,,,,,-1.8,,-0.04999999999999999,-1.3800000000000001,,,0,0
2020-03-20,0.15,,,66.04,0.92,0.37,0.55,1.0682,19.48,,,,,-1.8,,-0.05000000000000002,-1.4300000000000002,,,0,0
2020-03-21,0.15,,,,,,,,,,,,,-1.8,,0.0,-1.4300000000000002,,,0,0
2020-03-22,0.15,,,,,,,,,,,,,-1.8,,0.0,-1.4300000000000002,,,0,0
2020-03-23,0.15,,,61.59,0.76,0.28,0.48,1.076,23.33,,,,,-1.8,,0.0,-1.4300000000000002,,,0,0
2020-03-24,0.12,,,61.67,0.84,0.38,0.46,1.0794,21.03,,,,,-1.8,,-0.03,-1.46,,,0,0
2020-03-25,0.1,,,63.95,0.88,0.34,0.54,1.0835,20.75,,,,,-1.8,,-0.01999999999999999,-1.49,,,0,0
2020-03-26,0.1,,,61.0,0.83,0.3,0.53,1.1025,16.6,,,,,-1.8,,0.0,-1.49,,,0,0
2020-03-27,0.1,,,65.54,0.72,0.25,0.47,1.1059,15.48,,,,,-1.8,,0.0,-1.49,,,0,0
2020-03-28,0.1,,,,,,,,,,,,,-1.8,,0.0,-1.48,,,0,0
2020-03-29,0.1,,,,,,,,,,,,,-1.8,,0.0,-1.48,,,0,0
2020-03-30,0.09,,,57.08,0.7,0.23,0.47,1.1018,14.1,,,,,-1.8,,-0.010000000000000009,-1.49,,,0,0
2020-03-31,0.08,,,53.54,0.7,0.23,0.47,1.1016,20.51,,,,,-1.8,,-0.009999999999999995,-1.5,,,0,0
2020-04-01,0.06,14.8,256.032,57.06,0.62,0.23,0.39,1.0934,20.28,71.8,84.6812,130424.0,936.0,-1.8,,-0.020000000000000004,-1.52,,,0,0
2020-04-02,0.05,,,50.91,0.63,0.23,0.4,1.0862,25.18,,,,,-1.8,,-0.009999999999999995,-1.53,,,0,0
2020-04-03,0.05,,,46.8,0.62,0.23,0.39,1.0797,28.36,,,,,-1.8,,0.0,-1.53,,,0,0
2020-04-04,0.05,,,,,,,,,,,,,-1.8,,0.0,-1.53,,,0,0
2020-04-05,0.05,,,,,,,,,,,,,-1.8,,0.0,-1.53,,,0,0
2020-04-06,0.05,,,45.24,0.67,0.27,0.4,1.0808,26.21,,,,,-1.8,,0.0,-1.53,,,0,0
2020-04-07,0.05,,,46.7,0.75,0.28,0.47,1.0886,23.54,,,,,-1.8,,0.0,-1.53,,,0,0
2020-04-08,0.05,,,43.35,0.77,0.27,0.5,1.0864,24.97,,,,,-1.8,,0.0,-1.53,,,0,0
2020-04-09,0.05,,,41.67,0.73,0.23,0.5,1.0931,22.9,,,,,-1.8,,0.0,-1.53,,,0,0
2020-04-10,0.05,,,,,,,1.0951,,,,,,-1.8,,0.0,-1.53,,,0,0
2020-04-11,0.05,,,,,,,,,,,,,-1.8,,0.0,-1.53,,,0,0
2020-04-12,0.05,,,,,,,,,,,,,-1.8,,0.0,-1.53,,,0,0
2020-04-13,0.05,,,41.17,0.76,0.25,0.51,1.0906,22.36,,,,,-1.8,,0.0,-1.53,,,0,0
2020-04-14,0.05,,,37.76,0.76,0.23,0.53,1.0971,20.15,,,,,-1.8,,0.0,-1.53,,,0,0
2020-04-15,0.05,,,40.84,0.63,0.2,0.43,1.0909,19.96,,,,,-1.8,,0.0,-1.53,,,0,0
2020-04-16,0.05,,,40.11,0.61,0.2,0.41,1.084,19.82,,,,,-1.8,,0.0,-1.53,,,0,0
2020-04-17,0.05,,,38.15,0.65,0.2,0.45,1.0883,18.31,,,,,-1.8,,0.0,-1.53,,,0,0
2020-04-18,0.05,,,,,,,,,,,,,-1.8,,0.0,-1.53,,,0,0
2020-04-19,0.05,,,,,,,,,,,,,-1.8,,0.0,-1.53,,,0,0
2020-04-20,0.05,,,43.83,0.63,0.2,0.43,1.0874,-36.98,,,,,-1.8,,0.0,-1.53,,,0,0
2020-04-21,0.05,,,45.41,0.58,0.2,0.38,1.0854,8.91,,,,,-1.8,,0.0,-1.53,,,0,0
2020-04-22,0.05,,,41.98,0.63,0.22,0.41,1.0829,13.64,,,,,-1.8,,0.0,-1.53,,,0,0
2020-04-23,0.04,,,41.38,0.61,0.22,0.39,1.0815,15.06,,,,,-1.8,,-0.010000000000000002,-1.54,,,0,0
2020-04-24,0.05,,,35.93,0.6,0.22,0.38,1.0798,15.99,,,,,-1.8,,0.010000000000000002,-1.53,,,0,0
2020-04-25,0.05,,,,,,,,,,,,,-1.8,,0.0,-1.53,,,0,0
2020-04-26,0.05,,,,,,,,,,,,,-1.8,,0.0,-1.53,,,0,0
2020-04-27,0.04,,,33.29,0.67,0.24,0.43,1.0829,12.17,,,,,-1.8,,-0.010000000000000002,-1.54,,,0,0
2020-04-28,0.04,,,33.57,0.62,0.2,0.42,1.0836,12.4,,,,,-1.8,,0.0,-1.54,,,0,0
2020-04-29,0.04,,,31.23,0.63,0.2,0.43,1.0853,15.04,,,,,-1.8,,0.0,-1.54,,,0,0
2020-04-30,0.05,,,34.15,0.64,0.2,0.44,1.0934,19.23,,,,,-1.8,,0.010000000000000002,-1.53,,,0,0
2020-05-01,0.05,13.2,255.802,37.19,0.64,0.2,0.44,1.0998,19.72,72.3,86.0108,133040.0,1039.0,-1.8,,0.0,-1.54,,,0,0
2020-05-02,0.05,,,,,,,,,,,,,-1.8,,0.0,-1.54,,,0,0
2020-05-03,0.05,,,,,,,,,,,,,-1.8,,0.0,-1.04,,,0,0
2020-05-04,0.05,,,35.97,0.64,0.19,0.45,1.0911,20.47,,,,,-1.8,,0.0,-1.04,,,0,0
2020-05-05,0.05,,,33.61,0.66,0.19,0.47,1.0844,24.56,,,,,-1.8,,0.0,-1.04,,,0,0
2020-05-06,0.05,,,34.12,0.72,0.17,0.55,1.0806,23.88,,,,,-1.8,,0.0,-1.04,,,0,0
2020-05-07,0.05,,,31.44,0.63,0.13,0.5,1.0815,23.68,,,,,-1.8,,0.0,-1.04,,,0,0
2020-05-08,0.05,,,27.98,0.69,0.16,0.53,1.0854,24.73,,,,,-1.8,,0.0,-1.04,,,0,0
2020-05-09,0.05,,,,,,,,,,,,,-1.8,,0.0,-1.04,,,0,0
2020-05-10,0.05,,,,,,,,,,,,,-1.8,,0.0,-1.04,,,0,0
2020-05-11,0.05,,,27.57,0.73,0.17,0.56,1.0818,24.02,,,,,-1.8,,0.0,-1.05,,,0,0
2020-05-12,0.05,,,33.04,0.69,0.17,0.52,1.0864,25.76,,,,,-1.8,,0.0,-1.05,,,0,0
2020-05-13,0.05,,,35.28,0.64,0.16,0.48,1.0837,25.37,,,,,-1.8,,0.0,-1.05,,,0,0
2020-05-14,0.05,,,32.61,0.63,0.16,0.47,1.08,27.4,,,,,-1.8,,0.0,-1.05,,,0,0
2020-05-15,0.05,,,31.89,0.64,0.16,0.48,1.0816,29.44,,,,,-1.8,,0.0,-0.2,,,0,0
2020-05-16,0.05,,,,,,,,,,,,,-1.8,,0.0,-0.2,,,0,0
2020-05-17,0.05,,,,,,,,,,,,,-1.8,,0.0,-0.2,,,0,0
2020-05-18,0.05,,,29.3,0.73,0.18,0.55,1.0904,31.83,,,,,-1.8,,0.0,-0.15000000000000002,,,0,0
2020-05-19,0.05,,,30.53,0.7,0.17,0.53,1.0937,32.3,,,,,-1.8,,0.0,-0.09999999999999999,,,0,0
2020-05-20,0.05,,,27.99,0.68,0.16,0.52,1.098,33.56,,,,,-1.8,,0.0,-0.09999999999999999,,,0,0
2020-05-21,0.05,,,29.53,0.68,0.17,0.51,1.0953,34.3,,,,,-1.8,,0.0,-0.09999999999999999,,,0,0
2020-05-22,0.05,,,28.16,0.66,0.17,0.49,1.0894,33.49,,,,,-1.8,,0.0,-0.09999999999999999,,,0,0
2020-05-23,0.05,,,,,,,,,,,,,-1.8,,0.0,-0.06999999999999999,,,0,0
2020-05-24,0.05,,,,,,,,,,,,,-1.8,,0.0,-0.05,,,0,0
2020-05-25,0.05,,,,,,,,,,,,,-1.8,,0.0,-0.05,,,0,0
2020-05-26,0.05,,,28.01,0.69,0.18,0.51,1.097,34.7,,,,,-1.8,,0.0,-0.05,,,0,0
2020-05-27,0.05,,,27.62,0.68,0.19,0.49,1.0969,32.8,,,,,-1.8,,0.0,-0.05,,,0,0
2020-05-28,0.05,,,28.59,0.7,0.17,0.53,1.1069,33.67,,,,,-1.8,,0.0,-0.05,,,0,0
2020-05-29,0.05,,,27.51,0.65,0.16,0.49,1.1107,35.57,,,,,-1.8,,0.0,-0.039999999999999994,,,0,0
2020-05-30,0.05,,,,,,,,,,,,,-1.8,,0.0,-0.03,,,0,0
2020-05-31,0.05,,,,,,,,,,,,,-1.8,,0.0,-0.009999999999999995,,,0,0
2020-06-01,0.05,11.0,257.042,28.23,0.66,0.14,0.52,1.1123,35.49,78.1,91.6745,137671.0,1266.0,-25.0,,0.0,0.0,,,0,0
2020-06-01,0.05,11.0,257.042,28.23,0.66,0.14,0.52,1.1123,35.49,78.1,91.6745,137671.0,1266.0,-39.0,,0.0,0.0,0.0,,0,0
2020-06-01,0.05,11.0,257.042,28.23,0.66,0.14,0.52,1.1123,35.49,78.1,91.6745,137671.0,1266.0,-38.8,,0.0,0.0,0.0,,0,0
2020-06-01,0.05,11.0,257.042,28.23,0.66,0.14,0.52,1.1123,35.49,78.1,91.6745,137671.0,1266.0,-45.2,,0.0,0.0,0.0,,0,0
2020-06-01,0.05,11.0,257.042,28.23,0.66,0.14,0.52,1.1123,35.49,78.1,91.6745,137671.0,1266.0,-28.0,,0.0,0.0,0.0,,0,0
2020-06-01,0.05,11.0,257.042,28.23,0.66,0.14,0.52,1.1123,35.49,78.1,91.6745,137671.0,1266.0,-3.5,,0.0,0.0,0.0,,0,0
2020-06-01,0.05,11.0,257.042,28.23,0.66,0.14,0.52,1.1123,35.49,78.1,91.6745,137671.0,1266.0,-61.0,,0.0,0.0,0.0,,0,0
2020-06-01,0.05,11.0,257.042,28.23,0.66,0.14,0.52,1.1123,35.49,78.1,91.6745,137671.0,1266.0,-29.1,,0.0,0.0,0.0,,0,0
2020-06-01,0.05,11.0,257.042,28.23,0.66,0.14,0.52,1.1123,35.49,78.1,91.6745,137671.0,1266.0,8.9,,0.0,0.0,0.0,,0,0
2020-06-01,0.05,11.0,257.042,28.23,0.66,0.14,0.52,1.1123,35.49,78.1,91.6745,137671.0,1266.0,-10.0,,0.0,0.0,0.0,,0,0
2020-06-01,0.05,11.0,257.042,28.23,0.66,0.14,0.52,1.1123,35.49,78.1,91.6745,137671.0,1266.0,-67.3,,0.0,0.0,0.0,,0,0
2020-06-01,0.05,11.0,257.042,28.23,0.66,0.14,0.52,1.1123,35.49,78.1,91.6745,137671.0,1266.0,-48.2,,0.0,0.0,0.0,,0,0
2020-06-01,0.05,11.0,257.042,28.23,0.66,0.14,0.52,1.1123,35.49,78.1,91.6745,137671.0,1266.0,-11.9,,0.0,0.0,0.0,,0,0
2020-06-01,0.05,11.0,257.042,28.23,0.66,0.14,0.52,1.1123,35.49,78.1,91.6745,137671.0,1266.0,1.2,,0.0,0.0,0.0,,0,0
2020-06-01,0.05,11.0,257.042,28.23,0.66,0.14,0.52,1.1123,35.49,78.1,91.6745,137671.0,1266.0,-52.3,,0.0,0.0,0.0,,0,0
2020-06-01,0.05,11.0,257.042,28.23,0.66,0.14,0.52,1.1123,35.49,78.1,91.6745,137671.0,1266.0,-38.7,,0.0,0.0,0.0,,0,0
2020-06-01,0.05,11.0,257.042,28.23,0.66,0.14,0.52,1.1123,35.49,78.1,91.6745,137671.0,1266.0,32.5,,0.0,0.0,0.0,,0,0
2020-06-01,0.05,11.0,257.042,28.23,0.66,0.14,0.52,1.1123,35.49,78.1,91.6745,137671.0,1266.0,-1.1,,0.0,0.0,0.0,,0,0
2020-06-01,0.05,11.0,257.042,28.23,0.66,0.14,0.52,1.1123,35.49,78.1,91.6745,137671.0,1266.0,-30.4,,0.0,0.0,0.0,,0,0
2020-06-01,0.05,11.0,257.042,28.23,0.66,0.14,0.52,1.1123,35.49,78.1,91.6745,137671.0,1266.0,-66.5,,0.0,0.0,0.0,28.23,0,0
2020-06-01,0.05,11.0,257.042,28.23,0.66,0.14,0.52,1.1123,35.49,78.1,91.6745,137671.0,1266.0,-48.9,,0.0,0.0,0.0,28.23,0,0
2020-06-01,0.05,11.0,257.042,28.23,0.66,0.14,0.52,1.1123,35.49,78.1,91.6745,137671.0,1266.0,-8.4,,0.0,0.010000000000000002,0.0,28.23,0,0
2020-06-01,0.05,11.0,257.042,28.23,0.66,0.14,0.52,1.1123,35.49,78.1,91.6745,137671.0,1266.0,-27.9,,0.0,0.0,0.0,28.23,0,0
2020-06-01,0.05,11.0,257.042,28.23,0.66,0.14,0.52,1.1123,35.49,78.1,91.6745,137671.0,1266.0,91.5,,0.0,0.0,0.0,28.23,0,0
2020-06-01,0.05,11.0,257.042,28.23,0.66,0.14,0.52,1.1123,35.49,78.1,91.6745,137671.0,1266.0,-28.7,,0.0,0.0,0.0,28.23,0,0
2020-06-02,0.06,,,26.84,0.68,0.17,0.51,1.1166,36.88,,,,,-28.7,,0.009999999999999995,0.019999999999999997,,28.160500000000003,0,0
2020-06-03,0.06,,,25.66,0.77,0.19,0.58,1.1246,37.33,,,,,-28.7,,0.0,0.019999999999999997,,28.032,0,0
2020-06-04,0.06,,,25.81,0.82,0.19,0.63,1.1322,37.42,,,,,-28.7,,0.0,0.019999999999999997,,27.910999999999994,0,0
2020-06-05,0.07,,,24.52,0.91,0.22,0.69,1.1297,39.49,,,,,-28.7,,0.010000000000000009,0.020000000000000004,,27.725500000000004,0,0
2020-06-06,0.07,,,,,,,,,,,,,-28.7,,0.0,0.020000000000000004,,,0,0
2020-06-07,0.07,,,,,,,,,,,,,-28.7,,0.0,0.020000000000000004,,,0,0
2020-06-08,0.07,,,25.81,0.88,0.22,0.66,1.1293,38.17,,,,,-28.7,,0.0,0.020000000000000004,,,0,0
2020-06-09,0.07,,,27.57,0.84,0.2,0.64,1.1348,38.98,,,,,-28.7,,0.0,0.020000000000000004,,,0,0
2020-06-10,0.08,,,27.57,0.75,0.17,0.58,1.1355,39.54,,,,,-28.7,,0.009999999999999995,0.03,,,0,0
2020-06-11,0.08,,,40.79,0.66,0.19,0.47,1.1378,36.43,,,,,-28.7,,0.0,0.03,,,0,0
2020-06-12,0.08,,,36.09,0.71,0.19,0.52,1.1253,36.24,,,,,-28.7,,0.0,0.03,,,0,0
2020-06-13,0.08,,,,,,,,,,,,,-28.7,,0.0,0.03,,,0,0
2020-06-14,0.08,,,,,,,,,,,,,-28.7,,0.0,0.03,,,0,0
2020-06-15,0.09,,,34.4,0.71,0.19,0.52,1.127,37.07,,,,,-28.7,,0.009999999999999995,0.039999999999999994,,,0,0
2020-06-16,0.09,,,33.67,0.75,0.21,0.54,1.1259,38.26,,,,,-28.7,,0.0,0.039999999999999994,,,0,0
2020-06-17,0.09,,,33.47,0.74,0.19,0.55,1.1219,37.91,,,,,-28.7,,0.0,0.039999999999999994,,,0,0
2020-06-18,0.09,,,32.94,0.71,0.19,0.52,1.1216,38.79,,,,,-28.7,,0.0,0.039999999999999994,,,0,0
2020-06-19,0.09,,,35.12,0.7,0.19,0.51,1.1189,39.72,,,,,-28.7,,0.0,0.039999999999999994,,,0,0
2020-06-20,0.09,,,,,,,,,,,,,-28.7,,0.0,0.039999999999999994,,,0,0
2020-06-21,0.09,,,,,,,,,,,,,-28.7,,0.0,0.039999999999999994,,,0,0
2020-06-22,0.08,,,31.77,0.71,0.19,0.52,1.126,40.6,,,,,-28.7,,-0.009999999999999995,0.03,,,0,0
2020-06-23,0.08,,,31.37,0.72,0.18,0.54,1.1322,40.4,,,,,-28.7,,0.0,0.03,,,0,0
2020-06-24,0.08,,,33.84,0.69,0.19,0.5,1.1272,37.91,,,,,-28.7,,0.0,0.03,,,0,0
2020-06-25,0.08,,,32.22,0.68,0.17,0.51,1.1221,38.66,,,,,-28.7,,0.0,0.03,,,0,0
2020-06-26,0.08,,,34.73,0.64,0.17,0.47,1.1215,38.53,,,,,-28.7,,0.0,0.03,,,0,0
2020-06-27,0.08,,,,,,,,,,,,,-28.7,,0.0,0.03,,,0,0
2020-06-28,0.08,,,,,,,,,,,,,-28.7,,0.0,0.03,,,0,0
2020-06-29,0.08,,,31.78,0.64,0.16,0.48,1.1237,39.67,,,,,-28.7,,0.0,0.03,,,0,0
2020-06-30,0.08,,,30.43,0.66,0.16,0.5,1.1237,39.27,,,,,-28.7,,0.0,0.03,,,0,0
2020-07-01,0.08,10.2,258.352,28.62,0.69,0.17,0.52,1.1259,39.88,72.5,95.0037,139255.0,1526.0,-28.7,,0.0,0.03,,,0,0
2020-07-02,0.09,,,27.68,0.68,0.16,0.52,1.1237,40.57,,,,,-28.7,,0.009999999999999995,0.039999999999999994,,,0,0
2020-07-03,0.09,,,,,,,,,,,,,-28.7,,0.0,0.039999999999999994,,,0,0
2020-07-04,0.09,,,,,,,,,,,,,-28.7,,0.0,0.039999999999999994,,,0,0
2020-07-05,0.09,,,,,,,,,,,,,-28.7,,0.0,0.039999999999999994,,,0,0
2020-07-06,0.09,,,27.94,0.69,0.16,0.53,1.1307,40.51,,,,,-28.7,,0.0,0.039999999999999994,,,0,0
2020-07-07,0.09,,,29.43,0.65,0.16,0.49,1.1299,40.59,,,,,-28.7,,0.0,0.039999999999999994,,,0,0
2020-07-08,0.09,,,28.08,0.67,0.16,0.51,1.1329,40.91,,,,,-28.7,,0.0,0.039999999999999994,,,0,0
2020-07-09,0.09,,,29.26,0.62,0.16,0.46,1.1298,39.64,,,,,-28.7,,0.0,0.039999999999999994,,,0,0
2020-07-10,0.09,,,27.29,0.65,0.16,0.49,1.1318,40.56,,,,,-28.7,,0.0,0.039999999999999994,,,0,0
2020-07-11,0.09,,,,,,,,,,,,,-28.7,,0.0,0.039999999999999994,,,0,0
2020-07-12,0.09,,,,,,,,,,,,,-28.7,,0.0,0.039999999999999994,,,0,0
2020-07-13,0.09,,,32.19,0.64,0.16,0.48,1.1364,40.06,,,,,-28.7,,0.0,0.039999999999999994,,,0,0
2020-07-14,0.09,,,29.52,0.63,0.14,0.49,1.1406,40.3,,,,,-28.7,,0.0,0.039999999999999994,,,0,0
2020-07-15,0.1,,,27.76,0.64,0.16,0.48,1.1406,41.2,,,,,-28.7,,0.010000000000000009,0.05,,,0,0
2020-07-16,0.1,,,28.0,0.62,0.16,0.46,1.1433,40.74,,,,,-28.7,,0.0,0.05,,,0,0
2020-07-17,0.09,,,25.68,0.64,0.14,0.5,1.1438,40.55,,,,,-28.7,,-0.010000000000000009,0.039999999999999994,,,0,0
2020-07-18,0.09,,,,,,,,,,,,,-28.7,,0.0,0.039999999999999994,,,0,0
2020-07-19,0.09,,,,,,,,,,,,,-28.7,,0.0,0.039999999999999994,,,0,0
2020-07-20,0.1,,,24.46,0.62,0.16,0.46,1.1442,40.83,,,,,-28.7,,0.010000000000000009,0.05,,,0,0
2020-07-21,0.1,,,24.84,0.61,0.14,0.47,1.1495,41.76,,,,,-28.7,,0.0,0.05,,,0,0
2020-07-22,0.09,,,24.32,0.6,0.14,0.46,1.1587,41.88,,,,,-28.7,,-0.010000000000000009,0.039999999999999994,,,0,0
2020-07-23,0.09,,,26.08,0.59,0.16,0.43,1.1623,40.99,,,,,-28.7,-0.29908114553868215,0.0,0.039999999999999994,,,0,0
2020-07-24,0.09,,,25.84,0.59,0.14,0.45,1.1635,41.23,,,,,-28.7,-0.29908114553868215,0.0,0.039999999999999994,,,0,0
2020-07-25,0.09,,,,,,,,,,,,,-28.7,-0.29908114553868215,0.0,0.039999999999999994,,,0,0
2020-07-26,0.09,,,,,,,,,,,,,-28.7,-0.29908114553868215,0.0,0.039999999999999994,,,0,0
2020-07-27,0.1,,,24.74,0.62,0.15,0.47,1.175,41.46,,,,,-28.7,-0.29908114553868215,0.010000000000000009,0.05,,,0,0
2020-07-28,0.1,,,25.44,0.59,0.14,0.45,1.1733,40.89,,,,,-28.7,-0.29908114553868215,0.0,0.05,,,0,0
2020-07-29,0.1,,,24.1,0.58,0.12,0.46,1.177,41.13,,,,,-28.7,-0.29908114553868215,0.0,0.05,,,0,0
2020-07-30,0.1,,,24.76,0.55,0.11,0.44,1.1791,39.85,,,,,-28.7,-0.29908114553868215,0.0,0.05,,,0,0
2020-07-31,0.1,,,24.46,0.55,0.11,0.44,1.1822,40.1,,,,,-28.7,-0.29908114553868215,0.0,0.05,,,0,0
2020-08-01,0.1,8.4,259.316,,,,,,,74.1,95.9294,140819.0,1396.0,-28.7,0.07293720839587348,0.0,0.04000000000000001,,,0,0
2020-08-02,0.1,,,,,,,,,,,,,-28.7,0.07293720839587348,0.0,0.04000000000000001,,,0,0
2020-08-03,0.1,,,24.28,0.56,0.11,0.45,1.175,40.83,,,,,-28.7,0.07293720839587348,0.0,0.04000000000000001,,,0,0
2020-08-04,0.1,,,23.76,0.52,0.11,0.41,1.1766,41.67,,,,,-28.7,0.07293720839587348,0.0,0.03,,,0,0
2020-08-05,0.1,,,22.99,0.55,0.11,0.44,1.1898,42.25,,,,,-28.7,0.07293720839587348,0.0,0.03,,,0,0
2020-08-06,0.1,,,22.65,0.55,0.11,0.44,1.1856,41.93,,,,,-28.7,0.07293720839587348,0.0,0.03,,,0,0
2020-08-07,0.1,,,22.21,0.57,0.13,0.44,1.1776,41.16,,,,,-28.7,0.07293720839587348,0.0,0.03,,,0,0
2020-08-08,0.1,,,,,,,,,,,,,-28.7,0.07293720839587348,0.0,0.03,,,0,0
2020-08-09,0.1,,,,,,,,,,,,,-28.7,0.07293720839587348,0.0,0.020000000000000004,,,0,0
2020-08-10,0.1,,,22.13,0.59,0.14,0.45,1.1756,41.94,,,,,-28.7,0.07293720839587348,0.0,0.020000000000000004,,,0,0
2020-08-11,0.1,,,24.03,0.64,0.16,0.48,1.1764,41.53,,,,,-28.7,0.07293720839587348,0.0,0.020000000000000004,,,0,0
2020-08-12,0.1,,,22.28,0.69,0.16,0.53,1.1796,42.6,,,,,-28.7,0.07293720839587348,0.0,0.020000000000000004,,,0,0
2020-08-13,0.1,,,22.13,0.71,0.16,0.55,1.1818,42.26,,,,,-28.7,0.07293720839587348,0.0,0.020000000000000004,,,0,0
2020-08-14,0.1,,,22.05,0.71,0.14,0.57,1.1833,42.05,,,,,-28.7,0.07293720839587348,0.0,0.010000000000000009,,,0,0
2020-08-15,0.1,,,,,,,,,,,,,-28.7,0.07293720839587348,0.0,0.010000000000000009,,,0,0
2020-08-16,0.1,,,,,,,,,,,,,-28.7,0.07293720839587348,0.0,0.010000000000000009,,,0,0
2020-08-17,0.1,,,21.35,0.69,0.14,0.55,1.1869,42.89,,,,,-28.7,0.07293720839587348,0.0,0.010000000000000009,,,0,0
2020-08-18,0.09,,,21.51,0.67,0.14,0.53,1.1928,42.89,,,,,-28.7,0.07293720839587348,-0.010000000000000009,0.0,,,0,0
2020-08-19,0.09,,,22.54,0.68,0.14,0.54,1.1898,42.91,,,,,-28.7,0.07293720839587348,0.0,0.0,,,0,0
2020-08-20,0.09,,,22.72,0.65,0.13,0.52,1.1862,42.62,,,,,-28.7,0.07293720839587348,0.0,0.0,,,0,0
2020-08-21,0.09,,,22.54,0.64,0.16,0.48,1.1775,42.32,,,,,-28.7,0.07293720839587348,0.0,0.009999999999999995,,,0,0
2020-08-22,0.09,,,,,,,,,,,,,-28.7,0.07293720839587348,0.0,0.009999999999999995,,,0,0
2020-08-23,0.09,,,,,,,,,,,,,-28.7,0.025458052073279447,0.0,0.009999999999999995,,,0,0
2020-08-24,0.09,,,22.37,0.65,0.14,0.51,1.1803,42.44,,,,,-28.7,0.025458052073279447,0.0,0.009999999999999995,,,0,0
2020-08-25,0.09,,,22.03,0.69,0.15,0.54,1.1818,43.17,,,,,-28.7,0.025458052073279447,0.0,0.009999999999999995,,,0,0
2020-08-26,0.09,,,23.27,0.69,0.16,0.53,1.1813,43.21,,,,,-28.7,0.025458052073279447,0.0,0.009999999999999995,,,0,0
2020-08-27,0.08,,,24.47,0.74,0.16,0.58,1.1824,42.88,,,,,-28.7,0.025458052073279447,-0.009999999999999995,0.0,,,0,0
2020-08-28,0.09,,,22.96,0.74,0.14,0.6,1.1901,42.96,,,,,-28.7,0.025458052073279447,0.009999999999999995,0.009999999999999995,,,0,0
2020-08-29,0.09,,,,,,,,,,,,,-28.7,0.025458052073279447,0.0,0.009999999999999995,,,0,0
2020-08-30,0.09,,,,,,,,,,,,,-28.7,0.025458052073279447,0.0,0.009999999999999995,,,0,0
2020-08-31,0.09,,,26.41,0.72,0.14,0.58,1.195,42.61,,,,,-28.7,0.025458052073279447,0.0,0.0,,,0,0
2020-09-01,0.09,7.8,259.997,26.12,0.68,0.13,0.55,1.1949,42.76,80.4,95.8914,141770.0,1473.0,49.8,0.2881388621022163,0.0,0.0,,,0,0
2020-09-01,0.09,7.8,259.997,26.12,0.68,0.13,0.55,1.1949,42.76,80.4,95.8914,141770.0,1473.0,84.2,0.2881388621022163,0.0,0.0,0.0,,0,0
2020-09-01,0.09,7.8,259.997,26.12,0.68,0.13,0.55,1.1949,42.76,80.4,95.8914,141770.0,1473.0,20.5,0.2881388621022163,0.0,0.0,0.0,,0,0
2020-09-01,0.09,7.8,259.997,26.12,0.68,0.13,0.55,1.1949,42.76,80.4,95.8914,141770.0,1473.0,96.1,0.2881388621022163,0.0,0.0,0.0,,0,0
2020-09-01,0.09,7.8,259.997,26.12,0.68,0.13,0.55,1.1949,42.76,80.4,95.8914,141770.0,1473.0,0.4,0.2881388621022163,0.0,0.0,0.0,,0,0
2020-09-01,0.09,7.8,259.997,26.12,0.68,0.13,0.55,1.1949,42.76,80.4,95.8914,141770.0,1473.0,36.2,0.2881388621022163,0.0,0.0,0.0,,0,0
2020-09-01,0.09,7.8,259.997,26.12,0.68,0.13,0.55,1.1949,42.76,80.4,95.8914,141770.0,1473.0,7.5,0.2881388621022163,0.0,0.0,0.0,,0,0
2020-09-01,0.09,7.8,259.997,26.12,0.68,0.13,0.55,1.1949,42.76,80.4,95.8914,141770.0,1473.0,-6.6,0.2881388621022163,0.0,0.0,0.0,,0,0
2020-09-01,0.09,7.8,259.997,26.12,0.68,0.13,0.55,1.1949,42.76,80.4,95.8914,141770.0,1473.0,-3.4,0.2881388621022163,0.0,0.0,0.0,,0,0
2020-09-01,0.09,7.8,259.997,26.12,0.68,0.13,0.55,1.1949,42.76,80.4,95.8914,141770.0,1473.0,18.4,0.2881388621022163,0.0,0.0,0.0,,0,0
2020-09-01,0.09,7.8,259.997,26.12,0.68,0.13,0.55,1.1949,42.76,80.4,95.8914,141770.0,1473.0,58.3,0.2881388621022163,0.0,0.0,0.0,,0,0
2020-09-01,0.09,7.8,259.997,26.12,0.68,0.13,0.55,1.1949,42.76,80.4,95.8914,141770.0,1473.0,67.3,0.2881388621022163,0.0,0.0,0.0,,0,0
2020-09-01,0.09,7.8,259.997,26.12,0.68,0.13,0.55,1.1949,42.76,80.4,95.8914,141770.0,1473.0,34.9,0.2881388621022163,0.0,-0.010000000000000009,0.0,,0,0
2020-09-01,0.09,7.8,259.997,26.12,0.68,0.13,0.55,1.1949,42.76,80.4,95.8914,141770.0,1473.0,-5.7,0.2881388621022163,0.0,-0.010000000000000009,0.0,,0,0
2020-09-01,0.09,7.8,259.997,26.12,0.68,0.13,0.55,1.1949,42.76,80.4,95.8914,141770.0,1473.0,-11.6,0.2881388621022163,0.0,0.0,0.0,,0,0
2020-09-01,0.09,7.8,259.997,26.12,0.68,0.13,0.55,1.1949,42.76,80.4,95.8914,141770.0,1473.0,105.3,0.2881388621022163,0.0,0.0,0.0,,0,0
2020-09-01,0.09,7.8,259.997,26.12,0.68,0.13,0.55,1.1949,42.76,80.4,95.8914,141770.0,1473.0,98.6,0.2881388621022163,0.0,0.0,0.0,,0,0
2020-09-01,0.09,7.8,259.997,26.12,0.68,0.13,0.55,1.1949,42.76,80.4,95.8914,141770.0,1473.0,-25.1,0.2881388621022163,0.0,-0.010000000000000009,0.0,,0,0
2020-09-01,0.09,7.8,259.997,26.12,0.68,0.13,0.55,1.1949,42.76,80.4,95.8914,141770.0,1473.0,39.9,0.2881388621022163,0.0,-0.010000000000000009,0.0,26.134500000000003,0,0
2020-09-01,0.09,7.8,259.997,26.12,0.68,0.13,0.55,1.1949,42.76,80.4,95.8914,141770.0,1473.0,-2.0,0.2881388621022163,0.0,0.0,0.0,26.12,0,0
2020-09-01,0.09,7.8,259.997,26.12,0.68,0.13,0.55,1.1949,42.76,80.4,95.8914,141770.0,1473.0,40.6,0.7443543762302607,0.0,0.0,0.0,26.12,0,0
2020-09-01,0.09,7.8,259.997,26.12,0.68,0.13,0.55,1.1949,42.76,80.4,95.8914,141770.0,1473.0,29.9,0.7443543762302607,0.0,0.0,0.0,26.12,0,0
2020-09-01,0.09,7.8,259.997,26.12,0.68,0.13,0.55,1.1949,42.76,80.4,95.8914,141770.0,1473.0,28.7,0.7443543762302607,0.0,0.0,0.0,26.12,0,0
2020-09-01,0.09,7.8,259.997,26.12,0.68,0.13,0.55,1.1949,42.76,80.4,95.8914,141770.0,1473.0,100.5,0.7443543762302607,0.0,0.0,0.0,26.12,0,0
2020-09-01,0.09,7.8,259.997,26.12,0.68,0.13,0.55,1.1949,42.76,80.4,95.8914,141770.0,1473.0,48.9,0.7443543762302607,0.0,-0.010000000000000009,0.0,26.12,0,0
2020-09-02,0.09,,,26.57,0.66,0.14,0.52,1.184,42.76,,,,,48.9,0.7443543762302607,0.0,-0.010000000000000009,,26.142500000000002,0,0
2020-09-03,0.09,,,33.6,0.63,0.13,0.5,1.1832,41.39,,,,,48.9,0.7443543762302607,0.0,-0.010000000000000009,,26.5165,0,0
2020-09-04,0.09,,,30.75,0.72,0.14,0.58,1.182,39.69,,,,,48.9,0.7443543762302607,0.0,-0.010000000000000009,,26.748,0,0
2020-09-05,0.09,,,,,,,,,,,,,48.9,0.7443543762302607,0.0,-0.010000000000000009,,,0,0
2020-09-06,0.09,,,,,,,,,,,,,48.9,0.7443543762302607,0.0,-0.010000000000000009,,,0,0
2020-09-07,0.09,,,,,,,,,,,,,48.9,0.7443543762302607,0.0,-0.010000000000000009,,,0,0
2020-09-08,0.09,,,31.46,0.69,0.14,0.55,1.1789,36.87,,,,,48.9,0.7443543762302607,0.0,-0.010000000000000009,,,0,0
2020-09-09,0.09,,,28.81,0.71,0.14,0.57,1.181,38.05,,,,,48.9,0.7443543762302607,0.0,-0.010000000000000009,,,0,0
2020-09-10,0.09,,,29.71,0.68,0.14,0.54,1.188,37.25,,,,,48.9,0.7443543762302607,0.0,-0.010000000000000009,,,0,0
2020-09-11,0.09,,,26.87,0.67,0.13,0.54,1.1831,37.33,,,,,48.9,0.7443543762302607,0.0,-0.010000000000000009,,,0,0
2020-09-12,0.09,,,,,,,,,,,,,48.9,0.7443543762302607,0.0,-0.010000000000000009,,,0,0
2020-09-13,0.09,,,,,,,,,,,,,48.9,0.7443543762302607,0.0,-0.010000000000000009,,,0,0
2020-09-14,0.09,,,25.85,0.68,0.14,0.54,1.1874,37.23,,,,,48.9,0.7443543762302607,0.0,-0.010000000000000009,,,0,0
2020-09-15,0.09,,,25.59,0.68,0.14,0.54,1.1846,38.29,,,,,48.9,0.7443543762302607,0.0,-0.010000000000000009,,,0,0
2020-09-16,0.09,,,26.04,0.69,0.14,0.55,1.1835,40.17,,,,,48.9,0.7443543762302607,0.0,-0.010000000000000009,,,0,0
2020-09-17,0.09,,,26.46,0.69,0.13,0.56,1.1823,40.99,,,,,48.9,0.7443543762302607,0.0,-0.010000000000000009,,,0,0
2020-09-18,0.09,,,25.83,0.7,0.14,0.56,1.1857,41.09,,,,,48.9,0.7443543762302607,0.0,-0.010000000000000009,,,0,0
2020-09-19,0.09,,,,,,,,,,,,,48.9,0.7443543762302607,0.0,-0.010000000000000009,,,0,0
2020-09-20,0.09,,,,,,,,,,,,,48.9,0.7443543762302607,0.0,-0.010000000000000009,,,0,0
2020-09-21,0.09,,,27.78,0.68,0.14,0.54,1.1737,39.26,,,,,48.9,0.7443543762302607,0.0,-0.010000000000000009,,,0,0
2020-09-22,0.09,,,26.86,0.68,0.13,0.55,1.1703,39.55,,,,,48.9,0.7443543762302607,0.0,-0.010000000000000009,,,0,0
2020-09-23,0.09,,,28.58,0.68,0.14,0.54,1.1677,39.92,,,,,48.9,0.7443543762302607,0.0,0.0,,,0,0
2020-09-24,0.09,,,28.51,0.67,0.14,0.53,1.1666,40.11,,,,,48.9,0.7443543762302607,0.0,0.0,,,0,0
2020-09-25,0.09,,,26.38,0.66,0.12,0.54,1.1618,40.06,,,,,48.9,0.7443543762302607,0.0,0.0,,,0,0
2020-09-26,0.09,,,,,,,,,,,,,48.9,0.7443543762302607,0.0,0.0,,,0,0
2020-09-27,0.09,,,,,,,,,,,,,48.9,0.7443543762302607,0.0,0.0,,,0,0
2020-09-28,0.09,,,26.19,0.67,0.14,0.53,1.166,40.47,,,,,48.9,0.7443543762302607,0.0,0.0,,,0,0
2020-09-29,0.09,,,26.27,0.66,0.11,0.55,1.1717,39.03,,,,,48.9,0.7443543762302607,0.0,0.0,,,0,0
2020-09-30,0.09,,,26.37,0.69,0.13,0.56,1.1723,40.05,,,,,48.9,0.7443543762302607,0.0,0.0,,,0,0
2020-10-01,0.09,6.9,260.319,26.7,0.68,0.14,0.54,1.1752,38.51,81.8,96.5256,142461.0,1543.0,48.9,0.8691238239898258,0.0,0.0,,,0,0
2020-10-02,0.09,,,27.63,0.7,0.13,0.57,1.1706,36.9,,,,,48.9,0.8691238239898258,0.0,0.009999999999999995,,,0,0
2020-10-03,0.09,,,,,,,,,,,,,48.9,0.8691238239898258,0.0,0.0,,,0,0
2020-10-04,0.09,,,,,,,,,,,,,48.9,0.8691238239898258,0.0,0.0,,,0,0
2020-10-05,0.09,,,27.96,0.78,0.14,0.64,1.1784,39.12,,,,,48.9,0.8691238239898258,0.0,0.0,,,0,0
2020-10-06,0.09,,,29.48,0.76,0.14,0.62,1.1778,40.52,,,,,48.9,0.8691238239898258,0.0,0.0,,,0,0
2020-10-07,0.09,,,28.06,0.81,0.16,0.65,1.1766,39.82,,,,,48.9,0.8691238239898258,0.0,0.0,,,0,0
2020-10-08,0.09,,,26.36,0.78,0.13,0.65,1.1753,41.04,,,,,48.9,0.8691238239898258,0.0,0.0,,,0,0
2020-10-09,0.09,,,25.0,0.79,0.16,0.63,1.1819,40.44,,,,,48.9,0.8691238239898258,0.0,0.0,,,0,0
2020-10-10,0.09,,,,,,,,,,,,,48.9,0.8691238239898258,0.0,0.0,,,0,0
2020-10-11,0.09,,,,,,,,,,,,,48.9,0.8691238239898258,0.0,0.0,,,0,0
2020-10-12,0.09,,,25.07,,,,,39.22,,,,,48.9,0.8691238239898258,0.0,0.0,,,0,0
2020-10-13,0.09,,,26.07,0.74,0.16,0.58,1.1737,40.03,,,,,48.9,0.8691238239898258,0.0,0.0,,,0,0
2020-10-14,0.09,,,26.4,0.73,0.14,0.59,1.1755,40.86,,,,,48.9,0.8691238239898258,0.0,0.0,,,0,0
2020-10-15,0.09,,,26.97,0.74,0.14,0.6,1.1701,40.84,,,,,48.9,0.8691238239898258,0.0,0.0,,,0,0
2020-10-16,0.09,,,27.41,0.76,0.14,0.62,1.1717,40.7,,,,,48.9,0.8691238239898258,0.0,0.0,,,0,0
2020-10-17,0.09,,,,,,,,,,,,,48.9,0.8691238239898258,0.0,0.0,,,0,0
2020-10-18,0.09,,,,,,,,,,,,,48.9,0.8691238239898258,0.0,0.0,,,0,0
2020-10-19,0.09,,,29.18,0.78,0.16,0.62,1.1788,40.69,,,,,48.9,0.8691238239898258,0.0,0.0,,,0,0
2020-10-20,0.09,,,29.35,0.81,0.14,0.67,1.1824,41.37,,,,,48.9,0.8691238239898258,0.0,0.0,,,0,0
2020-10-21,0.09,,,28.65,0.83,0.14,0.69,1.187,39.88,,,,,48.9,0.8691238239898258,0.0,0.0,,,0,0
2020-10-22,0.09,,,28.11,0.87,0.16,0.71,1.1824,40.46,,,,,48.9,1.6744000749906451,0.0,0.0,,,0,0
2020-10-23,0.09,,,27.55,0.85,0.18,0.67,1.1844,39.73,,,,,48.9,1.6744000749906451,0.0,0.0,,,0,0
2020-10-24,0.09,,,,,,,,,,,,,48.9,1.6744000749906451,0.0,0.0,,,0,0
2020-10-25,0.09,,,,,,,,,,,,,48.9,1.6744000749906451,0.0,0.0,,,0,0
2020-10-26,0.09,,,32.46,0.81,0.16,0.65,1.1816,38.39,,,,,48.9,1.6744000749906451,0.0,0.0,,,0,0
2020-10-27,0.09,,,33.35,0.79,0.16,0.63,1.1834,39.34,,,,,48.9,1.6744000749906451,0.0,0.0,,,0,0
2020-10-28,0.09,,,40.28,0.79,0.16,0.63,1.1751,37.27,,,,,48.9,1.6744000749906451,0.0,0.0,,,0,0
2020-10-29,0.09,,,37.59,0.85,0.16,0.69,1.1658,35.94,,,,,48.9,1.6744000749906451,0.0,0.0,,,0,0
2020-10-30,0.09,,,38.02,0.88,0.14,0.74,1.1647,35.64,,,,,48.9,1.6744000749906451,0.0,0.0,,,0,0
2020-10-31,0.09,,,,,,,,,,,,,48.9,1.6744000749906451,0.0,0.0,,,0,0
2020-11-01,0.09,6.7,260.911,,,,,,,76.9,96.9529,142731.0,1543.0,48.9,1.9056211723534666,0.0,0.0,,,0,0
2020-11-02,0.09,,,37.13,0.87,0.16,0.71,1.1634,36.6,,,,,48.9,1.9056211723534666,0.0,0.0,,,0,0
2020-11-03,0.09,,,35.55,0.9,0.17,0.73,1.1724,37.44,,,,,48.9,1.9056211723534666,0.0,0.0,,,0,0
2020-11-04,0.09,,,29.57,0.78,0.14,0.64,1.173,38.97,,,,,48.9,1.9056211723534666,0.0,0.0,,,0,0
2020-11-05,0.09,,,27.58,0.79,0.14,0.65,1.1809,38.56,,,,,48.9,1.9056211723534666,0.0,0.0,,,0,0
2020-11-06,0.09,,,24.86,0.83,0.16,0.67,1.1886,36.97,,,,,48.9,1.9056211723534666,0.0,0.0,,,0,0
2020-11-07,0.09,,,,,,,,,,,,,48.9,1.9056211723534666,0.0,0.0,,,0,0
2020-11-08,0.09,,,,,,,,,,,,,48.9,1.9056211723534666,0.0,0.0,,,0,0
2020-11-09,0.09,,,25.75,0.96,0.17,0.79,1.1811,40.05,,,,,48.9,1.9056211723534666,0.0,0.0,,,0,0
2020-11-10,0.09,,,24.8,0.98,0.19,0.79,1.181,41.18,,,,,48.9,1.9056211723534666,0.0,0.0,,,0,0
2020-11-11,0.09,,,23.45,,,,,41.23,,,,,48.9,1.9056211723534666,0.0,0.0,,,0,0
2020-11-12,0.09,,,25.35,0.88,0.17,0.71,1.1814,40.9,,,,,48.9,1.9056211723534666,0.0,0.0,,,0,0
2020-11-13,0.09,,,23.1,0.89,0.17,0.72,1.1824,39.93,,,,,48.9,1.9056211723534666,0.0,0.0,,,0,0
2020-11-14,0.09,,,,,,,,,,,,,48.9,1.9056211723534666,0.0,0.0,,,0,0
2020-11-15,0.09,,,,,,,,,,,,,48.9,1.9056211723534666,0.0,0.0,,,0,0
2020-11-16,0.09,,,22.45,0.91,0.19,0.72,1.1844,41.14,,,,,48.9,1.9056211723534666,0.0,0.0,,,0,0
2020-11-17,0.09,,,22.71,0.87,0.18,0.69,1.1862,41.24,,,,,48.9,1.9056211723534666,0.0,0.0,,,0,0
2020-11-18,0.09,,,23.84,0.88,0.16,0.72,1.1869,41.64,,,,,48.9,1.9056211723534666,0.0,0.0,,,0,0
2020-11-19,0.08,,,23.11,0.86,0.18,0.68,1.1843,41.57,,,,,48.9,1.9056211723534666,-0.009999999999999995,-0.009999999999999995,,,0,0
2020-11-20,0.08,,,23.7,0.83,0.16,0.67,1.1857,41.99,,,,,48.9,1.9056211723534666,0.0,-0.009999999999999995,,,0,0
2020-11-21,0.08,,,,,,,,,,,,,48.9,1.9972478714005426,0.0,-0.009999999999999995,,,0,0
2020-11-22,0.08,,,,,,,,,,,,,48.9,1.9972478714005426,0.0,-0.009999999999999995,,,0,0
2020-11-23,0.08,,,22.66,0.86,0.16,0.7,1.1826,42.91,,,,,48.9,1.9972478714005426,0.0,-0.009999999999999995,,,0,0
2020-11-24,0.08,,,21.64,0.88,0.16,0.72,1.1874,44.71,,,,,48.9,1.9972478714005426,0.0,-0.009999999999999995,,,0,0
2020-11-25,0.08,,,21.25,0.88,0.17,0.71,1.1908,45.58,,,,,48.9,1.9972478714005426,0.0,-0.009999999999999995,,,0,0
2020-11-26,0.08,,,,,,,,,,,,,48.9,1.9972478714005426,0.0,-0.009999999999999995,,,0,0
2020-11-27,0.08,,,20.84,0.84,0.16,0.68,,,,,,,48.9,1.9972478714005426,0.0,-0.009999999999999995,,,0,0
2020-11-28,0.08,,,,,,,,,,,,,48.9,1.9972478714005426,0.0,-0.009999999999999995,,,0,0
2020-11-29,0.08,,,,,,,,,,,,,48.9,1.9972478714005426,0.0,-0.009999999999999995,,,0,0
2020-11-30,0.09,,,20.57,0.84,0.16,0.68,1.1948,45.2,,,,,48.9,1.9972478714005426,0.009999999999999995,0.0,,,0,0
2020-12-01,0.09,6.7,262.045,20.77,0.92,0.17,0.75,1.2039,44.54,80.7,98.2039,142548.0,1614.0,31.4,2.4405594952346066,0.0,0.0,,,0,0
2020-12-01,0.09,6.7,262.045,20.77,0.92,0.17,0.75,1.2039,44.54,80.7,98.2039,142548.0,1614.0,33.4,2.4405594952346066,0.0,0.0,0.0,,0,0
2020-12-01,0.09,6.7,262.045,20.77,0.92,0.17,0.75,1.2039,44.54,80.7,98.2039,142548.0,1614.0,7.2,2.4405594952346066,0.0,0.0,0.0,,0,0
2020-12-01,0.09,6.7,262.045,20.77,0.92,0.17,0.75,1.2039,44.54,80.7,98.2039,142548.0,1614.0,7.3,2.4405594952346066,0.0,0.0,0.0,,0,0
2020-12-01,0.09,6.7,262.045,20.77,0.92,0.17,0.75,1.2039,44.54,80.7,98.2039,142548.0,1614.0,10.5,2.4405594952346066,0.0,0.0,0.0,,0,0
2020-12-01,0.09,6.7,262.045,20.77,0.92,0.17,0.75,1.2039,44.54,80.7,98.2039,142548.0,1614.0,26.1,2.4405594952346066,0.0,0.0,0.0,,0,0
2020-12-01,0.09,6.7,262.045,20.77,0.92,0.17,0.75,1.2039,44.54,80.7,98.2039,142548.0,1614.0,5.5,2.4405594952346066,0.0,0.0,0.0,,0,0
2020-12-01,0.09,6.7,262.045,20.77,0.92,0.17,0.75,1.2039,44.54,80.7,98.2039,142548.0,1614.0,0.4,2.4405594952346066,0.0,0.0,0.0,,0,0
2020-12-01,0.09,6.7,262.045,20.77,0.92,0.17,0.75,1.2039,44.54,80.7,98.2039,142548.0,1614.0,28.0,2.4405594952346066,0.0,0.0,0.0,,0,0
2020-12-01,0.09,6.7,262.045,20.77,0.92,0.17,0.75,1.2039,44.54,80.7,98.2039,142548.0,1614.0,2.7,2.4405594952346066,0.0,0.0,0.0,,0,0
2020-12-01,0.09,6.7,262.045,20.77,0.92,0.17,0.75,1.2039,44.54,80.7,98.2039,142548.0,1614.0,16.5,2.4405594952346066,0.0,0.0,0.0,,0,0
2020-12-01,0.09,6.7,262.045,20.77,0.92,0.17,0.75,1.2039,44.54,80.7,98.2039,142548.0,1614.0,1.7,2.4405594952346066,0.0,0.0,0.0,,0,0
2020-12-01,0.09,6.7,262.045,20.77,0.92,0.17,0.75,1.2039,44.54,80.7,98.2039,142548.0,1614.0,22.1,2.4405594952346066,0.0,0.0,0.0,,0,0
2020-12-01,0.09,6.7,262.045,20.77,0.92,0.17,0.75,1.2039,44.54,80.7,98.2039,142548.0,1614.0,11.8,2.4405594952346066,0.0,0.0,0.0,,0,0
2020-12-01,0.09,6.7,262.045,20.77,0.92,0.17,0.75,1.2039,44.54,80.7,98.2039,142548.0,1614.0,13.5,2.4405594952346066,0.0,0.0,0.0,,0,0
2020-12-01,0.09,6.7,262.045,20.77,0.92,0.17,0.75,1.2039,44.54,80.7,98.2039,142548.0,1614.0,2.9,2.4405594952346066,0.0,0.0,0.0,,0,0
2020-12-01,0.09,6.7,262.045,20.77,0.92,0.17,0.75,1.2039,44.54,80.7,98.2039,142548.0,1614.0,32.2,2.4405594952346066,0.0,0.0,0.0,,0,0
2020-12-01,0.09,6.7,262.045,20.77,0.92,0.17,0.75,1.2039,44.54,80.7,98.2039,142548.0,1614.0,-15.5,2.4405594952346066,0.0,0.0,0.0,,0,0
2020-12-01,0.09,6.7,262.045,20.77,0.92,0.17,0.75,1.2039,44.54,80.7,98.2039,142548.0,1614.0,2.1,2.4405594952346066,0.0,0.0,0.0,20.759999999999998,0,0
2020-12-01,0.09,6.7,262.045,20.77,0.92,0.17,0.75,1.2039,44.54,80.7,98.2039,142548.0,1614.0,4.6,2.4405594952346066,0.0,0.0,0.0,20.77,0,0
2020-12-01,0.09,6.7,262.045,20.77,0.92,0.17,0.75,1.2039,44.54,80.7,98.2039,142548.0,1614.0,13.8,2.4405594952346066,0.0,0.0,0.0,20.77,0,0
2020-12-01,0.09,6.7,262.045,20.77,0.92,0.17,0.75,1.2039,44.54,80.7,98.2039,142548.0,1614.0,0.4,1.9463745224516105,0.0,0.0,0.0,20.77,0,0
2020-12-01,0.09,6.7,262.045,20.77,0.92,0.17,0.75,1.2039,44.54,80.7,98.2039,142548.0,1614.0,0.4,1.9463745224516105,0.0,0.0,0.0,20.77,0,0
2020-12-01,0.09,6.7,262.045,20.77,0.92,0.17,0.75,1.2039,44.54,80.7,98.2039,142548.0,1614.0,39.5,1.9463745224516105,0.0,0.0,0.0,20.77,0,0
2020-12-01,0.09,6.7,262.045,20.77,0.92,0.17,0.75,1.2039,44.54,80.7,98.2039,142548.0,1614.0,18.1,1.9463745224516105,0.0,0.0,0.0,20.77,0,0
2020-12-02,0.09,,,21.17,0.95,0.16,0.79,1.2093,45.23,,,,,18.1,1.9463745224516105,0.0,0.0,,20.79,0,0
2020-12-03,0.09,,,21.28,0.92,0.16,0.76,1.2152,45.65,,,,,18.1,1.9463745224516105,0.0,0.0,,20.815499999999997,0,0
2020-12-04,0.09,,,20.79,0.97,0.16,0.81,1.2142,46.23,,,,,18.1,1.9463745224516105,0.0,0.0,,20.816499999999998,0,0
2020-12-05,0.09,,,,,,,,,,,,,18.1,1.9463745224516105,0.0,0.0,,,0,0
2020-12-06,0.09,,,,,,,,,,,,,18.1,1.9463745224516105,0.0,0.0,,,0,0
2020-12-07,0.09,,,21.3,0.94,0.14,0.8,1.2138,45.72,,,,,18.1,1.9463745224516105,0.0,0.0,,,0,0
2020-12-08,0.09,,,20.68,0.92,0.14,0.78,1.2111,45.64,,,,,18.1,1.9463745224516105,0.0,0.0,,,0,0
2020-12-09,0.09,,,22.27,0.95,0.16,0.79,1.208,45.48,,,,,18.1,1.9463745224516105,0.0,0.0,,,0,0
2020-12-10,0.09,,,22.52,0.92,0.14,0.78,1.2118,46.76,,,,,18.1,1.9463745224516105,0.0,0.0,,,0,0
2020-12-11,0.09,,,23.31,0.9,0.11,0.79,1.2112,46.59,,,,,18.1,1.9463745224516105,0.0,0.0,,,0,0
2020-12-12,0.09,,,,,,,,,,,,,18.1,1.9463745224516105,0.0,0.0,,,0,0
2020-12-13,0.09,,,,,,,,,,,,,18.1,1.9463745224516105,0.0,0.0,,,0,0
2020-12-14,0.09,,,24.72,0.9,0.13,0.77,1.2145,47.02,,,,,18.1,1.9463745224516105,0.0,0.0,,,0,0
2020-12-15,0.09,,,22.89,0.92,0.11,0.81,1.2158,47.58,,,,,18.1,1.9463745224516105,0.0,0.0,,,0,0
2020-12-16,0.09,,,22.5,0.92,0.13,0.79,1.2175,47.86,,,,,18.1,1.9463745224516105,0.0,0.0,,,0,0
2020-12-17,0.09,,,21.93,0.94,0.13,0.81,1.2258,48.34,,,,,18.1,1.9463745224516105,0.0,0.0,,,0,0
2020-12-18,0.09,,,21.57,0.95,0.13,0.82,1.2236,49.04,,,,,18.1,1.9463745224516105,0.0,0.0,,,0,0
2020-12-19,0.09,,,,,,,,,,,,,18.1,1.9463745224516105,0.0,0.0,,,0,0
2020-12-20,0.09,,,,,,,,,,,,,18.1,1.9463745224516105,0.0,0.0,,,0,0
2020-12-21,0.09,,,25.16,0.95,0.13,0.82,1.223,47.79,,,,,18.1,1.9463745224516105,0.0,0.0,,,0,0
2020-12-22,0.09,,,24.23,0.93,0.13,0.8,1.2172,47.02,,,,,18.1,1.9463745224516105,0.0,0.0,,,0,0
2020-12-23,0.09,,,23.31,0.96,0.13,0.83,1.2194,47.94,,,,,18.1,1.9463745224516105,0.0,0.0,,,0,0
2020-12-24,0.09,,,21.53,0.94,0.13,0.81,,48.18,,,,,18.1,1.9463745224516105,0.0,0.0,,,0,0
2020-12-25,0.09,,,,,,,,,,,,,18.1,1.9463745224516105,0.0,0.009999999999999995,,,0,0
2020-12-26,0.09,,,,,,,,,,,,,18.1,1.9463745224516105,0.0,0.009999999999999995,,,0,0
2020-12-27,0.09,,,,,,,,,,,,,18.1,1.9463745224516105,0.0,0.009999999999999995,,,0,0
2020-12-28,0.09,,,21.7,0.94,0.13,0.81,1.2213,47.5,,,,,18.1,1.9463745224516105,0.0,0.009999999999999995,,,0,0
2020-12-29,0.09,,,23.08,0.94,0.12,0.82,1.2252,47.85,,,,,18.1,1.9463745224516105,0.0,0.009999999999999995,,,0,0
2020-12-30,0.09,,,22.77,0.93,0.12,0.81,1.228,48.24,,,,,18.1,1.9463745224516105,0.0,0.009999999999999995,,,0,0
2020-12-31,0.09,,,22.75,0.93,0.13,0.8,1.223,48.35,,,,,18.1,1.9463745224516105,0.0,0.009999999999999995,,,0,0
2021-01-01,0.09,6.4,262.639,,,,,,,79.0,98.8135,142913.0,1630.0,18.1,2.1774651613355234,0.0,0.009999999999999995,,,0,0
2021-01-02,0.09,,,,,,,,,,,,,18.1,2.1774651613355234,0.0,0.009999999999999995,,,0,0
2021-01-03,0.09,,,,,,,,,,,,,18.1,2.1774651613355234,0.0,0.009999999999999995,,,0,0
2021-01-04,0.09,,,26.97,0.93,0.11,0.82,1.2254,47.47,,,,,18.1,2.1774651613355234,0.0,0.009999999999999995,,,0,0
2021-01-05,0.09,,,25.34,0.96,0.13,0.83,1.2295,49.78,,,,,18.1,2.1774651613355234,0.0,0.0,,,0,0
2021-01-06,0.09,,,25.07,1.04,0.14,0.9,1.229,50.45,,,,,18.1,2.1774651613355234,0.0,0.0,,,0,0
2021-01-07,0.09,,,22.37,1.08,0.14,0.94,1.2265,50.63,,,,,18.1,2.1774651613355234,0.0,0.0,,,0,0
2021-01-08,0.09,,,21.56,1.13,0.14,0.99,1.2252,52.14,,,,,18.1,2.1774651613355234,0.0,0.0,,,0,0
2021-01-09,0.09,,,,,,,,,,,,,18.1,2.1774651613355234,0.0,0.0,,,0,0
2021-01-10,0.09,,,,,,,,,,,,,18.1,2.1774651613355234,0.0,0.0,,,0,0
2021-01-11,0.09,,,24.08,1.15,0.14,1.01,1.2169,52.15,,,,,18.1,2.1774651613355234,0.0,0.0,,,0,0
2021-01-12,0.09,,,23.33,1.15,0.14,1.01,1.2168,53.08,,,,,18.1,2.1774651613355234,0.0,0.0,,,0,0
2021-01-13,0.09,,,22.21,1.1,0.14,0.96,1.2159,52.81,,,,,18.1,2.1774651613355234,0.0,0.0,,,0,0
2021-01-14,0.09,,,23.25,1.15,0.16,0.99,1.2156,53.47,,,,,18.1,2.1774651613355234,0.0,0.0,,,0,0
2021-01-15,0.09,,,24.34,1.11,0.13,0.98,1.2099,52.25,,,,,18.1,2.1774651613355234,0.0,0.0,,,0,0
2021-01-16,0.09,,,,,,,,,,,,,18.1,2.1774651613355234,0.0,0.0,,,0,0
2021-01-17,0.09,,,,,,,,,,,,,18.1,2.1774651613355234,0.0,0.0,,,0,0
2021-01-18,0.09,,,,,,,,,,,,,18.1,2.1774651613355234,0.0,0.0,,,0,0
2021-01-19,0.09,,,23.24,1.1,0.14,0.96,1.2126,52.87,,,,,18.1,2.1774651613355234,0.0,0.0,,,0,0
2021-01-20,0.09,,,21.58,1.1,0.13,0.97,,53.16,,,,,18.1,2.1774651613355234,0.0,0.0,,,0,0
2021-01-21,0.08,,,21.32,1.12,0.13,0.99,1.2143,53.0,,,,,18.1,1.6593639685390515,-0.009999999999999995,-0.009999999999999995,,,0,0
2021-01-22,0.08,,,21.91,1.1,0.13,0.97,1.2179,52.28,,,,,18.1,1.6593639685390515,0.0,-0.009999999999999995,,,0,0
2021-01-23,0.08,,,,,,,,,,,,,18.1,1.6593639685390515,0.0,-0.009999999999999995,,,0,0
2021-01-24,0.08,,,,,,,,,,,,,18.1,1.6593639685390515,0.0,-0.009999999999999995,,,0,0
2021-01-25,0.08,,,23.19,1.05,0.13,0.92,1.2138,52.78,,,,,18.1,1.6593639685390515,0.0,-0.009999999999999995,,,0,0
2021-01-26,0.08,,,23.02,1.05,0.11,0.94,1.2147,52.61,,,,,18.1,1.6593639685390515,0.0,-0.009999999999999995,,,0,0
2021-01-27,0.08,,,37.21,1.04,0.12,0.92,1.2101,52.81,,,,,18.1,1.6593639685390515,0.0,-0.009999999999999995,,,0,0
2021-01-28,0.07,,,30.21,1.07,0.12,0.95,1.2122,52.26,,,,,18.1,1.6593639685390515,-0.009999999999999995,-0.01999999999999999,,,0,0
2021-01-29,0.07,,,33.09,1.11,0.11,1.0,1.2135,52.16,,,,,18.1,1.6593639685390515,0.0,-0.01999999999999999,,,0,0
2021-01-30,0.07,,,,,,,,,,,,,18.1,1.6593639685390515,0.0,-0.01999999999999999,,,0,0
2021-01-31,0.07,,,,,,,,,,,,,18.1,1.6593639685390515,0.0,-0.01999999999999999,,,0,0
2021-02-01,0.08,6.2,263.573,30.24,1.09,0.11,0.98,1.207,53.55,76.8,95.5072,143422.0,1404.0,18.1,2.0208862327367294,0.009999999999999995,-0.009999999999999995,,,0,0
2021-02-02,0.08,,,25.56,1.12,0.11,1.01,1.202,54.77,,,,,18.1,2.0208862327367294,0.0,-0.009999999999999995,,,0,0
2021-02-03,0.08,,,22.91,1.15,0.11,1.04,1.2025,55.67,,,,,18.1,2.0208862327367294,0.0,-0.009999999999999995,,,0,0
2021-02-04,0.08,,,21.77,1.15,0.11,1.04,1.1974,56.19,,,,,18.1,2.0208862327367294,0.0,-0.009999999999999995,,,0,0
2021-02-05,0.08,,,20.87,1.19,0.09,1.1,1.2035,56.8,,,,,18.1,2.0208862327367294,0.0,-0.009999999999999995,,,0,0
2021-02-06,0.08,,,,,,,,,,,,,18.1,2.0208862327367294,0.0,-0.009999999999999995,,,0,0
2021-02-07,0.08,,,,,,,,,,,,,18.1,2.0208862327367294,0.0,-0.009999999999999995,,,0,0
2021-02-08,0.07,,,21.24,1.19,0.11,1.08,1.2045,57.95,,,,,18.1,2.0208862327367294,-0.009999999999999995,-0.01999999999999999,,,0,0
2021-02-09,0.08,,,21.63,1.18,0.11,1.07,1.2106,58.34,,,,,18.1,2.0208862327367294,0.009999999999999995,-0.009999999999999995,,,0,0
2021-02-10,0.08,,,21.99,1.15,0.11,1.04,1.2132,58.69,,,,,18.1,2.0208862327367294,0.0,-0.009999999999999995,,,0,0
2021-02-11,0.08,,,21.25,1.16,0.11,1.05,1.2127,58.22,,,,,18.1,2.0208862327367294,0.0,-0.009999999999999995,,,0,0
2021-02-12,0.08,,,19.97,1.2,0.11,1.09,1.2126,59.5,,,,,18.1,2.0208862327367294,0.0,-0.009999999999999995,,,0,0
2021-02-13,0.08,,,,,,,,,,,,,18.1,2.0208862327367294,0.0,-0.009999999999999995,,,0,0
2021-02-14,0.08,,,,,,,,,,,,,18.1,2.0208862327367294,0.0,-0.009999999999999995,,,0,0
2021-02-15,0.08,,,,,,,,,,,,,18.1,2.0208862327367294,0.0,-0.009999999999999995,,,0,0
2021-02-16,0.08,,,21.46,1.3,0.13,1.17,1.2107,60.07,,,,,18.1,2.0208862327367294,0.0,-0.009999999999999995,,,0,0
2021-02-17,0.08,,,21.5,1.29,0.11,1.18,1.2042,61.09,,,,,18.1,2.0208862327367294,0.0,-0.009999999999999995,,,0,0
2021-02-18,0.07,,,22.49,1.29,0.11,1.18,1.2078,60.4,,,,,18.1,2.0208862327367294,-0.009999999999999995,-0.01999999999999999,,,0,0
2021-02-19,0.07,,,22.05,1.34,0.11,1.23,1.2136,59.12,,,,,18.1,2.0208862327367294,0.0,-0.01999999999999999,,,0,0
2021-02-20,0.07,,,,,,,,,,,,,18.1,2.0208862327367294,0.0,-0.01999999999999999,,,0,0
2021-02-21,0.07,,,,,,,,,,,,,18.1,1.6416264326150287,0.0,-0.01999999999999999,,,0,0
2021-02-22,0.07,,,23.45,1.37,0.11,1.26,1.2155,61.67,,,,,18.1,1.6416264326150287,0.0,-0.01999999999999999,,,0,0
2021-02-23,0.07,,,23.11,1.37,0.11,1.26,1.2142,61.66,,,,,18.1,1.6416264326150287,0.0,-0.01999999999999999,,,0,0
2021-02-24,0.07,,,21.34,1.38,0.12,1.26,1.2143,63.21,,,,,18.1,1.6416264326150287,0.0,-0.01999999999999999,,,0,0
2021-02-25,0.07,,,28.89,1.54,0.17,1.37,1.2229,63.43,,,,,18.1,1.6416264326150287,0.0,-0.01999999999999999,,,0,0
2021-02-26,0.07,,,27.95,1.44,0.14,1.3,1.2093,61.55,,,,,18.1,1.6416264326150287,0.0,-0.01999999999999999,,,0,0
2021-02-27,0.07,,,,,,,,,,,,,18.1,1.6416264326150287,0.0,-0.01999999999999999,,,0,0
2021-02-28,0.07,,,,,,,,,,,,,18.1,1.6416264326150287,0.0,-0.01999999999999999,,,0,0
2021-03-01,0.07,6.1,264.847,23.35,1.45,0.13,1.32,1.2054,60.54,84.9,98.1929,144246.0,1696.0,62.5,2.1329189097471835,0.0,-0.01999999999999999,,,0,0
2021-03-01,0.07,6.1,264.847,23.35,1.45,0.13,1.32,1.2054,60.54,84.9,98.1929,144246.0,1696.0,17.4,2.1329189097471835,0.0,-0.01999999999999999,0.0,,0,0
2021-03-01,0.07,6.1,264.847,23.35,1.45,0.13,1.32,1.2054,60.54,84.9,98.1929,144246.0,1696.0,-3.0,2.1329189097471835,0.0,-0.01999999999999999,0.0,,0,0
2021-03-01,0.07,6.1,264.847,23.35,1.45,0.13,1.32,1.2054,60.54,84.9,98.1929,144246.0,1696.0,5.5,2.1329189097471835,0.0,-0.01999999999999999,0.0,,0,0
2021-03-01,0.07,6.1,264.847,23.35,1.45,0.13,1.32,1.2054,60.54,84.9,98.1929,144246.0,1696.0,30.6,2.1329189097471835,0.0,-0.01999999999999999,0.0,,0,0
2021-03-01,0.07,6.1,264.847,23.35,1.45,0.13,1.32,1.2054,60.54,84.9,98.1929,144246.0,1696.0,7.8,2.1329189097471835,0.0,-0.01999999999999999,0.0,,0,0
2021-03-01,0.07,6.1,264.847,23.35,1.45,0.13,1.32,1.2054,60.54,84.9,98.1929,144246.0,1696.0,11.2,2.1329189097471835,0.0,-0.01999999999999999,0.0,,0,0
2021-03-01,0.07,6.1,264.847,23.35,1.45,0.13,1.32,1.2054,60.54,84.9,98.1929,144246.0,1696.0,14.8,2.1329189097471835,0.0,-0.01999999999999999,0.0,,0,0
2021-03-01,0.07,6.1,264.847,23.35,1.45,0.13,1.32,1.2054,60.54,84.9,98.1929,144246.0,1696.0,17.6,2.1329189097471835,0.0,-0.01999999999999999,0.0,,0,0
2021-03-01,0.07,6.1,264.847,23.35,1.45,0.13,1.32,1.2054,60.54,84.9,98.1929,144246.0,1696.0,5.8,2.1329189097471835,0.0,-0.01999999999999999,0.0,,0,0
2021-03-01,0.07,6.1,264.847,23.35,1.45,0.13,1.32,1.2054,60.54,84.9,98.1929,144246.0,1696.0,7.0,2.1329189097471835,0.0,-0.01999999999999999,0.0,,0,0
2021-03-01,0.07,6.1,264.847,23.35,1.45,0.13,1.32,1.2054,60.54,84.9,98.1929,144246.0,1696.0,-1.0,2.1329189097471835,0.0,-0.01999999999999999,0.0,,0,0
2021-03-01,0.07,6.1,264.847,23.35,1.45,0.13,1.32,1.2054,60.54,84.9,98.1929,144246.0,1696.0,6.4,2.1329189097471835,0.0,-0.01999999999999999,0.0,,0,0
2021-03-01,0.07,6.1,264.847,23.35,1.45,0.13,1.32,1.2054,60.54,84.9,98.1929,144246.0,1696.0,5.4,2.1329189097471835,0.0,-0.01999999999999999,0.0,,0,0
2021-03-01,0.07,6.1,264.847,23.35,1.45,0.13,1.32,1.2054,60.54,84.9,98.1929,144246.0,1696.0,8.4,2.1329189097471835,0.0,-0.01999999999999999,0.0,,0,0
2021-03-01,0.07,6.1,264.847,23.35,1.45,0.13,1.32,1.2054,60.54,84.9,98.1929,144246.0,1696.0,-0.9,2.1329189097471835,0.0,-0.01999999999999999,0.0,,0,0
2021-03-01,0.07,6.1,264.847,23.35,1.45,0.13,1.32,1.2054,60.54,84.9,98.1929,144246.0,1696.0,10.8,2.1329189097471835,0.0,-0.01999999999999999,0.0,,0,0
2021-03-01,0.07,6.1,264.847,23.35,1.45,0.13,1.32,1.2054,60.54,84.9,98.1929,144246.0,1696.0,0.9,2.1329189097471835,0.0,-0.01999999999999999,0.0,,0,0
2021-03-01,0.07,6.1,264.847,23.35,1.45,0.13,1.32,1.2054,60.54,84.9,98.1929,144246.0,1696.0,9.3,2.1329189097471835,0.0,-0.01999999999999999,0.0,,0,0
2021-03-01,0.07,6.1,264.847,23.35,1.45,0.13,1.32,1.2054,60.54,84.9,98.1929,144246.0,1696.0,5.5,2.1329189097471835,0.0,-0.01999999999999999,0.0,23.35,0,0
2021-03-01,0.07,6.1,264.847,23.35,1.45,0.13,1.32,1.2054,60.54,84.9,98.1929,144246.0,1696.0,-7.5,2.1329189097471835,0.0,-0.01999999999999999,0.0,23.35,0,0
2021-03-01,0.07,6.1,264.847,23.35,1.45,0.13,1.32,1.2054,60.54,84.9,98.1929,144246.0,1696.0,9.4,2.1329189097471835,0.0,-0.009999999999999995,0.0,23.35,0,0
2021-03-01,0.07,6.1,264.847,23.35,1.45,0.13,1.32,1.2054,60.54,84.9,98.1929,144246.0,1696.0,12.0,2.1329189097471835,0.0,-0.009999999999999995,0.0,23.35,0,0
2021-03-01,0.07,6.1,264.847,23.35,1.45,0.13,1.32,1.2054,60.54,84.9,98.1929,144246.0,1696.0,4.7,1.8654061393015953,0.0,-0.009999999999999995,0.0,23.35,0,0
2021-03-01,0.07,6.1,264.847,23.35,1.45,0.13,1.32,1.2054,60.54,84.9,98.1929,144246.0,1696.0,5.7,1.8654061393015953,0.0,-0.009999999999999995,0.0,23.35,0,0
2021-03-02,0.07,,,24.1,1.42,0.13,1.29,1.2079,59.7,,,,,5.7,1.8654061393015953,0.0,-0.009999999999999995,,23.387500000000003,0,0
2021-03-03,0.07,,,26.67,1.47,0.14,1.33,1.2073,61.33,,,,,5.7,1.8654061393015953,0.0,-0.009999999999999995,,23.553500000000003,0,0
2021-03-04,0.07,,,28.57,1.54,0.14,1.4,1.2045,63.81,,,,,5.7,1.8654061393015953,0.0,-0.009999999999999995,,23.814500000000002,0,0
2021-03-05,0.07,,,24.66,1.56,0.14,1.42,1.1914,66.08,,,,,5.7,1.8654061393015953,0.0,0.0,,23.880000000000003,0,0
2021-03-06,0.07,,,,,,,,,,,,,5.7,1.8654061393015953,0.0,0.0,,,0,0
2021-03-07,0.07,,,,,,,,,,,,,5.7,1.8654061393015953,0.0,0.0,,,0,0
2021-03-08,0.07,,,25.47,1.59,0.17,1.42,1.1849,65.03,,,,,5.7,1.8654061393015953,0.0,0.0,,,0,0
2021-03-09,0.07,,,24.03,1.55,0.17,1.38,1.1885,64.02,,,,,5.7,1.8654061393015953,0.0,-0.009999999999999995,,,0,0
2021-03-10,0.07,,,22.56,1.53,0.16,1.37,1.19,64.45,,,,,5.7,1.8654061393015953,0.0,-0.009999999999999995,,,0,0
2021-03-11,0.07,,,21.91,1.54,0.14,1.4,1.1978,66.02,,,,,5.7,1.8654061393015953,0.0,-0.009999999999999995,,,0,0
2021-03-12,0.07,,,20.69,1.64,0.14,1.5,1.1952,65.59,,,,,5.7,1.8654061393015953,0.0,-0.009999999999999995,,,0,0
2021-03-13,0.07,,,,,,,,,,,,,5.7,1.8654061393015953,0.0,-0.009999999999999995,,,0,0
2021-03-14,0.07,,,,,,,,,,,,,5.7,1.8654061393015953,0.0,-0.009999999999999995,,,0,0
2021-03-15,0.07,,,20.03,1.62,0.14,1.48,1.1917,65.36,,,,,5.7,1.8654061393015953,0.0,-0.009999999999999995,,,0,0
2021-03-16,0.07,,,19.79,1.62,0.15,1.47,1.1895,64.82,,,,,5.7,1.8654061393015953,0.0,0.0,,,0,0
2021-03-17,0.07,,,19.23,1.63,0.13,1.5,1.1905,64.55,,,,,5.7,1.8654061393015953,0.0,-0.009999999999999995,,,0,0
2021-03-18,0.07,,,21.58,1.71,0.16,1.55,1.1926,59.95,,,,,5.7,1.8654061393015953,0.0,-0.009999999999999995,,,0,0
2021-03-19,0.07,,,20.95,1.74,0.16,1.58,1.1909,61.43,,,,,5.7,1.8654061393015953,0.0,-0.009999999999999995,,,0,0
2021-03-20,0.07,,,,,,,,,,,,,5.7,1.8654061393015953,0.0,-0.009999999999999995,,,0,0
2021-03-21,0.07,,,,,,,,,,,,,5.7,1.8654061393015953,0.0,-0.009999999999999995,,,0,0
2021-03-22,0.07,,,18.88,1.69,0.15,1.54,1.1932,61.48,,,,,5.7,1.8654061393015953,0.0,-0.009999999999999995,,,0,0
2021-03-23,0.07,,,20.3,1.63,0.15,1.48,1.1872,57.75,,,,,5.7,1.8654061393015953,0.0,-0.009999999999999995,,,0,0
2021-03-24,0.07,,,21.2,1.62,0.14,1.48,1.1831,61.12,,,,,5.7,1.8654061393015953,0.0,-0.009999999999999995,,,0,0
2021-03-25,0.07,,,19.81,1.63,0.14,1.49,1.1777,58.47,,,,,5.7,1.8654061393015953,0.0,-0.009999999999999995,,,0,0
2021-03-26,0.07,,,18.86,1.67,0.14,1.53,1.1798,60.93,,,,,5.7,1.8654061393015953,0.0,0.0,,,0,0
2021-03-27,0.07,,,,,,,,,,,,,5.7,1.8654061393015953,0.0,0.0,,,0,0
2021-03-28,0.07,,,,,,,,,,,,,5.7,1.8654061393015953,0.0,0.0,,,0,0
2021-03-29,0.07,,,20.74,1.73,0.14,1.59,1.1779,61.49,,,,,5.7,1.8654061393015953,0.0,0.0,,,0,0
2021-03-30,0.07,,,19.61,1.73,0.16,1.57,1.1724,60.55,,,,,5.7,1.8654061393015953,0.0,0.0,,,0,0
2021-03-31,0.06,,,19.4,1.74,0.16,1.58,1.1743,59.19,,,,,5.7,1.8654061393015953,-0.010000000000000009,-0.010000000000000009,,,0,0
2021-04-01,0.07,6.1,266.625,17.33,1.69,0.17,1.52,1.1772,61.41,88.3,98.3317,144611.0,1495.0,5.7,2.5492601837713513,0.010000000000000009,0.0,,,0,0
2021-04-02,0.07,,,,1.72,0.19,1.53,1.1763,,,,,,5.7,2.5492601837713513,0.0,0.0,,,0,0
2021-04-03,0.07,,,,,,,,,,,,,5.7,2.5492601837713513,0.0,0.0,,,0,0
2021-04-04,0.07,,,,,,,,,,,,,5.7,2.5492601837713513,0.0,0.0,,,0,0
2021-04-05,0.07,,,17.91,1.73,0.17,1.56,1.181,58.73,,,,,5.7,2.5492601837713513,0.0,0.0,,,0,0
2021-04-06,0.07,,,18.12,1.67,0.16,1.51,1.1852,59.34,,,,,5.7,2.5492601837713513,0.0,0.0,,,0,0
2021-04-07,0.07,,,17.16,1.68,0.16,1.52,1.189,59.77,,,,,5.7,2.5492601837713513,0.0,0.0,,,0,0
2021-04-08,0.07,,,16.95,1.64,0.14,1.5,1.1904,59.61,,,,,5.7,2.5492601837713513,0.0,0.0,,,0,0
2021-04-09,0.07,,,16.69,1.67,0.16,1.51,1.1897,59.29,,,,,5.7,2.5492601837713513,0.0,0.0,,,0,0
2021-04-10,0.07,,,,,,,,,,,,,5.7,2.5492601837713513,0.0,0.0,,,0,0
2021-04-11,0.07,,,,,,,,,,,,,5.7,2.5492601837713513,0.0,0.0,,,0,0
2021-04-12,0.07,,,16.91,1.69,0.18,1.51,1.1907,59.7,,,,,5.7,2.5492601837713513,0.0,0.0,,,0,0
2021-04-13,0.07,,,16.65,1.64,0.16,1.48,1.1939,60.2,,,,,5.7,2.5492601837713513,0.0,0.0,,,0,0
2021-04-14,0.07,,,16.99,1.64,0.16,1.48,1.1974,63.15,,,,,5.7,2.5492601837713513,0.0,0.0,,,0,0
2021-04-15,0.07,,,16.57,1.56,0.16,1.4,1.1964,63.42,,,,,5.7,2.5492601837713513,0.0,0.0,,,0,0
2021-04-16,0.07,,,16.25,1.59,0.16,1.43,1.198,63.16,,,,,5.7,2.5492601837713513,0.0,0.0,,,0,0
2021-04-17,0.07,,,,,,,,,,,,,5.7,2.5492601837713513,0.0,0.0,,,0,0
2021-04-18,0.07,,,,,,,,,,,,,5.7,2.5492601837713513,0.0,0.0,,,0,0
2021-04-19,0.07,,,17.29,1.61,0.16,1.45,1.2028,63.33,,,,,5.7,2.5492601837713513,0.0,0.0,,,0,0
2021-04-20,0.07,,,18.68,1.58,0.15,1.43,1.2045,62.61,,,,,5.7,2.5492601837713513,0.0,0.0,,,0,0
2021-04-21,0.07,,,17.5,1.57,0.15,1.42,1.2033,61.34,,,,,5.7,2.5492601837713513,0.0,0.0,,,0,0
2021-04-22,0.07,,,18.71,1.57,0.16,1.41,1.2012,61.45,,,,,5.7,2.5492601837713513,0.0,0.0,,,0,0
2021-04-23,0.07,,,17.33,1.58,0.16,1.42,1.2069,62.18,,,,,5.7,2.422412501584592,0.0,0.0,,,0,0
2021-04-24,0.07,,,,,,,,,,,,,5.7,2.422412501584592,0.0,0.0,,,0,0
2021-04-25,0.07,,,,,,,,,,,,,5.7,2.422412501584592,0.0,0.0,,,0,0
2021-04-26,0.07,,,17.64,1.58,0.18,1.4,1.2083,62.02,,,,,5.7,2.422412501584592,0.0,0.0,,,0,0
2021-04-27,0.07,,,17.56,1.63,0.17,1.46,1.2079,63.03,,,,,5.7,2.422412501584592,0.0,0.0,,,0,0
2021-04-28,0.07,,,17.28,1.63,0.17,1.46,1.2098,63.81,,,,,5.7,2.422412501584592,0.0,0.0,,,0,0
2021-04-29,0.06,,,17.61,1.65,0.16,1.49,1.211,65.0,,,,,5.7,2.422412501584592,-0.010000000000000009,-0.010000000000000009,,,0,0
2021-04-30,0.05,,,18.61,1.65,0.16,1.49,1.203,63.5,,,,,5.7,2.422412501584592,-0.009999999999999995,-0.020000000000000004,,,0,0
2021-05-01,0.05,5.8,268.404,,,,,,,82.9,99.1867,145032.0,1589.0,5.7,3.1058048010325745,0.0,-0.020000000000000004,,,0,0
2021-05-02,0.05,,,,,,,,,,,,,5.7,3.1058048010325745,0.0,-0.020000000000000004,,,0,0
2021-05-03,0.06,,,18.31,1.63,0.16,1.47,1.2059,64.46,,,,,5.7,3.1058048010325745,0.009999999999999995,-0.010000000000000009,,,0,0
2021-05-04,0.06,,,19.48,1.61,0.16,1.45,1.2014,65.72,,,,,5.7,3.1058048010325745,0.0,-0.010000000000000009,,,0,0
2021-05-05,0.06,,,19.15,1.59,0.16,1.43,1.2003,65.63,,,,,5.7,3.1058048010325745,0.0,-0.010000000000000009,,,0,0
2021-05-06,0.06,,,18.39,1.58,0.16,1.42,1.2049,64.73,,,,,5.7,3.1058048010325745,0.0,-0.010000000000000009,,,0,0
2021-05-07,0.06,,,16.69,1.6,0.14,1.46,1.2165,64.96,,,,,5.7,3.1058048010325745,0.0,-0.010000000000000009,,,0,0
2021-05-08,0.06,,,,,,,,,,,,,5.7,3.1058048010325745,0.0,-0.010000000000000009,,,0,0
2021-05-09,0.06,,,,,,,,,,,,,5.7,3.1058048010325745,0.0,-0.010000000000000009,,,0,0
2021-05-10,0.06,,,19.66,1.63,0.16,1.47,1.217,64.92,,,,,5.7,3.1058048010325745,0.0,-0.010000000000000009,,,0,0
2021-05-11,0.06,,,21.84,1.64,0.16,1.48,1.2169,65.31,,,,,5.7,3.1058048010325745,0.0,-0.010000000000000009,,,0,0
2021-05-12,0.06,,,27.59,1.69,0.16,1.53,1.2074,65.96,,,,,5.7,3.1058048010325745,0.0,-0.010000000000000009,,,0,0
2021-05-13,0.06,,,23.13,1.66,0.16,1.5,1.207,63.82,,,,,5.7,3.1058048010325745,0.0,-0.010000000000000009,,,0,0
2021-05-14,0.06,,,18.81,1.63,0.16,1.47,1.2141,65.32,,,,,5.7,3.1058048010325745,0.0,-0.010000000000000009,,,0,0
2021-05-15,0.06,,,,,,,,,,,,,5.7,3.1058048010325745,0.0,-0.010000000000000009,,,0,0
2021-05-16,0.06,,,,,,,,,,,,,5.7,3.1058048010325745,0.0,-0.010000000000000009,,,0,0
2021-05-17,0.06,,,19.72,1.64,0.16,1.48,1.2155,66.24,,,,,5.7,3.1058048010325745,0.0,-0.010000000000000009,,,0,0
2021-05-18,0.06,,,21.34,1.64,0.16,1.48,1.2203,65.49,,,,,5.7,3.1058048010325745,0.0,-0.010000000000000009,,,0,0
2021-05-19,0.06,,,22.18,1.68,0.16,1.52,1.2216,63.28,,,,,5.7,3.1058048010325745,0.0,-0.010000000000000009,,,0,0
2021-05-20,0.06,,,20.67,1.63,0.15,1.48,1.2225,61.95,,,,,5.7,3.1058048010325745,0.0,-0.010000000000000009,,,0,0
2021-05-21,0.06,,,20.15,1.63,0.17,1.46,1.2178,63.61,,,,,5.7,3.1058048010325745,0.0,-0.010000000000000009,,,0,0
2021-05-22,0.06,,,,,,,,,,,,,5.7,3.1058048010325745,0.0,-0.010000000000000009,,,0,0
2021-05-23,0.06,,,,,,,,,,,,,5.7,3.1058048010325745,0.0,-0.010000000000000009,,,0,0
2021-05-24,0.06,,,18.4,1.61,0.15,1.46,1.221,66.13,,,,,5.7,2.87186051948749,0.0,-0.010000000000000009,,,0,0
2021-05-25,0.06,,,18.84,1.56,0.15,1.41,1.2233,66.27,,,,,5.7,2.87186051948749,0.0,-0.010000000000000009,,,0,0
2021-05-26,0.06,,,17.36,1.58,0.14,1.44,1.2204,66.41,,,,,5.7,2.87186051948749,0.0,-0.010000000000000009,,,0,0
2021-05-27,0.06,,,16.74,1.61,0.14,1.47,1.2194,66.87,,,,,5.7,2.87186051948749,0.0,-0.010000000000000009,,,0,0
2021-05-28,0.05,,,16.76,1.58,0.14,1.44,1.2194,66.31,,,,,5.7,2.87186051948749,-0.009999999999999995,-0.020000000000000004,,,0,0
2021-05-29,0.05,,,,,,,,,,,,,5.7,2.87186051948749,0.0,-0.020000000000000004,,,0,0
2021-05-30,0.05,,,,,,,,,,,,,5.7,2.87186051948749,0.0,-0.009999999999999995,,,0,0
2021-05-31,0.05,,,,,,,,,,,,,5.7,2.87186051948749,0.0,-0.020000000000000004,,,0,0
2021-06-01,0.06,5.9,270.71,17.9,1.62,0.16,1.46,1.2241,67.8,85.5,99.6483,145828.0,1650.0,17.0,3.755686805079117,0.009999999999999995,-0.010000000000000009,,,0,0
2021-06-01,0.06,5.9,270.71,17.9,1.62,0.16,1.46,1.2241,67.8,85.5,99.6483,145828.0,1650.0,10.0,3.755686805079117,0.0,-0.010000000000000009,0.0,,0,0
2021-06-01,0.06,5.9,270.71,17.9,1.62,0.16,1.46,1.2241,67.8,85.5,99.6483,145828.0,1650.0,12.0,3.755686805079117,0.0,-0.010000000000000009,0.0,,0,0
2021-06-01,0.06,5.9,270.71,17.9,1.62,0.16,1.46,1.2241,67.8,85.5,99.6483,145828.0,1650.0,16.1,3.755686805079117,0.0,-0.010000000000000009,0.0,,0,0
2021-06-01,0.06,5.9,270.71,17.9,1.62,0.16,1.46,1.2241,67.8,85.5,99.6483,145828.0,1650.0,-3.7,3.755686805079117,0.0,-0.010000000000000009,0.0,,0,0
2021-06-01,0.06,5.9,270.71,17.9,1.62,0.16,1.46,1.2241,67.8,85.5,99.6483,145828.0,1650.0,-14.6,3.755686805079117,0.0,-0.010000000000000009,0.0,,0,0
2021-06-01,0.06,5.9,270.71,17.9,1.62,0.16,1.46,1.2241,67.8,85.5,99.6483,145828.0,1650.0,6.1,3.755686805079117,0.0,-0.010000000000000009,0.0,,0,0
2021-06-01,0.06,5.9,270.71,17.9,1.62,0.16,1.46,1.2241,67.8,85.5,99.6483,145828.0,1650.0,15.4,3.755686805079117,0.0,-0.010000000000000009,0.0,,0,0
2021-06-01,0.06,5.9,270.71,17.9,1.62,0.16,1.46,1.2241,67.8,85.5,99.6483,145828.0,1650.0,13.8,3.755686805079117,0.0,-0.010000000000000009,0.0,,0,0
2021-06-01,0.06,5.9,270.71,17.9,1.62,0.16,1.46,1.2241,67.8,85.5,99.6483,145828.0,1650.0,0.6,3.755686805079117,0.0,-0.010000000000000009,0.0,,0,0
2021-06-01,0.06,5.9,270.71,17.9,1.62,0.16,1.46,1.2241,67.8,85.5,99.6483,145828.0,1650.0,-8.6,3.755686805079117,0.0,-0.010000000000000009,0.0,,0,0
2021-06-01,0.06,5.9,270.71,17.9,1.62,0.16,1.46,1.2241,67.8,85.5,99.6483,145828.0,1650.0,7.0,3.755686805079117,0.0,-0.010000000000000009,0.0,,0,0
2021-06-01,0.06,5.9,270.71,17.9,1.62,0.16,1.46,1.2241,67.8,85.5,99.6483,145828.0,1650.0,8.9,3.755686805079117,0.0,-0.010000000000000009,0.0,,0,0
2021-06-01,0.06,5.9,270.71,17.9,1.62,0.16,1.46,1.2241,67.8,85.5,99.6483,145828.0,1650.0,6.0,3.755686805079117,0.0,-0.010000000000000009,0.0,,0,0
2021-06-01,0.06,5.9,270.71,17.9,1.62,0.16,1.46,1.2241,67.8,85.5,99.6483,145828.0,1650.0,-2.0,3.755686805079117,0.0,-0.010000000000000009,0.0,,0,0
2021-06-01,0.06,5.9,270.71,17.9,1.62,0.16,1.46,1.2241,67.8,85.5,99.6483,145828.0,1650.0,25.5,3.755686805079117,0.0,-0.010000000000000009,0.0,,0,0
2021-06-01,0.06,5.9,270.71,17.9,1.62,0.16,1.46,1.2241,67.8,85.5,99.6483,145828.0,1650.0,13.2,3.755686805079117,0.0,-0.010000000000000009,0.0,,0,0
2021-06-01,0.06,5.9,270.71,17.9,1.62,0.16,1.46,1.2241,67.8,85.5,99.6483,145828.0,1650.0,9.0,3.755686805079117,0.0,-0.010000000000000009,0.0,,0,0
2021-06-01,0.06,5.9,270.71,17.9,1.62,0.16,1.46,1.2241,67.8,85.5,99.6483,145828.0,1650.0,4.1,3.755686805079117,0.0,-0.010000000000000009,0.0,,0,0
2021-06-01,0.06,5.9,270.71,17.9,1.62,0.16,1.46,1.2241,67.8,85.5,99.6483,145828.0,1650.0,-4.4,3.755686805079117,0.0,-0.010000000000000009,0.0,17.9,0,0
2021-06-01,0.06,5.9,270.71,17.9,1.62,0.16,1.46,1.2241,67.8,85.5,99.6483,145828.0,1650.0,14.0,3.755686805079117,0.0,-0.010000000000000009,0.0,17.9,0,0
2021-06-01,0.06,5.9,270.71,17.9,1.62,0.16,1.46,1.2241,67.8,85.5,99.6483,145828.0,1650.0,-5.1,3.755686805079117,0.0,-0.010000000000000009,0.0,17.9,0,0
2021-06-01,0.06,5.9,270.71,17.9,1.62,0.16,1.46,1.2241,67.8,85.5,99.6483,145828.0,1650.0,-4.6,3.306683966494295,0.0,-0.010000000000000009,0.0,17.9,0,0
2021-06-01,0.06,5.9,270.71,17.9,1.62,0.16,1.46,1.2241,67.8,85.5,99.6483,145828.0,1650.0,14.7,3.306683966494295,0.0,-0.010000000000000009,0.0,17.9,0,0
2021-06-01,0.06,5.9,270.71,17.9,1.62,0.16,1.46,1.2241,67.8,85.5,99.6483,145828.0,1650.0,1.8,3.306683966494295,0.0,-0.010000000000000009,0.0,17.9,0,0
2021-06-02,0.06,,,17.48,1.59,0.13,1.46,1.2213,68.79,,,,,1.8,3.306683966494295,0.0,-0.010000000000000009,,17.878999999999998,0,0
2021-06-03,0.06,,,18.04,1.63,0.16,1.47,1.2122,68.81,,,,,1.8,3.306683966494295,0.0,-0.010000000000000009,,17.886,0,0
2021-06-04,0.06,,,16.42,1.56,0.14,1.42,1.2173,69.57,,,,,1.8,3.306683966494295,0.0,0.0,,17.812,0,0
2021-06-05,0.06,,,,,,,,,,,,,1.8,3.306683966494295,0.0,0.009999999999999995,,,0,0
2021-06-06,0.06,,,,,,,,,,,,,1.8,3.306683966494295,0.0,0.009999999999999995,,,0,0
2021-06-07,0.06,,,16.42,1.57,0.16,1.41,1.22,69.21,,,,,1.8,3.306683966494295,0.0,0.009999999999999995,,,0,0
2021-06-08,0.06,,,17.07,1.53,0.14,1.39,1.218,70.11,,,,,1.8,3.306683966494295,0.0,0.0,,,0,0
2021-06-09,0.06,,,17.89,1.5,0.16,1.34,1.2184,69.9,,,,,1.8,3.306683966494295,0.0,0.0,,,0,0
2021-06-10,0.06,,,16.1,1.45,0.14,1.31,1.2173,70.34,,,,,1.8,3.306683966494295,0.0,0.0,,,0,0
2021-06-11,0.06,,,15.65,1.47,0.16,1.31,1.2101,71.0,,,,,1.8,3.306683966494295,0.0,0.0,,,0,0
2021-06-12,0.06,,,,,,,,,,,,,1.8,3.306683966494295,0.0,0.0,,,0,0
2021-06-13,0.06,,,,,,,,,,,,,1.8,3.306683966494295,0.0,0.0,,,0,0
2021-06-14,0.06,,,16.39,1.51,0.16,1.35,1.2126,70.94,,,,,1.8,3.306683966494295,0.0,0.0,,,0,0
2021-06-15,0.06,,,17.02,1.51,0.16,1.35,1.212,72.06,,,,,1.8,3.306683966494295,0.0,0.0,,,0,0
2021-06-16,0.06,,,18.15,1.57,0.21,1.36,1.2119,72.03,,,,,1.8,3.306683966494295,0.0,0.0,,,0,0
2021-06-17,0.1,,,17.75,1.52,0.23,1.29,1.1911,71.06,,,,,1.8,3.306683966494295,0.04000000000000001,0.04000000000000001,,,0,0
2021-06-18,0.1,,,20.7,1.45,0.26,1.19,1.1872,71.64,,,,,1.8,3.306683966494295,0.0,0.04000000000000001,,,0,0
2021-06-19,0.1,,,,,,,,,,,,,1.8,3.306683966494295,0.0,0.04000000000000001,,,0,0
2021-06-20,0.1,,,,,,,,,,,,,1.8,3.306683966494295,0.0,0.04000000000000001,,,0,0
2021-06-21,0.1,,,17.89,1.5,0.27,1.23,1.1909,73.64,,,,,1.8,3.306683966494295,0.0,0.04000000000000001,,,0,0
2021-06-22,0.1,,,16.66,1.48,0.25,1.23,1.191,73.15,,,,,1.8,3.306683966494295,0.0,0.04000000000000001,,,0,0
2021-06-23,0.1,,,16.32,1.5,0.26,1.24,1.195,73.11,,,,,1.8,3.306683966494295,0.0,0.04000000000000001,,,0,0
2021-06-24,0.1,,,15.97,1.49,0.26,1.23,1.1927,73.31,,,,,1.8,3.306683966494295,0.0,0.04000000000000001,,,0,0
2021-06-25,0.1,,,15.62,1.54,0.28,1.26,1.194,74.21,,,,,1.8,3.306683966494295,0.0,0.04000000000000001,,,0,0
2021-06-26,0.1,,,,,,,,,,,,,1.8,3.306683966494295,0.0,0.04000000000000001,,,0,0
2021-06-27,0.1,,,,,,,,,,,,,1.8,3.306683966494295,0.0,0.04000000000000001,,,0,0
2021-06-28,0.1,,,15.76,1.49,0.25,1.24,1.1938,72.98,,,,,1.8,3.306683966494295,0.0,0.04000000000000001,,,0,0
2021-06-29,0.1,,,16.02,1.49,0.27,1.22,1.1905,73.14,,,,,1.8,3.306683966494295,0.0,0.04000000000000001,,,0,0
2021-06-30,0.08,,,15.83,1.45,0.25,1.2,1.1848,73.52,,,,,1.8,3.306683966494295,-0.020000000000000004,0.020000000000000004,,,0,0
2021-07-01,0.1,5.4,271.965,15.48,1.48,0.25,1.23,1.1857,75.33,81.2,100.0668,146759.0,1597.0,1.8,3.7856093419069037,0.020000000000000004,0.04000000000000001,,,0,0
2021-07-02,0.1,,,15.07,1.44,0.24,1.2,1.1848,75.37,,,,,1.8,3.7856093419069037,0.0,0.04000000000000001,,,0,0
2021-07-03,0.1,,,,,,,,,,,,,1.8,3.7856093419069037,0.0,0.05,,,0,0
2021-07-04,0.1,,,,,,,,,,,,,1.8,3.7856093419069037,0.0,0.05,,,0,0
2021-07-05,0.1,,,,,,,,,,,,,1.8,3.7856093419069037,0.0,0.05,,,0,0
2021-07-06,0.1,,,16.44,1.37,0.22,1.15,1.1816,73.62,,,,,1.8,3.7856093419069037,0.0,0.05,,,0,0
2021-07-07,0.1,,,16.2,1.33,0.22,1.11,1.1803,72.22,,,,,1.8,3.7856093419069037,0.0,0.04000000000000001,,,0,0
2021-07-08,0.1,,,19.0,1.3,0.19,1.11,1.184,72.98,,,,,1.8,3.7856093419069037,0.0,0.04000000000000001,,,0,0
2021-07-09,0.1,,,16.18,1.37,0.23,1.14,1.1861,74.56,,,,,1.8,3.7856093419069037,0.0,0.04000000000000001,,,0,0
2021-07-10,0.1,,,,,,,,,,,,,1.8,3.7856093419069037,0.0,0.04000000000000001,,,0,0
2021-07-11,0.1,,,,,,,,,,,,,1.8,3.7856093419069037,0.0,0.04000000000000001,,,0,0
2021-07-12,0.1,,,16.17,1.38,0.23,1.15,1.1858,74.21,,,,,1.8,3.7856093419069037,0.0,0.04000000000000001,,,0,0
2021-07-13,0.1,,,17.12,1.42,0.26,1.16,1.1813,75.24,,,,,1.8,3.7856093419069037,0.0,0.04000000000000001,,,0,0
2021-07-14,0.1,,,16.33,1.37,0.23,1.14,1.1826,73.06,,,,,1.8,3.7856093419069037,0.0,0.04000000000000001,,,0,0
2021-07-15,0.1,,,17.01,1.31,0.23,1.08,1.1806,71.67,,,,,1.8,3.7856093419069037,0.0,0.04000000000000001,,,0,0
2021-07-16,0.1,,,18.45,1.31,0.25,1.06,1.181,71.76,,,,,1.8,3.7856093419069037,0.0,0.04000000000000001,,,0,0
2021-07-17,0.1,,,,,,,,,,,,,1.8,3.7856093419069037,0.0,0.04000000000000001,,,0,0
2021-07-18,0.1,,,,,,,,,,,,,1.8,3.7856093419069037,0.0,0.04000000000000001,,,0,0
2021-07-19,0.1,,,22.5,1.19,0.21,0.98,1.1804,66.45,,,,,1.8,3.7856093419069037,0.0,0.04000000000000001,,,0,0
2021-07-20,0.1,,,19.73,1.23,0.2,1.03,1.1776,67.32,,,,,1.8,3.7856093419069037,0.0,0.04000000000000001,,,0,0
2021-07-21,0.1,,,17.91,1.3,0.22,1.08,1.1799,70.26,,,,,1.8,3.7856093419069037,0.0,0.04000000000000001,,,0,0
2021-07-22,0.1,,,17.69,1.27,0.2,1.07,1.1771,72.15,,,,,1.8,3.7856093419069037,0.0,0.04000000000000001,,,0,0
2021-07-23,0.1,,,17.2,1.3,0.22,1.08,1.1761,72.24,,,,,1.8,3.7856093419069037,0.0,0.04000000000000001,,,0,0
2021-07-24,0.1,,,,,,,,,,,,,1.8,3.550881628394853,0.0,0.04000000000000001,,,0,0
2021-07-25,0.1,,,,,,,,,,,,,1.8,3.550881628394853,0.0,0.04000000000000001,,,0,0
2021-07-26,0.1,,,17.58,1.29,0.22,1.07,1.181,72.15,,,,,1.8,3.550881628394853,0.0,0.04000000000000001,,,0,0
2021-07-27,0.1,,,19.36,1.25,0.2,1.05,1.1831,71.68,,,,,1.8,3.550881628394853,0.0,0.04000000000000001,,,0,0
2021-07-28,0.1,,,18.31,1.26,0.2,1.06,1.1809,72.37,,,,,1.8,3.550881628394853,0.0,0.04000000000000001,,,0,0
2021-07-29,0.1,,,17.7,1.28,0.2,1.08,1.1886,73.62,,,,,1.8,3.550881628394853,0.0,0.04000000000000001,,,0,0
2021-07-30,0.07,,,18.24,1.24,0.19,1.05,1.1864,73.93,,,,,1.8,3.550881628394853,-0.03,0.010000000000000009,,,0,0
2021-07-31,0.07,,,,,,,,,,,,,1.8,3.550881628394853,0.0,0.010000000000000009,,,0,0
2021-08-01,0.07,5.1,272.752,,,,,,,70.3,100.0412,147246.0,1594.0,1.8,3.8505324799439578,0.0,0.010000000000000009,,,0,0
2021-08-02,0.1,,,19.46,1.2,0.17,1.03,1.1873,71.31,,,,,1.8,3.8505324799439578,0.03,0.04000000000000001,,,0,0
2021-08-03,0.1,,,18.04,1.19,0.17,1.02,1.1859,70.64,,,,,1.8,3.8505324799439578,0.0,0.04000000000000001,,,0,0
2021-08-04,0.1,,,17.97,1.19,0.17,1.02,1.1841,68.19,,,,,1.8,3.8505324799439578,0.0,0.04000000000000001,,,0,0
2021-08-05,0.1,,,17.28,1.23,0.21,1.02,1.1838,69.1,,,,,1.8,3.8505324799439578,0.0,0.04000000000000001,,,0,0
2021-08-06,0.1,,,16.15,1.31,0.21,1.1,1.1761,68.26,,,,,1.8,3.8505324799439578,0.0,0.04000000000000001,,,0,0
2021-08-07,0.1,,,,,,,,,,,,,1.8,3.8505324799439578,0.0,0.04000000000000001,,,0,0
2021-08-08,0.1,,,,,,,,,,,,,1.8,3.8505324799439578,0.0,0.04000000000000001,,,0,0
2021-08-09,0.1,,,16.72,1.33,0.23,1.1,1.1749,66.56,,,,,1.8,3.8505324799439578,0.0,0.04000000000000001,,,0,0
2021-08-10,0.1,,,16.79,1.36,0.24,1.12,1.1722,68.33,,,,,1.8,3.8505324799439578,0.0,0.04000000000000001,,,0,0
2021-08-11,0.1,,,16.06,1.35,0.23,1.12,1.1737,69.3,,,,,1.8,3.8505324799439578,0.0,0.04000000000000001,,,0,0
2021-08-12,0.1,,,15.59,1.36,0.23,1.13,1.1736,69.12,,,,,1.8,3.8505324799439578,0.0,0.04000000000000001,,,0,0
2021-08-13,0.1,,,15.45,1.29,0.23,1.06,1.1796,68.36,,,,,1.8,3.8505324799439578,0.0,0.04000000000000001,,,0,0
2021-08-14,0.1,,,,,,,,,,,,,1.8,3.8505324799439578,0.0,0.04000000000000001,,,0,0
2021-08-15,0.1,,,,,,,,,,,,,1.8,3.8505324799439578,0.0,0.04000000000000001,,,0,0
2021-08-16,0.1,,,16.12,1.26,0.21,1.05,1.1776,67.44,,,,,1.8,3.8505324799439578,0.0,0.0,,,0,0
2021-08-17,0.1,,,17.91,1.26,0.23,1.03,1.1714,66.5,,,,,1.8,3.8505324799439578,0.0,0.0,,,0,0
2021-08-18,0.09,,,21.57,1.27,0.23,1.04,1.1702,65.36,,,,,1.8,3.8505324799439578,-0.010000000000000009,-0.010000000000000009,,,0,0
2021-08-19,0.09,,,21.67,1.24,0.22,1.02,1.1693,63.69,,,,,1.8,3.8505324799439578,0.0,-0.010000000000000009,,,0,0
2021-08-20,0.09,,,18.56,1.26,0.23,1.03,1.169,62.25,,,,,1.8,3.8505324799439578,0.0,-0.010000000000000009,,,0,0
2021-08-21,0.09,,,,,,,,,,,,,1.8,3.8505324799439578,0.0,-0.010000000000000009,,,0,0
2021-08-22,0.09,,,,,,,,,,,,,1.8,3.8505324799439578,0.0,-0.010000000000000009,,,0,0
2021-08-23,0.09,,,17.15,1.25,0.23,1.02,1.1732,65.65,,,,,1.8,3.8505324799439578,0.0,-0.010000000000000009,,,0,0
2021-08-24,0.09,,,17.22,1.29,0.24,1.05,1.1746,67.5,,,,,1.8,3.4825266624426643,0.0,-0.010000000000000009,,,0,0
2021-08-25,0.09,,,16.79,1.35,0.23,1.12,1.1758,68.54,,,,,1.8,3.4825266624426643,0.0,-0.010000000000000009,,,0,0
2021-08-26,0.09,,,18.84,1.34,0.25,1.09,1.1761,67.42,,,,,1.8,3.4825266624426643,0.0,-0.010000000000000009,,,0,0
2021-08-27,0.08,,,16.39,1.31,0.22,1.09,1.1794,68.84,,,,,1.8,3.4825266624426643,-0.009999999999999995,-0.020000000000000004,,,0,0
2021-08-28,0.08,,,,,,,,,,,,,1.8,3.4825266624426643,0.0,-0.020000000000000004,,,0,0
2021-08-29,0.08,,,,,,,,,,,,,1.8,3.4825266624426643,0.0,0.0,,,0,0
2021-08-30,0.08,,,16.19,1.29,0.2,1.09,1.1795,69.28,,,,,1.8,3.4825266624426643,0.0,-0.020000000000000004,,,0,0
2021-08-31,0.06,,,16.48,1.3,0.2,1.1,1.18,68.43,,,,,1.8,3.4825266624426643,-0.020000000000000004,-0.04000000000000001,,,0,0
2021-09-01,0.08,4.7,273.942,16.11,1.31,0.2,1.11,1.185,68.63,72.8,98.9955,147712.0,1577.0,-7.4,3.9340144855505077,0.020000000000000004,-0.020000000000000004,,,0,0
2021-09-01,0.08,4.7,273.942,16.11,1.31,0.2,1.11,1.185,68.63,72.8,98.9955,147712.0,1577.0,-1.3,3.9340144855505077,0.0,-0.020000000000000004,0.0,,0,0
2021-09-01,0.08,4.7,273.942,16.11,1.31,0.2,1.11,1.185,68.63,72.8,98.9955,147712.0,1577.0,-0.3,3.9340144855505077,0.0,-0.020000000000000004,0.0,,0,0
2021-09-01,0.08,4.7,273.942,16.11,1.31,0.2,1.11,1.185,68.63,72.8,98.9955,147712.0,1577.0,-3.7,3.9340144855505077,0.0,-0.020000000000000004,0.0,,0,0
2021-09-01,0.08,4.7,273.942,16.11,1.31,0.2,1.11,1.185,68.63,72.8,98.9955,147712.0,1577.0,9.8,3.9340144855505077,0.0,-0.020000000000000004,0.0,,0,0
2021-09-01,0.08,4.7,273.942,16.11,1.31,0.2,1.11,1.185,68.63,72.8,98.9955,147712.0,1577.0,3.4,3.9340144855505077,0.0,-0.020000000000000004,0.0,,0,0
2021-09-01,0.08,4.7,273.942,16.11,1.31,0.2,1.11,1.185,68.63,72.8,98.9955,147712.0,1577.0,-1.5,3.9340144855505077,0.0,-0.020000000000000004,0.0,,0,0
2021-09-01,0.08,4.7,273.942,16.11,1.31,0.2,1.11,1.185,68.63,72.8,98.9955,147712.0,1577.0,0.8,3.9340144855505077,0.0,-0.020000000000000004,0.0,,0,0
2021-09-01,0.08,4.7,273.942,16.11,1.31,0.2,1.11,1.185,68.63,72.8,98.9955,147712.0,1577.0,-0.8,3.9340144855505077,0.0,-0.020000000000000004,0.0,,0,0
2021-09-01,0.08,4.7,273.942,16.11,1.31,0.2,1.11,1.185,68.63,72.8,98.9955,147712.0,1577.0,3.3,3.9340144855505077,0.0,-0.020000000000000004,0.0,,0,0
2021-09-01,0.08,4.7,273.942,16.11,1.31,0.2,1.11,1.185,68.63,72.8,98.9955,147712.0,1577.0,-4.0,3.9340144855505077,0.0,-0.020000000000000004,0.0,,0,0
2021-09-01,0.08,4.7,273.942,16.11,1.31,0.2,1.11,1.185,68.63,72.8,98.9955,147712.0,1577.0,-2.9,3.9340144855505077,0.0,-0.020000000000000004,0.0,,0,0
2021-09-01,0.08,4.7,273.942,16.11,1.31,0.2,1.11,1.185,68.63,72.8,98.9955,147712.0,1577.0,-11.5,3.9340144855505077,0.0,-0.020000000000000004,0.0,,0,0
2021-09-01,0.08,4.7,273.942,16.11,1.31,0.2,1.11,1.185,68.63,72.8,98.9955,147712.0,1577.0,10.3,3.9340144855505077,0.0,-0.020000000000000004,0.0,,0,0
2021-09-01,0.08,4.7,273.942,16.11,1.31,0.2,1.11,1.185,68.63,72.8,98.9955,147712.0,1577.0,-0.1,3.9340144855505077,0.0,-0.020000000000000004,0.0,,0,0
2021-09-01,0.08,4.7,273.942,16.11,1.31,0.2,1.11,1.185,68.63,72.8,98.9955,147712.0,1577.0,47.3,3.9340144855505077,0.0,-0.020000000000000004,0.0,,0,0
2021-09-01,0.08,4.7,273.942,16.11,1.31,0.2,1.11,1.185,68.63,72.8,98.9955,147712.0,1577.0,-0.3,3.9340144855505077,0.0,-0.020000000000000004,0.0,,0,0
2021-09-01,0.08,4.7,273.942,16.11,1.31,0.2,1.11,1.185,68.63,72.8,98.9955,147712.0,1577.0,-8.9,3.9340144855505077,0.0,-0.020000000000000004,0.0,16.1325,0,0
2021-09-01,0.08,4.7,273.942,16.11,1.31,0.2,1.11,1.185,68.63,72.8,98.9955,147712.0,1577.0,-4.1,3.9340144855505077,0.0,-0.020000000000000004,0.0,16.1285,0,0
2021-09-01,0.08,4.7,273.942,16.11,1.31,0.2,1.11,1.185,68.63,72.8,98.9955,147712.0,1577.0,15.4,3.9340144855505077,0.0,-0.020000000000000004,0.0,16.11,0,0
2021-09-01,0.08,4.7,273.942,16.11,1.31,0.2,1.11,1.185,68.63,72.8,98.9955,147712.0,1577.0,8.0,3.4340581543306214,0.0,-0.020000000000000004,0.0,16.11,0,0
2021-09-01,0.08,4.7,273.942,16.11,1.31,0.2,1.11,1.185,68.63,72.8,98.9955,147712.0,1577.0,-11.3,3.4340581543306214,0.0,-0.020000000000000004,0.0,16.11,0,0
2021-09-01,0.08,4.7,273.942,16.11,1.31,0.2,1.11,1.185,68.63,72.8,98.9955,147712.0,1577.0,10.1,3.4340581543306214,0.0,-0.020000000000000004,0.0,16.11,0,0
2021-09-01,0.08,4.7,273.942,16.11,1.31,0.2,1.11,1.185,68.63,72.8,98.9955,147712.0,1577.0,-23.7,3.4340581543306214,0.0,-0.020000000000000004,0.0,16.11,0,0
2021-09-01,0.08,4.7,273.942,16.11,1.31,0.2,1.11,1.185,68.63,72.8,98.9955,147712.0,1577.0,6.6,3.4340581543306214,0.0,-0.020000000000000004,0.0,16.11,0,0
2021-09-02,0.08,,,16.41,1.29,0.2,1.09,1.1858,70.07,,,,,6.6,3.4340581543306214,0.0,-0.020000000000000004,,16.125,0,0
2021-09-03,0.08,,,16.41,1.33,0.21,1.12,1.1884,69.34,,,,,6.6,3.4340581543306214,0.0,-0.020000000000000004,,16.14,0,0
2021-09-04,0.08,,,,,,,,,,,,,6.6,3.4340581543306214,0.0,0.009999999999999995,,,0,0
2021-09-05,0.08,,,,,,,,,,,,,6.6,3.4340581543306214,0.0,0.009999999999999995,,,0,0
2021-09-06,0.08,,,,,,,,,,,,,6.6,3.4340581543306214,0.0,0.009999999999999995,,,0,0
2021-09-07,0.08,,,18.14,1.38,0.22,1.16,1.1849,68.49,,,,,6.6,3.4340581543306214,0.0,-0.020000000000000004,,,0,0
2021-09-08,0.08,,,17.96,1.35,0.22,1.13,1.1818,69.36,,,,,6.6,3.4340581543306214,0.0,-0.020000000000000004,,,0,0
2021-09-09,0.08,,,18.8,1.3,0.23,1.07,1.1827,68.26,,,,,6.6,3.4340581543306214,0.0,-0.020000000000000004,,,0,0
2021-09-10,0.08,,,20.95,1.35,0.23,1.12,1.1821,69.82,,,,,6.6,3.4340581543306214,0.0,-0.020000000000000004,,,0,0
2021-09-11,0.08,,,,,,,,,,,,,6.6,3.4340581543306214,0.0,-0.020000000000000004,,,0,0
2021-09-12,0.08,,,,,,,,,,,,,6.6,3.4340581543306214,0.0,-0.020000000000000004,,,0,0
2021-09-13,0.08,,,19.37,1.33,0.21,1.12,1.1809,70.54,,,,,6.6,3.4340581543306214,0.0,-0.020000000000000004,,,0,0
2021-09-14,0.08,,,19.46,1.28,0.21,1.07,1.1824,70.53,,,,,6.6,3.4340581543306214,0.0,-0.020000000000000004,,,0,0
2021-09-15,0.08,,,18.18,1.31,0.21,1.1,1.1811,72.59,,,,,6.6,3.4340581543306214,0.0,-0.020000000000000004,,,0,0
2021-09-16,0.08,,,18.69,1.34,0.23,1.11,1.1764,72.69,,,,,6.6,3.4340581543306214,0.0,-0.020000000000000004,,,0,0
2021-09-17,0.08,,,20.81,1.37,0.23,1.14,1.1734,72.09,,,,,6.6,3.4340581543306214,0.0,-0.020000000000000004,,,0,0
2021-09-18,0.08,,,,,,,,,,,,,6.6,3.4340581543306214,0.0,-0.020000000000000004,,,0,0
2021-09-19,0.08,,,,,,,,,,,,,6.6,3.4340581543306214,0.0,-0.020000000000000004,,,0,0
2021-09-20,0.08,,,25.71,1.31,0.23,1.08,1.1729,70.41,,,,,6.6,3.4340581543306214,0.0,-0.020000000000000004,,,0,0
2021-09-21,0.08,,,24.36,1.33,0.22,1.11,1.1724,70.51,,,,,6.6,3.4340581543306214,0.0,-0.020000000000000004,,,0,0
2021-09-22,0.08,,,20.87,1.32,0.25,1.07,1.1739,72.37,,,,,6.6,3.4340581543306214,0.0,-0.020000000000000004,,,0,0
2021-09-23,0.08,,,18.63,1.41,0.27,1.14,1.1735,73.43,,,,,6.6,3.4340581543306214,0.0,-0.009999999999999995,,,0,0
2021-09-24,0.08,,,17.75,1.47,0.29,1.18,1.1715,74.18,,,,,6.6,3.4340581543306214,0.0,-0.009999999999999995,,,0,0
2021-09-25,0.08,,,,,,,,,,,,,6.6,3.4340581543306214,0.0,-0.009999999999999995,,,0,0
2021-09-26,0.08,,,,,,,,,,,,,6.6,3.4340581543306214,0.0,-0.009999999999999995,,,0,0
2021-09-27,0.08,,,18.76,1.48,0.31,1.17,1.1702,75.54,,,,,6.6,3.4340581543306214,0.0,-0.009999999999999995,,,0,0
2021-09-28,0.08,,,23.25,1.54,0.31,1.23,1.1681,75.44,,,,,6.6,3.4340581543306214,0.0,-0.009999999999999995,,,0,0
2021-09-29,0.08,,,22.56,1.55,0.3,1.25,1.1612,75.06,,,,,6.6,3.4340581543306214,0.0,-0.009999999999999995,,,0,0
2021-09-30,0.06,,,23.14,1.52,0.28,1.24,1.1577,75.22,,,,,6.6,3.4340581543306214,-0.020000000000000004,-0.03,,,0,0
2021-10-01,0.08,4.5,276.528,21.15,1.48,0.27,1.21,1.1598,76.01,71.7,100.3542,148569.0,1579.0,6.6,4.410470951152945,0.020000000000000004,-0.009999999999999995,,,0,0
2021-10-02,0.08,,,,,,,,,,,,,6.6,4.410470951152945,0.0,0.0,,,0,0
2021-10-03,0.08,,,,,,,,,,,,,6.6,4.410470951152945,0.0,0.0,,,0,0
2021-10-04,0.08,,,22.96,1.49,0.27,1.22,1.1622,77.68,,,,,6.6,4.410470951152945,0.0,0.0,,,0,0
2021-10-05,0.08,,,21.3,1.54,0.28,1.26,1.1609,79.17,,,,,6.6,4.410470951152945,0.0,0.0,,,0,0
2021-10-06,0.08,,,21.0,1.53,0.3,1.23,1.1546,77.66,,,,,6.6,4.410470951152945,0.0,0.020000000000000004,,,0,0
2021-10-07,0.08,,,19.54,1.58,0.32,1.26,1.1561,78.46,,,,,6.6,4.410470951152945,0.0,0.0,,,0,0
2021-10-08,0.08,,,18.77,1.61,0.32,1.29,1.1572,79.55,,,,,6.6,4.410470951152945,0.0,0.0,,,0,0
2021-10-09,0.08,,,,,,,,,,,,,6.6,4.410470951152945,0.0,0.0,,,0,0
2021-10-10,0.08,,,,,,,,,,,,,6.6,4.410470951152945,0.0,0.0,,,0,0
2021-10-11,0.08,,,20.0,,,,,80.64,,,,,6.6,4.410470951152945,0.0,0.0,,,0,0
2021-10-12,0.08,,,19.85,1.59,0.35,1.24,1.1541,80.75,,,,,6.6,4.410470951152945,0.0,0.0,,,0,0
2021-10-13,0.08,,,18.64,1.56,0.37,1.19,1.1568,80.67,,,,,6.6,4.410470951152945,0.0,0.0,,,0,0
2021-10-14,0.08,,,16.86,1.52,0.36,1.16,1.1591,81.43,,,,,6.6,4.410470951152945,0.0,0.0,,,0,0
2021-10-15,0.08,,,16.3,1.59,0.41,1.18,1.1594,82.39,,,,,6.6,4.410470951152945,0.0,0.0,,,0,0
2021-10-16,0.08,,,,,,,,,,,,,6.6,4.410470951152945,0.0,0.0,,,0,0
2021-10-17,0.08,,,,,,,,,,,,,6.6,4.410470951152945,0.0,0.0,,,0,0
2021-10-18,0.08,,,16.31,1.59,0.44,1.15,1.1609,82.62,,,,,6.6,4.410470951152945,0.0,0.0,,,0,0
2021-10-19,0.08,,,15.7,1.65,0.41,1.24,1.1632,83.19,,,,,6.6,4.410470951152945,0.0,0.0,,,0,0
2021-10-20,0.08,,,15.49,1.65,0.4,1.25,1.1643,84.4,,,,,6.6,4.410470951152945,0.0,0.0,,,0,0
2021-10-21,0.08,,,15.01,1.68,0.45,1.23,1.1643,82.64,,,,,6.6,4.410470951152945,0.0,0.0,,,0,0
2021-10-22,0.08,,,15.43,1.66,0.48,1.18,1.1632,84.53,,,,,6.6,3.7142053445851086,0.0,0.0,,,0,0
2021-10-23,0.08,,,,,,,,,,,,,6.6,3.7142053445851086,0.0,0.0,,,0,0
2021-10-24,0.08,,,,,,,,,,,,,6.6,3.7142053445851086,0.0,0.0,,,0,0
2021-10-25,0.08,,,15.24,1.64,0.47,1.17,1.1609,84.64,,,,,6.6,3.7142053445851086,0.0,0.0,,,0,0
2021-10-26,0.08,,,15.98,1.63,0.47,1.16,1.159,85.64,,,,,6.6,3.7142053445851086,0.0,0.0,,,0,0
2021-10-27,0.08,,,16.98,1.54,0.5,1.04,1.16,82.66,,,,,6.6,3.7142053445851086,0.0,0.0,,,0,0
2021-10-28,0.08,,,16.53,1.57,0.5,1.07,1.1685,82.78,,,,,6.6,3.7142053445851086,0.0,0.0,,,0,0
2021-10-29,0.07,,,16.26,1.55,0.48,1.07,1.1552,83.5,,,,,6.6,3.7142053445851086,-0.009999999999999995,-0.009999999999999995,,,0,0
2021-10-30,0.07,,,,,,,,,,,,,6.6,3.7142053445851086,0.0,-0.009999999999999995,,,0,0
2021-10-31,0.07,,,,,,,,,,,,,6.6,3.7142053445851086,0.0,-0.009999999999999995,,,0,0
2021-11-01,0.08,4.2,278.824,16.41,1.58,0.5,1.08,1.1591,84.08,67.4,101.2684,149206.0,1705.0,6.6,4.575339896858899,0.009999999999999995,0.0,,,0,0
2021-11-02,0.08,,,16.03,1.56,0.46,1.1,1.1581,83.91,,,,,6.6,4.575339896858899,0.0,0.0,,,0,0
2021-11-03,0.08,,,15.1,1.6,0.47,1.13,1.1584,80.82,,,,,6.6,4.575339896858899,0.0,0.0,,,0,0
2021-11-04,0.08,,,15.44,1.53,0.41,1.12,1.1546,78.88,,,,,6.6,4.575339896858899,0.0,0.0,,,0,0
2021-11-05,0.08,,,16.48,1.45,0.39,1.06,1.1554,81.25,,,,,6.6,4.575339896858899,0.0,0.0,,,0,0
2021-11-06,0.08,,,,,,,,,,,,,6.6,4.575339896858899,0.0,0.0,,,0,0
2021-11-07,0.08,,,,,,,,,,,,,6.6,4.575339896858899,0.0,0.0,,,0,0
2021-11-08,0.08,,,17.22,1.51,0.45,1.06,1.159,81.96,,,,,6.6,4.575339896858899,0.0,0.0,,,0,0
2021-11-09,0.08,,,17.78,1.46,0.41,1.05,1.1589,84.12,,,,,6.6,4.575339896858899,0.0,0.0,,,0,0
2021-11-10,0.08,,,18.73,1.56,0.51,1.05,1.1517,81.23,,,,,6.6,4.575339896858899,0.0,0.0,,,0,0
2021-11-11,0.08,,,17.66,,,,,81.47,,,,,6.6,4.575339896858899,0.0,0.0,,,0,0
2021-11-12,0.08,,,16.29,1.58,0.53,1.05,1.1443,80.87,,,,,6.6,4.575339896858899,0.0,0.0,,,0,0
2021-11-13,0.08,,,,,,,,,,,,,6.6,4.575339896858899,0.0,0.0,,,0,0
2021-11-14,0.08,,,,,,,,,,,,,6.6,4.575339896858899,0.0,0.0,,,0,0
2021-11-15,0.08,,,16.49,1.63,0.53,1.1,1.1421,80.85,,,,,6.6,4.575339896858899,0.0,0.0,,,0,0
2021-11-16,0.08,,,16.37,1.63,0.54,1.09,1.1333,80.76,,,,,6.6,4.575339896858899,0.0,0.0,,,0,0
2021-11-17,0.08,,,17.11,1.6,0.52,1.08,1.1322,78.32,,,,,6.6,4.575339896858899,0.0,0.0,,,0,0
2021-11-18,0.08,,,17.59,1.59,0.52,1.07,1.1358,78.92,,,,,6.6,4.575339896858899,0.0,0.0,,,0,0
2021-11-19,0.08,,,17.91,1.54,0.52,1.02,1.1318,76.11,,,,,6.6,4.575339896858899,0.0,0.0,,,0,0
2021-11-20,0.08,,,,,,,,,,,,,6.6,4.575339896858899,0.0,0.0,,,0,0
2021-11-21,0.08,,,,,,,,,,,,,6.6,3.8822074186673827,0.0,0.0,,,0,0
2021-11-22,0.08,,,19.17,1.63,0.63,1.0,1.126,76.74,,,,,6.6,3.8822074186673827,0.0,0.0,,,0,0
2021-11-23,0.08,,,19.38,1.67,0.6,1.07,1.1265,78.32,,,,,6.6,3.8822074186673827,0.0,0.0,,,0,0
2021-11-24,0.08,,,18.58,1.64,0.64,1.0,1.1196,78.32,,,,,6.6,3.8822074186673827,0.0,0.0,,,0,0
2021-11-25,0.08,,,,,,,,,,,,,6.6,3.8822074186673827,0.0,0.0,,,0,0
2021-11-26,0.08,,,28.62,1.48,0.5,0.98,1.1302,,,,,,6.6,3.8822074186673827,0.0,0.0,,,0,0
2021-11-27,0.08,,,,,,,,,,,,,6.6,3.8822074186673827,0.0,0.0,,,0,0
2021-11-28,0.08,,,,,,,,,,,,,6.6,3.8822074186673827,0.0,0.0,,,0,0
2021-11-29,0.08,,,22.96,1.52,0.51,1.01,1.1261,69.88,,,,,6.6,3.8822074186673827,0.0,0.020000000000000004,,,0,0
2021-11-30,0.07,,,27.19,1.43,0.52,0.91,1.1287,66.14,,,,,6.6,3.8822074186673827,-0.009999999999999995,-0.009999999999999995,,,0,0
2021-12-01,0.08,3.9,280.806,31.12,1.43,0.56,0.87,1.1323,65.44,70.6,101.1948,149781.0,1722.0,-8.4,4.6206464881298315,0.009999999999999995,0.0,,,0,0
2021-12-01,0.08,3.9,280.806,31.12,1.43,0.56,0.87,1.1323,65.44,70.6,101.1948,149781.0,1722.0,14.6,4.6206464881298315,0.0,0.0,0.0,,0,0
2021-12-01,0.08,3.9,280.806,31.12,1.43,0.56,0.87,1.1323,65.44,70.6,101.1948,149781.0,1722.0,28.4,4.6206464881298315,0.0,0.0,0.0,,0,0
2021-12-01,0.08,3.9,280.806,31.12,1.43,0.56,0.87,1.1323,65.44,70.6,101.1948,149781.0,1722.0,23.5,4.6206464881298315,0.0,0.0,0.0,,0,0
2021-12-01,0.08,3.9,280.806,31.12,1.43,0.56,0.87,1.1323,65.44,70.6,101.1948,149781.0,1722.0,21.6,4.6206464881298315,0.0,0.0,0.0,,0,0
2021-12-01,0.08,3.9,280.806,31.12,1.43,0.56,0.87,1.1323,65.44,70.6,101.1948,149781.0,1722.0,-2.1,4.6206464881298315,0.0,0.0,0.0,,0,0
2021-12-01,0.08,3.9,280.806,31.12,1.43,0.56,0.87,1.1323,65.44,70.6,101.1948,149781.0,1722.0,7.0,4.6206464881298315,0.0,0.0,0.0,,0,0
2021-12-01,0.08,3.9,280.806,31.12,1.43,0.56,0.87,1.1323,65.44,70.6,101.1948,149781.0,1722.0,20.4,4.6206464881298315,0.0,0.0,0.0,,0,0
2021-12-01,0.08,3.9,280.806,31.12,1.43,0.56,0.87,1.1323,65.44,70.6,101.1948,149781.0,1722.0,28.5,4.6206464881298315,0.0,0.0,0.0,,0,0
2021-12-01,0.08,3.9,280.806,31.12,1.43,0.56,0.87,1.1323,65.44,70.6,101.1948,149781.0,1722.0,0.0,4.6206464881298315,0.0,0.0,0.0,,0,0
2021-12-01,0.08,3.9,280.806,31.12,1.43,0.56,0.87,1.1323,65.44,70.6,101.1948,149781.0,1722.0,3.1,4.6206464881298315,0.0,0.0,0.0,,0,0
2021-12-01,0.08,3.9,280.806,31.12,1.43,0.56,0.87,1.1323,65.44,70.6,101.1948,149781.0,1722.0,13.2,4.6206464881298315,0.0,0.0,0.0,,0,0
2021-12-01,0.08,3.9,280.806,31.12,1.43,0.56,0.87,1.1323,65.44,70.6,101.1948,149781.0,1722.0,13.0,4.6206464881298315,0.0,0.0,0.0,,0,0
2021-12-01,0.08,3.9,280.806,31.12,1.43,0.56,0.87,1.1323,65.44,70.6,101.1948,149781.0,1722.0,3.4,4.6206464881298315,0.0,0.0,0.0,,0,0
2021-12-01,0.08,3.9,280.806,31.12,1.43,0.56,0.87,1.1323,65.44,70.6,101.1948,149781.0,1722.0,-0.5,4.6206464881298315,0.0,0.0,0.0,,0,0
2021-12-01,0.08,3.9,280.806,31.12,1.43,0.56,0.87,1.1323,65.44,70.6,101.1948,149781.0,1722.0,3.6,4.6206464881298315,0.0,0.0,0.0,,0,0
2021-12-01,0.08,3.9,280.806,31.12,1.43,0.56,0.87,1.1323,65.44,70.6,101.1948,149781.0,1722.0,2.7,4.6206464881298315,0.0,0.0,0.0,,0,0
2021-12-01,0.08,3.9,280.806,31.12,1.43,0.56,0.87,1.1323,65.44,70.6,101.1948,149781.0,1722.0,6.2,4.6206464881298315,0.0,0.0,0.0,30.515499999999996,0,0
2021-12-01,0.08,3.9,280.806,31.12,1.43,0.56,0.87,1.1323,65.44,70.6,101.1948,149781.0,1722.0,25.8,4.6206464881298315,0.0,0.0,0.0,30.9235,0,0
2021-12-01,0.08,3.9,280.806,31.12,1.43,0.56,0.87,1.1323,65.44,70.6,101.1948,149781.0,1722.0,12.4,4.6206464881298315,0.0,0.0,0.0,31.12,0,0
2021-12-01,0.08,3.9,280.806,31.12,1.43,0.56,0.87,1.1323,65.44,70.6,101.1948,149781.0,1722.0,-3.0,4.6206464881298315,0.0,0.0,0.0,31.12,0,0
2021-12-01,0.08,3.9,280.806,31.12,1.43,0.56,0.87,1.1323,65.44,70.6,101.1948,149781.0,1722.0,3.1,3.7294521813010295,0.0,0.0,0.0,31.12,0,0
2021-12-01,0.08,3.9,280.806,31.12,1.43,0.56,0.87,1.1323,65.44,70.6,101.1948,149781.0,1722.0,3.9,3.7294521813010295,0.0,0.0,0.0,31.12,0,0
2021-12-01,0.08,3.9,280.806,31.12,1.43,0.56,0.87,1.1323,65.44,70.6,101.1948,149781.0,1722.0,2.1,3.7294521813010295,0.0,0.0,0.0,31.12,0,0
2021-12-01,0.08,3.9,280.806,31.12,1.43,0.56,0.87,1.1323,65.44,70.6,101.1948,149781.0,1722.0,4.1,3.7294521813010295,0.0,0.0,0.0,31.12,0,0
2021-12-02,0.08,,,27.95,1.44,0.63,0.81,1.1306,66.6,,,,,4.1,3.7294521813010295,0.0,0.0,,30.9615,0,0
2021-12-03,0.08,,,30.67,1.35,0.6,0.75,1.1308,66.39,,,,,4.1,3.7294521813010295,0.0,0.0,,30.939,0,0
2021-12-04,0.08,,,,,,,,,,,,,4.1,3.7294521813010295,0.0,0.009999999999999995,,,0,0
2021-12-05,0.08,,,,,,,,,,,,,4.1,3.7294521813010295,0.0,0.009999999999999995,,,0,0
2021-12-06,0.08,,,27.18,1.43,0.65,0.78,1.1282,69.62,,,,,4.1,3.7294521813010295,0.0,0.009999999999999995,,,0,0
2021-12-07,0.08,,,21.89,1.48,0.7,0.78,1.1247,71.94,,,,,4.1,3.7294521813010295,0.0,0.0,,,0,0
2021-12-08,0.08,,,19.9,1.52,0.68,0.84,1.133,72.43,,,,,4.1,3.7294521813010295,0.0,0.0,,,0,0
2021-12-09,0.08,,,21.58,1.49,0.7,0.79,1.1285,70.87,,,,,4.1,3.7294521813010295,0.0,0.0,,,0,0
2021-12-10,0.08,,,18.69,1.48,0.67,0.81,1.1312,71.71,,,,,4.1,3.7294521813010295,0.0,0.0,,,0,0
2021-12-11,0.08,,,,,,,,,,,,,4.1,3.7294521813010295,0.0,0.0,,,0,0
2021-12-12,0.08,,,,,,,,,,,,,4.1,3.7294521813010295,0.0,0.0,,,0,0
2021-12-13,0.08,,,20.31,1.42,0.66,0.76,1.1298,71.19,,,,,4.1,3.7294521813010295,0.0,0.0,,,0,0
2021-12-14,0.08,,,21.89,1.44,0.67,0.77,1.1267,70.57,,,,,4.1,3.7294521813010295,0.0,0.0,,,0,0
2021-12-15,0.08,,,19.29,1.47,0.69,0.78,1.1261,70.89,,,,,4.1,3.7294521813010295,0.0,0.0,,,0,0
2021-12-16,0.08,,,20.57,1.44,0.64,0.8,1.1309,72.34,,,,,4.1,3.7294521813010295,0.0,0.0,,,0,0
2021-12-17,0.08,,,21.57,1.41,0.66,0.75,1.1277,70.93,,,,,4.1,3.7294521813010295,0.0,0.0,,,0,0
2021-12-18,0.08,,,,,,,,,,,,,4.1,3.7294521813010295,0.0,0.0,,,0,0
2021-12-19,0.08,,,,,,,,,,,,,4.1,3.7294521813010295,0.0,0.0,,,0,0
2021-12-20,0.08,,,22.87,1.43,0.65,0.78,1.1298,68.69,,,,,4.1,3.7294521813010295,0.0,0.0,,,0,0
2021-12-21,0.08,,,21.01,1.48,0.7,0.78,1.1272,71.1,,,,,4.1,3.7294521813010295,0.0,0.0,,,0,0
2021-12-22,0.08,,,18.63,1.46,0.68,0.78,1.1324,72.82,,,,,4.1,3.7294521813010295,0.0,0.0,,,0,0
2021-12-23,0.08,,,17.96,1.5,0.71,0.79,1.132,73.89,,,,,4.1,3.7294521813010295,0.0,0.0,,,0,0
2021-12-24,0.08,,,,,,,,,,,,,4.1,3.7294521813010295,0.0,0.0,,,0,0
2021-12-25,0.08,,,,,,,,,,,,,4.1,3.7294521813010295,0.0,0.0,,,0,0
2021-12-26,0.08,,,,,,,,,,,,,4.1,3.7294521813010295,0.0,0.0,,,0,0
2021-12-27,0.08,,,17.68,1.48,0.76,0.72,1.1329,75.49,,,,,4.1,3.7294521813010295,0.0,0.0,,,0,0
2021-12-28,0.08,,,17.54,1.49,0.74,0.75,1.1314,76.01,,,,,4.1,3.7294521813010295,0.0,0.0,,,0,0
2021-12-29,0.08,,,16.95,1.55,0.75,0.8,1.1337,76.58,,,,,4.1,3.7294521813010295,0.0,0.0,,,0,0
2021-12-30,0.08,,,17.33,1.52,0.73,0.79,1.1318,76.83,,,,,4.1,3.7294521813010295,0.0,0.0,,,0,0
2021-12-31,0.07,,,17.22,1.52,0.73,0.79,,75.33,,,,,4.1,3.7294521813010295,-0.009999999999999995,-0.009999999999999995,,,0,0
2022-01-01,0.07,4.0,282.542,,,,,,,67.2,101.2146,150006.0,1702.0,4.1,4.3707288242030184,0.0,-0.009999999999999995,,,0,0
2022-01-02,0.07,,,,,,,,,,,,,4.1,4.3707288242030184,0.0,-0.009999999999999995,,,0,0
2022-01-03,0.08,,,16.6,1.63,0.78,0.85,1.129,75.99,,,,,4.1,4.3707288242030184,0.009999999999999995,0.0,,,0,0
2022-01-04,0.08,,,16.91,1.66,0.77,0.89,1.1296,77.0,,,,,4.1,4.3707288242030184,0.0,0.0,,,0,0
2022-01-05,0.08,,,19.73,1.71,0.83,0.88,1.1335,77.83,,,,,4.1,4.3707288242030184,0.0,0.009999999999999995,,,0,0
2022-01-06,0.08,,,19.61,1.73,0.88,0.85,1.1307,79.47,,,,,4.1,4.3707288242030184,0.0,0.0,,,0,0
2022-01-07,0.08,,,18.76,1.76,0.87,0.89,1.1358,79.0,,,,,4.1,4.3707288242030184,0.0,0.0,,,0,0
2022-01-08,0.08,,,,,,,,,,,,,4.1,4.3707288242030184,0.0,0.0,,,0,0
2022-01-09,0.08,,,,,,,,,,,,,4.1,4.3707288242030184,0.0,0.0,,,0,0
2022-01-10,0.08,,,19.4,1.78,0.92,0.86,1.1328,78.11,,,,,4.1,4.3707288242030184,0.0,0.0,,,0,0
2022-01-11,0.08,,,18.41,1.75,0.9,0.85,1.1363,81.17,,,,,4.1,4.3707288242030184,0.0,0.0,,,0,0
2022-01-12,0.08,,,17.62,1.74,0.92,0.82,1.1431,82.51,,,,,4.1,4.3707288242030184,0.0,0.0,,,0,0
2022-01-13,0.08,,,20.31,1.7,0.91,0.79,1.1464,81.97,,,,,4.1,4.3707288242030184,0.0,0.0,,,0,0
2022-01-14,0.08,,,19.19,1.78,0.99,0.79,1.1414,83.82,,,,,4.1,4.3707288242030184,0.0,0.0,,,0,0
2022-01-15,0.08,,,,,,,,,,,,,4.1,4.3707288242030184,0.0,0.0,,,0,0
2022-01-16,0.08,,,,,,,,,,,,,4.1,4.3707288242030184,0.0,0.0,,,0,0
2022-01-17,0.08,,,,,,,,,,,,,4.1,4.3707288242030184,0.0,0.0,,,0,0
2022-01-18,0.08,,,22.79,1.87,1.06,0.81,1.1336,85.42,,,,,4.1,4.3707288242030184,0.0,0.0,,,0,0
2022-01-19,0.08,,,23.85,1.83,1.04,0.79,1.1346,86.84,,,,,4.1,4.3707288242030184,0.0,0.0,,,0,0
2022-01-20,0.08,,,25.59,1.83,1.08,0.75,1.1336,86.29,,,,,4.1,4.3707288242030184,0.0,0.0,,,0,0
2022-01-21,0.08,,,28.85,1.75,1.01,0.74,1.1346,85.16,,,,,4.1,3.889103377272818,0.0,0.0,,,0,0
2022-01-22,0.08,,,,,,,,,,,,,4.1,3.889103377272818,0.0,0.0,,,0,0
2022-01-23,0.08,,,,,,,,,,,,,4.1,3.889103377272818,0.0,0.0,,,0,0
2022-01-24,0.08,,,29.9,1.75,0.99,0.76,1.131,84.48,,,,,4.1,3.889103377272818,0.0,0.0,,,0,0
2022-01-25,0.08,,,31.16,1.78,1.02,0.76,1.1283,86.61,,,,,4.1,3.889103377272818,0.0,0.0,,,0,0
2022-01-26,0.08,,,31.96,1.85,1.13,0.72,1.1279,88.33,,,,,4.1,3.889103377272818,0.0,0.0,,,0,0
2022-01-27,0.08,,,30.49,1.81,1.18,0.63,1.1141,87.61,,,,,4.1,3.889103377272818,0.0,0.0,,,0,0
2022-01-28,0.08,,,27.66,1.78,1.15,0.63,1.116,87.67,,,,,4.1,3.889103377272818,0.0,0.0,,,0,0
2022-01-29,0.08,,,,,,,,,,,,,4.1,3.889103377272818,0.0,0.0,,,0,0
2022-01-30,0.08,,,,,,,,,,,,,4.1,3.889103377272818,0.0,0.0,,,0,0
2022-01-31,0.08,,,24.83,1.79,1.18,0.61,1.1212,89.16,,,,,4.1,3.889103377272818,0.0,0.0,,,0,0
2022-02-01,0.08,3.8,284.525,21.96,1.81,1.18,0.63,1.1239,88.22,62.8,101.8458,150875.0,1735.0,4.1,4.618241317816629,0.0,0.0,,,0,0
2022-02-02,0.08,,,22.09,1.78,1.16,0.62,1.1299,88.16,,,,,4.1,4.618241317816629,0.0,0.0,,,0,0
2022-02-03,0.08,,,24.35,1.82,1.19,0.63,1.1425,90.17,,,,,4.1,4.618241317816629,0.0,0.0,,,0,0
2022-02-04,0.08,,,23.22,1.93,1.31,0.62,1.1455,92.27,,,,,4.1,4.618241317816629,0.0,0.0,,,0,0
2022-02-05,0.08,,,,,,,,,,,,,4.1,4.618241317816629,0.0,0.0,,,0,0
2022-02-06,0.08,,,,,,,,,,,,,4.1,4.618241317816629,0.0,0.0,,,0,0
2022-02-07,0.08,,,22.86,1.92,1.3,0.62,1.1434,91.25,,,,,4.1,4.618241317816629,0.0,0.0,,,0,0
2022-02-08,0.08,,,21.44,1.96,1.35,0.61,1.1416,89.32,,,,,4.1,4.618241317816629,0.0,0.0,,,0,0
2022-02-09,0.08,,,19.96,1.94,1.36,0.58,1.1435,89.57,,,,,4.1,4.618241317816629,0.0,0.0,,,0,0
2022-02-10,0.08,,,23.91,2.03,1.61,0.42,1.1487,89.83,,,,,4.1,4.618241317816629,0.0,0.0,,,0,0
2022-02-11,0.08,,,27.36,1.92,1.5,0.42,1.1404,93.1,,,,,4.1,4.618241317816629,0.0,0.0,,,0,0
2022-02-12,0.08,,,,,,,,,,,,,4.1,4.618241317816629,0.0,0.0,,,0,0
2022-02-13,0.08,,,,,,,,,,,,,4.1,4.618241317816629,0.0,0.0,,,0,0
2022-02-14,0.08,,,28.33,1.98,1.58,0.4,1.1306,95.52,,,,,4.1,4.618241317816629,0.0,0.0,,,0,0
2022-02-15,0.08,,,25.7,2.05,1.58,0.47,1.1363,92.07,,,,,4.1,4.618241317816629,0.0,0.0,,,0,0
2022-02-16,0.08,,,24.29,2.03,1.52,0.51,1.1381,93.83,,,,,4.1,4.618241317816629,0.0,0.0,,,0,0
2022-02-17,0.08,,,28.11,1.97,1.49,0.48,1.1364,91.78,,,,,4.1,4.618241317816629,0.0,0.0,,,0,0
2022-02-18,0.08,,,27.75,1.92,1.47,0.45,1.1327,91.26,,,,,4.1,4.618241317816629,0.0,0.0,,,0,0
2022-02-19,0.08,,,,,,,,,,,,,4.1,4.618241317816629,0.0,0.0,,,0,0
2022-02-20,0.08,,,,,,,,,,,,,4.1,4.618241317816629,0.0,0.0,,,0,0
2022-02-21,0.08,,,,,,,,,,,,,4.1,4.316375315304732,0.0,0.0,,,0,0
2022-02-22,0.08,,,28.81,1.94,1.56,0.38,1.1342,92.11,,,,,4.1,4.316375315304732,0.0,0.0,,,0,0
2022-02-23,0.08,,,31.02,1.99,1.58,0.41,1.1316,92.14,,,,,4.1,4.316375315304732,0.0,0.0,,,0,0
2022-02-24,0.08,,,30.32,1.96,1.54,0.42,1.1154,92.77,,,,,4.1,4.316375315304732,0.0,0.0,,,0,0
2022-02-25,0.08,,,27.59,1.97,1.55,0.42,1.1261,91.68,,,,,4.1,4.316375315304732,0.0,0.0,,,0,0
2022-02-26,0.08,,,,,,,,,,,,,4.1,4.316375315304732,0.0,0.0,,,0,0
2022-02-27,0.08,,,,,,,,,,,,,4.1,4.316375315304732,0.0,0.0,,,0,0
2022-02-28,0.08,,,30.15,1.83,1.44,0.39,1.1224,96.13,,,,,4.1,4.316375315304732,0.0,0.0,,,0,0
2022-03-01,0.08,3.7,287.467,33.32,1.72,1.31,0.41,1.1103,103.66,59.4,102.6732,151346.0,1712.0,-4.1,5.395010852349369,0.0,0.009999999999999995,,,0,0
2022-03-01,0.08,3.7,287.467,33.32,1.72,1.31,0.41,1.1103,103.66,59.4,102.6732,151346.0,1712.0,7.9,5.395010852349369,0.0,0.009999999999999995,0.0,,0,0
2022-03-01,0.08,3.7,287.467,33.32,1.72,1.31,0.41,1.1103,103.66,59.4,102.6732,151346.0,1712.0,-8.4,5.395010852349369,0.0,0.009999999999999995,0.0,,0,0
2022-03-01,0.08,3.7,287.467,33.32,1.72,1.31,0.41,1.1103,103.66,59.4,102.6732,151346.0,1712.0,-8.2,5.395010852349369,0.0,0.0,0.0,,0,0
2022-03-01,0.08,3.7,287.467,33.32,1.72,1.31,0.41,1.1103,103.66,59.4,102.6732,151346.0,1712.0,11.4,5.395010852349369,0.0,0.0,0.0,,0,0
2022-03-01,0.08,3.7,287.467,33.32,1.72,1.31,0.41,1.1103,103.66,59.4,102.6732,151346.0,1712.0,12.9,5.395010852349369,0.0,0.0,0.0,,0,0
2022-03-01,0.08,3.7,287.467,33.32,1.72,1.31,0.41,1.1103,103.66,59.4,102.6732,151346.0,1712.0,12.1,5.395010852349369,0.0,0.0,0.0,,0,0
2022-03-01,0.08,3.7,287.467,33.32,1.72,1.31,0.41,1.1103,103.66,59.4,102.6732,151346.0,1712.0,7.2,5.395010852349369,0.0,0.0,0.0,,0,0
2022-03-01,0.08,3.7,287.467,33.32,1.72,1.31,0.41,1.1103,103.66,59.4,102.6732,151346.0,1712.0,-3.0,5.395010852349369,0.0,0.0,0.0,,0,0
2022-03-01,0.08,3.7,287.467,33.32,1.72,1.31,0.41,1.1103,103.66,59.4,102.6732,151346.0,1712.0,12.2,5.395010852349369,0.0,0.0,0.0,,0,0
2022-03-01,0.08,3.7,287.467,33.32,1.72,1.31,0.41,1.1103,103.66,59.4,102.6732,151346.0,1712.0,5.9,5.395010852349369,0.0,0.0,0.0,,0,0
2022-03-01,0.08,3.7,287.467,33.32,1.72,1.31,0.41,1.1103,103.66,59.4,102.6732,151346.0,1712.0,1.6,5.395010852349369,0.0,0.0,0.0,,0,0
2022-03-01,0.08,3.7,287.467,33.32,1.72,1.31,0.41,1.1103,103.66,59.4,102.6732,151346.0,1712.0,0.2,5.395010852349369,0.0,0.0,0.0,,0,0
2022-03-01,0.08,3.7,287.467,33.32,1.72,1.31,0.41,1.1103,103.66,59.4,102.6732,151346.0,1712.0,6.7,5.395010852349369,0.0,0.0,0.0,,0,0
2022-03-01,0.08,3.7,287.467,33.32,1.72,1.31,0.41,1.1103,103.66,59.4,102.6732,151346.0,1712.0,-10.4,5.395010852349369,0.0,0.0,0.0,,0,0
2022-03-01,0.08,3.7,287.467,33.32,1.72,1.31,0.41,1.1103,103.66,59.4,102.6732,151346.0,1712.0,7.9,5.395010852349369,0.0,0.0,0.0,,0,0
2022-03-01,0.08,3.7,287.467,33.32,1.72,1.31,0.41,1.1103,103.66,59.4,102.6732,151346.0,1712.0,-5.2,5.395010852349369,0.0,0.0,0.0,,0,0
2022-03-01,0.08,3.7,287.467,33.32,1.72,1.31,0.41,1.1103,103.66,59.4,102.6732,151346.0,1712.0,0.0,5.395010852349369,0.0,0.0,0.0,,0,0
2022-03-01,0.08,3.7,287.467,33.32,1.72,1.31,0.41,1.1103,103.66,59.4,102.6732,151346.0,1712.0,-2.0,5.395010852349369,0.0,0.0,0.0,33.161500000000004,0,0
2022-03-01,0.08,3.7,287.467,33.32,1.72,1.31,0.41,1.1103,103.66,59.4,102.6732,151346.0,1712.0,0.4,5.395010852349369,0.0,0.0,0.0,33.32,0,0
2022-03-01,0.08,3.7,287.467,33.32,1.72,1.31,0.41,1.1103,103.66,59.4,102.6732,151346.0,1712.0,-3.0,5.395010852349369,0.0,0.0,0.0,33.32,0,0
2022-03-01,0.08,3.7,287.467,33.32,1.72,1.31,0.41,1.1103,103.66,59.4,102.6732,151346.0,1712.0,12.0,5.395010852349369,0.0,0.0,0.0,33.32,0,0
2022-03-01,0.08,3.7,287.467,33.32,1.72,1.31,0.41,1.1103,103.66,59.4,102.6732,151346.0,1712.0,-1.0,5.395010852349369,0.0,0.0,0.0,33.32,0,0
2022-03-01,0.08,3.7,287.467,33.32,1.72,1.31,0.41,1.1103,103.66,59.4,102.6732,151346.0,1712.0,-6.9,4.937176482613093,0.0,0.0,0.0,33.32,0,0
2022-03-01,0.08,3.7,287.467,33.32,1.72,1.31,0.41,1.1103,103.66,59.4,102.6732,151346.0,1712.0,13.8,4.937176482613093,0.0,0.0,0.0,33.32,0,0
2022-03-02,0.08,,,30.74,1.86,1.5,0.36,1.1102,110.74,,,,,13.8,4.937176482613093,0.0,0.0,,33.191,0,0
2022-03-03,0.08,,,30.48,1.86,1.53,0.33,1.1053,107.69,,,,,13.8,4.937176482613093,0.0,0.0,,33.049,0,0
2022-03-04,0.08,,,31.98,1.74,1.5,0.24,1.0912,115.77,,,,,13.8,4.937176482613093,0.0,0.0,,32.982,0,0
2022-03-05,0.08,,,,,,,,,,,,,13.8,4.937176482613093,0.0,0.0,,,0,0
2022-03-06,0.08,,,,,,,,,,,,,13.8,4.937176482613093,0.0,0.0,,,0,0
2022-03-07,0.08,,,36.45,1.78,1.55,0.23,1.086,119.26,,,,,13.8,4.937176482613093,0.0,0.0,,,0,0
2022-03-08,0.08,,,35.13,1.86,1.63,0.23,1.0881,123.64,,,,,13.8,4.937176482613093,0.0,0.0,,,0,0
2022-03-09,0.08,,,32.45,1.94,1.68,0.26,1.1069,108.81,,,,,13.8,4.937176482613093,0.0,0.0,,,0,0
2022-03-10,0.08,,,30.23,1.98,1.72,0.26,1.1007,105.93,,,,,13.8,4.937176482613093,0.0,0.0,,,0,0
2022-03-11,0.08,,,30.75,2.0,1.75,0.25,1.0937,109.31,,,,,13.8,4.937176482613093,0.0,0.0,,,0,0
2022-03-12,0.08,,,,,,,,,,,,,13.8,4.937176482613093,0.0,0.0,,,0,0
2022-03-13,0.08,,,,,,,,,,,,,13.8,4.937176482613093,0.0,0.0,,,0,0
2022-03-14,0.08,,,31.77,2.14,1.87,0.27,1.0979,103.22,,,,,13.8,4.937176482613093,0.0,0.0,,,0,0
2022-03-15,0.08,,,29.83,2.15,1.85,0.3,1.0974,96.42,,,,,13.8,4.937176482613093,0.0,0.0,,,0,0
2022-03-16,0.08,,,26.67,2.19,1.95,0.24,1.0996,94.85,,,,,13.8,4.937176482613093,0.0,0.0,,,0,0
2022-03-17,0.33,,,25.67,2.2,1.94,0.26,1.111,102.97,,,,,13.8,4.937176482613093,0.25,0.25,,,0,0
2022-03-18,0.33,,,23.87,2.14,1.97,0.17,1.1044,104.69,,,,,13.8,4.937176482613093,0.0,0.25,,,0,0
2022-03-19,0.33,,,,,,,,,,,,,13.8,4.937176482613093,0.0,0.25,,,0,0
2022-03-20,0.33,,,,,,,,,,,,,13.8,4.937176482613093,0.0,0.25,,,0,0
2022-03-21,0.33,,,23.53,2.32,2.14,0.18,1.1048,112.14,,,,,13.8,4.937176482613093,0.0,0.25,,,0,0
2022-03-22,0.33,,,22.94,2.38,2.18,0.2,1.1022,111.03,,,,,13.8,4.937176482613093,0.0,0.25,,,0,0
2022-03-23,0.33,,,23.57,2.32,2.13,0.19,1.1001,114.89,,,,,13.8,4.937176482613093,0.0,0.25,,,0,0
2022-03-24,0.33,,,21.67,2.34,2.13,0.21,1.1006,114.2,,,,,13.8,4.937176482613093,0.0,0.25,,,0,0
2022-03-25,0.33,,,20.81,2.48,2.3,0.18,1.0985,116.2,,,,,13.8,4.937176482613093,0.0,0.25,,,0,0
2022-03-26,0.33,,,,,,,,,,,,,13.8,4.937176482613093,0.0,0.25,,,0,0
2022-03-27,0.33,,,,,,,,,,,,,13.8,4.937176482613093,0.0,0.25,,,0,0
2022-03-28,0.33,,,19.63,2.46,2.35,0.11,1.0977,107.55,,,,,13.8,4.937176482613093,0.0,0.25,,,0,0
2022-03-29,0.33,,,18.9,2.41,2.35,0.06,1.1104,104.25,,,,,13.8,4.937176482613093,0.0,0.25,,,0,0
2022-03-30,0.33,,,19.33,2.35,2.31,0.04,1.1163,107.81,,,,,13.8,4.937176482613093,0.0,0.25,,,0,0
2022-03-31,0.33,,,20.56,2.32,2.28,0.04,1.1093,100.53,,,,,13.8,4.937176482613093,0.0,0.25,,,0,0
2022-04-01,0.33,3.7,288.582,19.63,2.39,2.44,-0.05,1.1043,99.32,65.2,102.9024,151651.0,1820.0,13.8,5.344196946798951,0.0,0.25,,,0,1
2022-04-02,0.33,,,,,,,,,,,,,13.8,5.344196946798951,0.0,0.25,,,0,0
2022-04-03,0.33,,,,,,,,,,,,,13.8,5.344196946798951,0.0,0.25,,,0,0
2022-04-04,0.33,,,18.57,2.42,2.43,-0.01,1.0992,103.29,,,,,13.8,5.344196946798951,0.0,0.25,,,0,1
2022-04-05,0.33,,,21.03,2.54,2.51,0.03,1.0921,101.98,,,,,13.8,5.344196946798951,0.0,0.25,,,0,0
2022-04-06,0.33,,,22.1,2.61,2.5,0.11,1.0913,96.39,,,,,13.8,5.344196946798951,0.0,0.25,,,0,0
2022-04-07,0.33,,,21.55,2.66,2.47,0.19,1.09,96.05,,,,,13.8,5.344196946798951,0.0,0.25,,,0,0
2022-04-08,0.33,,,21.16,2.72,2.53,0.19,1.0874,98.35,,,,,13.8,5.344196946798951,0.0,0.25,,,0,0
2022-04-09,0.33,,,,,,,,,,,,,13.8,5.344196946798951,0.0,0.25,,,0,0
2022-04-10,0.33,,,,,,,,,,,,,13.8,5.344196946798951,0.0,0.25,,,0,0
2022-04-11,0.33,,,24.37,2.79,2.5,0.29,1.0875,94.22,,,,,13.8,5.344196946798951,0.0,0.25,,,0,0
2022-04-12,0.33,,,24.26,2.72,2.39,0.33,1.0852,100.52,,,,,13.8,5.344196946798951,0.0,0.25,,,0,0
2022-04-13,0.33,,,21.82,2.7,2.37,0.33,1.0874,104.26,,,,,13.8,5.344196946798951,0.0,0.25,,,0,0
2022-04-14,0.33,,,22.7,2.83,2.47,0.36,1.0796,106.84,,,,,13.8,5.344196946798951,0.0,0.25,,,0,0
2022-04-15,0.33,,,,,,,1.0812,,,,,,13.8,5.344196946798951,0.0,0.25,,,0,0
2022-04-16,0.33,,,,,,,,,,,,,13.8,5.344196946798951,0.0,0.25,,,0,0
2022-04-17,0.33,,,,,,,,,,,,,13.8,5.344196946798951,0.0,0.25,,,0,0
2022-04-18,0.33,,,22.17,2.85,2.46,0.39,1.0785,108.24,,,,,13.8,5.344196946798951,0.0,0.25,,,0,0
2022-04-19,0.33,,,21.37,2.93,2.61,0.32,1.0789,102.54,,,,,13.8,5.344196946798951,0.0,0.25,,,0,0
2022-04-20,0.33,,,20.32,2.85,2.6,0.25,1.0857,102.56,,,,,13.8,5.344196946798951,0.0,0.25,,,0,0
2022-04-21,0.33,,,22.68,2.9,2.68,0.22,1.0839,103.89,,,,,13.8,5.344196946798951,0.0,0.25,,,0,0
2022-04-22,0.33,,,28.21,2.9,2.72,0.18,1.079,102.86,,,,,13.8,5.344196946798951,0.0,0.25,,,0,0
2022-04-23,0.33,,,,,,,,,,,,,13.8,4.359052247873629,0.0,0.25,,,0,0
2022-04-24,0.33,,,,,,,,,,,,,13.8,4.359052247873629,0.0,0.25,,,0,0
2022-04-25,0.33,,,27.02,2.81,2.63,0.18,1.0703,99.6,,,,,13.8,4.359052247873629,0.0,0.25,,,0,0
2022-04-26,0.33,,,33.52,2.77,2.54,0.23,1.0661,102.62,,,,,13.8,4.359052247873629,0.0,0.25,,,0,0
2022-04-27,0.33,,,31.6,2.82,2.58,0.24,1.0549,101.96,,,,,13.8,4.359052247873629,0.0,0.25,,,0,0
2022-04-28,0.33,,,29.99,2.85,2.63,0.22,1.05,105.47,,,,,13.8,4.359052247873629,0.0,0.25,,,0,0
2022-04-29,0.33,,,33.4,2.89,2.7,0.19,1.0537,104.59,,,,,13.8,4.359052247873629,0.0,0.25,,,0,0
2022-04-30,0.33,,,,,,,,,,,,,13.8,4.359052247873629,0.0,0.25,,,0,0
2022-05-01,0.33,3.6,291.299,,,,,,,58.4,102.9659,151892.0,1531.0,13.8,5.341592894752045,0.0,0.25,,,0,0
2022-05-02,0.33,,,32.34,2.99,2.73,0.26,1.0521,105.18,,,,,13.8,5.341592894752045,0.0,0.25,,,0,0
2022-05-03,0.33,,,29.25,2.97,2.78,0.19,1.0532,102.53,,,,,13.8,5.341592894752045,0.0,0.25,,,0,0
2022-05-04,0.33,,,25.42,2.93,2.66,0.27,1.0539,107.84,,,,,13.8,5.341592894752045,0.0,0.25,,,0,0
2022-05-05,0.83,,,31.2,3.05,2.71,0.34,1.0507,108.17,,,,,13.8,5.341592894752045,0.49999999999999994,0.75,,,0,0
2022-05-06,0.83,,,30.19,3.12,2.72,0.4,1.0572,109.72,,,,,13.8,5.341592894752045,0.0,0.75,,,0,0
2022-05-07,0.83,,,,,,,,,,,,,13.8,5.341592894752045,0.0,0.75,,,0,0
2022-05-08,0.83,,,,,,,,,,,,,13.8,5.341592894752045,0.0,0.75,,,0,0
2022-05-09,0.83,,,34.75,3.05,2.61,0.44,1.0559,103.08,,,,,13.8,5.341592894752045,0.0,0.75,,,0,0
2022-05-10,0.83,,,32.99,2.99,2.62,0.37,1.0531,99.74,,,,,13.8,5.341592894752045,0.0,0.75,,,0,0
2022-05-11,0.83,,,32.56,2.91,2.66,0.25,1.0537,105.5,,,,,13.8,5.341592894752045,0.0,0.75,,,0,0
2022-05-12,0.83,,,31.77,2.84,2.56,0.28,1.0376,106.15,,,,,13.8,5.341592894752045,0.0,0.75,,,0,0
2022-05-13,0.83,,,28.87,2.93,2.61,0.32,1.041,110.52,,,,,13.8,5.341592894752045,0.0,0.75,,,0,0
2022-05-14,0.83,,,,,,,,,,,,,13.8,5.341592894752045,0.0,0.75,,,0,0
2022-05-15,0.83,,,,,,,,,,,,,13.8,5.341592894752045,0.0,0.75,,,0,0
2022-05-16,0.83,,,27.47,2.88,2.58,0.3,1.042,114.07,,,,,13.8,5.341592894752045,0.0,0.49999999999999994,,,0,0
2022-05-17,0.83,,,26.1,2.98,2.71,0.27,1.0532,112.31,,,,,13.8,5.341592894752045,0.0,0.49999999999999994,,,0,0
2022-05-18,0.83,,,30.96,2.89,2.68,0.21,1.0494,109.67,,,,,13.8,5.341592894752045,0.0,0.49999999999999994,,,0,0
2022-05-19,0.83,,,29.35,2.84,2.63,0.21,1.0587,112.21,,,,,13.8,5.341592894752045,0.0,0.49999999999999994,,,0,0
2022-05-20,0.83,,,29.43,2.78,2.6,0.18,1.0559,112.63,,,,,13.8,5.341592894752045,0.0,0.49999999999999994,,,0,0
2022-05-21,0.83,,,,,,,,,,,,,13.8,5.341592894752045,0.0,0.49999999999999994,,,0,0
2022-05-22,0.83,,,,,,,,,,,,,13.8,5.341592894752045,0.0,0.49999999999999994,,,0,0
2022-05-23,0.83,,,28.48,2.86,2.65,0.21,1.0668,110.32,,,,,13.8,5.341592894752045,0.0,0.49999999999999994,,,0,0
2022-05-24,0.83,,,29.45,2.76,2.5,0.26,1.0744,112.55,,,,,13.8,4.4741485668378544,0.0,0.49999999999999994,,,0,0
2022-05-25,0.83,,,28.37,2.75,2.48,0.27,1.0658,112.88,,,,,13.8,4.4741485668378544,0.0,0.49999999999999994,,,0,0
2022-05-26,0.83,,,27.5,2.75,2.46,0.29,1.0725,116.19,,,,,13.8,4.4741485668378544,0.0,0.49999999999999994,,,0,0
2022-05-27,0.83,,,25.72,2.74,2.47,0.27,1.0709,114.96,,,,,13.8,4.4741485668378544,0.0,0.49999999999999994,,,0,0
2022-05-28,0.83,,,,,,,,,,,,,13.8,4.4741485668378544,0.0,0.49999999999999994,,,0,0
2022-05-29,0.83,,,,,,,,,,,,,13.8,4.4741485668378544,0.0,0.49999999999999994,,,0,0
2022-05-30,0.83,,,26.54,,,,,,,,,,13.8,4.4741485668378544,0.0,0.49999999999999994,,,0,0
2022-05-31,0.83,,,26.19,2.85,2.53,0.32,1.0731,114.38,,,,,13.8,4.4741485668378544,0.0,0.49999999999999994,,,0,0
2022-06-01,0.83,3.6,295.072,25.69,2.94,2.66,0.28,1.0646,115.26,50.0,102.8224,152353.0,1551.0,12.4,5.827331936992497,0.0,0.49999999999999994,,,0,0
2022-06-01,0.83,3.6,295.072,25.69,2.94,2.66,0.28,1.0646,115.26,50.0,102.8224,152353.0,1551.0,-8.6,5.827331936992497,0.0,0.49999999999999994,0.0,,0,0
2022-06-01,0.83,3.6,295.072,25.69,2.94,2.66,0.28,1.0646,115.26,50.0,102.8224,152353.0,1551.0,22.9,5.827331936992497,0.0,0.49999999999999994,0.0,,0,0
2022-06-01,0.83,3.6,295.072,25.69,2.94,2.66,0.28,1.0646,115.26,50.0,102.8224,152353.0,1551.0,5.3,5.827331936992497,0.0,0.49999999999999994,0.0,,0,0
2022-06-01,0.83,3.6,295.072,25.69,2.94,2.66,0.28,1.0646,115.26,50.0,102.8224,152353.0,1551.0,-11.1,5.827331936992497,0.0,0.49999999999999994,0.0,,0,0
2022-06-01,0.83,3.6,295.072,25.69,2.94,2.66,0.28,1.0646,115.26,50.0,102.8224,152353.0,1551.0,-0.4,5.827331936992497,0.0,0.49999999999999994,0.0,,0,0
2022-06-01,0.83,3.6,295.072,25.69,2.94,2.66,0.28,1.0646,115.26,50.0,102.8224,152353.0,1551.0,10.0,5.827331936992497,0.0,0.49999999999999994,0.0,,0,0
2022-06-01,0.83,3.6,295.072,25.69,2.94,2.66,0.28,1.0646,115.26,50.0,102.8224,152353.0,1551.0,-1.3,5.827331936992497,0.0,0.49999999999999994,0.0,,0,0
2022-06-01,0.83,3.6,295.072,25.69,2.94,2.66,0.28,1.0646,115.26,50.0,102.8224,152353.0,1551.0,8.9,5.827331936992497,0.0,0.49999999999999994,0.0,,0,0
2022-06-01,0.83,3.6,295.072,25.69,2.94,2.66,0.28,1.0646,115.26,50.0,102.8224,152353.0,1551.0,1.4,5.827331936992497,0.0,0.49999999999999994,0.0,,0,0
2022-06-01,0.83,3.6,295.072,25.69,2.94,2.66,0.28,1.0646,115.26,50.0,102.8224,152353.0,1551.0,7.0,5.827331936992497,0.0,0.49999999999999994,0.0,,0,0
2022-06-01,0.83,3.6,295.072,25.69,2.94,2.66,0.28,1.0646,115.26,50.0,102.8224,152353.0,1551.0,13.8,5.827331936992497,0.0,0.49999999999999994,0.0,,0,0
2022-06-01,0.83,3.6,295.072,25.69,2.94,2.66,0.28,1.0646,115.26,50.0,102.8224,152353.0,1551.0,-3.7,5.827331936992497,0.0,0.49999999999999994,0.0,,0,0
2022-06-01,0.83,3.6,295.072,25.69,2.94,2.66,0.28,1.0646,115.26,50.0,102.8224,152353.0,1551.0,0.6,5.827331936992497,0.0,0.49999999999999994,0.0,,0,0
2022-06-01,0.83,3.6,295.072,25.69,2.94,2.66,0.28,1.0646,115.26,50.0,102.8224,152353.0,1551.0,4.1,5.827331936992497,0.0,0.49999999999999994,0.0,,0,0
2022-06-01,0.83,3.6,295.072,25.69,2.94,2.66,0.28,1.0646,115.26,50.0,102.8224,152353.0,1551.0,1.9,5.827331936992497,0.0,0.49999999999999994,0.0,,0,0
2022-06-01,0.83,3.6,295.072,25.69,2.94,2.66,0.28,1.0646,115.26,50.0,102.8224,152353.0,1551.0,3.3,5.827331936992497,0.0,0.49999999999999994,0.0,,0,0
2022-06-01,0.83,3.6,295.072,25.69,2.94,2.66,0.28,1.0646,115.26,50.0,102.8224,152353.0,1551.0,0.7,5.827331936992497,0.0,0.49999999999999994,0.0,25.757500000000004,0,0
2022-06-01,0.83,3.6,295.072,25.69,2.94,2.66,0.28,1.0646,115.26,50.0,102.8224,152353.0,1551.0,0.1,5.827331936992497,0.0,0.49999999999999994,0.0,25.715000000000003,0,0
2022-06-01,0.83,3.6,295.072,25.69,2.94,2.66,0.28,1.0646,115.26,50.0,102.8224,152353.0,1551.0,-10.1,5.827331936992497,0.0,0.49999999999999994,0.0,25.69,0,0
2022-06-01,0.83,3.6,295.072,25.69,2.94,2.66,0.28,1.0646,115.26,50.0,102.8224,152353.0,1551.0,7.1,5.827331936992497,0.0,0.49999999999999994,0.0,25.69,0,0
2022-06-01,0.83,3.6,295.072,25.69,2.94,2.66,0.28,1.0646,115.26,50.0,102.8224,152353.0,1551.0,12.8,5.827331936992497,0.0,0.49999999999999994,0.0,25.69,0,0
2022-06-01,0.83,3.6,295.072,25.69,2.94,2.66,0.28,1.0646,115.26,50.0,102.8224,152353.0,1551.0,13.1,5.0803757754464,0.0,0.49999999999999994,0.0,25.69,0,0
2022-06-01,0.83,3.6,295.072,25.69,2.94,2.66,0.28,1.0646,115.26,50.0,102.8224,152353.0,1551.0,0.0,5.0803757754464,0.0,0.49999999999999994,0.0,25.69,0,0
2022-06-01,0.83,3.6,295.072,25.69,2.94,2.66,0.28,1.0646,115.26,50.0,102.8224,152353.0,1551.0,-1.4,5.0803757754464,0.0,0.49999999999999994,0.0,25.69,0,0
2022-06-02,0.83,,,24.72,2.92,2.65,0.27,1.0733,116.88,,,,,-1.4,5.0803757754464,0.0,0.49999999999999994,,25.6415,0,0
2022-06-03,0.83,,,24.79,2.96,2.66,0.3,1.0721,118.97,,,,,-1.4,5.0803757754464,0.0,0.49999999999999994,,25.5965,0,0
2022-06-04,0.83,,,,,,,,,,,,,-1.4,5.0803757754464,0.0,0.49999999999999994,,,0,0
2022-06-05,0.83,,,,,,,,,,,,,-1.4,5.0803757754464,0.0,0.49999999999999994,,,0,0
2022-06-06,0.83,,,25.07,3.04,2.73,0.31,1.0699,118.41,,,,,-1.4,5.0803757754464,0.0,0.49999999999999994,,,0,0
2022-06-07,0.83,,,24.02,2.98,2.75,0.23,1.0697,119.55,,,,,-1.4,5.0803757754464,0.0,0.49999999999999994,,,0,0
2022-06-08,0.83,,,23.96,3.03,2.78,0.25,1.074,121.94,,,,,-1.4,5.0803757754464,0.0,0.49999999999999994,,,0,0
2022-06-09,0.83,,,26.09,3.04,2.83,0.21,1.0656,121.52,,,,,-1.4,5.0803757754464,0.0,0.49999999999999994,,,0,0
2022-06-10,0.83,,,27.75,3.15,3.06,0.09,1.0521,120.73,,,,,-1.4,5.0803757754464,0.0,0.0,,,0,0
2022-06-11,0.83,,,,,,,,,,,,,-1.4,5.0803757754464,0.0,0.0,,,0,0
2022-06-12,0.83,,,,,,,,,,,,,-1.4,5.0803757754464,0.0,0.0,,,0,0
2022-06-13,0.83,,,34.02,3.43,3.4,0.03,1.0436,120.92,,,,,-1.4,5.0803757754464,0.0,0.0,,,0,0
2022-06-14,0.83,,,32.69,3.49,3.45,0.04,1.0416,118.92,,,,,-1.4,5.0803757754464,0.0,0.0,,,0,0
2022-06-15,0.83,,,29.62,3.33,3.2,0.13,1.0388,115.32,,,,,-1.4,5.0803757754464,0.0,0.0,,,0,0
2022-06-16,1.58,,,32.95,3.28,3.14,0.14,1.0531,117.56,,,,,-1.4,5.0803757754464,0.7500000000000001,0.7500000000000001,,,0,0
2022-06-17,1.58,,,31.13,3.25,3.17,0.08,1.0473,109.56,,,,,-1.4,5.0803757754464,0.0,0.7500000000000001,,,0,0
2022-06-18,1.58,,,,,,,,,,,,,-1.4,5.0803757754464,0.0,0.7500000000000001,,,0,0
2022-06-19,1.58,,,,,,,,,,,,,-1.4,5.0803757754464,0.0,0.7500000000000001,,,0,0
2022-06-20,1.58,,,31.03,,,,,,,,,,-1.4,5.0803757754464,0.0,0.7500000000000001,,,0,0
2022-06-21,1.58,,,30.19,3.31,3.21,0.1,1.0548,110.49,,,,,-1.4,5.0803757754464,0.0,0.7500000000000001,,,0,0
2022-06-22,1.58,,,28.95,3.16,3.06,0.1,1.0583,106.22,,,,,-1.4,5.0803757754464,0.0,0.7500000000000001,,,0,0
2022-06-23,1.58,,,29.05,3.09,3.01,0.08,1.0503,105.75,,,,,-1.4,5.0803757754464,0.0,0.7500000000000001,,,0,0
2022-06-24,1.58,,,27.23,3.13,3.04,0.09,1.0539,109.07,,,,,-1.4,5.0803757754464,0.0,0.7500000000000001,,,0,0
2022-06-25,1.58,,,,,,,,,,,,,-1.4,5.0803757754464,0.0,0.7500000000000001,,,0,0
2022-06-26,1.58,,,,,,,,,,,,,-1.4,5.0803757754464,0.0,0.7500000000000001,,,0,0
2022-06-27,1.58,,,26.95,3.2,3.08,0.12,1.0601,111.44,,,,,-1.4,5.0803757754464,0.0,0.7500000000000001,,,0,0
2022-06-28,1.58,,,28.36,3.2,3.1,0.1,1.0534,113.66,,,,,-1.4,5.0803757754464,0.0,0.7500000000000001,,,0,0
2022-06-29,1.58,,,28.16,3.1,3.06,0.04,1.0477,111.65,,,,,-1.4,5.0803757754464,0.0,0.7500000000000001,,,0,0
2022-06-30,1.58,,,28.71,2.98,2.92,0.06,1.0469,107.76,,,,,-1.4,5.0803757754464,0.0,0.7500000000000001,,,0,0
2022-07-01,1.58,3.5,294.94,26.7,2.88,2.84,0.04,1.0409,110.3,51.5,103.0505,153049.0,1381.0,-1.4,5.033368232872526,0.0,0.7500000000000001,,,0,0
2022-07-02,1.58,,,,,,,,,,,,,-1.4,5.033368232872526,0.0,0.7500000000000001,,,0,0
2022-07-03,1.58,,,,,,,,,,,,,-1.4,5.033368232872526,0.0,0.7500000000000001,,,0,0
2022-07-04,1.58,,,27.53,,,,,,,,,,-1.4,5.033368232872526,0.0,0.7500000000000001,,,0,0
2022-07-05,1.58,,,27.54,2.82,2.82,0.0,1.0254,101.55,,,,,-1.4,5.033368232872526,0.0,0.7500000000000001,,,0,0
2022-07-06,1.58,,,26.73,2.93,2.97,-0.04,1.0173,100.31,,,,,-1.4,5.033368232872526,0.0,0.7500000000000001,,,0,1
2022-07-07,1.58,,,26.08,3.01,3.03,-0.02,1.0159,104.62,,,,,-1.4,5.033368232872526,0.0,0.7500000000000001,,,0,1
2022-07-08,1.58,,,24.64,3.09,3.12,-0.03,1.0178,106.78,,,,,-1.4,5.033368232872526,0.0,0.7500000000000001,,,0,1
2022-07-09,1.58,,,,,,,,,,,,,-1.4,5.033368232872526,0.0,0.7500000000000001,,,0,0
2022-07-10,1.58,,,,,,,,,,,,,-1.4,5.033368232872526,0.0,0.7500000000000001,,,0,0
2022-07-11,1.58,,,26.17,2.99,3.07,-0.08,1.0088,106.09,,,,,-1.4,5.033368232872526,0.0,0.7500000000000001,,,0,1
2022-07-12,1.58,,,27.29,2.96,3.03,-0.07,1.0069,97.69,,,,,-1.4,5.033368232872526,0.0,0.7500000000000001,,,0,1
2022-07-13,1.58,,,26.82,2.91,3.13,-0.22,1.0081,98.44,,,,,-1.4,5.033368232872526,0.0,0.7500000000000001,,,0,1
2022-07-14,1.58,,,26.4,2.96,3.15,-0.19,1.0028,97.79,,,,,-1.4,5.033368232872526,0.0,0.7500000000000001,,,0,1
2022-07-15,1.58,,,24.23,2.93,3.13,-0.2,1.0089,99.59,,,,,-1.4,5.033368232872526,0.0,0.7500000000000001,,,0,1
2022-07-16,1.58,,,,,,,,,,,,,-1.4,5.033368232872526,0.0,0.7500000000000001,,,0,0
2022-07-17,1.58,,,,,,,,,,,,,-1.4,5.033368232872526,0.0,0.7500000000000001,,,0,0
2022-07-18,1.58,,,25.3,2.96,3.15,-0.19,1.016,104.48,,,,,-1.4,5.033368232872526,0.0,0.7500000000000001,,,0,1
2022-07-19,1.58,,,24.5,3.01,3.23,-0.22,1.0238,106.12,,,,,-1.4,5.033368232872526,0.0,0.7500000000000001,,,0,1
2022-07-20,1.58,,,23.88,3.04,3.25,-0.21,1.0217,104.45,,,,,-1.4,5.033368232872526,0.0,0.7500000000000001,,,0,1
2022-07-21,1.58,,,23.11,2.91,3.1,-0.19,1.0197,98.44,,,,,-1.4,5.033368232872526,0.0,0.7500000000000001,,,0,1
2022-07-22,1.58,,,23.03,2.77,2.98,-0.21,1.0225,97.71,,,,,-1.4,5.033368232872526,0.0,0.7500000000000001,,,0,1
2022-07-23,1.58,,,,,,,,,,,,,-1.4,5.033368232872526,0.0,0.7500000000000001,,,0,0
2022-07-24,1.58,,,,,,,,,,,,,-1.4,4.388020188149033,0.0,0.7500000000000001,,,0,0
2022-07-25,1.58,,,23.36,2.81,3.0,-0.19,1.0211,99.83,,,,,-1.4,4.388020188149033,0.0,0.7500000000000001,,,0,1
2022-07-26,1.58,,,24.69,2.81,3.02,-0.21,1.0116,97.74,,,,,-1.4,4.388020188149033,0.0,0.7500000000000001,,,0,1
2022-07-27,1.58,,,23.24,2.78,2.96,-0.18,1.0108,100.03,,,,,-1.4,4.388020188149033,0.0,0.7500000000000001,,,0,1
2022-07-28,2.33,,,22.33,2.68,2.85,-0.17,1.0163,99.11,,,,,-1.4,4.388020188149033,0.75,1.5,,,0,1
2022-07-29,2.32,,,21.33,2.67,2.89,-0.22,1.0202,101.31,,,,,-1.4,4.388020188149033,-0.010000000000000231,1.4899999999999998,,,0,1
2022-07-30,2.32,,,,,,,,,,,,,-1.4,4.388020188149033,0.0,1.4899999999999998,,,0,0
2022-07-31,2.32,,,,,,,,,,,,,-1.4,4.388020188149033,0.0,1.4899999999999998,,,0,0
2022-08-01,2.33,3.6,295.162,22.84,2.6,2.9,-0.3,1.027,96.59,58.2,103.1703,153286.0,1531.0,-1.4,4.46659257738673,0.010000000000000231,1.5,,,0,1
2022-08-02,2.33,,,23.93,2.75,3.06,-0.31,1.0194,97.14,,,,,-1.4,4.46659257738673,0.0,1.5,,,0,1
2022-08-03,2.33,,,21.95,2.73,3.1,-0.37,1.0146,93.25,,,,,-1.4,4.46659257738673,0.0,1.5,,,0,1
2022-08-04,2.33,,,21.44,2.68,3.03,-0.35,1.0221,91.29,,,,,-1.4,4.46659257738673,0.0,1.5,,,0,1
2022-08-05,2.33,,,21.15,2.83,3.24,-0.41,1.017,91.77,,,,,-1.4,4.46659257738673,0.0,1.5,,,0,1
2022-08-06,2.33,,,,,,,,,,,,,-1.4,4.46659257738673,0.0,1.5,,,0,0
2022-08-07,2.33,,,,,,,,,,,,,-1.4,4.46659257738673,0.0,1.5,,,0,0
2022-08-08,2.33,,,21.29,2.77,3.21,-0.44,1.0207,93.52,,,,,-1.4,4.46659257738673,0.0,1.5,,,0,1
2022-08-09,2.33,,,21.77,2.8,3.28,-0.48,1.0226,93.18,,,,,-1.4,4.46659257738673,0.0,1.5,,,0,1
2022-08-10,2.33,,,19.74,2.78,3.23,-0.45,1.0337,94.68,,,,,-1.4,4.46659257738673,0.0,1.5,,,0,1
2022-08-11,2.33,,,20.2,2.87,3.23,-0.36,1.0338,97.02,,,,,-1.4,4.46659257738673,0.0,1.5,,,0,1
2022-08-12,2.33,,,19.53,2.84,3.25,-0.41,1.0257,94.86,,,,,-1.4,4.46659257738673,0.0,1.5,,,0,1
2022-08-13,2.33,,,,,,,,,,,,,-1.4,4.46659257738673,0.0,1.5,,,0,0
2022-08-14,2.33,,,,,,,,,,,,,-1.4,4.46659257738673,0.0,1.5,,,0,0
2022-08-15,2.33,,,19.95,2.79,3.2,-0.41,1.0186,92.24,,,,,-1.4,4.46659257738673,0.0,0.75,,,0,1
2022-08-16,2.33,,,19.69,2.82,3.25,-0.43,1.0174,89.23,,,,,-1.4,4.46659257738673,0.0,0.75,,,0,1
2022-08-17,2.33,,,19.9,2.89,3.28,-0.39,1.0164,90.85,,,,,-1.4,4.46659257738673,0.0,0.75,,,0,1
2022-08-18,2.33,,,19.56,2.88,3.22,-0.34,1.0114,93.2,,,,,-1.4,4.46659257738673,0.0,0.75,,,0,1
2022-08-19,2.33,,,20.6,2.98,3.25,-0.27,1.0039,93.55,,,,,-1.4,4.46659257738673,0.0,0.75,,,0,1
2022-08-20,2.33,,,,,,,,,,,,,-1.4,4.46659257738673,0.0,0.75,,,0,0
2022-08-21,2.33,,,,,,,,,,,,,-1.4,4.46659257738673,0.0,0.75,,,0,0
2022-08-22,2.33,,,23.8,3.03,3.32,-0.29,0.9936,93.42,,,,,-1.4,4.46659257738673,0.0,0.75,,,0,1
2022-08-23,2.33,,,24.11,3.05,3.29,-0.24,0.9976,96.46,,,,,-1.4,4.46659257738673,0.0,0.75,,,0,1
2022-08-24,2.33,,,22.82,3.11,3.36,-0.25,0.9967,95.52,,,,,-1.4,3.73851155434497,0.0,0.75,,,0,1
2022-08-25,2.33,,,21.78,3.03,3.35,-0.32,0.9959,93.33,,,,,-1.4,3.73851155434497,0.0,0.75,,,0,1
2022-08-26,2.33,,,25.56,3.04,3.37,-0.33,0.9998,93.63,,,,,-1.4,3.73851155434497,0.0,0.75,,,0,1
2022-08-27,2.33,,,,,,,,,,,,,-1.4,3.73851155434497,0.0,0.75,,,0,0
2022-08-28,2.33,,,,,,,,,,,,,-1.4,3.73851155434497,0.0,0.75,,,0,0
2022-08-29,2.33,,,26.21,3.12,3.42,-0.3,1.0,97.4,,,,,-1.4,3.73851155434497,0.0,0.75,,,0,1
2022-08-30,2.33,,,26.21,3.11,3.46,-0.35,1.0018,92.08,,,,,-1.4,3.73851155434497,0.0,0.75,,,0,1
2022-08-31,2.33,,,25.87,3.15,3.45,-0.3,1.0065,90.09,,,,,-1.4,3.73851155434497,0.0,0.75,,,0,1
2022-09-01,2.33,3.5,296.421,25.56,3.26,3.51,-0.25,0.995,87.09,58.6,103.5326,153513.0,1488.0,6.9,4.181003426763907,0.0,0.75,,,0,1
2022-09-01,2.33,3.5,296.421,25.56,3.26,3.51,-0.25,0.995,87.09,58.6,103.5326,153513.0,1488.0,10.7,4.181003426763907,0.0,0.75,0.0,,0,1
2022-09-01,2.33,3.5,296.421,25.56,3.26,3.51,-0.25,0.995,87.09,58.6,103.5326,153513.0,1488.0,-8.9,4.181003426763907,0.0,0.75,0.0,,0,1
2022-09-01,2.33,3.5,296.421,25.56,3.26,3.51,-0.25,0.995,87.09,58.6,103.5326,153513.0,1488.0,1.7,4.181003426763907,0.0,0.75,0.0,,0,1
2022-09-01,2.33,3.5,296.421,25.56,3.26,3.51,-0.25,0.995,87.09,58.6,103.5326,153513.0,1488.0,3.5,4.181003426763907,0.0,0.75,0.0,,0,1
2022-09-01,2.33,3.5,296.421,25.56,3.26,3.51,-0.25,0.995,87.09,58.6,103.5326,153513.0,1488.0,6.0,4.181003426763907,0.0,0.75,0.0,,0,1
2022-09-01,2.33,3.5,296.421,25.56,3.26,3.51,-0.25,0.995,87.09,58.6,103.5326,153513.0,1488.0,16.9,4.181003426763907,0.0,0.75,0.0,,0,1
2022-09-01,2.33,3.5,296.421,25.56,3.26,3.51,-0.25,0.995,87.09,58.6,103.5326,153513.0,1488.0,-6.7,4.181003426763907,0.0,0.75,0.0,,0,1
2022-09-01,2.33,3.5,296.421,25.56,3.26,3.51,-0.25,0.995,87.09,58.6,103.5326,153513.0,1488.0,-5.8,4.181003426763907,0.0,0.75,0.0,,0,1
2022-09-01,2.33,3.5,296.421,25.56,3.26,3.51,-0.25,0.995,87.09,58.6,103.5326,153513.0,1488.0,2.5,4.181003426763907,0.0,0.75,0.0,,0,1
2022-09-01,2.33,3.5,296.421,25.56,3.26,3.51,-0.25,0.995,87.09,58.6,103.5326,153513.0,1488.0,-2.2,4.181003426763907,0.0,0.75,0.0,,0,1
2022-09-01,2.33,3.5,296.421,25.56,3.26,3.51,-0.25,0.995,87.09,58.6,103.5326,153513.0,1488.0,-1.5,4.181003426763907,0.0,0.75,0.0,,0,1
2022-09-01,2.33,3.5,296.421,25.56,3.26,3.51,-0.25,0.995,87.09,58.6,103.5326,153513.0,1488.0,2.7,4.181003426763907,0.0,0.75,0.0,,0,1
2022-09-01,2.33,3.5,296.421,25.56,3.26,3.51,-0.25,0.995,87.09,58.6,103.5326,153513.0,1488.0,-1.3,4.181003426763907,0.0,0.75,0.0,,0,1
2022-09-01,2.33,3.5,296.421,25.56,3.26,3.51,-0.25,0.995,87.09,58.6,103.5326,153513.0,1488.0,-3.0,4.181003426763907,0.0,0.75,0.0,,0,1
2022-09-01,2.33,3.5,296.421,25.56,3.26,3.51,-0.25,0.995,87.09,58.6,103.5326,153513.0,1488.0,4.2,4.181003426763907,0.0,0.75,0.0,,0,1
2022-09-01,2.33,3.5,296.421,25.56,3.26,3.51,-0.25,0.995,87.09,58.6,103.5326,153513.0,1488.0,9.4,4.181003426763907,0.0,0.75,0.0,25.640499999999996,0,1
2022-09-01,2.33,3.5,296.421,25.56,3.26,3.51,-0.25,0.995,87.09,58.6,103.5326,153513.0,1488.0,-23.0,4.181003426763907,0.0,0.75,0.0,25.607999999999997,0,1
2022-09-01,2.33,3.5,296.421,25.56,3.26,3.51,-0.25,0.995,87.09,58.6,103.5326,153513.0,1488.0,15.0,4.181003426763907,0.0,0.75,0.0,25.575499999999998,0,1
2022-09-01,2.33,3.5,296.421,25.56,3.26,3.51,-0.25,0.995,87.09,58.6,103.5326,153513.0,1488.0,-4.2,4.181003426763907,0.0,0.75,0.0,25.56,0,1
2022-09-01,2.33,3.5,296.421,25.56,3.26,3.51,-0.25,0.995,87.09,58.6,103.5326,153513.0,1488.0,2.9,3.1147923065951932,0.0,0.75,0.0,25.56,0,1
2022-09-01,2.33,3.5,296.421,25.56,3.26,3.51,-0.25,0.995,87.09,58.6,103.5326,153513.0,1488.0,1.9,3.1147923065951932,0.0,0.75,0.0,25.56,0,1
2022-09-01,2.33,3.5,296.421,25.56,3.26,3.51,-0.25,0.995,87.09,58.6,103.5326,153513.0,1488.0,-2.5,3.1147923065951932,0.0,0.75,0.0,25.56,0,1
2022-09-01,2.33,3.5,296.421,25.56,3.26,3.51,-0.25,0.995,87.09,58.6,103.5326,153513.0,1488.0,7.6,3.1147923065951932,0.0,0.75,0.0,25.56,0,1
2022-09-01,2.33,3.5,296.421,25.56,3.26,3.51,-0.25,0.995,87.09,58.6,103.5326,153513.0,1488.0,11.1,3.1147923065951932,0.0,0.75,0.0,25.56,0,1
2022-09-02,2.33,,,25.47,3.2,3.4,-0.2,1.003,87.29,,,,,11.1,3.1147923065951932,0.0,0.0,,25.555500000000002,0,1
2022-09-03,2.33,,,,,,,,,,,,,11.1,3.1147923065951932,0.0,0.010000000000000231,,,0,0
2022-09-04,2.33,,,,,,,,,,,,,11.1,3.1147923065951932,0.0,0.010000000000000231,,,0,0
2022-09-05,2.33,,,25.99,,,,,,,,,,11.1,3.1147923065951932,0.0,0.010000000000000231,,,0,0
2022-09-06,2.33,,,26.91,3.33,3.5,-0.17,0.9914,87.35,,,,,11.1,3.1147923065951932,0.0,0.0,,,0,1
2022-09-07,2.33,,,24.64,3.27,3.45,-0.18,0.9942,82.5,,,,,11.1,3.1147923065951932,0.0,0.0,,,0,1
2022-09-08,2.33,,,23.61,3.29,3.48,-0.19,0.9956,84.04,,,,,11.1,3.1147923065951932,0.0,0.0,,,0,1
2022-09-09,2.33,,,22.79,3.33,3.56,-0.23,1.0046,87.27,,,,,11.1,3.1147923065951932,0.0,0.0,,,0,1
2022-09-10,2.33,,,,,,,,,,,,,11.1,3.1147923065951932,0.0,0.0,,,0,0
2022-09-11,2.33,,,,,,,,,,,,,11.1,3.1147923065951932,0.0,0.0,,,0,0
2022-09-12,2.33,,,23.87,3.37,3.58,-0.21,1.0129,88.18,,,,,11.1,3.1147923065951932,0.0,0.0,,,0,1
2022-09-13,2.33,,,27.27,3.42,3.75,-0.33,0.9997,87.84,,,,,11.1,3.1147923065951932,0.0,0.0,,,0,1
2022-09-14,2.33,,,26.16,3.41,3.78,-0.37,0.9993,88.88,,,,,11.1,3.1147923065951932,0.0,0.0,,,0,1
2022-09-15,2.33,,,26.27,3.45,3.87,-0.42,0.9991,85.72,,,,,11.1,3.1147923065951932,0.0,0.0,,,0,1
2022-09-16,2.33,,,26.3,3.45,3.85,-0.4,1.0013,85.57,,,,,11.1,3.1147923065951932,0.0,0.0,,,0,1
2022-09-17,2.33,,,,,,,,,,,,,11.1,3.1147923065951932,0.0,0.0,,,0,0
2022-09-18,2.33,,,,,,,,,,,,,11.1,3.1147923065951932,0.0,0.0,,,0,0
2022-09-19,2.33,,,25.76,3.49,3.95,-0.46,1.0003,86.15,,,,,11.1,3.1147923065951932,0.0,0.0,,,0,1
2022-09-20,2.33,,,27.16,3.57,3.96,-0.39,0.9994,84.69,,,,,11.1,3.1147923065951932,0.0,0.0,,,0,1
2022-09-21,2.33,,,27.99,3.51,4.02,-0.51,0.988,83.38,,,,,11.1,3.1147923065951932,0.0,0.0,,,0,1
2022-09-22,3.08,,,27.35,3.7,4.11,-0.41,0.9841,84.02,,,,,11.1,3.1147923065951932,0.75,0.75,,,0,1
2022-09-23,3.08,,,29.92,3.69,4.2,-0.51,0.9719,79.07,,,,,11.1,3.1147923065951932,0.0,0.75,,,0,1
2022-09-24,3.08,,,,,,,,,,,,,11.1,3.1147923065951932,0.0,0.75,,,0,0
2022-09-25,3.08,,,,,,,,,,,,,11.1,3.1147923065951932,0.0,0.75,,,0,0
2022-09-26,3.08,,,32.26,3.88,4.27,-0.39,0.9623,77.17,,,,,11.1,3.1147923065951932,0.0,0.75,,,0,1
2022-09-27,3.08,,,32.6,3.97,4.3,-0.33,0.9616,78.91,,,,,11.1,3.1147923065951932,0.0,0.75,,,0,1
2022-09-28,3.08,,,30.18,3.72,4.07,-0.35,0.9681,82.61,,,,,11.1,3.1147923065951932,0.0,0.75,,,0,1
2022-09-29,3.08,,,31.84,3.76,4.16,-0.4,0.9774,81.78,,,,,11.1,3.1147923065951932,0.0,0.75,,,0,1
2022-09-30,3.08,,,31.62,3.83,4.22,-0.39,0.9783,79.91,,,,,11.1,3.1147923065951932,0.0,0.75,,,0,1
2022-10-01,3.08,3.6,297.979,,,,,,,59.9,103.4442,153913.0,1435.0,11.1,3.656767559406826,0.0,0.75,,,0,0
2022-10-02,3.08,,,,,,,,,,,,,11.1,3.656767559406826,0.0,0.75,,,0,0
2022-10-03,3.08,,,30.1,3.67,4.12,-0.45,0.9809,84.05,,,,,11.1,3.656767559406826,0.0,0.75,,,0,1
2022-10-04,3.08,,,29.07,3.62,4.1,-0.48,0.9977,86.87,,,,,11.1,3.656767559406826,0.0,0.75,,,0,1
2022-10-05,3.08,,,28.55,3.76,4.15,-0.39,0.9866,88.22,,,,,11.1,3.656767559406826,0.0,0.75,,,0,1
2022-10-06,3.08,,,30.52,3.83,4.23,-0.4,0.9806,88.9,,,,,11.1,3.656767559406826,0.0,0.75,,,0,1
2022-10-07,3.08,,,31.36,3.89,4.3,-0.41,0.9785,93.07,,,,,11.1,3.656767559406826,0.0,0.75,,,0,1
2022-10-08,3.08,,,,,,,,,,,,,11.1,3.656767559406826,0.0,0.75,,,0,0
2022-10-09,3.08,,,,,,,,,,,,,11.1,3.656767559406826,0.0,0.75,,,0,0
2022-10-10,3.08,,,32.45,,,,,91.6,,,,,11.1,3.656767559406826,0.0,0.75,,,0,0
2022-10-11,3.08,,,33.63,3.93,4.3,-0.37,0.9757,89.75,,,,,11.1,3.656767559406826,0.0,0.75,,,0,1
2022-10-12,3.08,,,33.57,3.91,4.28,-0.37,0.9692,87.83,,,,,11.1,3.656767559406826,0.0,0.75,,,0,1
2022-10-13,3.08,,,31.94,3.97,4.47,-0.5,0.978,89.59,,,,,11.1,3.656767559406826,0.0,0.75,,,0,1
2022-10-14,3.08,,,32.02,4.0,4.48,-0.48,0.9739,86.1,,,,,11.1,3.656767559406826,0.0,0.75,,,0,1
2022-10-15,3.08,,,,,,,,,,,,,11.1,3.656767559406826,0.0,0.75,,,0,0
2022-10-16,3.08,,,,,,,,,,,,,11.1,3.656767559406826,0.0,0.75,,,0,0
2022-10-17,3.08,,,31.37,4.02,4.45,-0.43,0.9843,86.0,,,,,11.1,3.656767559406826,0.0,0.75,,,0,1
2022-10-18,3.08,,,30.5,4.01,4.43,-0.42,0.9842,83.29,,,,,11.1,3.656767559406826,0.0,0.75,,,0,1
2022-10-19,3.08,,,30.76,4.14,4.55,-0.41,0.978,86.0,,,,,11.1,3.656767559406826,0.0,0.75,,,0,1
2022-10-20,3.08,,,29.98,4.24,4.62,-0.38,0.9823,86.02,,,,,11.1,3.656767559406826,0.0,0.75,,,0,1
2022-10-21,3.08,,,29.69,4.21,4.49,-0.28,0.9855,85.47,,,,,11.1,3.656767559406826,0.0,0.75,,,0,1
2022-10-22,3.08,,,,,,,,,,,,,11.1,3.2562668496302516,0.0,0.75,,,0,0
2022-10-23,3.08,,,,,,,,,,,,,11.1,3.2562668496302516,0.0,0.75,,,0,0
2022-10-24,3.08,,,29.85,4.25,4.5,-0.25,0.9874,86.12,,,,,11.1,3.2562668496302516,0.0,0.75,,,0,1
2022-10-25,3.08,,,28.46,4.1,4.42,-0.32,0.9959,86.93,,,,,11.1,3.2562668496302516,0.0,0.75,,,0,1
2022-10-26,3.08,,,27.28,4.04,4.39,-0.35,1.0068,89.39,,,,,11.1,3.2562668496302516,0.0,0.75,,,0,1
2022-10-27,3.08,,,27.39,3.96,4.3,-0.34,0.9985,89.06,,,,,11.1,3.2562668496302516,0.0,0.75,,,0,1
2022-10-28,3.08,,,25.75,4.02,4.41,-0.39,0.9934,87.85,,,,,11.1,3.2562668496302516,0.0,0.75,,,0,1
2022-10-29,3.08,,,,,,,,,,,,,11.1,3.2562668496302516,0.0,0.75,,,0,0
2022-10-30,3.08,,,,,,,,,,,,,11.1,3.2562668496302516,0.0,0.75,,,0,0
2022-10-31,3.08,,,25.88,4.1,4.51,-0.41,0.9885,86.54,,,,,11.1,3.2562668496302516,0.0,0.75,,,0,1
2022-11-01,3.08,3.6,298.708,25.81,4.07,4.54,-0.47,0.9871,88.36,56.7,103.1058,154210.0,1424.0,11.1,3.508881357811666,0.0,0.75,,,0,1
2022-11-02,3.08,,,25.86,4.1,4.61,-0.51,0.9875,90.06,,,,,11.1,3.508881357811666,0.0,0.75,,,0,1
2022-11-03,3.83,,,25.3,4.14,4.71,-0.57,0.9759,88.14,,,,,11.1,3.508881357811666,0.75,1.5,,,0,1
2022-11-04,3.83,,,24.55,4.17,4.66,-0.49,0.9895,92.58,,,,,11.1,3.508881357811666,0.0,1.5,,,0,1
2022-11-05,3.83,,,,,,,,,,,,,11.1,3.508881357811666,0.0,1.5,,,0,0
2022-11-06,3.83,,,,,,,,,,,,,11.1,3.508881357811666,0.0,1.5,,,0,0
2022-11-07,3.83,,,24.35,4.22,4.72,-0.5,0.9997,91.8,,,,,11.1,3.508881357811666,0.0,1.5,,,0,1
2022-11-08,3.83,,,25.54,4.14,4.67,-0.53,1.0089,88.8,,,,,11.1,3.508881357811666,0.0,1.5,,,0,1
2022-11-09,3.83,,,26.09,4.12,4.61,-0.49,1.0037,85.79,,,,,11.1,3.508881357811666,0.0,1.5,,,0,1
2022-11-10,3.83,,,23.53,3.82,4.34,-0.52,1.0176,86.52,,,,,11.1,3.508881357811666,0.0,1.5,,,0,1
2022-11-11,3.83,,,22.52,,,,,89.14,,,,,11.1,3.508881357811666,0.0,1.5,,,0,0
2022-11-12,3.83,,,,,,,,,,,,,11.1,3.508881357811666,0.0,1.5,,,0,0
2022-11-13,3.83,,,,,,,,,,,,,11.1,3.508881357811666,0.0,1.5,,,0,0
2022-11-14,3.83,,,23.73,3.88,4.4,-0.52,1.0337,85.85,,,,,11.1,3.508881357811666,0.0,1.5,,,0,1
2022-11-15,3.83,,,24.54,3.8,4.37,-0.57,1.0372,86.87,,,,,11.1,3.508881357811666,0.0,1.5,,,0,1
2022-11-16,3.83,,,24.11,3.67,4.35,-0.68,1.0395,85.62,,,,,11.1,3.508881357811666,0.0,1.5,,,0,1
2022-11-17,3.83,,,23.93,3.77,4.43,-0.66,1.0341,81.69,,,,,11.1,3.508881357811666,0.0,1.5,,,0,1
2022-11-18,3.83,,,23.12,3.82,4.51,-0.69,1.0349,80.07,,,,,11.1,3.508881357811666,0.0,1.5,,,0,1
2022-11-19,3.83,,,,,,,,,,,,,11.1,3.508881357811666,0.0,1.5,,,0,0
2022-11-20,3.83,,,,,,,,,,,,,11.1,3.508881357811666,0.0,1.5,,,0,0
2022-11-21,3.83,,,22.36,3.83,4.48,-0.65,1.0238,79.74,,,,,11.1,2.5434347526081647,0.0,0.75,,,0,1
2022-11-22,3.83,,,21.29,3.76,4.47,-0.71,1.0276,80.83,,,,,11.1,2.5434347526081647,0.0,0.75,,,0,1
2022-11-23,3.83,,,20.35,3.71,4.46,-0.75,1.0364,77.93,,,,,11.1,2.5434347526081647,0.0,0.75,,,0,1
2022-11-24,3.83,,,20.42,,,,,,,,,,11.1,2.5434347526081647,0.0,0.75,,,0,0
2022-11-25,3.83,,,20.5,3.68,4.42,-0.74,1.0402,76.45,,,,,11.1,2.5434347526081647,0.0,0.75,,,0,1
2022-11-26,3.83,,,,,,,,,,,,,11.1,2.5434347526081647,0.0,0.75,,,0,0
2022-11-27,3.83,,,,,,,,,,,,,11.1,2.5434347526081647,0.0,0.75,,,0,0
2022-11-28,3.83,,,22.21,3.69,4.46,-0.77,1.0386,77.1,,,,,11.1,2.5434347526081647,0.0,0.75,,,0,1
2022-11-29,3.83,,,21.89,3.75,4.48,-0.73,1.0356,77.96,,,,,11.1,2.5434347526081647,0.0,0.75,,,0,1
2022-11-30,3.83,,,20.58,3.68,4.38,-0.7,1.0323,80.48,,,,,11.1,2.5434347526081647,0.0,0.75,,,0,1
2022-12-01,3.83,3.5,298.808,19.84,3.53,4.25,-0.72,1.0498,81.06,59.8,101.8266,154336.0,1308.0,-21.3,2.5777637410358434,0.0,0.75,,,0,1
2022-12-01,3.83,3.5,298.808,19.84,3.53,4.25,-0.72,1.0498,81.06,59.8,101.8266,154336.0,1308.0,-0.9,2.5777637410358434,0.0,0.75,0.0,,0,1
2022-12-01,3.83,3.5,298.808,19.84,3.53,4.25,-0.72,1.0498,81.06,59.8,101.8266,154336.0,1308.0,-2.3,2.5777637410358434,0.0,0.75,0.0,,0,1
2022-12-01,3.83,3.5,298.808,19.84,3.53,4.25,-0.72,1.0498,81.06,59.8,101.8266,154336.0,1308.0,10.1,2.5777637410358434,0.0,0.75,0.0,,0,1
2022-12-01,3.83,3.5,298.808,19.84,3.53,4.25,-0.72,1.0498,81.06,59.8,101.8266,154336.0,1308.0,8.0,2.5777637410358434,0.0,0.75,0.0,,0,1
2022-12-01,3.83,3.5,298.808,19.84,3.53,4.25,-0.72,1.0498,81.06,59.8,101.8266,154336.0,1308.0,2.9,2.5777637410358434,0.0,0.75,0.0,,0,1
2022-12-01,3.83,3.5,298.808,19.84,3.53,4.25,-0.72,1.0498,81.06,59.8,101.8266,154336.0,1308.0,-5.6,2.5777637410358434,0.0,0.75,0.0,,0,1
2022-12-01,3.83,3.5,298.808,19.84,3.53,4.25,-0.72,1.0498,81.06,59.8,101.8266,154336.0,1308.0,-3.1,2.5777637410358434,0.0,0.75,0.0,,0,1
2022-12-01,3.83,3.5,298.808,19.84,3.53,4.25,-0.72,1.0498,81.06,59.8,101.8266,154336.0,1308.0,2.8,2.5777637410358434,0.0,0.75,0.0,,0,1
2022-12-01,3.83,3.5,298.808,19.84,3.53,4.25,-0.72,1.0498,81.06,59.8,101.8266,154336.0,1308.0,8.3,2.5777637410358434,0.0,0.75,0.0,,0,1
2022-12-01,3.83,3.5,298.808,19.84,3.53,4.25,-0.72,1.0498,81.06,59.8,101.8266,154336.0,1308.0,2.5,2.5777637410358434,0.0,0.75,0.0,,0,1
2022-12-01,3.83,3.5,298.808,19.84,3.53,4.25,-0.72,1.0498,81.06,59.8,101.8266,154336.0,1308.0,-4.8,2.5777637410358434,0.0,0.75,0.0,,0,1
2022-12-01,3.83,3.5,298.808,19.84,3.53,4.25,-0.72,1.0498,81.06,59.8,101.8266,154336.0,1308.0,-0.5,2.5777637410358434,0.0,0.75,0.0,,0,1
2022-12-01,3.83,3.5,298.808,19.84,3.53,4.25,-0.72,1.0498,81.06,59.8,101.8266,154336.0,1308.0,-4.2,2.5777637410358434,0.0,0.75,0.0,,0,1
2022-12-01,3.83,3.5,298.808,19.84,3.53,4.25,-0.72,1.0498,81.06,59.8,101.8266,154336.0,1308.0,9.1,2.5777637410358434,0.0,0.75,0.0,,0,1
2022-12-01,3.83,3.5,298.808,19.84,3.53,4.25,-0.72,1.0498,81.06,59.8,101.8266,154336.0,1308.0,6.8,2.5777637410358434,0.0,0.75,0.0,,0,1
2022-12-01,3.83,3.5,298.808,19.84,3.53,4.25,-0.72,1.0498,81.06,59.8,101.8266,154336.0,1308.0,7.1,2.5777637410358434,0.0,0.75,0.0,20.098,0,1
2022-12-01,3.83,3.5,298.808,19.84,3.53,4.25,-0.72,1.0498,81.06,59.8,101.8266,154336.0,1308.0,9.3,2.5777637410358434,0.0,0.75,0.0,19.9795,0,1
2022-12-01,3.83,3.5,298.808,19.84,3.53,4.25,-0.72,1.0498,81.06,59.8,101.8266,154336.0,1308.0,11.5,2.5777637410358434,0.0,0.75,0.0,19.877,0,1
2022-12-01,3.83,3.5,298.808,19.84,3.53,4.25,-0.72,1.0498,81.06,59.8,101.8266,154336.0,1308.0,4.1,2.5777637410358434,0.0,0.75,0.0,19.84,0,1
2022-12-01,3.83,3.5,298.808,19.84,3.53,4.25,-0.72,1.0498,81.06,59.8,101.8266,154336.0,1308.0,1.4,2.5777637410358434,0.0,0.75,0.0,19.84,0,1
2022-12-01,3.83,3.5,298.808,19.84,3.53,4.25,-0.72,1.0498,81.06,59.8,101.8266,154336.0,1308.0,-2.9,1.2661316560026004,0.0,0.75,0.0,19.84,0,1
2022-12-01,3.83,3.5,298.808,19.84,3.53,4.25,-0.72,1.0498,81.06,59.8,101.8266,154336.0,1308.0,0.8,1.2661316560026004,0.0,0.75,0.0,19.84,0,1
2022-12-01,3.83,3.5,298.808,19.84,3.53,4.25,-0.72,1.0498,81.06,59.8,101.8266,154336.0,1308.0,-2.9,1.2661316560026004,0.0,0.75,0.0,19.84,0,1
2022-12-01,3.83,3.5,298.808,19.84,3.53,4.25,-0.72,1.0498,81.06,59.8,101.8266,154336.0,1308.0,2.3,1.2661316560026004,0.0,0.75,0.0,19.84,0,1
2022-12-02,3.83,,,19.06,3.51,4.28,-0.77,1.0521,79.86,,,,,2.3,1.2661316560026004,0.0,0.75,,19.801,0,1
2022-12-03,3.83,,,,,,,,,,,,,2.3,1.2661316560026004,0.0,0.75,,,0,0
2022-12-04,3.83,,,,,,,,,,,,,2.3,1.2661316560026004,0.0,0.75,,,0,0
2022-12-05,3.83,,,20.75,3.6,4.41,-0.81,1.0494,76.83,,,,,2.3,1.2661316560026004,0.0,0.75,,,0,1
2022-12-06,3.83,,,22.17,3.51,4.34,-0.83,1.0497,74.21,,,,,2.3,1.2661316560026004,0.0,0.75,,,0,1
2022-12-07,3.83,,,22.68,3.42,4.26,-0.84,1.0505,71.93,,,,,2.3,1.2661316560026004,0.0,0.75,,,0,1
2022-12-08,3.83,,,22.29,3.48,4.31,-0.83,1.0552,71.3,,,,,2.3,1.2661316560026004,0.0,0.75,,,0,1
2022-12-09,3.83,,,22.83,3.57,4.33,-0.76,1.055,71.05,,,,,2.3,1.2661316560026004,0.0,0.0,,,0,1
2022-12-10,3.83,,,,,,,,,,,,,2.3,1.2661316560026004,0.0,0.0,,,0,0
2022-12-11,3.83,,,,,,,,,,,,,2.3,1.2661316560026004,0.0,0.0,,,0,0
2022-12-12,3.83,,,25.0,3.61,4.39,-0.78,1.0545,72.96,,,,,2.3,1.2661316560026004,0.0,0.0,,,0,1
2022-12-13,3.83,,,22.55,3.51,4.22,-0.71,1.063,75.44,,,,,2.3,1.2661316560026004,0.0,0.0,,,0,1
2022-12-14,3.83,,,21.14,3.49,4.23,-0.74,1.0655,77.14,,,,,2.3,1.2661316560026004,0.0,0.0,,,0,1
2022-12-15,4.33,,,22.83,3.44,4.23,-0.79,1.0638,75.89,,,,,2.3,1.2661316560026004,0.5,0.5,,,0,1
2022-12-16,4.33,,,22.62,3.48,4.17,-0.69,1.061,74.19,,,,,2.3,1.2661316560026004,0.0,0.5,,,0,1
2022-12-17,4.33,,,,,,,,,,,,,2.3,1.2661316560026004,0.0,0.5,,,0,0
2022-12-18,4.33,,,,,,,,,,,,,2.3,1.2661316560026004,0.0,0.5,,,0,0
2022-12-19,4.33,,,22.42,3.57,4.25,-0.68,1.0624,75.05,,,,,2.3,1.2661316560026004,0.0,0.5,,,0,1
2022-12-20,4.33,,,21.48,3.69,4.25,-0.56,1.0635,75.92,,,,,2.3,1.2661316560026004,0.0,0.5,,,0,1
2022-12-21,4.33,,,20.07,3.68,4.21,-0.53,1.0599,78.17,,,,,2.3,1.2661316560026004,0.0,0.5,,,0,1
2022-12-22,4.33,,,21.97,3.67,4.24,-0.57,1.0588,77.68,,,,,2.3,1.2661316560026004,0.0,0.5,,,0,1
2022-12-23,4.33,,,20.87,3.75,4.31,-0.56,1.0621,79.57,,,,,2.3,1.2661316560026004,0.0,0.5,,,0,1
2022-12-24,4.33,,,,,,,,,,,,,2.3,1.2661316560026004,0.0,0.5,,,0,0
2022-12-25,4.33,,,,,,,,,,,,,2.3,1.2661316560026004,0.0,0.5,,,0,0
2022-12-26,4.33,,,,,,,,,,,,,2.3,1.2661316560026004,0.0,0.5,,,0,0
2022-12-27,4.33,,,21.65,3.84,4.32,-0.48,1.0654,79.45,,,,,2.3,1.2661316560026004,0.0,0.5,,,0,1
2022-12-28,4.33,,,22.14,3.88,4.31,-0.43,1.0622,78.89,,,,,2.3,1.2661316560026004,0.0,0.5,,,0,1
2022-12-29,4.33,,,21.44,3.83,4.34,-0.51,1.0668,78.43,,,,,2.3,1.2661316560026004,0.0,0.5,,,0,1
2022-12-30,4.33,,,21.67,3.88,4.41,-0.53,1.0698,80.16,,,,,2.3,1.2661316560026004,0.0,0.5,,,0,1
2022-12-31,4.33,,,,,,,,,,,,,2.3,1.2661316560026004,0.0,0.5,,,0,0
2023-01-01,4.33,3.5,300.456,,,,,,,64.9,102.7476,154780.0,1361.0,2.3,1.8246394100422947,0.0,0.5,,,0,0
2023-01-02,4.33,,,,,,,,,,,,,2.3,1.8246394100422947,0.0,0.5,,,0,0
2023-01-03,4.33,,,22.9,3.79,4.4,-0.61,1.0559,76.87,,,,,2.3,1.8246394100422947,0.0,0.5,,,0,1
2023-01-04,4.33,,,22.01,3.69,4.36,-0.67,1.062,72.82,,,,,2.3,1.8246394100422947,0.0,0.5,,,0,1
2023-01-05,4.33,,,22.46,3.71,4.45,-0.74,1.0522,73.61,,,,,2.3,1.8246394100422947,0.0,0.5,,,0,1
2023-01-06,4.33,,,21.13,3.55,4.24,-0.69,1.0619,73.77,,,,,2.3,1.8246394100422947,0.0,0.5,,,0,1
2023-01-07,4.33,,,,,,,,,,,,,2.3,1.8246394100422947,0.0,0.5,,,0,0
2023-01-08,4.33,,,,,,,,,,,,,2.3,1.8246394100422947,0.0,0.5,,,0,0
2023-01-09,4.33,,,21.97,3.53,4.19,-0.66,1.0759,74.69,,,,,2.3,1.8246394100422947,0.0,0.5,,,0,1
2023-01-10,4.33,,,20.58,3.61,4.24,-0.63,1.0737,75.11,,,,,2.3,1.8246394100422947,0.0,0.5,,,0,1
2023-01-11,4.33,,,21.09,3.54,4.2,-0.66,1.074,77.46,,,,,2.3,1.8246394100422947,0.0,0.5,,,0,1
2023-01-12,4.33,,,18.83,3.43,4.12,-0.69,1.0823,78.32,,,,,2.3,1.8246394100422947,0.0,0.5,,,0,1
2023-01-13,4.33,,,18.35,3.49,4.22,-0.73,1.0811,79.9,,,,,2.3,1.8246394100422947,0.0,0.5,,,0,1
2023-01-14,4.33,,,,,,,,,,,,,2.3,1.8246394100422947,0.0,0.5,,,0,0
2023-01-15,4.33,,,,,,,,,,,,,2.3,1.8246394100422947,0.0,0.5,,,0,0
2023-01-16,4.33,,,19.49,,,,,,,,,,2.3,1.8246394100422947,0.0,0.5,,,0,0
2023-01-17,4.33,,,19.36,3.53,4.18,-0.65,1.0793,80.25,,,,,2.3,1.8246394100422947,0.0,0.5,,,0,1
2023-01-18,4.33,,,20.34,3.37,4.06,-0.69,1.0827,79.53,,,,,2.3,1.8246394100422947,0.0,0.5,,,0,1
2023-01-19,4.33,,,20.52,3.39,4.09,-0.7,1.081,80.31,,,,,2.3,1.8246394100422947,0.0,0.5,,,0,1
2023-01-20,4.33,,,19.85,3.48,4.14,-0.66,1.0831,81.27,,,,,2.3,1.8246394100422947,0.0,0.5,,,0,1
2023-01-21,4.33,,,,,,,,,,,,,2.3,1.8702108903505765,0.0,0.5,,,0,0
2023-01-22,4.33,,,,,,,,,,,,,2.3,1.8702108903505765,0.0,0.5,,,0,0
2023-01-23,4.33,,,19.81,3.52,4.21,-0.69,1.0865,81.62,,,,,2.3,1.8702108903505765,0.0,0.5,,,0,1
2023-01-24,4.33,,,19.2,3.46,4.12,-0.66,1.0873,79.86,,,,,2.3,1.8702108903505765,0.0,0.5,,,0,1
2023-01-25,4.33,,,19.08,3.46,4.11,-0.65,1.0901,79.78,,,,,2.3,1.8702108903505765,0.0,0.5,,,0,1
2023-01-26,4.33,,,18.73,3.49,4.17,-0.68,1.0866,80.64,,,,,2.3,1.8702108903505765,0.0,0.5,,,0,1
2023-01-27,4.33,,,18.51,3.52,4.19,-0.67,1.0857,79.73,,,,,2.3,1.8702108903505765,0.0,0.5,,,0,1
2023-01-28,4.33,,,,,,,,,,,,,2.3,1.8702108903505765,0.0,0.5,,,0,0
2023-01-29,4.33,,,,,,,,,,,,,2.3,1.8702108903505765,0.0,0.5,,,0,0
2023-01-30,4.33,,,19.94,3.55,4.25,-0.7,1.0867,77.97,,,,,2.3,1.8702108903505765,0.0,0.5,,,0,1
2023-01-31,4.33,,,19.4,3.52,4.21,-0.69,1.0858,78.95,,,,,2.3,1.8702108903505765,0.0,0.5,,,0,1
2023-02-01,4.33,3.6,301.476,17.87,3.39,4.09,-0.7,1.0917,76.34,66.9,102.8003,155086.0,1399.0,2.3,2.2160439411405664,0.0,0.5,,,0,1
2023-02-02,4.58,,,18.73,3.4,4.09,-0.69,1.0918,75.87,,,,,2.3,2.2160439411405664,0.25,0.75,,,0,1
2023-02-03,4.58,,,18.33,3.53,4.3,-0.77,1.0825,73.4,,,,,2.3,2.2160439411405664,0.0,0.75,,,0,1
2023-02-04,4.58,,,,,,,,,,,,,2.3,2.2160439411405664,0.0,0.75,,,0,0
2023-02-05,4.58,,,,,,,,,,,,,2.3,2.2160439411405664,0.0,0.75,,,0,0
2023-02-06,4.58,,,19.43,3.63,4.44,-0.81,1.0722,74.11,,,,,2.3,2.2160439411405664,0.0,0.75,,,0,1
2023-02-07,4.58,,,18.66,3.67,4.47,-0.8,1.0705,77.17,,,,,2.3,2.2160439411405664,0.0,0.75,,,0,1
2023-02-08,4.58,,,19.63,3.63,4.45,-0.82,1.0734,78.47,,,,,2.3,2.2160439411405664,0.0,0.75,,,0,1
2023-02-09,4.57,,,20.71,3.67,4.48,-0.81,1.0761,78.04,,,,,2.3,2.2160439411405664,-0.009999999999999787,0.7400000000000002,,,0,1
2023-02-10,4.58,,,20.53,3.74,4.5,-0.76,1.067,79.74,,,,,2.3,2.2160439411405664,0.009999999999999787,0.75,,,0,1
2023-02-11,4.58,,,,,,,,,,,,,2.3,2.2160439411405664,0.0,0.75,,,0,0
2023-02-12,4.58,,,,,,,,,,,,,2.3,2.2160439411405664,0.0,0.75,,,0,0
2023-02-13,4.58,,,20.34,3.72,4.52,-0.8,1.0718,80.14,,,,,2.3,2.2160439411405664,0.0,0.25,,,0,1
2023-02-14,4.58,,,18.91,3.77,4.6,-0.83,1.0722,79.08,,,,,2.3,2.2160439411405664,0.0,0.25,,,0,1
2023-02-15,4.58,,,18.23,3.81,4.62,-0.81,1.0683,78.57,,,,,2.3,2.2160439411405664,0.0,0.25,,,0,1
2023-02-16,4.58,,,20.17,3.86,4.62,-0.76,1.0684,78.45,,,,,2.3,2.2160439411405664,0.0,0.25,,,0,1
2023-02-17,4.58,,,20.02,3.82,4.6,-0.78,1.0678,76.31,,,,,2.3,2.2160439411405664,0.0,0.25,,,0,1
2023-02-18,4.58,,,,,,,,,,,,,2.3,2.2160439411405664,0.0,0.25,,,0,0
2023-02-19,4.58,,,,,,,,,,,,,2.3,2.2160439411405664,0.0,0.25,,,0,0
2023-02-20,4.58,,,21.23,,,,,,,,,,2.3,2.2160439411405664,0.0,0.25,,,0,0
2023-02-21,4.58,,,22.87,3.95,4.67,-0.72,1.0657,76.28,,,,,2.3,2.1391642555613544,0.0,0.25,,,0,1
2023-02-22,4.58,,,22.29,3.93,4.66,-0.73,1.0623,73.95,,,,,2.3,2.1391642555613544,0.0,0.25,,,0,1
2023-02-23,4.58,,,21.14,3.88,4.66,-0.78,1.0583,75.26,,,,,2.3,2.1391642555613544,0.0,0.25,,,0,1
2023-02-24,4.58,,,21.67,3.95,4.78,-0.83,1.0545,76.19,,,,,2.3,2.1391642555613544,0.0,0.25,,,0,1
2023-02-25,4.58,,,,,,,,,,,,,2.3,2.1391642555613544,0.0,0.25,,,0,0
2023-02-26,4.58,,,,,,,,,,,,,2.3,2.1391642555613544,0.0,0.25,,,0,0
2023-02-27,4.57,,,20.95,3.92,4.78,-0.86,1.0596,75.57,,,,,2.3,2.1391642555613544,-0.009999999999999787,0.2400000000000002,,,0,1
2023-02-28,4.57,,,20.7,3.92,4.81,-0.89,1.0602,76.88,,,,,2.3,2.1391642555613544,0.0,0.2400000000000002,,,0,1
2023-03-01,4.58,3.5,301.643,20.58,4.01,4.89,-0.88,1.0674,77.57,62.0,102.8143,155171.0,1377.0,30.5,2.1957433544968596,0.009999999999999787,0.25,,,0,1
2023-03-01,4.58,3.5,301.643,20.58,4.01,4.89,-0.88,1.0674,77.57,62.0,102.8143,155171.0,1377.0,2.9,2.1957433544968596,0.0,0.25,0.0,,0,1
2023-03-01,4.58,3.5,301.643,20.58,4.01,4.89,-0.88,1.0674,77.57,62.0,102.8143,155171.0,1377.0,3.2,2.1957433544968596,0.0,0.25,0.0,,0,1
2023-03-01,4.58,3.5,301.643,20.58,4.01,4.89,-0.88,1.0674,77.57,62.0,102.8143,155171.0,1377.0,6.8,2.1957433544968596,0.0,0.25,0.0,,0,1
2023-03-01,4.58,3.5,301.643,20.58,4.01,4.89,-0.88,1.0674,77.57,62.0,102.8143,155171.0,1377.0,8.5,2.1957433544968596,0.0,0.25,0.0,,0,1
2023-03-01,4.58,3.5,301.643,20.58,4.01,4.89,-0.88,1.0674,77.57,62.0,102.8143,155171.0,1377.0,3.8,2.1957433544968596,0.0,0.25,0.0,,0,1
2023-03-01,4.58,3.5,301.643,20.58,4.01,4.89,-0.88,1.0674,77.57,62.0,102.8143,155171.0,1377.0,-0.2,2.1957433544968596,0.0,0.25,0.0,,0,1
2023-03-01,4.58,3.5,301.643,20.58,4.01,4.89,-0.88,1.0674,77.57,62.0,102.8143,155171.0,1377.0,18.0,2.1957433544968596,0.0,0.25,0.0,,0,1
2023-03-01,4.58,3.5,301.643,20.58,4.01,4.89,-0.88,1.0674,77.57,62.0,102.8143,155171.0,1377.0,0.0,2.1957433544968596,0.0,0.25,0.0,,0,1
2023-03-01,4.58,3.5,301.643,20.58,4.01,4.89,-0.88,1.0674,77.57,62.0,102.8143,155171.0,1377.0,4.9,2.1957433544968596,0.0,0.25,0.0,,0,1
2023-03-01,4.58,3.5,301.643,20.58,4.01,4.89,-0.88,1.0674,77.57,62.0,102.8143,155171.0,1377.0,-6.6,2.1957433544968596,0.0,0.25,0.0,,0,1
2023-03-01,4.58,3.5,301.643,20.58,4.01,4.89,-0.88,1.0674,77.57,62.0,102.8143,155171.0,1377.0,4.6,2.1957433544968596,0.0,0.25,0.0,,0,1
2023-03-01,4.58,3.5,301.643,20.58,4.01,4.89,-0.88,1.0674,77.57,62.0,102.8143,155171.0,1377.0,-1.0,2.1957433544968596,0.0,0.25,0.0,,0,1
2023-03-01,4.58,3.5,301.643,20.58,4.01,4.89,-0.88,1.0674,77.57,62.0,102.8143,155171.0,1377.0,4.5,2.1957433544968596,0.0,0.25,0.0,,0,1
2023-03-01,4.58,3.5,301.643,20.58,4.01,4.89,-0.88,1.0674,77.57,62.0,102.8143,155171.0,1377.0,3.6,2.1957433544968596,0.0,0.25,0.0,,0,1
2023-03-01,4.58,3.5,301.643,20.58,4.01,4.89,-0.88,1.0674,77.57,62.0,102.8143,155171.0,1377.0,4.1,2.1957433544968596,0.0,0.25,0.0,,0,1
2023-03-01,4.58,3.5,301.643,20.58,4.01,4.89,-0.88,1.0674,77.57,62.0,102.8143,155171.0,1377.0,-1.3,2.1957433544968596,0.0,0.25,0.0,,0,1
2023-03-01,4.58,3.5,301.643,20.58,4.01,4.89,-0.88,1.0674,77.57,62.0,102.8143,155171.0,1377.0,6.1,2.1957433544968596,0.0,0.25,0.0,20.604499999999998,0,1
2023-03-01,4.58,3.5,301.643,20.58,4.01,4.89,-0.88,1.0674,77.57,62.0,102.8143,155171.0,1377.0,-0.8,2.1957433544968596,0.0,0.25,0.0,20.586,0,1
2023-03-01,4.58,3.5,301.643,20.58,4.01,4.89,-0.88,1.0674,77.57,62.0,102.8143,155171.0,1377.0,-7.1,2.1957433544968596,0.0,0.25,0.0,20.58,0,1
2023-03-01,4.58,3.5,301.643,20.58,4.01,4.89,-0.88,1.0674,77.57,62.0,102.8143,155171.0,1377.0,5.5,2.1957433544968596,0.0,0.25,0.0,20.58,0,1
2023-03-01,4.58,3.5,301.643,20.58,4.01,4.89,-0.88,1.0674,77.57,62.0,102.8143,155171.0,1377.0,4.1,2.1957433544968596,0.0,0.25,0.0,20.58,0,1
2023-03-01,4.58,3.5,301.643,20.58,4.01,4.89,-0.88,1.0674,77.57,62.0,102.8143,155171.0,1377.0,1.8,2.1957433544968596,0.0,0.25,0.0,20.58,0,1
2023-03-01,4.58,3.5,301.643,20.58,4.01,4.89,-0.88,1.0674,77.57,62.0,102.8143,155171.0,1377.0,7.2,1.761683551435289,0.0,0.25,0.0,20.58,0,1
2023-03-01,4.58,3.5,301.643,20.58,4.01,4.89,-0.88,1.0674,77.57,62.0,102.8143,155171.0,1377.0,4.1,1.761683551435289,0.0,0.25,0.0,20.58,0,1
2023-03-02,4.57,,,19.59,4.08,4.89,-0.81,1.0595,78.05,,,,,4.1,1.761683551435289,-0.009999999999999787,0.2400000000000002,,20.5305,0,1
2023-03-03,4.57,,,18.49,3.97,4.86,-0.89,1.0616,79.62,,,,,4.1,1.761683551435289,0.0,0.2400000000000002,,20.425999999999995,0,1
2023-03-04,4.57,,,,,,,,,,,,,4.1,1.761683551435289,0.0,0.2400000000000002,,,0,0
2023-03-05,4.57,,,,,,,,,,,,,4.1,1.761683551435289,0.0,0.2400000000000002,,,0,0
2023-03-06,4.57,,,18.61,3.98,4.89,-0.91,1.0694,80.39,,,,,4.1,1.761683551435289,0.0,0.2400000000000002,,,0,1
2023-03-07,4.57,,,19.59,3.97,5.0,-1.03,1.0573,77.45,,,,,4.1,1.761683551435289,0.0,0.2400000000000002,,,0,1
2023-03-08,4.57,,,19.11,3.98,5.05,-1.07,1.0549,76.56,,,,,4.1,1.761683551435289,0.0,0.2400000000000002,,,0,1
2023-03-09,4.57,,,22.61,3.93,4.9,-0.97,1.0577,75.6,,,,,4.1,1.761683551435289,0.0,0.2400000000000002,,,0,1
2023-03-10,4.57,,,24.8,3.7,4.6,-0.9,1.0659,76.55,,,,,4.1,1.761683551435289,0.0,-0.009999999999999787,,,0,1
2023-03-11,4.57,,,,,,,,,,,,,4.1,1.761683551435289,0.0,-0.009999999999999787,,,0,0
2023-03-12,4.57,,,,,,,,,,,,,4.1,1.761683551435289,0.0,-0.009999999999999787,,,0,0
2023-03-13,4.58,,,26.52,3.55,4.03,-0.48,1.0733,74.68,,,,,4.1,1.761683551435289,0.009999999999999787,0.0,,,0,1
2023-03-14,4.58,,,23.73,3.64,4.2,-0.56,1.0722,71.18,,,,,4.1,1.761683551435289,0.0,0.0,,,0,1
2023-03-15,4.58,,,26.14,3.51,3.93,-0.42,1.0535,67.38,,,,,4.1,1.761683551435289,0.0,0.0,,,0,1
2023-03-16,4.58,,,22.99,3.56,4.14,-0.58,1.0622,68.15,,,,,4.1,1.761683551435289,0.0,0.0,,,0,1
2023-03-17,4.58,,,25.51,3.39,3.81,-0.42,1.0647,66.61,,,,,4.1,1.761683551435289,0.0,0.009999999999999787,,,0,1
2023-03-18,4.58,,,,,,,,,,,,,4.1,1.761683551435289,0.0,0.0,,,0,0
2023-03-19,4.58,,,,,,,,,,,,,4.1,1.761683551435289,0.0,0.0,,,0,0
2023-03-20,4.58,,,24.15,3.47,3.92,-0.45,1.0722,67.56,,,,,4.1,1.761683551435289,0.0,0.0,,,0,1
2023-03-21,4.58,,,21.38,3.59,4.17,-0.58,1.0769,69.4,,,,,4.1,1.761683551435289,0.0,0.0,,,0,1
2023-03-22,4.58,,,22.26,3.48,3.96,-0.48,1.0792,70.71,,,,,4.1,1.761683551435289,0.0,0.0,,,0,1
2023-03-23,4.83,,,22.61,3.38,3.76,-0.38,1.089,69.77,,,,,4.1,1.761683551435289,0.25,0.25,,,0,1
2023-03-24,4.83,,,21.74,3.38,3.76,-0.38,1.0762,69.22,,,,,4.1,1.761683551435289,0.0,0.25,,,0,1
2023-03-25,4.83,,,,,,,,,,,,,4.1,1.761683551435289,0.0,0.25,,,0,0
2023-03-26,4.83,,,,,,,,,,,,,4.1,1.761683551435289,0.0,0.25,,,0,0
2023-03-27,4.83,,,20.6,3.53,3.94,-0.41,1.0789,72.87,,,,,4.1,1.761683551435289,0.0,0.25,,,0,1
2023-03-28,4.83,,,19.97,3.55,4.02,-0.47,1.0844,73.12,,,,,4.1,1.761683551435289,0.0,0.25,,,0,1
2023-03-29,4.83,,,19.12,3.57,4.08,-0.51,1.0826,72.95,,,,,4.1,1.761683551435289,0.0,0.25,,,0,1
2023-03-30,4.83,,,19.02,3.55,4.1,-0.55,1.0899,74.32,,,,,4.1,1.761683551435289,0.0,0.25,,,0,1
2023-03-31,4.83,,,18.7,3.48,4.06,-0.58,1.0872,75.68,,,,,4.1,1.761683551435289,0.0,0.25,,,0,1
2023-04-01,4.83,3.4,302.858,,,,,,,63.7,103.2241,155387.0,1354.0,4.1,2.171573538986782,0.0,0.25,,,0,0
2023-04-02,4.83,,,,,,,,,,,,,4.1,2.171573538986782,0.0,0.25,,,0,0
2023-04-03,4.83,,,18.55,3.43,3.97,-0.54,1.0891,80.4,,,,,4.1,2.171573538986782,0.0,0.25,,,0,1
2023-04-04,4.83,,,19.0,3.35,3.84,-0.49,1.0951,80.7,,,,,4.1,2.171573538986782,0.0,0.2599999999999998,,,0,1
2023-04-05,4.83,,,19.08,3.3,3.79,-0.49,1.0918,80.69,,,,,4.1,2.171573538986782,0.0,0.2599999999999998,,,0,1
2023-04-06,4.83,,,18.4,3.3,3.82,-0.52,1.0927,80.7,,,,,4.1,2.171573538986782,0.0,0.25,,,0,1
2023-04-07,4.83,,,,3.39,3.97,-0.58,1.0913,,,,,,4.1,2.171573538986782,0.0,0.25,,,0,1
2023-04-08,4.83,,,,,,,,,,,,,4.1,2.171573538986782,0.0,0.25,,,0,0
2023-04-09,4.83,,,,,,,,,,,,,4.1,2.171573538986782,0.0,0.25,,,0,0
2023-04-10,4.83,,,18.97,3.41,4.0,-0.59,1.084,79.79,,,,,4.1,2.171573538986782,0.0,0.25,,,0,1
2023-04-11,4.83,,,19.1,3.43,4.03,-0.6,1.0906,81.54,,,,,4.1,2.171573538986782,0.0,0.25,,,0,1
2023-04-12,4.83,,,19.09,3.41,3.95,-0.54,1.0987,83.26,,,,,4.1,2.171573538986782,0.0,0.25,,,0,1
2023-04-13,4.83,,,17.8,3.45,3.96,-0.51,1.1054,82.16,,,,,4.1,2.171573538986782,0.0,0.25,,,0,1
2023-04-14,4.83,,,17.07,3.52,4.08,-0.56,1.098,82.58,,,,,4.1,2.171573538986782,0.0,0.25,,,0,1
2023-04-15,4.83,,,,,,,,,,,,,4.1,2.171573538986782,0.0,0.25,,,0,0
2023-04-16,4.83,,,,,,,,,,,,,4.1,2.171573538986782,0.0,0.25,,,0,0
2023-04-17,4.83,,,16.95,3.6,4.18,-0.58,1.0915,80.93,,,,,4.1,2.171573538986782,0.0,0.25,,,0,1
2023-04-18,4.83,,,16.83,3.58,4.19,-0.61,1.0958,80.85,,,,,4.1,2.171573538986782,0.0,0.25,,,0,1
2023-04-19,4.83,,,16.46,3.6,4.24,-0.64,1.0953,79.18,,,,,4.1,2.171573538986782,0.0,0.25,,,0,1
2023-04-20,4.83,,,17.17,3.54,4.14,-0.6,1.097,77.27,,,,,4.1,2.171573538986782,0.0,0.25,,,0,1
2023-04-21,4.83,,,16.77,3.57,4.17,-0.6,1.0973,77.86,,,,,4.1,2.171573538986782,0.0,0.25,,,0,1
2023-04-22,4.83,,,,,,,,,,,,,4.1,2.171573538986782,0.0,0.25,,,0,0
2023-04-23,4.83,,,,,,,,,,,,,4.1,1.6373637068384017,0.0,0.25,,,0,0
2023-04-24,4.83,,,16.89,3.52,4.12,-0.6,1.1027,78.64,,,,,4.1,1.6373637068384017,0.0,0.25,,,0,1
2023-04-25,4.83,,,18.76,3.4,3.86,-0.46,1.0968,77.05,,,,,4.1,1.6373637068384017,0.0,0.25,,,0,1
2023-04-26,4.83,,,18.84,3.43,3.9,-0.47,1.1052,74.33,,,,,4.1,1.6373637068384017,0.0,0.25,,,0,1
2023-04-27,4.83,,,17.03,3.53,4.07,-0.54,1.1017,74.77,,,,,4.1,1.6373637068384017,0.0,0.25,,,0,1
2023-04-28,4.83,,,15.78,3.44,4.04,-0.6,1.104,76.78,,,,,4.1,1.6373637068384017,0.0,0.25,,,0,1
2023-04-29,4.83,,,,,,,,,,,,,4.1,1.6373637068384017,0.0,0.25,,,0,0
2023-04-30,4.83,,,,,,,,,,,,,4.1,1.6373637068384017,0.0,0.25,,,0,0
2023-05-01,4.83,3.6,303.316,16.08,3.59,4.14,-0.55,1.097,75.65,59.0,102.9809,155614.0,1584.0,4.1,1.79106581336268,0.0,0.2599999999999998,,,0,1
2023-05-02,4.83,,,17.78,3.44,3.97,-0.53,1.0997,71.71,,,,,4.1,1.79106581336268,0.0,0.2599999999999998,,,0,1
2023-05-03,4.83,,,18.34,3.38,3.89,-0.51,1.1049,68.62,,,,,4.1,1.79106581336268,0.0,0.2599999999999998,,,0,1
2023-05-04,5.08,,,20.09,3.37,3.75,-0.38,1.1009,68.52,,,,,4.1,1.79106581336268,0.25,0.5099999999999998,,,0,1
2023-05-05,5.08,,,17.19,3.44,3.92,-0.48,1.1026,71.32,,,,,4.1,1.79106581336268,0.0,0.5099999999999998,,,0,1
2023-05-06,5.08,,,,,,,,,,,,,4.1,1.79106581336268,0.0,0.5099999999999998,,,0,0
2023-05-07,5.08,,,,,,,,,,,,,4.1,1.79106581336268,0.0,0.5099999999999998,,,0,0
2023-05-08,5.08,,,16.98,3.52,4.0,-0.48,1.102,73.13,,,,,4.1,1.79106581336268,0.0,0.5099999999999998,,,0,1
2023-05-09,5.08,,,17.71,3.53,4.01,-0.48,1.0953,73.68,,,,,4.1,1.79106581336268,0.0,0.5099999999999998,,,0,1
2023-05-10,5.08,,,16.94,3.43,3.9,-0.47,1.0966,72.53,,,,,4.1,1.79106581336268,0.0,0.5099999999999998,,,0,1
2023-05-11,5.08,,,16.93,3.39,3.89,-0.5,1.0916,70.81,,,,,4.1,1.79106581336268,0.0,0.5099999999999998,,,0,1
2023-05-12,5.08,,,17.03,3.46,3.98,-0.52,1.0856,70.02,,,,,4.1,1.79106581336268,0.0,0.5,,,0,1
2023-05-13,5.08,,,,,,,,,,,,,4.1,1.79106581336268,0.0,0.5,,,0,0
2023-05-14,5.08,,,,,,,,,,,,,4.1,1.79106581336268,0.0,0.5,,,0,0
2023-05-15,5.08,,,17.12,3.5,3.99,-0.49,1.0874,71.07,,,,,4.1,1.79106581336268,0.0,0.5,,,0,1
2023-05-16,5.08,,,17.99,3.54,4.06,-0.52,1.0866,70.85,,,,,4.1,1.79106581336268,0.0,0.5,,,0,1
2023-05-17,5.08,,,16.87,3.57,4.12,-0.55,1.083,72.78,,,,,4.1,1.79106581336268,0.0,0.5,,,0,1
2023-05-18,5.08,,,16.05,3.65,4.24,-0.59,1.0776,71.82,,,,,4.1,1.79106581336268,0.0,0.5,,,0,1
2023-05-19,5.08,,,16.81,3.7,4.28,-0.58,1.0819,71.57,,,,,4.1,1.79106581336268,0.0,0.5,,,0,1
2023-05-20,5.08,,,,,,,,,,,,,4.1,1.79106581336268,0.0,0.5,,,0,0
2023-05-21,5.08,,,,,,,,,,,,,4.1,1.79106581336268,0.0,0.5,,,0,0
2023-05-22,5.08,,,17.21,3.72,4.29,-0.57,1.0806,71.81,,,,,4.1,1.79106581336268,0.0,0.25,,,0,1
2023-05-23,5.08,,,18.53,3.7,4.26,-0.56,1.0771,72.87,,,,,4.1,1.79106581336268,0.0,0.25,,,0,1
2023-05-24,5.08,,,20.03,3.73,4.31,-0.58,1.0758,74.37,,,,,4.1,1.5426436519945685,0.0,0.25,,,0,1
2023-05-25,5.08,,,19.14,3.83,4.5,-0.67,1.0725,71.68,,,,,4.1,1.5426436519945685,0.0,0.25,,,0,1
2023-05-26,5.08,,,17.95,3.8,4.54,-0.74,1.0713,72.35,,,,,4.1,1.5426436519945685,0.0,0.25,,,0,1
2023-05-27,5.08,,,,,,,,,,,,,4.1,1.5426436519945685,0.0,0.25,,,0,0
2023-05-28,5.08,,,,,,,,,,,,,4.1,1.5426436519945685,0.0,0.25,,,0,0
2023-05-29,5.08,,,17.46,,,,,,,,,,4.1,1.5426436519945685,0.0,0.25,,,0,0
2023-05-30,5.08,,,17.46,3.69,4.46,-0.77,1.0722,69.45,,,,,4.1,1.5426436519945685,0.0,0.25,,,0,1
2023-05-31,5.08,,,17.94,3.64,4.4,-0.76,1.0654,68.11,,,,,4.1,1.5426436519945685,0.0,0.25,,,0,1
2023-06-01,5.08,3.6,304.099,15.65,3.61,4.33,-0.72,1.0752,70.09,64.2,102.3809,155871.0,1421.0,2.4,1.8047725537983395,0.0,0.25,,,0,1
2023-06-01,5.08,3.6,304.099,15.65,3.61,4.33,-0.72,1.0752,70.09,64.2,102.3809,155871.0,1421.0,4.2,1.8047725537983395,0.0,0.25,0.0,,0,1
2023-06-01,5.08,3.6,304.099,15.65,3.61,4.33,-0.72,1.0752,70.09,64.2,102.3809,155871.0,1421.0,3.3,1.8047725537983395,0.0,0.25,0.0,,0,1
2023-06-01,5.08,3.6,304.099,15.65,3.61,4.33,-0.72,1.0752,70.09,64.2,102.3809,155871.0,1421.0,0.4,1.8047725537983395,0.0,0.25,0.0,,0,1
2023-06-01,5.08,3.6,304.099,15.65,3.61,4.33,-0.72,1.0752,70.09,64.2,102.3809,155871.0,1421.0,0.1,1.8047725537983395,0.0,0.25,0.0,,0,1
2023-06-01,5.08,3.6,304.099,15.65,3.61,4.33,-0.72,1.0752,70.09,64.2,102.3809,155871.0,1421.0,2.0,1.8047725537983395,0.0,0.25,0.0,,0,1
2023-06-01,5.08,3.6,304.099,15.65,3.61,4.33,-0.72,1.0752,70.09,64.2,102.3809,155871.0,1421.0,-5.3,1.8047725537983395,0.0,0.25,0.0,,0,1
2023-06-01,5.08,3.6,304.099,15.65,3.61,4.33,-0.72,1.0752,70.09,64.2,102.3809,155871.0,1421.0,4.7,1.8047725537983395,0.0,0.25,0.0,,0,1
2023-06-01,5.08,3.6,304.099,15.65,3.61,4.33,-0.72,1.0752,70.09,64.2,102.3809,155871.0,1421.0,1.5,1.8047725537983395,0.0,0.25,0.0,,0,1
2023-06-01,5.08,3.6,304.099,15.65,3.61,4.33,-0.72,1.0752,70.09,64.2,102.3809,155871.0,1421.0,7.2,1.8047725537983395,0.0,0.25,0.0,,0,1
2023-06-01,5.08,3.6,304.099,15.65,3.61,4.33,-0.72,1.0752,70.09,64.2,102.3809,155871.0,1421.0,-3.1,1.8047725537983395,0.0,0.25,0.0,,0,1
2023-06-01,5.08,3.6,304.099,15.65,3.61,4.33,-0.72,1.0752,70.09,64.2,102.3809,155871.0,1421.0,-0.1,1.8047725537983395,0.0,0.25,0.0,,0,1
2023-06-01,5.08,3.6,304.099,15.65,3.61,4.33,-0.72,1.0752,70.09,64.2,102.3809,155871.0,1421.0,-4.3,1.8047725537983395,0.0,0.25,0.0,,0,1
2023-06-01,5.08,3.6,304.099,15.65,3.61,4.33,-0.72,1.0752,70.09,64.2,102.3809,155871.0,1421.0,7.2,1.8047725537983395,0.0,0.25,0.0,,0,1
2023-06-01,5.08,3.6,304.099,15.65,3.61,4.33,-0.72,1.0752,70.09,64.2,102.3809,155871.0,1421.0,-2.1,1.8047725537983395,0.0,0.25,0.0,,0,1
2023-06-01,5.08,3.6,304.099,15.65,3.61,4.33,-0.72,1.0752,70.09,64.2,102.3809,155871.0,1421.0,5.4,1.8047725537983395,0.0,0.25,0.0,,0,1
2023-06-01,5.08,3.6,304.099,15.65,3.61,4.33,-0.72,1.0752,70.09,64.2,102.3809,155871.0,1421.0,20.1,1.8047725537983395,0.0,0.25,0.0,15.945500000000001,0,1
2023-06-01,5.08,3.6,304.099,15.65,3.61,4.33,-0.72,1.0752,70.09,64.2,102.3809,155871.0,1421.0,9.5,1.8047725537983395,0.0,0.25,0.0,15.855,0,1
2023-06-01,5.08,3.6,304.099,15.65,3.61,4.33,-0.72,1.0752,70.09,64.2,102.3809,155871.0,1421.0,2.5,1.8047725537983395,0.0,0.25,0.0,15.764499999999998,0,1
2023-06-01,5.08,3.6,304.099,15.65,3.61,4.33,-0.72,1.0752,70.09,64.2,102.3809,155871.0,1421.0,-10.4,1.8047725537983395,0.0,0.25,0.0,15.65,0,1
2023-06-01,5.08,3.6,304.099,15.65,3.61,4.33,-0.72,1.0752,70.09,64.2,102.3809,155871.0,1421.0,11.0,1.8047725537983395,0.0,0.25,0.0,15.65,0,1
2023-06-01,5.08,3.6,304.099,15.65,3.61,4.33,-0.72,1.0752,70.09,64.2,102.3809,155871.0,1421.0,4.7,1.8047725537983395,0.0,0.25,0.0,15.65,0,1
2023-06-01,5.08,3.6,304.099,15.65,3.61,4.33,-0.72,1.0752,70.09,64.2,102.3809,155871.0,1421.0,12.6,1.7707022569676933,0.0,0.25,0.0,15.65,0,1
2023-06-01,5.08,3.6,304.099,15.65,3.61,4.33,-0.72,1.0752,70.09,64.2,102.3809,155871.0,1421.0,5.6,1.7707022569676933,0.0,0.25,0.0,15.65,0,1
2023-06-01,5.08,3.6,304.099,15.65,3.61,4.33,-0.72,1.0752,70.09,64.2,102.3809,155871.0,1421.0,0.6,1.7707022569676933,0.0,0.25,0.0,15.65,0,1
2023-06-02,5.08,,,14.6,3.69,4.5,-0.81,1.0724,71.76,,,,,0.6,1.7707022569676933,0.0,0.25,,15.597500000000002,0,1
2023-06-03,5.08,,,,,,,,,,,,,0.6,1.7707022569676933,0.0,0.25,,,0,0
2023-06-04,5.08,,,,,,,,,,,,,0.6,1.7707022569676933,0.0,0.25,,,0,0
2023-06-05,5.08,,,14.73,3.69,4.46,-0.77,1.0721,72.14,,,,,0.6,1.7707022569676933,0.0,0.25,,,0,1
2023-06-06,5.08,,,13.96,3.7,4.51,-0.81,1.0695,71.71,,,,,0.6,1.7707022569676933,0.0,0.25,,,0,1
2023-06-07,5.08,,,13.94,3.79,4.56,-0.77,1.0702,72.52,,,,,0.6,1.7707022569676933,0.0,0.25,,,0,1
2023-06-08,5.08,,,13.65,3.73,4.52,-0.79,1.078,71.28,,,,,0.6,1.7707022569676933,0.0,0.25,,,0,1
2023-06-09,5.08,,,13.83,3.75,4.59,-0.84,1.0749,70.16,,,,,0.6,1.7707022569676933,0.0,0.0,,,0,1
2023-06-10,5.08,,,,,,,,,,,,,0.6,1.7707022569676933,0.0,0.0,,,0,0
2023-06-11,5.08,,,,,,,,,,,,,0.6,1.7707022569676933,0.0,0.0,,,0,0
2023-06-12,5.08,,,15.01,3.73,4.55,-0.82,1.0747,67.08,,,,,0.6,1.7707022569676933,0.0,0.0,,,0,1
2023-06-13,5.08,,,14.61,3.84,4.67,-0.83,1.0792,69.39,,,,,0.6,1.7707022569676933,0.0,0.0,,,0,1
2023-06-14,5.08,,,13.88,3.83,4.74,-0.91,1.0859,68.22,,,,,0.6,1.7707022569676933,0.0,0.0,,,0,1
2023-06-15,5.07,,,14.5,3.72,4.62,-0.9,1.0933,70.61,,,,,0.6,1.7707022569676933,-0.009999999999999787,-0.009999999999999787,,,0,1
2023-06-16,5.08,,,13.54,3.77,4.7,-0.93,1.0925,71.81,,,,,0.6,1.7707022569676933,0.009999999999999787,0.0,,,0,1
2023-06-17,5.08,,,,,,,,,,,,,0.6,1.7707022569676933,0.0,0.0,,,0,0
2023-06-18,5.08,,,,,,,,,,,,,0.6,1.7707022569676933,0.0,0.0,,,0,0
2023-06-19,5.08,,,14.19,,,,,,,,,,0.6,1.7707022569676933,0.0,0.0,,,0,0
2023-06-20,5.07,,,13.88,3.74,4.68,-0.94,1.09,70.94,,,,,0.6,1.7707022569676933,-0.009999999999999787,-0.009999999999999787,,,0,1
2023-06-21,5.07,,,13.2,3.72,4.68,-0.96,1.0951,72.55,,,,,0.6,1.7707022569676933,0.0,-0.009999999999999787,,,0,1
2023-06-22,5.07,,,12.91,3.8,4.77,-0.97,1.0953,69.22,,,,,0.6,1.7707022569676933,0.0,-0.009999999999999787,,,0,1
2023-06-23,5.07,,,13.44,3.74,4.71,-0.97,1.0887,68.91,,,,,0.6,1.7707022569676933,0.0,-0.009999999999999787,,,0,1
2023-06-24,5.07,,,,,,,,,,,,,0.6,1.7707022569676933,0.0,-0.009999999999999787,,,0,0
2023-06-25,5.07,,,,,,,,,,,,,0.6,1.7707022569676933,0.0,-0.009999999999999787,,,0,0
2023-06-26,5.07,,,14.25,3.72,4.65,-0.93,1.091,69.09,,,,,0.6,1.7707022569676933,0.0,-0.009999999999999787,,,0,1
2023-06-27,5.07,,,13.74,3.77,4.74,-0.97,1.0961,67.68,,,,,0.6,1.7707022569676933,0.0,-0.009999999999999787,,,0,1
2023-06-28,5.07,,,13.43,3.71,4.71,-1.0,1.0904,69.54,,,,,0.6,1.7707022569676933,0.0,-0.009999999999999787,,,0,1
2023-06-29,5.07,,,13.54,3.85,4.87,-1.02,1.0881,69.85,,,,,0.6,1.7707022569676933,0.0,-0.009999999999999787,,,0,1
2023-06-30,5.08,,,13.59,3.81,4.87,-1.06,1.092,70.66,,,,,0.6,1.7707022569676933,0.009999999999999787,0.0,,,0,1
2023-07-01,5.08,3.5,304.615,,,,,,,71.5,103.0722,156019.0,1460.0,0.6,1.94338839656234,0.0,0.0,,,0,0
2023-07-02,5.08,,,,,,,,,,,,,0.6,1.94338839656234,0.0,0.0,,,0,0
2023-07-03,5.08,,,13.57,3.86,4.94,-1.08,1.0919,69.71,,,,,0.6,1.94338839656234,0.0,0.0,,,0,1
2023-07-04,5.08,,,13.7,,,,,,,,,,0.6,1.94338839656234,0.0,0.0,,,0,0
2023-07-05,5.08,,,14.18,3.95,4.94,-0.99,1.0868,71.78,,,,,0.6,1.94338839656234,0.0,0.0,,,0,1
2023-07-06,5.08,,,15.44,4.05,4.99,-0.94,1.0873,71.76,,,,,0.6,1.94338839656234,0.0,0.0,,,0,1
2023-07-07,5.08,,,14.83,4.06,4.94,-0.88,1.0964,73.91,,,,,0.6,1.94338839656234,0.0,0.0,,,0,1
2023-07-08,5.08,,,,,,,,,,,,,0.6,1.94338839656234,0.0,0.0,,,0,0
2023-07-09,5.08,,,,,,,,,,,,,0.6,1.94338839656234,0.0,0.0,,,0,0
2023-07-10,5.07,,,15.07,4.01,4.85,-0.84,1.0991,73.05,,,,,0.6,1.94338839656234,-0.009999999999999787,-0.009999999999999787,,,0,1
2023-07-11,5.08,,,14.84,3.99,4.88,-0.89,1.0992,74.87,,,,,0.6,1.94338839656234,0.009999999999999787,0.0,,,0,1
2023-07-12,5.08,,,13.54,3.86,4.72,-0.86,1.1123,75.77,,,,,0.6,1.94338839656234,0.0,0.0,,,0,1
2023-07-13,5.08,,,13.61,3.76,4.59,-0.83,1.1194,76.86,,,,,0.6,1.94338839656234,0.0,0.0,,,0,1
2023-07-14,5.08,,,13.34,3.83,4.74,-0.91,1.1237,75.44,,,,,0.6,1.94338839656234,0.0,0.0,,,0,1
2023-07-15,5.08,,,,,,,,,,,,,0.6,1.94338839656234,0.0,0.0,,,0,0
2023-07-16,5.08,,,,,,,,,,,,,0.6,1.94338839656234,0.0,0.0,,,0,0
2023-07-17,5.08,,,13.48,3.81,4.74,-0.93,1.1236,74.17,,,,,0.6,1.94338839656234,0.0,0.0,,,0,1
2023-07-18,5.08,,,13.3,3.8,4.74,-0.94,1.1223,75.76,,,,,0.6,1.94338839656234,0.0,0.0,,,0,1
2023-07-19,5.08,,,13.76,3.75,4.74,-0.99,1.1195,75.4,,,,,0.6,1.94338839656234,0.0,0.0,,,0,1
2023-07-20,5.08,,,13.99,3.85,4.8,-0.95,1.1135,75.65,,,,,0.6,1.94338839656234,0.0,0.0,,,0,1
2023-07-21,5.08,,,13.6,3.84,4.82,-0.98,1.112,77.06,,,,,0.6,1.94338839656234,0.0,0.0,,,0,1
2023-07-22,5.08,,,,,,,,,,,,,0.6,1.94338839656234,0.0,0.0,,,0,0
2023-07-23,5.08,,,,,,,,,,,,,0.6,1.94338839656234,0.0,0.0,,,0,0
2023-07-24,5.08,,,13.91,3.86,4.81,-0.95,1.1083,78.81,,,,,0.6,1.3842293047900522,0.0,0.0,,,0,1
2023-07-25,5.08,,,13.86,3.91,4.85,-0.94,1.105,79.76,,,,,0.6,1.3842293047900522,0.0,0.0,,,0,1
2023-07-26,5.08,,,13.19,3.86,4.82,-0.96,1.1078,79.11,,,,,0.6,1.3842293047900522,0.0,0.0,,,0,1
2023-07-27,5.33,,,14.41,4.01,4.91,-0.9,1.0998,80.17,,,,,0.6,1.3842293047900522,0.25,0.25,,,0,1
2023-07-28,5.33,,,13.33,3.96,4.87,-0.91,1.1039,80.55,,,,,0.6,1.3842293047900522,0.0,0.25,,,0,1
2023-07-29,5.33,,,,,,,,,,,,,0.6,1.3842293047900522,0.0,0.25,,,0,0
2023-07-30,5.33,,,,,,,,,,,,,0.6,1.3842293047900522,0.0,0.25,,,0,0
2023-07-31,5.33,,,13.63,3.97,4.88,-0.91,1.102,81.8,,,,,0.6,1.3842293047900522,0.0,0.25,,,0,1
2023-08-01,5.33,3.7,306.138,13.93,4.05,4.92,-0.87,1.0971,81.37,69.4,103.0951,156176.0,1317.0,0.6,1.8911254892563178,0.0,0.25,,,0,1
2023-08-02,5.33,,,16.09,4.08,4.88,-0.8,1.0939,79.5,,,,,0.6,1.8911254892563178,0.0,0.25,,,0,1
2023-08-03,5.33,,,15.92,4.2,4.9,-0.7,1.0947,81.56,,,,,0.6,1.8911254892563178,0.0,0.25,,,0,1
2023-08-04,5.33,,,17.1,4.05,4.78,-0.73,1.1036,82.76,,,,,0.6,1.8911254892563178,0.0,0.25,,,0,1
2023-08-05,5.33,,,,,,,,,,,,,0.6,1.8911254892563178,0.0,0.25,,,0,0
2023-08-06,5.33,,,,,,,,,,,,,0.6,1.8911254892563178,0.0,0.25,,,0,0
2023-08-07,5.33,,,15.77,4.09,4.76,-0.67,1.1,81.94,,,,,0.6,1.8911254892563178,0.0,0.25,,,0,1
2023-08-08,5.33,,,15.99,4.02,4.74,-0.72,1.0951,82.94,,,,,0.6,1.8911254892563178,0.0,0.25,,,0,1
2023-08-09,5.33,,,15.96,4.0,4.79,-0.79,1.0975,84.35,,,,,0.6,1.8911254892563178,0.0,0.25,,,0,1
2023-08-10,5.33,,,15.85,4.09,4.82,-0.73,1.1016,82.81,,,,,0.6,1.8911254892563178,0.0,0.25,,,0,1
2023-08-11,5.33,,,14.84,4.16,4.89,-0.73,1.0957,83.17,,,,,0.6,1.8911254892563178,0.0,0.25,,,0,1
2023-08-12,5.33,,,,,,,,,,,,,0.6,1.8911254892563178,0.0,0.25,,,0,0
2023-08-13,5.33,,,,,,,,,,,,,0.6,1.8911254892563178,0.0,0.25,,,0,0
2023-08-14,5.33,,,14.82,4.19,4.96,-0.77,1.0922,82.5,,,,,0.6,1.8911254892563178,0.0,0.2599999999999998,,,0,1
2023-08-15,5.33,,,16.46,4.21,4.92,-0.71,1.0928,81.06,,,,,0.6,1.8911254892563178,0.0,0.25,,,0,1
2023-08-16,5.33,,,16.78,4.28,4.97,-0.69,1.0904,79.4,,,,,0.6,1.8911254892563178,0.0,0.25,,,0,1
2023-08-17,5.33,,,17.89,4.3,4.94,-0.64,1.0874,80.43,,,,,0.6,1.8911254892563178,0.0,0.25,,,0,1
2023-08-18,5.33,,,17.3,4.26,4.92,-0.66,1.0875,81.25,,,,,0.6,1.8911254892563178,0.0,0.25,,,0,1
2023-08-19,5.33,,,,,,,,,,,,,0.6,1.8911254892563178,0.0,0.2599999999999998,,,0,0
2023-08-20,5.33,,,,,,,,,,,,,0.6,1.8911254892563178,0.0,0.2599999999999998,,,0,0
2023-08-21,5.33,,,17.13,4.34,4.97,-0.63,1.0888,80.71,,,,,0.6,1.8911254892563178,0.0,0.2599999999999998,,,0,1
2023-08-22,5.33,,,16.97,4.34,5.02,-0.68,1.0846,80.25,,,,,0.6,1.8911254892563178,0.0,0.2599999999999998,,,0,1
2023-08-23,5.33,,,15.98,4.19,4.95,-0.76,1.0862,78.91,,,,,0.6,1.8911254892563178,0.0,0.2599999999999998,,,0,1
2023-08-24,5.33,,,17.2,4.23,4.98,-0.75,1.0826,79.52,,,,,0.6,1.546391752577314,0.0,0.2599999999999998,,,0,1
2023-08-25,5.33,,,15.68,4.25,5.03,-0.78,1.0787,80.47,,,,,0.6,1.546391752577314,0.0,0.2599999999999998,,,0,1
2023-08-26,5.33,,,,,,,,,,,,,0.6,1.546391752577314,0.0,0.2599999999999998,,,0,0
2023-08-27,5.33,,,,,,,,,,,,,0.6,1.546391752577314,0.0,0.2599999999999998,,,0,0
2023-08-28,5.33,,,15.08,4.2,4.98,-0.78,1.081,80.65,,,,,0.6,1.546391752577314,0.0,0.2599999999999998,,,0,1
2023-08-29,5.33,,,14.45,4.12,4.87,-0.75,1.0851,81.14,,,,,0.6,1.546391752577314,0.0,0.25,,,0,1
2023-08-30,5.33,,,13.88,4.12,4.9,-0.78,1.0926,81.64,,,,,0.6,1.546391752577314,0.0,0.25,,,0,1
2023-08-31,5.33,,,13.57,4.09,4.85,-0.76,1.0839,83.55,,,,,0.6,1.546391752577314,0.0,0.25,,,0,1
2023-09-01,5.33,3.8,307.374,13.09,4.18,4.87,-0.69,1.0787,85.52,67.8,103.3081,156334.0,1371.0,4.2,1.9563746367870172,0.0,0.25,,,0,1
2023-09-01,5.33,3.8,307.374,13.09,4.18,4.87,-0.69,1.0787,85.52,67.8,103.3081,156334.0,1371.0,3.3,1.9563746367870172,0.0,0.25,0.0,,0,1
2023-09-01,5.33,3.8,307.374,13.09,4.18,4.87,-0.69,1.0787,85.52,67.8,103.3081,156334.0,1371.0,4.1,1.9563746367870172,0.0,0.25,0.0,,0,1
2023-09-01,5.33,3.8,307.374,13.09,4.18,4.87,-0.69,1.0787,85.52,67.8,103.3081,156334.0,1371.0,1.6,1.9563746367870172,0.0,0.25,0.0,,0,1
2023-09-01,5.33,3.8,307.374,13.09,4.18,4.87,-0.69,1.0787,85.52,67.8,103.3081,156334.0,1371.0,4.4,1.9563746367870172,0.0,0.25,0.0,,0,1
2023-09-01,5.33,3.8,307.374,13.09,4.18,4.87,-0.69,1.0787,85.52,67.8,103.3081,156334.0,1371.0,1.7,1.9563746367870172,0.0,0.25,0.0,,0,1
2023-09-01,5.33,3.8,307.374,13.09,4.18,4.87,-0.69,1.0787,85.52,67.8,103.3081,156334.0,1371.0,6.8,1.9563746367870172,0.0,0.25,0.0,,0,1
2023-09-01,5.33,3.8,307.374,13.09,4.18,4.87,-0.69,1.0787,85.52,67.8,103.3081,156334.0,1371.0,5.2,1.9563746367870172,0.0,0.2599999999999998,0.0,,0,1
2023-09-01,5.33,3.8,307.374,13.09,4.18,4.87,-0.69,1.0787,85.52,67.8,103.3081,156334.0,1371.0,2.4,1.9563746367870172,0.0,0.25,0.0,,0,1
2023-09-01,5.33,3.8,307.374,13.09,4.18,4.87,-0.69,1.0787,85.52,67.8,103.3081,156334.0,1371.0,6.8,1.9563746367870172,0.0,0.25,0.0,,0,1
2023-09-01,5.33,3.8,307.374,13.09,4.18,4.87,-0.69,1.0787,85.52,67.8,103.3081,156334.0,1371.0,8.2,1.9563746367870172,0.0,0.25,0.0,,0,1
2023-09-01,5.33,3.8,307.374,13.09,4.18,4.87,-0.69,1.0787,85.52,67.8,103.3081,156334.0,1371.0,11.5,1.9563746367870172,0.0,0.25,0.0,,0,1
2023-09-01,5.33,3.8,307.374,13.09,4.18,4.87,-0.69,1.0787,85.52,67.8,103.3081,156334.0,1371.0,2.9,1.9563746367870172,0.0,0.25,0.0,,0,1
2023-09-01,5.33,3.8,307.374,13.09,4.18,4.87,-0.69,1.0787,85.52,67.8,103.3081,156334.0,1371.0,9.4,1.9563746367870172,0.0,0.25,0.0,,0,1
2023-09-01,5.33,3.8,307.374,13.09,4.18,4.87,-0.69,1.0787,85.52,67.8,103.3081,156334.0,1371.0,7.4,1.9563746367870172,0.0,0.25,0.0,,0,1
2023-09-01,5.33,3.8,307.374,13.09,4.18,4.87,-0.69,1.0787,85.52,67.8,103.3081,156334.0,1371.0,3.1,1.9563746367870172,0.0,0.25,0.0,13.321000000000002,0,1
2023-09-01,5.33,3.8,307.374,13.09,4.18,4.87,-0.69,1.0787,85.52,67.8,103.3081,156334.0,1371.0,3.8,1.9563746367870172,0.0,0.25,0.0,13.2215,0,1
2023-09-01,5.33,3.8,307.374,13.09,4.18,4.87,-0.69,1.0787,85.52,67.8,103.3081,156334.0,1371.0,4.7,1.9563746367870172,0.0,0.25,0.0,13.1535,0,1
2023-09-01,5.33,3.8,307.374,13.09,4.18,4.87,-0.69,1.0787,85.52,67.8,103.3081,156334.0,1371.0,6.0,1.9563746367870172,0.0,0.25,0.0,13.113999999999999,0,1
2023-09-01,5.33,3.8,307.374,13.09,4.18,4.87,-0.69,1.0787,85.52,67.8,103.3081,156334.0,1371.0,4.4,1.9563746367870172,0.0,0.25,0.0,13.09,0,1
2023-09-01,5.33,3.8,307.374,13.09,4.18,4.87,-0.69,1.0787,85.52,67.8,103.3081,156334.0,1371.0,-1.3,1.89992806065451,0.0,0.25,0.0,13.09,0,1
2023-09-01,5.33,3.8,307.374,13.09,4.18,4.87,-0.69,1.0787,85.52,67.8,103.3081,156334.0,1371.0,6.3,1.89992806065451,0.0,0.25,0.0,13.09,0,1
2023-09-01,5.33,3.8,307.374,13.09,4.18,4.87,-0.69,1.0787,85.52,67.8,103.3081,156334.0,1371.0,-2.6,1.89992806065451,0.0,0.25,0.0,13.09,0,1
2023-09-01,5.33,3.8,307.374,13.09,4.18,4.87,-0.69,1.0787,85.52,67.8,103.3081,156334.0,1371.0,6.0,1.89992806065451,0.0,0.25,0.0,13.09,0,1
2023-09-01,5.33,3.8,307.374,13.09,4.18,4.87,-0.69,1.0787,85.52,67.8,103.3081,156334.0,1371.0,3.0,1.89992806065451,0.0,0.0,0.0,13.09,0,1
2023-09-02,5.33,,,,,,,,,,,,,3.0,1.89992806065451,0.0,0.0,,,0,0
2023-09-03,5.33,,,,,,,,,,,,,3.0,1.89992806065451,0.0,0.0,,,0,0
2023-09-04,5.33,,,13.82,,,,,,,,,,3.0,1.89992806065451,0.0,0.0,,,0,0
2023-09-05,5.33,,,14.01,4.27,4.94,-0.67,1.0727,86.74,,,,,3.0,1.89992806065451,0.0,0.0,,,0,1
2023-09-06,5.33,,,14.45,4.3,5.01,-0.71,1.0714,87.55,,,,,3.0,1.89992806065451,0.0,0.0,,,0,1
2023-09-07,5.33,,,14.4,4.27,4.94,-0.67,1.0704,86.87,,,,,3.0,1.89992806065451,0.0,0.0,,,0,1
2023-09-08,5.33,,,13.84,4.26,4.98,-0.72,1.0709,87.51,,,,,3.0,1.89992806065451,0.0,0.0,,,0,1
2023-09-09,5.33,,,,,,,,,,,,,3.0,1.89992806065451,0.0,0.0,,,0,0
2023-09-10,5.33,,,,,,,,,,,,,3.0,1.89992806065451,0.0,0.0,,,0,0
2023-09-11,5.33,,,13.8,4.29,4.97,-0.68,1.0744,87.3,,,,,3.0,1.89992806065451,0.0,0.0,,,0,1
2023-09-12,5.33,,,14.23,4.27,4.98,-0.71,1.0726,88.87,,,,,3.0,1.89992806065451,0.0,0.0,,,0,1
2023-09-13,5.33,,,13.48,4.25,4.96,-0.71,1.0737,88.59,,,,,3.0,1.89992806065451,0.0,0.0,,,0,1
2023-09-14,5.33,,,12.82,4.29,5.0,-0.71,1.066,90.13,,,,,3.0,1.89992806065451,0.0,0.0,,,0,1
2023-09-15,5.33,,,13.79,4.33,5.02,-0.69,1.0673,90.83,,,,,3.0,1.89992806065451,0.0,0.0,,,0,1
2023-09-16,5.33,,,,,,,,,,,,,3.0,1.89992806065451,0.0,0.0,,,0,0
2023-09-17,5.33,,,,,,,,,,,,,3.0,1.89992806065451,0.0,0.0,,,0,0
2023-09-18,5.33,,,14.0,4.32,5.05,-0.73,1.0695,91.47,,,,,3.0,1.89992806065451,0.0,0.0,,,0,1
2023-09-19,5.33,,,14.11,4.37,5.08,-0.71,1.0684,91.16,,,,,3.0,1.89992806065451,0.0,0.0,,,0,1
2023-09-20,5.33,,,15.14,4.35,5.12,-0.77,1.0715,89.2,,,,,3.0,1.89992806065451,0.0,0.0,,,0,1
2023-09-21,5.33,,,17.54,4.49,5.12,-0.63,1.0664,89.56,,,,,3.0,1.89992806065451,0.0,0.0,,,0,1
2023-09-22,5.33,,,17.2,4.44,5.1,-0.66,1.066,90.0,,,,,3.0,1.89992806065451,0.0,0.0,,,0,1
2023-09-23,5.33,,,,,,,,,,,,,3.0,1.89992806065451,0.0,0.0,,,0,0
2023-09-24,5.33,,,,,,,,,,,,,3.0,1.89992806065451,0.0,0.0,,,0,0
2023-09-25,5.33,,,16.9,4.55,5.09,-0.54,1.0591,89.68,,,,,3.0,1.89992806065451,0.0,0.0,,,0,1
2023-09-26,5.33,,,18.94,4.56,5.04,-0.48,1.0573,91.43,,,,,3.0,1.89992806065451,0.0,0.0,,,0,1
2023-09-27,5.33,,,18.22,4.61,5.1,-0.49,1.051,93.67,,,,,3.0,1.89992806065451,0.0,0.0,,,0,1
2023-09-28,5.33,,,17.34,4.59,5.04,-0.45,1.0578,91.65,,,,,3.0,1.89992806065451,0.0,0.0,,,0,1
2023-09-29,5.33,,,17.52,4.59,5.03,-0.44,1.0584,90.77,,,,,3.0,1.89992806065451,0.0,0.0,,,0,1
2023-09-30,5.33,,,,,,,,,,,,,3.0,1.89992806065451,0.0,0.0,,,0,0
2023-10-01,5.33,3.9,307.653,,,,,,,63.8,102.5781,156520.0,1368.0,3.0,1.9924215048915617,0.0,0.0,,,0,0
2023-10-02,5.33,,,17.61,4.69,5.12,-0.43,1.05,88.81,,,,,3.0,1.9924215048915617,0.0,0.0,,,0,1
2023-10-03,5.33,,,19.78,4.81,5.15,-0.34,1.0453,89.26,,,,,3.0,1.9924215048915617,0.0,0.0,,,0,1
2023-10-04,5.33,,,18.58,4.73,5.05,-0.32,1.0518,84.32,,,,,3.0,1.9924215048915617,0.0,0.0,,,0,1
2023-10-05,5.33,,,18.49,4.72,5.03,-0.31,1.0527,82.3,,,,,3.0,1.9924215048915617,0.0,0.0,,,0,1
2023-10-06,5.33,,,17.45,4.78,5.08,-0.3,1.0596,82.83,,,,,3.0,1.9924215048915617,0.0,0.0,,,0,1
2023-10-07,5.33,,,,,,,,,,,,,3.0,1.9924215048915617,0.0,0.0,,,0,0
2023-10-08,5.33,,,,,,,,,,,,,3.0,1.9924215048915617,0.0,0.0,,,0,0
2023-10-09,5.33,,,17.7,,,,,,,,,,3.0,1.9924215048915617,0.0,0.0,,,0,0
2023-10-10,5.33,,,17.03,4.66,4.96,-0.3,1.0618,85.89,,,,,3.0,1.9924215048915617,0.0,0.0,,,0,1
2023-10-11,5.33,,,16.09,4.58,4.99,-0.41,1.062,83.7,,,,,3.0,1.9924215048915617,0.0,0.0,,,0,1
2023-10-12,5.33,,,16.69,4.7,5.06,-0.36,1.0553,82.87,,,,,3.0,1.9924215048915617,0.0,0.0,,,0,1
2023-10-13,5.33,,,19.32,4.63,5.04,-0.41,1.0502,87.67,,,,,3.0,1.9924215048915617,0.0,0.0,,,0,1
2023-10-14,5.33,,,,,,,,,,,,,3.0,1.9924215048915617,0.0,0.0,,,0,0
2023-10-15,5.33,,,,,,,,,,,,,3.0,1.9924215048915617,0.0,0.0,,,0,0
2023-10-16,5.33,,,17.21,4.71,5.09,-0.38,1.0546,86.65,,,,,3.0,1.9924215048915617,0.0,0.0,,,0,1
2023-10-17,5.33,,,17.88,4.83,5.19,-0.36,1.0593,86.66,,,,,3.0,1.9924215048915617,0.0,0.0,,,0,1
2023-10-18,5.33,,,19.22,4.91,5.19,-0.28,1.0532,88.35,,,,,3.0,1.9924215048915617,0.0,0.0,,,0,1
2023-10-19,5.33,,,21.4,4.98,5.14,-0.16,1.057,89.35,,,,,3.0,1.9924215048915617,0.0,0.0,,,0,1
2023-10-20,5.33,,,21.71,4.93,5.07,-0.14,1.0592,89.12,,,,,3.0,1.9924215048915617,0.0,0.0,,,0,1
2023-10-21,5.33,,,,,,,,,,,,,3.0,1.9924215048915617,0.0,0.0,,,0,0
2023-10-22,5.33,,,,,,,,,,,,,3.0,1.5832502360842327,0.0,0.0,,,0,0
2023-10-23,5.33,,,20.37,4.86,5.05,-0.19,1.0646,85.49,,,,,3.0,1.5832502360842327,0.0,0.0,,,0,1
2023-10-24,5.33,,,18.97,4.83,5.02,-0.19,1.0595,84.58,,,,,3.0,1.5832502360842327,0.0,0.0,,,0,1
2023-10-25,5.33,,,20.19,4.95,5.08,-0.13,1.0583,86.07,,,,,3.0,1.5832502360842327,0.0,0.0,,,0,1
2023-10-26,5.33,,,20.68,4.86,5.02,-0.16,1.0532,83.8,,,,,3.0,1.5832502360842327,0.0,0.0,,,0,1
2023-10-27,5.33,,,21.27,4.84,4.99,-0.15,1.0592,86.04,,,,,3.0,1.5832502360842327,0.0,0.0,,,0,1
2023-10-28,5.33,,,,,,,,,,,,,3.0,1.5832502360842327,0.0,0.0,,,0,0
2023-10-29,5.33,,,,,,,,,,,,,3.0,1.5832502360842327,0.0,0.0,,,0,0
2023-10-30,5.33,,,19.75,4.88,5.03,-0.15,1.062,83.03,,,,,3.0,1.5832502360842327,0.0,0.0,,,0,1
2023-10-31,5.33,,,18.14,4.88,5.07,-0.19,1.0568,81.64,,,,,3.0,1.5832502360842327,0.0,0.0,,,0,1
2023-11-01,5.33,3.7,308.087,16.87,4.77,4.95,-0.18,1.0538,81.05,61.3,102.8868,156661.0,1514.0,3.0,1.726551717306446,0.0,0.0,,,0,1
2023-11-02,5.33,,,15.66,4.67,4.98,-0.31,1.0618,83.04,,,,,3.0,1.726551717306446,0.0,0.0,,,0,1
2023-11-03,5.33,,,14.91,4.57,4.83,-0.26,1.0733,81.19,,,,,3.0,1.726551717306446,0.0,0.0,,,0,1
2023-11-04,5.33,,,,,,,,,,,,,3.0,1.726551717306446,0.0,0.0,,,0,0
2023-11-05,5.33,,,,,,,,,,,,,3.0,1.726551717306446,0.0,0.0,,,0,0
2023-11-06,5.33,,,14.89,4.67,4.93,-0.26,1.0747,81.54,,,,,3.0,1.726551717306446,0.0,0.0,,,0,1
2023-11-07,5.33,,,14.81,4.58,4.91,-0.33,1.0687,77.96,,,,,3.0,1.726551717306446,0.0,0.0,,,0,1
2023-11-08,5.33,,,14.45,4.49,4.93,-0.44,1.0715,75.85,,,,,3.0,1.726551717306446,0.0,0.0,,,0,1
2023-11-09,5.33,,,15.29,4.62,5.03,-0.41,1.071,76.34,,,,,3.0,1.726551717306446,0.0,0.0,,,0,1
2023-11-10,5.33,,,14.17,4.61,5.04,-0.43,,,,,,,3.0,1.726551717306446,0.0,0.0,,,0,1
2023-11-11,5.33,,,,,,,,,,,,,3.0,1.726551717306446,0.0,0.0,,,0,0
2023-11-12,5.33,,,,,,,,,,,,,3.0,1.726551717306446,0.0,0.0,,,0,0
2023-11-13,5.33,,,14.76,4.63,5.02,-0.39,1.07,78.86,,,,,3.0,1.726551717306446,0.0,0.0,,,0,1
2023-11-14,5.33,,,14.16,4.44,4.8,-0.36,1.0861,78.9,,,,,3.0,1.726551717306446,0.0,0.0,,,0,1
2023-11-15,5.33,,,14.18,4.53,4.9,-0.37,1.0853,77.15,,,,,3.0,1.726551717306446,0.0,0.0,,,0,1
2023-11-16,5.33,,,14.32,4.45,4.83,-0.38,1.0851,73.5,,,,,3.0,1.726551717306446,0.0,0.0,,,0,1
2023-11-17,5.33,,,13.8,4.44,4.88,-0.44,1.0879,76.47,,,,,3.0,1.726551717306446,0.0,0.0,,,0,1
2023-11-18,5.33,,,,,,,,,,,,,3.0,1.726551717306446,0.0,0.0,,,0,0
2023-11-19,5.33,,,,,,,,,,,,,3.0,1.726551717306446,0.0,0.0,,,0,0
2023-11-20,5.33,,,13.41,4.42,4.89,-0.47,1.0945,78.1,,,,,3.0,1.726551717306446,0.0,0.0,,,0,1
2023-11-21,5.33,,,13.35,4.41,4.86,-0.45,1.0923,78.35,,,,,3.0,1.5729470255443134,0.0,0.0,,,0,1
2023-11-22,5.33,,,12.85,4.42,4.89,-0.47,1.0871,76.8,,,,,3.0,1.5729470255443134,0.0,0.0,,,0,1
2023-11-23,5.33,,,12.8,,,,,,,,,,3.0,1.5729470255443134,0.0,0.0,,,0,0
2023-11-24,5.33,,,12.46,4.47,4.92,-0.45,1.0934,74.83,,,,,3.0,1.5729470255443134,0.0,0.0,,,0,1
2023-11-25,5.33,,,,,,,,,,,,,3.0,1.5729470255443134,0.0,0.0,,,0,0
2023-11-26,5.33,,,,,,,,,,,,,3.0,1.5729470255443134,0.0,0.0,,,0,0
2023-11-27,5.33,,,12.69,4.39,4.84,-0.45,1.0937,74.46,,,,,3.0,1.5729470255443134,0.0,0.0,,,0,1
2023-11-28,5.33,,,12.69,4.34,4.73,-0.39,1.1007,76.09,,,,,3.0,1.5729470255443134,0.0,0.0,,,0,1
2023-11-29,5.33,,,12.98,4.27,4.64,-0.37,1.0969,77.56,,,,,3.0,1.5729470255443134,0.0,0.0,,,0,1
2023-11-30,5.33,,,12.92,4.37,4.73,-0.36,1.0908,75.66,,,,,3.0,1.5729470255443134,0.0,0.0,,,0,1
2023-12-01,5.33,3.8,308.735,12.63,4.22,4.56,-0.34,1.0878,73.7,69.7,102.6309,156930.0,1521.0,1.5,1.7865856070896413,0.0,0.0,,,0,1
2023-12-01,5.33,3.8,308.735,12.63,4.22,4.56,-0.34,1.0878,73.7,69.7,102.6309,156930.0,1521.0,6.1,1.7865856070896413,0.0,0.0,0.0,,0,1
2023-12-01,5.33,3.8,308.735,12.63,4.22,4.56,-0.34,1.0878,73.7,69.7,102.6309,156930.0,1521.0,2.2,1.7865856070896413,0.0,0.0,0.0,,0,1
2023-12-01,5.33,3.8,308.735,12.63,4.22,4.56,-0.34,1.0878,73.7,69.7,102.6309,156930.0,1521.0,11.3,1.7865856070896413,0.0,0.0,0.0,,0,1
2023-12-01,5.33,3.8,308.735,12.63,4.22,4.56,-0.34,1.0878,73.7,69.7,102.6309,156930.0,1521.0,3.4,1.7865856070896413,0.0,0.0,0.0,,0,1
2023-12-01,5.33,3.8,308.735,12.63,4.22,4.56,-0.34,1.0878,73.7,69.7,102.6309,156930.0,1521.0,3.0,1.7865856070896413,0.0,0.0,0.0,,0,1
2023-12-01,5.33,3.8,308.735,12.63,4.22,4.56,-0.34,1.0878,73.7,69.7,102.6309,156930.0,1521.0,4.2,1.7865856070896413,0.0,0.0,0.0,,0,1
2023-12-01,5.33,3.8,308.735,12.63,4.22,4.56,-0.34,1.0878,73.7,69.7,102.6309,156930.0,1521.0,5.4,1.7865856070896413,0.0,0.0,0.0,,0,1
2023-12-01,5.33,3.8,308.735,12.63,4.22,4.56,-0.34,1.0878,73.7,69.7,102.6309,156930.0,1521.0,5.5,1.7865856070896413,0.0,0.0,0.0,,0,1
2023-12-01,5.33,3.8,308.735,12.63,4.22,4.56,-0.34,1.0878,73.7,69.7,102.6309,156930.0,1521.0,3.2,1.7865856070896413,0.0,0.0,0.0,,0,1
2023-12-01,5.33,3.8,308.735,12.63,4.22,4.56,-0.34,1.0878,73.7,69.7,102.6309,156930.0,1521.0,6.4,1.7865856070896413,0.0,0.0,0.0,,0,1
2023-12-01,5.33,3.8,308.735,12.63,4.22,4.56,-0.34,1.0878,73.7,69.7,102.6309,156930.0,1521.0,3.4,1.7865856070896413,0.0,0.0,0.0,,0,1
2023-12-01,5.33,3.8,308.735,12.63,4.22,4.56,-0.34,1.0878,73.7,69.7,102.6309,156930.0,1521.0,3.6,1.7865856070896413,0.0,0.0,0.0,,0,1
2023-12-01,5.33,3.8,308.735,12.63,4.22,4.56,-0.34,1.0878,73.7,69.7,102.6309,156930.0,1521.0,2.8,1.7865856070896413,0.0,0.0,0.0,,0,1
2023-12-01,5.33,3.8,308.735,12.63,4.22,4.56,-0.34,1.0878,73.7,69.7,102.6309,156930.0,1521.0,4.7,1.7865856070896413,0.0,0.0,0.0,,0,1
2023-12-01,5.33,3.8,308.735,12.63,4.22,4.56,-0.34,1.0878,73.7,69.7,102.6309,156930.0,1521.0,5.4,1.7865856070896413,0.0,0.0,0.0,12.668000000000001,0,1
2023-12-01,5.33,3.8,308.735,12.63,4.22,4.56,-0.34,1.0878,73.7,69.7,102.6309,156930.0,1521.0,5.5,1.7865856070896413,0.0,0.0,0.0,12.665000000000001,0,1
2023-12-01,5.33,3.8,308.735,12.63,4.22,4.56,-0.34,1.0878,73.7,69.7,102.6309,156930.0,1521.0,3.4,1.7865856070896413,0.0,0.0,0.0,12.662,0,1
2023-12-01,5.33,3.8,308.735,12.63,4.22,4.56,-0.34,1.0878,73.7,69.7,102.6309,156930.0,1521.0,2.0,1.7865856070896413,0.0,0.0,0.0,12.6445,0,1
2023-12-01,5.33,3.8,308.735,12.63,4.22,4.56,-0.34,1.0878,73.7,69.7,102.6309,156930.0,1521.0,4.6,1.7865856070896413,0.0,0.0,0.0,12.63,0,1
2023-12-01,5.33,3.8,308.735,12.63,4.22,4.56,-0.34,1.0878,73.7,69.7,102.6309,156930.0,1521.0,5.2,1.7865856070896413,0.0,0.0,0.0,12.63,0,1
2023-12-01,5.33,3.8,308.735,12.63,4.22,4.56,-0.34,1.0878,73.7,69.7,102.6309,156930.0,1521.0,3.3,1.524503533388799,0.0,0.0,0.0,12.63,0,1
2023-12-01,5.33,3.8,308.735,12.63,4.22,4.56,-0.34,1.0878,73.7,69.7,102.6309,156930.0,1521.0,5.1,1.524503533388799,0.0,0.0,0.0,12.63,0,1
2023-12-01,5.33,3.8,308.735,12.63,4.22,4.56,-0.34,1.0878,73.7,69.7,102.6309,156930.0,1521.0,16.6,1.524503533388799,0.0,0.0,0.0,12.63,0,1
2023-12-01,5.33,3.8,308.735,12.63,4.22,4.56,-0.34,1.0878,73.7,69.7,102.6309,156930.0,1521.0,0.2,1.524503533388799,0.0,0.0,0.0,12.63,0,1
2023-12-02,5.33,,,,,,,,,,,,,0.2,1.524503533388799,0.0,0.0,,,0,0
2023-12-03,5.33,,,,,,,,,,,,,0.2,1.524503533388799,0.0,0.0,,,0,0
2023-12-04,5.33,,,13.08,4.28,4.64,-0.36,1.0824,72.73,,,,,0.2,1.524503533388799,0.0,0.0,,,0,1
2023-12-05,5.33,,,12.85,4.18,4.57,-0.39,1.0787,71.95,,,,,0.2,1.524503533388799,0.0,0.0,,,0,1
2023-12-06,5.33,,,12.97,4.12,4.6,-0.48,1.079,68.98,,,,,0.2,1.524503533388799,0.0,0.0,,,0,1
2023-12-07,5.33,,,13.06,4.14,4.58,-0.44,1.0794,69.0,,,,,0.2,1.524503533388799,0.0,0.0,,,0,1
2023-12-08,5.33,,,12.35,4.23,4.71,-0.48,1.0746,70.87,,,,,0.2,1.524503533388799,0.0,0.0,,,0,1
2023-12-09,5.33,,,,,,,,,,,,,0.2,1.524503533388799,0.0,0.0,,,0,0
2023-12-10,5.33,,,,,,,,,,,,,0.2,1.524503533388799,0.0,0.0,,,0,0
2023-12-11,5.33,,,12.63,4.23,4.71,-0.48,1.0747,70.95,,,,,0.2,1.524503533388799,0.0,0.0,,,0,1
2023-12-12,5.33,,,12.07,4.2,4.73,-0.53,1.079,68.27,,,,,0.2,1.524503533388799,0.0,0.0,,,0,1
2023-12-13,5.33,,,12.19,4.04,4.46,-0.42,1.0793,69.09,,,,,0.2,1.524503533388799,0.0,0.0,,,0,1
2023-12-14,5.33,,,12.48,3.92,4.37,-0.45,1.0997,71.21,,,,,0.2,1.524503533388799,0.0,0.0,,,0,1
2023-12-15,5.33,,,12.28,3.91,4.44,-0.53,1.0906,71.05,,,,,0.2,1.524503533388799,0.0,0.0,,,0,1
2023-12-16,5.33,,,,,,,,,,,,,0.2,1.524503533388799,0.0,0.0,,,0,0
2023-12-17,5.33,,,,,,,,,,,,,0.2,1.524503533388799,0.0,0.0,,,0,0
2023-12-18,5.33,,,12.56,3.95,4.43,-0.48,1.092,72.16,,,,,0.2,1.524503533388799,0.0,0.0,,,0,1
2023-12-19,5.33,,,12.53,3.93,4.41,-0.48,1.0977,73.23,,,,,0.2,1.524503533388799,0.0,0.0,,,0,1
2023-12-20,5.33,,,13.67,3.86,4.34,-0.48,1.0957,73.87,,,,,0.2,1.524503533388799,0.0,0.0,,,0,1
2023-12-21,5.33,,,13.65,3.89,4.33,-0.44,1.099,73.59,,,,,0.2,1.524503533388799,0.0,0.0,,,0,1
2023-12-22,5.33,,,13.03,3.9,4.31,-0.41,1.1008,73.29,,,,,0.2,1.524503533388799,0.0,0.0,,,0,1
2023-12-23,5.33,,,,,,,,,,,,,0.2,1.524503533388799,0.0,0.0,,,0,0
2023-12-24,5.33,,,,,,,,,,,,,0.2,1.524503533388799,0.0,0.0,,,0,0
2023-12-25,5.33,,,,,,,,,,,,,0.2,1.524503533388799,0.0,0.0,,,0,0
2023-12-26,5.33,,,12.99,3.89,4.26,-0.37,1.1035,75.84,,,,,0.2,1.524503533388799,0.0,0.0,,,0,1
2023-12-27,5.33,,,12.43,3.79,4.2,-0.41,1.1114,74.31,,,,,0.2,1.524503533388799,0.0,0.0,,,0,1
2023-12-28,5.33,,,12.47,3.84,4.26,-0.42,1.1073,72.02,,,,,0.2,1.524503533388799,0.0,0.0,,,0,1
2023-12-29,5.33,,,12.45,3.88,4.23,-0.35,1.1062,71.89,,,,,0.2,1.524503533388799,0.0,0.0,,,0,1
2023-12-30,5.33,,,,,,,,,,,,,0.2,1.524503533388799,0.0,0.0,,,0,0
2023-12-31,5.33,,,,,,,,,,,,,0.2,1.524503533388799,0.0,0.0,,,0,0
2024-01-01,5.33,3.7,309.794,,,,,,,79.0,101.483,157049.0,1381.0,0.2,1.8727453888371937,0.0,0.0,,,0,0
2024-01-02,5.33,,,13.2,3.95,4.33,-0.38,1.0957,70.62,,,,,0.2,1.8727453888371937,0.0,0.0,,,0,1
2024-01-03,5.33,,,14.04,3.91,4.33,-0.42,1.0909,72.97,,,,,0.2,1.8727453888371937,0.0,0.0,,,0,1
2024-01-04,5.33,,,14.13,3.99,4.38,-0.39,1.0957,72.38,,,,,0.2,1.8727453888371937,0.0,0.0,,,0,1
2024-01-05,5.33,,,13.35,4.05,4.4,-0.35,1.0957,74.0,,,,,0.2,1.8727453888371937,0.0,0.0,,,0,1
2024-01-06,5.33,,,,,,,,,,,,,0.2,1.8727453888371937,0.0,0.0,,,0,0
2024-01-07,5.33,,,,,,,,,,,,,0.2,1.8727453888371937,0.0,0.0,,,0,0
2024-01-08,5.33,,,13.08,4.01,4.36,-0.35,1.0976,71.06,,,,,0.2,1.8727453888371937,0.0,0.0,,,0,1
2024-01-09,5.33,,,12.76,4.02,4.36,-0.34,1.0935,72.43,,,,,0.2,1.8727453888371937,0.0,0.0,,,0,1
2024-01-10,5.33,,,12.69,4.04,4.37,-0.33,1.096,71.57,,,,,0.2,1.8727453888371937,0.0,0.0,,,0,1
2024-01-11,5.33,,,12.44,3.98,4.26,-0.28,1.0943,72.15,,,,,0.2,1.8727453888371937,0.0,0.0,,,0,1
2024-01-12,5.33,,,12.7,3.96,4.14,-0.18,1.0959,72.94,,,,,0.2,1.8727453888371937,0.0,0.0,,,0,1
2024-01-13,5.33,,,,,,,,,,,,,0.2,1.8727453888371937,0.0,0.0,,,0,0
2024-01-14,5.33,,,,,,,,,,,,,0.2,1.8727453888371937,0.0,0.0,,,0,0
2024-01-15,5.33,,,13.25,,,,,,,,,,0.2,1.8727453888371937,0.0,0.0,,,0,0
2024-01-16,5.33,,,13.84,4.07,4.22,-0.15,1.0882,72.63,,,,,0.2,1.8727453888371937,0.0,0.0,,,0,1
2024-01-17,5.33,,,14.79,4.1,4.34,-0.24,1.0858,72.79,,,,,0.2,1.8727453888371937,0.0,0.0,,,0,1
2024-01-18,5.33,,,14.13,4.14,4.34,-0.2,1.0863,74.32,,,,,0.2,1.8727453888371937,0.0,0.0,,,0,1
2024-01-19,5.33,,,13.3,4.15,4.39,-0.24,1.0887,73.69,,,,,0.2,1.8727453888371937,0.0,0.0,,,0,1
2024-01-20,5.33,,,,,,,,,,,,,0.2,1.8727453888371937,0.0,0.0,,,0,0
2024-01-21,5.33,,,,,,,,,,,,,0.2,1.7001789143673118,0.0,0.0,,,0,0
2024-01-22,5.33,,,13.19,4.11,4.37,-0.26,1.0895,75.26,,,,,0.2,1.7001789143673118,0.0,0.0,,,0,1
2024-01-23,5.33,,,12.55,4.14,4.31,-0.17,1.0829,74.72,,,,,0.2,1.7001789143673118,0.0,0.0,,,0,1
2024-01-24,5.33,,,13.14,4.18,4.34,-0.16,1.0901,75.48,,,,,0.2,1.7001789143673118,0.0,0.0,,,0,1
2024-01-25,5.33,,,13.45,4.14,4.28,-0.14,1.0837,77.91,,,,,0.2,1.7001789143673118,0.0,0.0,,,0,1
2024-01-26,5.33,,,13.26,4.15,4.34,-0.19,1.0866,78.45,,,,,0.2,1.7001789143673118,0.0,0.0,,,0,1
2024-01-27,5.33,,,,,,,,,,,,,0.2,1.7001789143673118,0.0,0.0,,,0,0
2024-01-28,5.33,,,,,,,,,,,,,0.2,1.7001789143673118,0.0,0.0,,,0,0
2024-01-29,5.33,,,13.6,4.08,4.29,-0.21,1.0807,77.25,,,,,0.2,1.7001789143673118,0.0,0.0,,,0,1
2024-01-30,5.33,,,13.31,4.06,4.36,-0.3,1.0844,78.3,,,,,0.2,1.7001789143673118,0.0,0.0,,,0,1
2024-01-31,5.33,,,14.35,3.99,4.27,-0.28,1.0855,76.28,,,,,0.2,1.7001789143673118,0.0,0.0,,,0,1
2024-02-01,5.33,3.9,311.022,13.88,3.87,4.2,-0.33,1.0865,74.36,76.9,102.7267,157271.0,1552.0,0.2,2.10331073650345,0.0,0.0,,,0,1
2024-02-02,5.33,,,13.85,4.03,4.36,-0.33,1.0787,72.72,,,,,0.2,2.10331073650345,0.0,0.0,,,0,1
2024-02-03,5.33,,,,,,,,,,,,,0.2,2.10331073650345,0.0,0.0,,,0,0
2024-02-04,5.33,,,,,,,,,,,,,0.2,2.10331073650345,0.0,0.0,,,0,0
2024-02-05,5.33,,,13.67,4.17,4.46,-0.29,1.0736,73.21,,,,,0.2,2.10331073650345,0.0,0.0,,,0,1
2024-02-06,5.33,,,13.06,4.09,4.39,-0.3,1.0751,73.83,,,,,0.2,2.10331073650345,0.0,0.0,,,0,1
2024-02-07,5.33,,,12.83,4.09,4.41,-0.32,1.0769,74.26,,,,,0.2,2.10331073650345,0.0,0.0,,,0,1
2024-02-08,5.33,,,12.79,4.15,4.46,-0.31,1.0774,76.67,,,,,0.2,2.10331073650345,0.0,0.0,,,0,1
2024-02-09,5.33,,,12.93,4.17,4.48,-0.31,1.0782,77.26,,,,,0.2,2.10331073650345,0.0,0.0,,,0,1
2024-02-10,5.33,,,,,,,,,,,,,0.2,2.10331073650345,0.0,0.0,,,0,0
2024-02-11,5.33,,,,,,,,,,,,,0.2,2.10331073650345,0.0,0.0,,,0,0
2024-02-12,5.33,,,13.93,4.17,4.46,-0.29,1.0774,77.34,,,,,0.2,2.10331073650345,0.0,0.0,,,0,1
2024-02-13,5.33,,,15.85,4.31,4.64,-0.33,1.072,78.28,,,,,0.2,2.10331073650345,0.0,0.0,,,0,1
2024-02-14,5.33,,,14.38,4.27,4.56,-0.29,1.0735,77.09,,,,,0.2,2.10331073650345,0.0,0.0,,,0,1
2024-02-15,5.33,,,14.01,4.24,4.56,-0.32,1.0761,78.47,,,,,0.2,2.10331073650345,0.0,0.0,,,0,1
2024-02-16,5.33,,,14.24,4.3,4.64,-0.34,1.0769,79.65,,,,,0.2,2.10331073650345,0.0,0.0,,,0,1
2024-02-17,5.33,,,,,,,,,,,,,0.2,2.10331073650345,0.0,0.0,,,0,0
2024-02-18,5.33,,,,,,,,,,,,,0.2,2.10331073650345,0.0,0.0,,,0,0
2024-02-19,5.33,,,14.71,,,,,,,,,,0.2,2.10331073650345,0.0,0.0,,,0,0
2024-02-20,5.33,,,15.42,4.27,4.59,-0.32,1.0814,78.72,,,,,0.2,2.10331073650345,0.0,0.0,,,0,1
2024-02-21,5.33,,,15.34,4.32,4.64,-0.32,1.0818,78.89,,,,,0.2,1.5953589557650583,0.0,0.0,,,0,1
2024-02-22,5.33,,,14.54,4.33,4.69,-0.36,1.0815,79.64,,,,,0.2,1.5953589557650583,0.0,0.0,,,0,1
2024-02-23,5.33,,,13.75,4.26,4.67,-0.41,1.0828,77.6,,,,,0.2,1.5953589557650583,0.0,0.0,,,0,1
2024-02-24,5.33,,,,,,,,,,,,,0.2,1.5953589557650583,0.0,0.0,,,0,0
2024-02-25,5.33,,,,,,,,,,,,,0.2,1.5953589557650583,0.0,0.0,,,0,0
2024-02-26,5.33,,,13.74,4.28,4.69,-0.41,1.0855,78.53,,,,,0.2,1.5953589557650583,0.0,0.0,,,0,1
2024-02-27,5.33,,,13.43,4.31,4.7,-0.39,1.0857,79.8,,,,,0.2,1.5953589557650583,0.0,0.0,,,0,1
2024-02-28,5.33,,,13.84,4.27,4.64,-0.37,1.0843,79.44,,,,,0.2,1.5953589557650583,0.0,0.0,,,0,1
2024-02-29,5.33,,,13.4,4.25,4.64,-0.39,1.0807,79.22,,,,,0.2,1.5953589557650583,0.0,0.0,,,0,1
2024-03-01,5.33,3.9,312.107,13.11,4.19,4.54,-0.35,1.0832,80.9,79.4,102.5186,157517.0,1312.0,1.7,1.9497742847996768,0.0,0.0,,,0,1
2024-03-01,5.33,3.9,312.107,13.11,4.19,4.54,-0.35,1.0832,80.9,79.4,102.5186,157517.0,1312.0,6.9,1.9497742847996768,0.0,0.0,0.0,,0,1
2024-03-01,5.33,3.9,312.107,13.11,4.19,4.54,-0.35,1.0832,80.9,79.4,102.5186,157517.0,1312.0,3.2,1.9497742847996768,0.0,0.0,0.0,,0,1
2024-03-01,5.33,3.9,312.107,13.11,4.19,4.54,-0.35,1.0832,80.9,79.4,102.5186,157517.0,1312.0,6.7,1.9497742847996768,0.0,0.0,0.0,,0,1
2024-03-01,5.33,3.9,312.107,13.11,4.19,4.54,-0.35,1.0832,80.9,79.4,102.5186,157517.0,1312.0,3.0,1.9497742847996768,0.0,0.0,0.0,,0,1
2024-03-01,5.33,3.9,312.107,13.11,4.19,4.54,-0.35,1.0832,80.9,79.4,102.5186,157517.0,1312.0,0.8,1.9497742847996768,0.0,0.0,0.0,,0,1
2024-03-01,5.33,3.9,312.107,13.11,4.19,4.54,-0.35,1.0832,80.9,79.4,102.5186,157517.0,1312.0,0.5,1.9497742847996768,0.0,0.0,0.0,,0,1
2024-03-01,5.33,3.9,312.107,13.11,4.19,4.54,-0.35,1.0832,80.9,79.4,102.5186,157517.0,1312.0,-1.6,1.9497742847996768,0.0,0.0,0.0,,0,1
2024-03-01,5.33,3.9,312.107,13.11,4.19,4.54,-0.35,1.0832,80.9,79.4,102.5186,157517.0,1312.0,0.8,1.9497742847996768,0.0,0.0,0.0,,0,1
2024-03-01,5.33,3.9,312.107,13.11,4.19,4.54,-0.35,1.0832,80.9,79.4,102.5186,157517.0,1312.0,-0.9,1.9497742847996768,0.0,0.0,0.0,,0,1
2024-03-01,5.33,3.9,312.107,13.11,4.19,4.54,-0.35,1.0832,80.9,79.4,102.5186,157517.0,1312.0,-1.3,1.9497742847996768,0.0,0.0,0.0,,0,1
2024-03-01,5.33,3.9,312.107,13.11,4.19,4.54,-0.35,1.0832,80.9,79.4,102.5186,157517.0,1312.0,5.5,1.9497742847996768,0.0,0.0,0.0,,0,1
2024-03-01,5.33,3.9,312.107,13.11,4.19,4.54,-0.35,1.0832,80.9,79.4,102.5186,157517.0,1312.0,4.0,1.9497742847996768,0.0,0.0,0.0,,0,1
2024-03-01,5.33,3.9,312.107,13.11,4.19,4.54,-0.35,1.0832,80.9,79.4,102.5186,157517.0,1312.0,2.3,1.9497742847996768,0.0,0.0,0.0,,0,1
2024-03-01,5.33,3.9,312.107,13.11,4.19,4.54,-0.35,1.0832,80.9,79.4,102.5186,157517.0,1312.0,7.4,1.9497742847996768,0.0,0.0,0.0,,0,1
2024-03-01,5.33,3.9,312.107,13.11,4.19,4.54,-0.35,1.0832,80.9,79.4,102.5186,157517.0,1312.0,4.6,1.9497742847996768,0.0,0.0,0.0,13.208499999999997,0,1
2024-03-01,5.33,3.9,312.107,13.11,4.19,4.54,-0.35,1.0832,80.9,79.4,102.5186,157517.0,1312.0,-1.6,1.9497742847996768,0.0,0.0,0.0,13.177000000000001,0,1
2024-03-01,5.33,3.9,312.107,13.11,4.19,4.54,-0.35,1.0832,80.9,79.4,102.5186,157517.0,1312.0,-5.0,1.9497742847996768,0.0,0.0,0.0,13.160999999999998,0,1
2024-03-01,5.33,3.9,312.107,13.11,4.19,4.54,-0.35,1.0832,80.9,79.4,102.5186,157517.0,1312.0,1.5,1.9497742847996768,0.0,0.0,0.0,13.124500000000001,0,1
2024-03-01,5.33,3.9,312.107,13.11,4.19,4.54,-0.35,1.0832,80.9,79.4,102.5186,157517.0,1312.0,-0.1,1.9497742847996768,0.0,0.0,0.0,13.11,0,1
2024-03-01,5.33,3.9,312.107,13.11,4.19,4.54,-0.35,1.0832,80.9,79.4,102.5186,157517.0,1312.0,-2.6,1.9497742847996768,0.0,0.0,0.0,13.11,0,1
2024-03-01,5.33,3.9,312.107,13.11,4.19,4.54,-0.35,1.0832,80.9,79.4,102.5186,157517.0,1312.0,3.2,1.9497742847996768,0.0,0.0,0.0,13.11,0,1
2024-03-01,5.33,3.9,312.107,13.11,4.19,4.54,-0.35,1.0832,80.9,79.4,102.5186,157517.0,1312.0,4.9,1.5398179416606483,0.0,0.0,0.0,13.11,0,1
2024-03-01,5.33,3.9,312.107,13.11,4.19,4.54,-0.35,1.0832,80.9,79.4,102.5186,157517.0,1312.0,13.8,1.5398179416606483,0.0,0.0,0.0,13.11,0,1
2024-03-01,5.33,3.9,312.107,13.11,4.19,4.54,-0.35,1.0832,80.9,79.4,102.5186,157517.0,1312.0,8.2,1.5398179416606483,0.0,0.0,0.0,13.11,0,1
2024-03-02,5.33,,,,,,,,,,,,,8.2,1.5398179416606483,0.0,0.0,,,0,0
2024-03-03,5.33,,,,,,,,,,,,,8.2,1.5398179416606483,0.0,0.0,,,0,0
2024-03-04,5.33,,,13.49,4.22,4.61,-0.39,1.0862,79.67,,,,,8.2,1.5398179416606483,0.0,0.0,,,0,1
2024-03-05,5.33,,,14.46,4.13,4.54,-0.41,1.0861,79.11,,,,,8.2,1.5398179416606483,0.0,0.0,,,0,1
2024-03-06,5.33,,,14.5,4.11,4.55,-0.44,1.0913,80.08,,,,,8.2,1.5398179416606483,0.0,0.0,,,0,1
2024-03-07,5.33,,,14.44,4.09,4.5,-0.41,1.0941,79.81,,,,,8.2,1.5398179416606483,0.0,0.0,,,0,1
2024-03-08,5.33,,,14.74,4.09,4.48,-0.39,1.0941,78.96,,,,,8.2,1.5398179416606483,0.0,0.0,,,0,1
2024-03-09,5.33,,,,,,,,,,,,,8.2,1.5398179416606483,0.0,0.0,,,0,0
2024-03-10,5.33,,,,,,,,,,,,,8.2,1.5398179416606483,0.0,0.0,,,0,0
2024-03-11,5.33,,,15.22,4.1,4.51,-0.41,1.0928,78.87,,,,,8.2,1.5398179416606483,0.0,0.0,,,0,1
2024-03-12,5.33,,,13.84,4.16,4.58,-0.42,1.0918,78.51,,,,,8.2,1.5398179416606483,0.0,0.0,,,0,1
2024-03-13,5.33,,,13.75,4.19,4.61,-0.42,1.0944,80.67,,,,,8.2,1.5398179416606483,0.0,0.0,,,0,1
2024-03-14,5.33,,,14.4,4.29,4.68,-0.39,1.0888,82.16,,,,,8.2,1.5398179416606483,0.0,0.0,,,0,1
2024-03-15,5.33,,,14.41,4.31,4.72,-0.41,1.0888,81.94,,,,,8.2,1.5398179416606483,0.0,0.0,,,0,1
2024-03-16,5.33,,,,,,,,,,,,,8.2,1.5398179416606483,0.0,0.0,,,0,0
2024-03-17,5.33,,,,,,,,,,,,,8.2,1.5398179416606483,0.0,0.0,,,0,0
2024-03-18,5.33,,,14.33,4.34,4.73,-0.39,1.0886,83.68,,,,,8.2,1.5398179416606483,0.0,0.0,,,0,1
2024-03-19,5.33,,,13.82,4.3,4.68,-0.38,1.0859,84.39,,,,,8.2,1.5398179416606483,0.0,0.0,,,0,1
2024-03-20,5.33,,,13.04,4.27,4.59,-0.32,1.0856,82.79,,,,,8.2,1.5398179416606483,0.0,0.0,,,0,1
2024-03-21,5.33,,,12.92,4.27,4.62,-0.35,1.0861,81.99,,,,,8.2,1.5398179416606483,0.0,0.0,,,0,1
2024-03-22,5.33,,,13.06,4.22,4.59,-0.37,1.0817,81.1,,,,,8.2,1.5398179416606483,0.0,0.0,,,0,1
2024-03-23,5.33,,,,,,,,,,,,,8.2,1.5398179416606483,0.0,0.0,,,0,0
2024-03-24,5.33,,,,,,,,,,,,,8.2,1.5398179416606483,0.0,0.0,,,0,0
2024-03-25,5.33,,,13.19,4.25,4.54,-0.29,1.0837,82.41,,,,,8.2,1.5398179416606483,0.0,0.0,,,0,1
2024-03-26,5.33,,,13.24,4.24,4.56,-0.32,1.0829,82.41,,,,,8.2,1.5398179416606483,0.0,0.0,,,0,1
2024-03-27,5.33,,,12.78,4.2,4.54,-0.34,1.0821,82.15,,,,,8.2,1.5398179416606483,0.0,0.0,,,0,1
2024-03-28,5.33,,,13.01,4.2,4.59,-0.39,1.0801,83.96,,,,,8.2,1.5398179416606483,0.0,0.0,,,0,1
2024-03-29,5.33,,,,,,,1.0791,,,,,,8.2,1.5398179416606483,0.0,0.0,,,0,0
2024-03-30,5.33,,,,,,,,,,,,,8.2,1.5398179416606483,0.0,0.0,,,0,0
2024-03-31,5.33,,,,,,,,,,,,,8.2,1.5398179416606483,0.0,0.0,,,0,0
2024-04-01,5.33,3.9,313.016,13.65,4.33,4.72,-0.39,1.0733,84.54,77.2,102.3568,157635.0,1385.0,8.2,1.835548875311499,0.0,0.0,,,0,1
2024-04-02,5.33,,,14.61,4.36,4.7,-0.34,1.0769,85.95,,,,,8.2,1.835548875311499,0.0,0.0,,,0,1
2024-04-03,5.33,,,14.33,4.36,4.68,-0.32,1.0827,86.22,,,,,8.2,1.835548875311499,0.0,0.0,,,0,1
2024-04-04,5.33,,,16.35,4.31,4.65,-0.34,1.0865,87.37,,,,,8.2,1.835548875311499,0.0,0.0,,,0,1
2024-04-05,5.33,,,16.03,4.39,4.73,-0.34,1.0841,87.69,,,,,8.2,1.835548875311499,0.0,0.0,,,0,1
2024-04-06,5.33,,,,,,,,,,,,,8.2,1.835548875311499,0.0,0.0,,,0,0
2024-04-07,5.33,,,,,,,,,,,,,8.2,1.835548875311499,0.0,0.0,,,0,0
2024-04-08,5.33,,,15.19,4.42,4.78,-0.36,1.0853,87.24,,,,,8.2,1.835548875311499,0.0,0.0,,,0,1
2024-04-09,5.33,,,14.98,4.36,4.74,-0.38,1.0856,86.04,,,,,8.2,1.835548875311499,0.0,0.0,,,0,1
2024-04-10,5.33,,,15.8,4.55,4.97,-0.42,1.0737,86.98,,,,,8.2,1.835548875311499,0.0,0.0,,,0,1
2024-04-11,5.33,,,14.91,4.56,4.93,-0.37,1.0722,85.79,,,,,8.2,1.835548875311499,0.0,0.0,,,0,1
2024-04-12,5.33,,,17.31,4.5,4.88,-0.38,1.0647,86.46,,,,,8.2,1.835548875311499,0.0,0.0,,,0,1
2024-04-13,5.33,,,,,,,,,,,,,8.2,1.835548875311499,0.0,0.0,,,0,0
2024-04-14,5.33,,,,,,,,,,,,,8.2,1.835548875311499,0.0,0.0,,,0,0
2024-04-15,5.33,,,19.23,4.63,4.93,-0.3,1.0644,86.21,,,,,8.2,1.835548875311499,0.0,0.0,,,0,1
2024-04-16,5.33,,,18.4,4.67,4.97,-0.3,1.0628,86.15,,,,,8.2,1.835548875311499,0.0,0.0,,,0,1
2024-04-17,5.33,,,18.21,4.59,4.93,-0.34,1.0644,83.58,,,,,8.2,1.835548875311499,0.0,0.0,,,0,1
2024-04-18,5.33,,,18.0,4.64,4.98,-0.34,1.066,83.5,,,,,8.2,1.835548875311499,0.0,0.0,,,0,1
2024-04-19,5.33,,,18.71,4.62,4.97,-0.35,1.0655,83.79,,,,,8.2,1.835548875311499,0.0,0.0,,,0,1
2024-04-20,5.33,,,,,,,,,,,,,8.2,1.835548875311499,0.0,0.0,,,0,0
2024-04-21,5.33,,,,,,,,,,,,,8.2,1.835548875311499,0.0,0.0,,,0,0
2024-04-22,5.33,,,16.94,4.62,4.97,-0.35,1.0655,83.82,,,,,8.2,1.7431976935053495,0.0,0.0,,,0,1
2024-04-23,5.33,,,15.69,4.61,4.86,-0.25,1.0695,84.17,,,,,8.2,1.7431976935053495,0.0,0.0,,,0,1
2024-04-24,5.33,,,15.97,4.65,4.89,-0.24,1.0687,84.09,,,,,8.2,1.7431976935053495,0.0,0.0,,,0,1
2024-04-25,5.33,,,15.37,4.7,4.96,-0.26,1.0721,84.92,,,,,8.2,1.7431976935053495,0.0,0.0,,,0,1
2024-04-26,5.33,,,15.03,4.67,4.96,-0.29,1.0686,85.38,,,,,8.2,1.7431976935053495,0.0,0.0,,,0,1
2024-04-27,5.33,,,,,,,,,,,,,8.2,1.7431976935053495,0.0,0.0,,,0,0
2024-04-28,5.33,,,,,,,,,,,,,8.2,1.7431976935053495,0.0,0.0,,,0,0
2024-04-29,5.33,,,14.67,4.63,4.97,-0.34,1.0717,84.26,,,,,8.2,1.7431976935053495,0.0,0.0,,,0,1
2024-04-30,5.33,,,15.65,4.69,5.04,-0.35,1.0684,83.49,,,,,8.2,1.7431976935053495,0.0,0.0,,,0,1
2024-05-01,5.33,4.0,313.14,15.39,4.63,4.96,-0.33,1.068,80.7,69.1,102.9797,157828.0,1316.0,8.2,1.783502842488116,0.0,0.0,,,0,1
2024-05-02,5.33,,,14.68,4.58,4.87,-0.29,1.0706,80.59,,,,,8.2,1.783502842488116,0.0,0.0,,,0,1
2024-05-03,5.33,,,13.49,4.5,4.81,-0.31,1.077,79.65,,,,,8.2,1.783502842488116,0.0,0.0,,,0,1
2024-05-04,5.33,,,,,,,,,,,,,8.2,1.783502842488116,0.0,0.0,,,0,0
2024-05-05,5.33,,,,,,,,,,,,,8.2,1.783502842488116,0.0,0.0,,,0,0
2024-05-06,5.33,,,13.49,4.49,4.82,-0.33,1.0779,80.1,,,,,8.2,1.783502842488116,0.0,0.0,,,0,1
2024-05-07,5.33,,,13.23,4.47,4.82,-0.35,1.0767,79.97,,,,,8.2,1.783502842488116,0.0,0.0,,,0,1
2024-05-08,5.33,,,13.0,4.48,4.84,-0.36,1.0755,80.57,,,,,8.2,1.783502842488116,0.0,0.0,,,0,1
2024-05-09,5.33,,,12.69,4.45,4.8,-0.35,1.0771,80.86,,,,,8.2,1.783502842488116,0.0,0.0,,,0,1
2024-05-10,5.33,,,12.55,4.5,4.87,-0.37,1.0773,79.81,,,,,8.2,1.783502842488116,0.0,0.0,,,0,1
2024-05-11,5.33,,,,,,,,,,,,,8.2,1.783502842488116,0.0,0.0,,,0,0
2024-05-12,5.33,,,,,,,,,,,,,8.2,1.783502842488116,0.0,0.0,,,0,0
2024-05-13,5.33,,,13.6,4.48,4.85,-0.37,1.0796,80.71,,,,,8.2,1.783502842488116,0.0,0.0,,,0,1
2024-05-14,5.33,,,13.42,4.45,4.81,-0.36,1.0818,79.62,,,,,8.2,1.783502842488116,0.0,0.0,,,0,1
2024-05-15,5.33,,,12.45,4.36,4.73,-0.37,1.086,80.23,,,,,8.2,1.783502842488116,0.0,0.0,,,0,1
2024-05-16,5.33,,,12.42,4.38,4.78,-0.4,1.0875,80.85,,,,,8.2,1.783502842488116,0.0,0.0,,,0,1
2024-05-17,5.33,,,11.99,4.42,4.83,-0.41,1.0869,81.66,,,,,8.2,1.783502842488116,0.0,0.0,,,0,1
2024-05-18,5.33,,,,,,,,,,,,,8.2,1.783502842488116,0.0,0.0,,,0,0
2024-05-19,5.33,,,,,,,,,,,,,8.2,1.783502842488116,0.0,0.0,,,0,0
2024-05-20,5.33,,,12.15,4.44,4.82,-0.38,1.0861,81.39,,,,,8.2,1.783502842488116,0.0,0.0,,,0,1
2024-05-21,5.33,,,11.86,4.41,4.82,-0.41,1.0855,80.66,,,,,8.2,1.783502842488116,0.0,0.0,,,0,1
2024-05-22,5.33,,,12.29,4.43,4.86,-0.43,1.0836,79.15,,,,,8.2,1.783502842488116,0.0,0.0,,,0,1
2024-05-23,5.33,,,12.77,4.47,4.91,-0.44,1.0827,77.47,,,,,8.2,1.6401211346145805,0.0,0.0,,,0,1
2024-05-24,5.33,,,11.93,4.46,4.93,-0.47,1.0852,78.48,,,,,8.2,1.6401211346145805,0.0,0.0,,,0,1
2024-05-25,5.33,,,,,,,,,,,,,8.2,1.6401211346145805,0.0,0.0,,,0,0
2024-05-26,5.33,,,,,,,,,,,,,8.2,1.6401211346145805,0.0,0.0,,,0,0
2024-05-27,5.33,,,12.36,,,,,,,,,,8.2,1.6401211346145805,0.0,0.0,,,0,0
2024-05-28,5.33,,,12.92,4.54,4.94,-0.4,1.0879,80.9,,,,,8.2,1.6401211346145805,0.0,0.0,,,0,1
2024-05-29,5.33,,,14.28,4.61,4.96,-0.35,1.0811,80.24,,,,,8.2,1.6401211346145805,0.0,0.0,,,0,1
2024-05-30,5.33,,,14.47,4.55,4.92,-0.37,1.0837,78.96,,,,,8.2,1.6401211346145805,0.0,0.0,,,0,1
2024-05-31,5.33,,,12.92,4.51,4.89,-0.38,1.0846,77.97,,,,,8.2,1.6401211346145805,0.0,0.0,,,0,1
2024-06-01,5.33,4.1,313.131,,,,,,,68.2,103.2534,157915.0,1327.0,3.2,1.6371998818515587,0.0,0.0,,,0,0
2024-06-01,5.33,4.1,313.131,,,,,,,68.2,103.2534,157915.0,1327.0,0.7,1.6371998818515587,0.0,0.0,0.0,,0,0
2024-06-01,5.33,4.1,313.131,,,,,,,68.2,103.2534,157915.0,1327.0,5.9,1.6371998818515587,0.0,0.0,0.0,,0,0
2024-06-01,5.33,4.1,313.131,,,,,,,68.2,103.2534,157915.0,1327.0,8.9,1.6371998818515587,0.0,0.0,0.0,,0,0
2024-06-01,5.33,4.1,313.131,,,,,,,68.2,103.2534,157915.0,1327.0,1.2,1.6371998818515587,0.0,0.0,0.0,,0,0
2024-06-01,5.33,4.1,313.131,,,,,,,68.2,103.2534,157915.0,1327.0,2.5,1.6371998818515587,0.0,0.0,0.0,,0,0
2024-06-01,5.33,4.1,313.131,,,,,,,68.2,103.2534,157915.0,1327.0,4.3,1.6371998818515587,0.0,0.0,0.0,,0,0
2024-06-01,5.33,4.1,313.131,,,,,,,68.2,103.2534,157915.0,1327.0,0.7,1.6371998818515587,0.0,0.0,0.0,,0,0
2024-06-01,5.33,4.1,313.131,,,,,,,68.2,103.2534,157915.0,1327.0,8.2,1.6371998818515587,0.0,0.0,0.0,,0,0
2024-06-01,5.33,4.1,313.131,,,,,,,68.2,103.2534,157915.0,1327.0,-2.0,1.6371998818515587,0.0,0.0,0.0,,0,0
2024-06-01,5.33,4.1,313.131,,,,,,,68.2,103.2534,157915.0,1327.0,9.0,1.6371998818515587,0.0,0.0,0.0,,0,0
2024-06-01,5.33,4.1,313.131,,,,,,,68.2,103.2534,157915.0,1327.0,-3.9,1.6371998818515587,0.0,0.0,0.0,,0,0
2024-06-01,5.33,4.1,313.131,,,,,,,68.2,103.2534,157915.0,1327.0,6.3,1.6371998818515587,0.0,0.0,0.0,,0,0
2024-06-01,5.33,4.1,313.131,,,,,,,68.2,103.2534,157915.0,1327.0,8.4,1.6371998818515587,0.0,0.0,0.0,,0,0
2024-06-01,5.33,4.1,313.131,,,,,,,68.2,103.2534,157915.0,1327.0,6.9,1.6371998818515587,0.0,0.0,0.0,,0,0
2024-06-01,5.33,4.1,313.131,,,,,,,68.2,103.2534,157915.0,1327.0,3.3,1.6371998818515587,0.0,0.0,0.0,,0,0
2024-06-01,5.33,4.1,313.131,,,,,,,68.2,103.2534,157915.0,1327.0,3.9,1.6371998818515587,0.0,0.0,0.0,,0,0
2024-06-01,5.33,4.1,313.131,,,,,,,68.2,103.2534,157915.0,1327.0,5.5,1.6371998818515587,0.0,0.0,0.0,,0,0
2024-06-01,5.33,4.1,313.131,,,,,,,68.2,103.2534,157915.0,1327.0,7.8,1.6371998818515587,0.0,0.0,0.0,,0,0
2024-06-01,5.33,4.1,313.131,,,,,,,68.2,103.2534,157915.0,1327.0,0.4,1.6371998818515587,0.0,0.0,0.0,,0,0
2024-06-01,5.33,4.1,313.131,,,,,,,68.2,103.2534,157915.0,1327.0,2.8,1.6371998818515587,0.0,0.0,0.0,,0,0
2024-06-01,5.33,4.1,313.131,,,,,,,68.2,103.2534,157915.0,1327.0,0.9,1.423874844121964,0.0,0.0,0.0,,0,0
2024-06-01,5.33,4.1,313.131,,,,,,,68.2,103.2534,157915.0,1327.0,3.6,1.423874844121964,0.0,0.0,0.0,,0,0
2024-06-01,5.33,4.1,313.131,,,,,,,68.2,103.2534,157915.0,1327.0,4.3,1.423874844121964,0.0,0.0,0.0,,0,0
2024-06-01,5.33,4.1,313.131,,,,,,,68.2,103.2534,157915.0,1327.0,1.4,1.423874844121964,0.0,0.0,0.0,,0,0
2024-06-02,5.33,,,,,,,,,,,,,1.4,1.423874844121964,0.0,0.0,,,0,0
2024-06-03,5.33,,,13.11,4.41,4.82,-0.41,1.089,75.26,,,,,1.4,1.423874844121964,0.0,0.0,,,0,1
2024-06-04,5.33,,,13.16,4.33,4.77,-0.44,1.0878,74.27,,,,,1.4,1.423874844121964,0.0,0.0,,,0,1
2024-06-05,5.33,,,12.63,4.29,4.72,-0.43,1.0865,75.08,,,,,1.4,1.423874844121964,0.0,0.0,,,0,1
2024-06-06,5.33,,,12.58,4.28,4.72,-0.44,1.0883,76.52,,,,,1.4,1.423874844121964,0.0,0.0,,,0,1
2024-06-07,5.33,,,12.22,4.43,4.87,-0.44,1.0807,76.53,,,,,1.4,1.423874844121964,0.0,0.0,,,0,1
2024-06-08,5.33,,,,,,,,,,,,,1.4,1.423874844121964,0.0,0.0,,,0,0
2024-06-09,5.33,,,,,,,,,,,,,1.4,1.423874844121964,0.0,0.0,,,0,0
2024-06-10,5.33,,,12.74,4.47,4.87,-0.4,1.0751,78.75,,,,,1.4,1.423874844121964,0.0,0.0,,,0,1
2024-06-11,5.33,,,12.85,4.39,4.81,-0.42,1.0733,78.88,,,,,1.4,1.423874844121964,0.0,0.0,,,0,1
2024-06-12,5.33,,,12.04,4.31,4.75,-0.44,1.0843,79.56,,,,,1.4,1.423874844121964,0.0,0.0,,,0,1
2024-06-13,5.33,,,11.94,4.24,4.68,-0.44,1.0756,79.61,,,,,1.4,1.423874844121964,0.0,0.0,,,0,1
2024-06-14,5.33,,,12.66,4.2,4.67,-0.47,1.0699,79.41,,,,,1.4,1.423874844121964,0.0,0.0,,,0,1
2024-06-15,5.33,,,,,,,,,,,,,1.4,1.423874844121964,0.0,0.0,,,0,0
2024-06-16,5.33,,,,,,,,,,,,,1.4,1.423874844121964,0.0,0.0,,,0,0
2024-06-17,5.33,,,12.75,4.28,4.75,-0.47,1.0723,81.33,,,,,1.4,1.423874844121964,0.0,0.0,,,0,1
2024-06-18,5.33,,,12.3,4.22,4.69,-0.47,1.0739,82.67,,,,,1.4,1.423874844121964,0.0,0.0,,,0,1
2024-06-19,5.33,,,12.48,,,,,,,,,,1.4,1.423874844121964,0.0,0.0,,,0,0
2024-06-20,5.33,,,13.28,4.25,4.7,-0.45,1.0708,83.34,,,,,1.4,1.423874844121964,0.0,0.0,,,0,1
2024-06-21,5.33,,,13.2,4.25,4.7,-0.45,1.0694,81.71,,,,,1.4,1.423874844121964,0.0,0.0,,,0,1
2024-06-22,5.33,,,,,,,,,,,,,1.4,1.423874844121964,0.0,0.0,,,0,0
2024-06-23,5.33,,,,,,,,,,,,,1.4,1.423874844121964,0.0,0.0,,,0,0
2024-06-24,5.33,,,13.33,4.25,4.71,-0.46,1.0727,82.63,,,,,1.4,1.423874844121964,0.0,0.0,,,0,1
2024-06-25,5.33,,,12.84,4.23,4.65,-0.42,1.0705,81.97,,,,,1.4,1.423874844121964,0.0,0.0,,,0,1
2024-06-26,5.33,,,12.55,4.32,4.71,-0.39,1.0682,82.19,,,,,1.4,1.423874844121964,0.0,0.0,,,0,1
2024-06-27,5.33,,,12.24,4.29,4.7,-0.41,1.0708,83.04,,,,,1.4,1.423874844121964,0.0,0.0,,,0,1
2024-06-28,5.33,,,12.44,4.36,4.71,-0.35,1.0711,82.83,,,,,1.4,1.423874844121964,0.0,0.0,,,0,1
2024-06-29,5.33,,,,,,,,,,,,,1.4,1.423874844121964,0.0,0.0,,,0,0
2024-06-30,5.33,,,,,,,,,,,,,1.4,1.423874844121964,0.0,0.0,,,0,0
2024-07-01,5.33,4.2,313.566,12.22,4.48,4.77,-0.29,1.0728,84.7,66.4,102.5192,158003.0,1265.0,1.4,1.5647723776053724,0.0,0.0,,,0,1
2024-07-02,5.33,,,12.03,4.43,4.74,-0.31,1.0737,84.09,,,,,1.4,1.5647723776053724,0.0,0.0,,,0,1
2024-07-03,5.33,,,12.09,4.36,4.71,-0.35,1.0799,85.19,,,,,1.4,1.5647723776053724,0.0,0.0,,,0,1
2024-07-04,5.33,,,12.26,,,,,,,,,,1.4,1.5647723776053724,0.0,0.0,,,0,0
2024-07-05,5.33,,,12.48,4.28,4.6,-0.32,1.0828,84.44,,,,,1.4,1.5647723776053724,0.0,0.0,,,0,1
2024-07-06,5.33,,,,,,,,,,,,,1.4,1.5647723776053724,0.0,0.0,,,0,0
2024-07-07,5.33,,,,,,,,,,,,,1.4,1.5647723776053724,0.0,0.0,,,0,0
2024-07-08,5.33,,,12.37,4.28,4.62,-0.34,1.0835,83.63,,,,,1.4,1.5647723776053724,0.0,0.0,,,0,1
2024-07-09,5.33,,,12.51,4.3,4.62,-0.32,1.0813,82.78,,,,,1.4,1.5647723776053724,0.0,0.0,,,0,1
2024-07-10,5.33,,,12.85,4.28,4.62,-0.34,1.0823,83.39,,,,,1.4,1.5647723776053724,0.0,0.0,,,0,1
2024-07-11,5.33,,,12.92,4.2,4.5,-0.3,1.087,83.92,,,,,1.4,1.5647723776053724,0.0,0.0,,,0,1
2024-07-12,5.33,,,12.46,4.18,4.45,-0.27,1.0902,83.49,,,,,1.4,1.5647723776053724,0.0,0.0,,,0,1
2024-07-13,5.33,,,,,,,,,,,,,1.4,1.5647723776053724,0.0,0.0,,,0,0
2024-07-14,5.33,,,,,,,,,,,,,1.4,1.5647723776053724,0.0,0.0,,,0,0
2024-07-15,5.33,,,13.12,4.23,4.44,-0.21,1.0912,83.22,,,,,1.4,1.5647723776053724,0.0,0.0,,,0,1
2024-07-16,5.33,,,13.19,4.17,4.43,-0.26,1.0885,81.92,,,,,1.4,1.5647723776053724,0.0,0.0,,,0,1
2024-07-17,5.33,,,14.48,4.16,4.42,-0.26,1.0933,84.16,,,,,1.4,1.5647723776053724,0.0,0.0,,,0,1
2024-07-18,5.33,,,15.93,4.2,4.46,-0.26,1.0913,84.17,,,,,1.4,1.5647723776053724,0.0,0.0,,,0,1
2024-07-19,5.33,,,16.52,4.25,4.49,-0.24,1.0888,81.43,,,,,1.4,1.5647723776053724,0.0,0.0,,,0,1
2024-07-20,5.33,,,,,,,,,,,,,1.4,1.5647723776053724,0.0,0.0,,,0,0
2024-07-21,5.33,,,,,,,,,,,,,1.4,1.5647723776053724,0.0,0.0,,,0,0
2024-07-22,5.33,,,14.91,4.26,4.5,-0.24,1.088,81.25,,,,,1.4,1.5647723776053724,0.0,0.0,,,0,1
2024-07-23,5.33,,,14.72,4.25,4.4,-0.15,1.0855,78.24,,,,,1.4,1.217583297287872,0.0,0.0,,,0,1
2024-07-24,5.33,,,18.04,4.28,4.37,-0.09,1.0853,78.78,,,,,1.4,1.217583297287872,0.0,0.0,,,0,1
2024-07-25,5.33,,,18.46,4.27,4.41,-0.14,1.0861,79.43,,,,,1.4,1.217583297287872,0.0,0.0,,,0,1
2024-07-26,5.33,,,16.39,4.2,4.36,-0.16,1.0859,78.58,,,,,1.4,1.217583297287872,0.0,0.0,,,0,1
2024-07-27,5.33,,,,,,,,,,,,,1.4,1.217583297287872,0.0,0.0,,,0,0
2024-07-28,5.33,,,,,,,,,,,,,1.4,1.217583297287872,0.0,0.0,,,0,0
2024-07-29,5.33,,,16.6,4.17,4.36,-0.19,1.0819,77.27,,,,,1.4,1.217583297287872,0.0,0.0,,,0,1
2024-07-30,5.33,,,17.69,4.15,4.35,-0.2,1.0809,76.17,,,,,1.4,1.217583297287872,0.0,0.0,,,0,1
2024-07-31,5.33,,,16.36,4.09,4.29,-0.2,1.0823,79.36,,,,,1.4,1.217583297287872,0.0,0.0,,,0,1
2024-08-01,5.33,4.2,314.131,18.59,3.99,4.16,-0.17,1.0789,77.74,67.9,103.0196,158074.0,1391.0,1.4,1.399962555762868,0.0,0.0,,,0,1
2024-08-02,5.33,,,23.39,3.8,3.88,-0.08,1.0914,74.99,,,,,1.4,1.399962555762868,0.0,0.0,,,0,1
2024-08-03,5.33,,,,,,,,,,,,,1.4,1.399962555762868,0.0,0.0,,,0,0
2024-08-04,5.33,,,,,,,,,,,,,1.4,1.399962555762868,0.0,0.0,,,0,0
2024-08-05,5.33,,,38.57,3.78,3.89,-0.11,1.0957,74.46,,,,,1.4,1.399962555762868,0.0,0.0,,,0,1
2024-08-06,5.33,,,27.71,3.9,3.99,-0.09,1.0926,74.6,,,,,1.4,1.399962555762868,0.0,0.0,,,0,1
2024-08-07,5.33,,,27.85,3.96,4.0,-0.04,1.0925,76.68,,,,,1.4,1.399962555762868,0.0,0.0,,,0,1
2024-08-08,5.33,,,23.79,3.99,4.04,-0.05,1.0914,77.64,,,,,1.4,1.399962555762868,0.0,0.0,,,0,1
2024-08-09,5.33,,,20.37,3.94,4.05,-0.11,1.0925,78.28,,,,,1.4,1.399962555762868,0.0,0.0,,,0,1
2024-08-10,5.33,,,,,,,,,,,,,1.4,1.399962555762868,0.0,0.0,,,0,0
2024-08-11,5.33,,,,,,,,,,,,,1.4,1.399962555762868,0.0,0.0,,,0,0
2024-08-12,5.33,,,20.71,3.9,4.01,-0.11,1.0928,81.45,,,,,1.4,1.399962555762868,0.0,0.0,,,0,1
2024-08-13,5.33,,,18.12,3.85,3.93,-0.08,1.0954,79.81,,,,,1.4,1.399962555762868,0.0,0.0,,,0,1
2024-08-14,5.33,,,16.19,3.83,3.94,-0.11,1.1024,78.47,,,,,1.4,1.399962555762868,0.0,0.0,,,0,1
2024-08-15,5.33,,,15.23,3.92,4.08,-0.16,1.0986,79.66,,,,,1.4,1.399962555762868,0.0,0.0,,,0,1
2024-08-16,5.33,,,14.8,3.89,4.06,-0.17,1.0996,78.05,,,,,1.4,1.399962555762868,0.0,0.0,,,0,1
2024-08-17,5.33,,,,,,,,,,,,,1.4,1.399962555762868,0.0,0.0,,,0,0
2024-08-18,5.33,,,,,,,,,,,,,1.4,1.399962555762868,0.0,0.0,,,0,0
2024-08-19,5.33,,,14.65,3.86,4.06,-0.2,1.107,75.82,,,,,1.4,1.399962555762868,0.0,0.0,,,0,1
2024-08-20,5.33,,,15.88,3.82,3.99,-0.17,1.1106,75.27,,,,,1.4,1.399962555762868,0.0,0.0,,,0,1
2024-08-21,5.33,,,16.27,3.79,3.92,-0.13,1.1143,72.76,,,,,1.4,1.399962555762868,0.0,0.0,,,0,1
2024-08-22,5.33,,,17.55,3.86,3.99,-0.13,1.1114,73.72,,,,,1.4,1.399962555762868,0.0,0.0,,,0,1
2024-08-23,5.33,,,15.86,3.81,3.9,-0.09,1.1176,75.82,,,,,1.4,0.9996077447897544,0.0,0.0,,,0,1
2024-08-24,5.33,,,,,,,,,,,,,1.4,0.9996077447897544,0.0,0.0,,,0,0
2024-08-25,5.33,,,,,,,,,,,,,1.4,0.9996077447897544,0.0,0.0,,,0,0
2024-08-26,5.33,,,16.15,3.82,3.91,-0.09,1.1164,78.4,,,,,1.4,0.9996077447897544,0.0,0.0,,,0,1
2024-08-27,5.33,,,15.43,3.83,3.83,0.0,1.116,76.5,,,,,1.4,0.9996077447897544,0.0,0.0,,,0,0
2024-08-28,5.33,,,17.11,3.84,3.83,0.01,1.1127,75.49,,,,,1.4,0.9996077447897544,0.0,0.0,,,0,0
2024-08-29,5.33,,,15.65,3.87,3.87,0.0,1.1086,76.9,,,,,1.4,0.9996077447897544,0.0,0.0,,,0,0
2024-08-30,5.33,,,15.0,3.91,3.91,0.0,1.106,74.52,,,,,1.4,0.9996077447897544,0.0,0.0,,,0,0
2024-08-31,5.33,,,,,,,,,,,,,1.4,0.9996077447897544,0.0,0.0,,,0,0
2024-09-01,5.33,4.1,314.851,,,,,,,70.1,102.5954,158314.0,1357.0,13.5,1.2311026229655742,0.0,0.0,,,0,0
2024-09-01,5.33,4.1,314.851,,,,,,,70.1,102.5954,158314.0,1357.0,8.6,1.2311026229655742,0.0,0.0,0.0,,0,0
2024-09-01,5.33,4.1,314.851,,,,,,,70.1,102.5954,158314.0,1357.0,8.6,1.2311026229655742,0.0,0.0,0.0,,0,0
2024-09-01,5.33,4.1,314.851,,,,,,,70.1,102.5954,158314.0,1357.0,8.2,1.2311026229655742,0.0,0.0,0.0,,0,0
2024-09-01,5.33,4.1,314.851,,,,,,,70.1,102.5954,158314.0,1357.0,4.8,1.2311026229655742,0.0,0.0,0.0,,0,0
2024-09-01,5.33,4.1,314.851,,,,,,,70.1,102.5954,158314.0,1357.0,10.1,1.2311026229655742,0.0,0.0,0.0,,0,0
2024-09-01,5.33,4.1,314.851,,,,,,,70.1,102.5954,158314.0,1357.0,0.9,1.2311026229655742,0.0,0.0,0.0,,0,0
2024-09-01,5.33,4.1,314.851,,,,,,,70.1,102.5954,158314.0,1357.0,2.4,1.2311026229655742,0.0,0.0,0.0,,0,0
2024-09-01,5.33,4.1,314.851,,,,,,,70.1,102.5954,158314.0,1357.0,8.9,1.2311026229655742,0.0,0.0,0.0,,0,0
2024-09-01,5.33,4.1,314.851,,,,,,,70.1,102.5954,158314.0,1357.0,-2.2,1.2311026229655742,0.0,0.0,0.0,,0,0
2024-09-01,5.33,4.1,314.851,,,,,,,70.1,102.5954,158314.0,1357.0,3.5,1.2311026229655742,0.0,0.0,0.0,,0,0
2024-09-01,5.33,4.1,314.851,,,,,,,70.1,102.5954,158314.0,1357.0,9.8,1.2311026229655742,0.0,0.0,0.0,,0,0
2024-09-01,5.33,4.1,314.851,,,,,,,70.1,102.5954,158314.0,1357.0,8.4,1.2311026229655742,0.0,0.0,0.0,,0,0
2024-09-01,5.33,4.1,314.851,,,,,,,70.1,102.5954,158314.0,1357.0,3.6,1.2311026229655742,0.0,0.0,0.0,,0,0
2024-09-01,5.33,4.1,314.851,,,,,,,70.1,102.5954,158314.0,1357.0,1.5,1.2311026229655742,0.0,0.0,0.0,,0,0
2024-09-01,5.33,4.1,314.851,,,,,,,70.1,102.5954,158314.0,1357.0,15.3,1.2311026229655742,0.0,0.0,0.0,,0,0
2024-09-01,5.33,4.1,314.851,,,,,,,70.1,102.5954,158314.0,1357.0,5.1,1.2311026229655742,0.0,0.0,0.0,,0,0
2024-09-01,5.33,4.1,314.851,,,,,,,70.1,102.5954,158314.0,1357.0,3.3,1.2311026229655742,0.0,0.0,0.0,,0,0
2024-09-01,5.33,4.1,314.851,,,,,,,70.1,102.5954,158314.0,1357.0,8.9,1.2311026229655742,0.0,0.0,0.0,,0,0
2024-09-01,5.33,4.1,314.851,,,,,,,70.1,102.5954,158314.0,1357.0,2.6,1.2311026229655742,0.0,0.0,0.0,,0,0
2024-09-01,5.33,4.1,314.851,,,,,,,70.1,102.5954,158314.0,1357.0,5.4,0.8791856638908913,0.0,0.0,0.0,,0,0
2024-09-01,5.33,4.1,314.851,,,,,,,70.1,102.5954,158314.0,1357.0,6.1,0.8791856638908913,0.0,0.0,0.0,,0,0
2024-09-01,5.33,4.1,314.851,,,,,,,70.1,102.5954,158314.0,1357.0,4.0,0.8791856638908913,0.0,0.0,0.0,,0,0
2024-09-01,5.33,4.1,314.851,,,,,,,70.1,102.5954,158314.0,1357.0,-4.8,0.8791856638908913,0.0,0.0,0.0,,0,0
2024-09-01,5.33,4.1,314.851,,,,,,,70.1,102.5954,158314.0,1357.0,3.0,0.8791856638908913,0.0,0.0,0.0,,0,0
2024-09-02,5.33,,,15.55,,,,,,,,,,3.0,0.8791856638908913,0.0,0.0,,,0,0
2024-09-03,5.33,,,20.72,3.84,3.88,-0.04,1.1043,71.28,,,,,3.0,0.8791856638908913,0.0,0.0,,,0,1
2024-09-04,5.33,,,21.32,3.77,3.76,0.01,1.1081,70.11,,,,,3.0,0.8791856638908913,0.0,0.0,,,0,0
2024-09-05,5.33,,,19.9,3.73,3.75,-0.02,1.1096,70.09,,,,,3.0,0.8791856638908913,0.0,0.0,,,0,1
2024-09-06,5.33,,,22.38,3.72,3.66,0.06,1.1086,68.58,,,,,3.0,0.8791856638908913,0.0,0.0,,,0,0
2024-09-07,5.33,,,,,,,,,,,,,3.0,0.8791856638908913,0.0,0.0,,,0,0
2024-09-08,5.33,,,,,,,,,,,,,3.0,0.8791856638908913,0.0,0.0,,,0,0
2024-09-09,5.33,,,19.45,3.7,3.68,0.02,1.1042,69.65,,,,,3.0,0.8791856638908913,0.0,0.0,,,0,0
2024-09-10,5.33,,,19.08,3.65,3.59,0.06,1.1025,66.73,,,,,3.0,0.8791856638908913,0.0,0.0,,,0,0
2024-09-11,5.33,,,17.69,3.65,3.62,0.03,1.1012,68.25,,,,,3.0,0.8791856638908913,0.0,0.0,,,0,0
2024-09-12,5.33,,,17.07,3.68,3.64,0.04,1.1041,69.89,,,,,3.0,0.8791856638908913,0.0,0.0,,,0,0
2024-09-13,5.33,,,16.56,3.66,3.57,0.09,1.1085,69.59,,,,,3.0,0.8791856638908913,0.0,0.0,,,0,0
2024-09-14,5.33,,,,,,,,,,,,,3.0,0.8791856638908913,0.0,0.0,,,0,0
2024-09-15,5.33,,,,,,,,,,,,,3.0,0.8791856638908913,0.0,0.0,,,0,0
2024-09-16,5.33,,,17.14,3.63,3.56,0.07,1.1123,71.1,,,,,3.0,0.8791856638908913,0.0,0.0,,,0,0
2024-09-17,5.33,,,17.61,3.65,3.59,0.06,1.1118,72.16,,,,,3.0,0.8791856638908913,0.0,0.0,,,0,0
2024-09-18,5.33,,,18.23,3.7,3.61,0.09,1.1116,71.87,,,,,3.0,0.8791856638908913,0.0,0.0,,,0,0
2024-09-19,4.83,,,16.33,3.73,3.59,0.14,1.1147,72.86,,,,,3.0,0.8791856638908913,-0.5,-0.5,,,0,0
2024-09-20,4.83,,,16.15,3.73,3.55,0.18,1.1159,72.72,,,,,3.0,0.8791856638908913,0.0,-0.5,,,0,0
2024-09-21,4.83,,,,,,,,,,,,,3.0,0.8791856638908913,0.0,-0.5,,,0,0
2024-09-22,4.83,,,,,,,,,,,,,3.0,0.8791856638908913,0.0,-0.5,,,0,0
2024-09-23,4.83,,,15.89,3.75,3.57,0.18,1.113,71.33,,,,,3.0,0.8791856638908913,0.0,-0.5,,,0,0
2024-09-24,4.83,,,15.39,3.74,3.49,0.25,1.115,72.34,,,,,3.0,0.8791856638908913,0.0,-0.5,,,0,0
2024-09-25,4.83,,,15.41,3.79,3.53,0.26,1.1143,70.42,,,,,3.0,0.8791856638908913,0.0,-0.5,,,0,0
2024-09-26,4.83,,,15.37,3.79,3.6,0.19,1.1184,68.28,,,,,3.0,0.8791856638908913,0.0,-0.5,,,0,0
2024-09-27,4.83,,,16.96,3.75,3.55,0.2,1.1159,68.72,,,,,3.0,0.8791856638908913,0.0,-0.5,,,0,0
2024-09-28,4.83,,,,,,,,,,,,,3.0,0.8791856638908913,0.0,-0.5,,,0,0
2024-09-29,4.83,,,,,,,,,,,,,3.0,0.8791856638908913,0.0,-0.5,,,0,0
2024-09-30,4.83,,,16.73,3.81,3.66,0.15,1.1145,68.75,,,,,3.0,0.8791856638908913,0.0,-0.5,,,0,0
2024-10-01,4.83,4.1,315.564,19.26,3.74,3.61,0.13,1.1067,70.41,70.5,102.2138,158358.0,1352.0,3.0,1.1076329592095036,0.0,-0.5,,,0,0
2024-10-02,4.83,,,18.9,3.79,3.63,0.16,1.105,70.74,,,,,3.0,1.1076329592095036,0.0,-0.5,,,0,0
2024-10-03,4.83,,,20.49,3.85,3.7,0.15,1.1015,74.33,,,,,3.0,1.1076329592095036,0.0,-0.5,,,0,0
2024-10-04,4.83,,,19.21,3.98,3.93,0.05,1.0961,74.93,,,,,3.0,1.1076329592095036,0.0,-0.5,,,0,0
2024-10-05,4.83,,,,,,,,,,,,,3.0,1.1076329592095036,0.0,-0.5,,,0,0
2024-10-06,4.83,,,,,,,,,,,,,3.0,1.1076329592095036,0.0,-0.5,,,0,0
2024-10-07,4.83,,,22.64,4.03,3.99,0.04,1.0976,77.76,,,,,3.0,1.1076329592095036,0.0,-0.5,,,0,0
2024-10-08,4.83,,,21.42,4.04,3.98,0.06,1.097,74.26,,,,,3.0,1.1076329592095036,0.0,-0.5,,,0,0
2024-10-09,4.83,,,20.86,4.06,3.99,0.07,1.0951,73.85,,,,,3.0,1.1076329592095036,0.0,-0.5,,,0,0
2024-10-10,4.83,,,20.93,4.09,3.98,0.11,1.0925,76.46,,,,,3.0,1.1076329592095036,0.0,-0.5,,,0,0
2024-10-11,4.83,,,20.46,4.08,3.95,0.13,1.0942,76.11,,,,,3.0,1.1076329592095036,0.0,-0.5,,,0,0
2024-10-12,4.83,,,,,,,,,,,,,3.0,1.1076329592095036,0.0,-0.5,,,0,0
2024-10-13,4.83,,,,,,,,,,,,,3.0,1.1076329592095036,0.0,-0.5,,,0,0
2024-10-14,4.83,,,19.7,,,,,,,,,,3.0,1.1076329592095036,0.0,-0.5,,,0,0
2024-10-15,4.83,,,20.64,4.03,3.95,0.08,1.0899,71.22,,,,,3.0,1.1076329592095036,0.0,-0.5,,,0,0
2024-10-16,4.83,,,19.58,4.02,3.93,0.09,1.0873,70.97,,,,,3.0,1.1076329592095036,0.0,-0.5,,,0,0
2024-10-17,4.83,,,19.11,4.09,3.96,0.13,1.0837,71.26,,,,,3.0,1.1076329592095036,0.0,-0.5,,,0,0
2024-10-18,4.83,,,18.03,4.08,3.95,0.13,1.0854,69.78,,,,,3.0,1.1076329592095036,0.0,-0.5,,,0,0
2024-10-19,4.83,,,,,,,,,,,,,3.0,1.1076329592095036,0.0,-0.5,,,0,0
2024-10-20,4.83,,,,,,,,,,,,,3.0,1.1076329592095036,0.0,-0.5,,,0,0
2024-10-21,4.83,,,18.37,4.19,4.02,0.17,1.082,71.16,,,,,3.0,1.1076329592095036,0.0,-0.5,,,0,0
2024-10-22,4.83,,,18.2,4.2,4.03,0.17,1.0805,72.84,,,,,3.0,0.8140158969509592,0.0,-0.5,,,0,0
2024-10-23,4.83,,,19.24,4.24,4.07,0.17,1.0779,71.37,,,,,3.0,0.8140158969509592,0.0,-0.5,,,0,0
2024-10-24,4.83,,,19.08,4.21,4.07,0.14,1.0806,70.58,,,,,3.0,0.8140158969509592,0.0,-0.5,,,0,0
2024-10-25,4.83,,,20.33,4.25,4.11,0.14,1.0813,72.02,,,,,3.0,0.8140158969509592,0.0,-0.5,,,0,0
2024-10-26,4.83,,,,,,,,,,,,,3.0,0.8140158969509592,0.0,-0.5,,,0,0
2024-10-27,4.83,,,,,,,,,,,,,3.0,0.8140158969509592,0.0,-0.5,,,0,0
2024-10-28,4.83,,,19.8,4.28,4.12,0.16,1.0819,67.65,,,,,3.0,0.8140158969509592,0.0,-0.5,,,0,0
2024-10-29,4.83,,,19.34,4.28,4.11,0.17,1.0798,67.48,,,,,3.0,0.8140158969509592,0.0,-0.5,,,0,0
2024-10-30,4.83,,,20.35,4.29,4.15,0.14,1.0864,68.91,,,,,3.0,0.8140158969509592,0.0,-0.5,,,0,0
2024-10-31,4.83,,,23.16,4.28,4.16,0.12,1.0855,69.58,,,,,3.0,0.8140158969509592,0.0,-0.5,,,0,0
2024-11-01,4.83,4.2,316.449,21.88,4.37,4.21,0.16,1.0848,69.81,71.8,101.9503,158619.0,1295.0,3.0,1.09674904797199,0.0,-0.5,,,0,0
2024-11-02,4.83,,,,,,,,,,,,,3.0,1.09674904797199,0.0,-0.5,,,0,0
2024-11-03,4.83,,,,,,,,,,,,,3.0,1.09674904797199,0.0,-0.5,,,0,0
2024-11-04,4.83,,,21.98,4.31,4.17,0.14,1.0884,71.83,,,,,3.0,1.09674904797199,0.0,-0.5,,,0,0
2024-11-05,4.83,,,20.49,4.26,4.19,0.07,1.092,72.26,,,,,3.0,1.09674904797199,0.0,-0.5,,,0,0
2024-11-06,4.83,,,16.27,4.42,4.27,0.15,1.0732,71.98,,,,,3.0,1.09674904797199,0.0,-0.5,,,0,0
2024-11-07,4.83,,,15.2,4.31,4.21,0.1,1.0792,72.69,,,,,3.0,1.09674904797199,0.0,-0.5,,,0,0
2024-11-08,4.58,,,14.94,4.3,4.26,0.04,1.071,70.69,,,,,3.0,1.09674904797199,-0.25,-0.75,,,0,0
2024-11-09,4.58,,,,,,,,,,,,,3.0,1.09674904797199,0.0,-0.75,,,0,0
2024-11-10,4.58,,,,,,,,,,,,,3.0,1.09674904797199,0.0,-0.75,,,0,0
2024-11-11,4.58,,,14.97,,,,,,,,,,3.0,1.09674904797199,0.0,-0.75,,,0,0
2024-11-12,4.58,,,14.71,4.43,4.34,0.09,1.0598,68.43,,,,,3.0,1.09674904797199,0.0,-0.75,,,0,0
2024-11-13,4.58,,,14.02,4.44,4.27,0.17,1.0567,68.76,,,,,3.0,1.09674904797199,0.0,-0.75,,,0,0
2024-11-14,4.58,,,14.31,4.43,4.34,0.09,1.0562,68.99,,,,,3.0,1.09674904797199,0.0,-0.75,,,0,0
2024-11-15,4.58,,,16.14,4.43,4.31,0.12,1.0552,67.33,,,,,3.0,1.09674904797199,0.0,-0.75,,,0,0
2024-11-16,4.58,,,,,,,,,,,,,3.0,1.09674904797199,0.0,-0.75,,,0,0
2024-11-17,4.58,,,,,,,,,,,,,3.0,1.09674904797199,0.0,-0.75,,,0,0
2024-11-18,4.58,,,15.58,4.42,4.29,0.13,1.0586,69.46,,,,,3.0,1.09674904797199,0.0,-0.25,,,0,0
2024-11-19,4.58,,,16.35,4.39,4.27,0.12,1.0578,69.75,,,,,3.0,1.09674904797199,0.0,-0.25,,,0,0
2024-11-20,4.58,,,17.16,4.41,4.31,0.1,1.0521,69.25,,,,,3.0,1.09674904797199,0.0,-0.25,,,0,0
2024-11-21,4.58,,,16.87,4.43,4.34,0.09,1.0475,70.39,,,,,3.0,1.056715845947509,0.0,-0.25,,,0,0
2024-11-22,4.58,,,15.24,4.41,4.37,0.04,1.0399,71.68,,,,,3.0,1.056715845947509,0.0,-0.25,,,0,0
2024-11-23,4.58,,,,,,,,,,,,,3.0,1.056715845947509,0.0,-0.25,,,0,0
2024-11-24,4.58,,,,,,,,,,,,,3.0,1.056715845947509,0.0,-0.25,,,0,0
2024-11-25,4.58,,,14.6,4.27,4.21,0.06,1.0478,69.41,,,,,3.0,1.056715845947509,0.0,-0.25,,,0,0
2024-11-26,4.58,,,14.1,4.3,4.21,0.09,1.0481,69.05,,,,,3.0,1.056715845947509,0.0,-0.25,,,0,0
2024-11-27,4.58,,,14.1,4.25,4.19,0.06,1.0575,69.03,,,,,3.0,1.056715845947509,0.0,-0.25,,,0,0
2024-11-28,4.58,,,13.9,,,,,,,,,,3.0,1.056715845947509,0.0,-0.25,,,0,0
2024-11-29,4.58,,,13.51,4.18,4.13,0.05,1.0547,68.26,,,,,3.0,1.056715845947509,0.0,-0.25,,,0,0
2024-11-30,4.58,,,,,,,,,,,,,3.0,1.056715845947509,0.0,-0.25,,,0,0
2024-12-01,4.58,4.1,317.603,,,,,,,74.0,103.0447,158942.0,1514.0,11.5,1.4252411062144699,0.0,-0.25,,,0,0
2024-12-01,4.58,4.1,317.603,,,,,,,74.0,103.0447,158942.0,1514.0,4.3,1.4252411062144699,0.0,-0.25,0.0,,0,0
2024-12-01,4.58,4.1,317.603,,,,,,,74.0,103.0447,158942.0,1514.0,-3.1,1.4252411062144699,0.0,-0.25,0.0,,0,0
2024-12-01,4.58,4.1,317.603,,,,,,,74.0,103.0447,158942.0,1514.0,3.3,1.4252411062144699,0.0,-0.25,0.0,,0,0
2024-12-01,4.58,4.1,317.603,,,,,,,74.0,103.0447,158942.0,1514.0,-3.7,1.4252411062144699,0.0,-0.25,0.0,,0,0
2024-12-01,4.58,4.1,317.603,,,,,,,74.0,103.0447,158942.0,1514.0,-0.6,1.4252411062144699,0.0,-0.25,0.0,,0,0
2024-12-01,4.58,4.1,317.603,,,,,,,74.0,103.0447,158942.0,1514.0,-8.1,1.4252411062144699,0.0,-0.25,0.0,,0,0
2024-12-01,4.58,4.1,317.603,,,,,,,74.0,103.0447,158942.0,1514.0,4.6,1.4252411062144699,0.0,-0.25,0.0,,0,0
2024-12-01,4.58,4.1,317.603,,,,,,,74.0,103.0447,158942.0,1514.0,-3.9,1.4252411062144699,0.0,-0.25,0.0,,0,0
2024-12-01,4.58,4.1,317.603,,,,,,,74.0,103.0447,158942.0,1514.0,6.9,1.4252411062144699,0.0,-0.25,0.0,,0,0
2024-12-01,4.58,4.1,317.603,,,,,,,74.0,103.0447,158942.0,1514.0,2.7,1.4252411062144699,0.0,-0.25,0.0,,0,0
2024-12-01,4.58,4.1,317.603,,,,,,,74.0,103.0447,158942.0,1514.0,4.6,1.4252411062144699,0.0,-0.25,0.0,,0,0
2024-12-01,4.58,4.1,317.603,,,,,,,74.0,103.0447,158942.0,1514.0,3.8,1.4252411062144699,0.0,-0.25,0.0,,0,0
2024-12-01,4.58,4.1,317.603,,,,,,,74.0,103.0447,158942.0,1514.0,-0.2,1.4252411062144699,0.0,-0.25,0.0,,0,0
2024-12-01,4.58,4.1,317.603,,,,,,,74.0,103.0447,158942.0,1514.0,-6.8,1.4252411062144699,0.0,-0.25,0.0,,0,0
2024-12-01,4.58,4.1,317.603,,,,,,,74.0,103.0447,158942.0,1514.0,-1.9,1.4252411062144699,0.0,-0.25,0.0,,0,0
2024-12-01,4.58,4.1,317.603,,,,,,,74.0,103.0447,158942.0,1514.0,4.1,1.4252411062144699,0.0,-0.25,0.0,,0,0
2024-12-01,4.58,4.1,317.603,,,,,,,74.0,103.0447,158942.0,1514.0,1.9,1.4252411062144699,0.0,-0.25,0.0,,0,0
2024-12-01,4.58,4.1,317.603,,,,,,,74.0,103.0447,158942.0,1514.0,4.4,1.4252411062144699,0.0,-0.25,0.0,,0,0
2024-12-01,4.58,4.1,317.603,,,,,,,74.0,103.0447,158942.0,1514.0,3.9,1.4252411062144699,0.0,-0.25,0.0,,0,0
2024-12-01,4.58,4.1,317.603,,,,,,,74.0,103.0447,158942.0,1514.0,4.3,1.4252411062144699,0.0,-0.25,0.0,,0,0
2024-12-01,4.58,4.1,317.603,,,,,,,74.0,103.0447,158942.0,1514.0,-0.9,1.4281562668659653,0.0,-0.25,0.0,,0,0
2024-12-01,4.58,4.1,317.603,,,,,,,74.0,103.0447,158942.0,1514.0,-4.3,1.4281562668659653,0.0,-0.25,0.0,,0,0
2024-12-01,4.58,4.1,317.603,,,,,,,74.0,103.0447,158942.0,1514.0,2.5,1.4281562668659653,0.0,-0.25,0.0,,0,0
2024-12-01,4.58,4.1,317.603,,,,,,,74.0,103.0447,158942.0,1514.0,13.0,1.4281562668659653,0.0,-0.25,0.0,,0,0
2024-12-02,4.58,,,13.34,4.19,4.17,0.02,1.0484,68.35,,,,,13.0,1.4281562668659653,0.0,-0.25,,,0,0
2024-12-03,4.58,,,13.3,4.23,4.17,0.06,1.0518,70.15,,,,,13.0,1.4281562668659653,0.0,-0.25,,,0,0
2024-12-04,4.58,,,13.45,4.19,4.13,0.06,1.0527,68.81,,,,,13.0,1.4281562668659653,0.0,-0.25,,,0,0
2024-12-05,4.58,,,13.54,4.17,4.15,0.02,1.0571,68.58,,,,,13.0,1.4281562668659653,0.0,-0.25,,,0,0
2024-12-06,4.58,,,12.77,4.15,4.1,0.05,1.0563,68.58,,,,,13.0,1.4281562668659653,0.0,-0.25,,,0,0
2024-12-07,4.58,,,,,,,,,,,,,13.0,1.4281562668659653,0.0,-0.25,,,0,0
2024-12-08,4.58,,,,,,,,,,,,,13.0,1.4281562668659653,0.0,-0.25,,,0,0
2024-12-09,4.58,,,14.19,4.2,4.13,0.07,1.057,68.65,,,,,13.0,1.4281562668659653,0.0,-0.25,,,0,0
2024-12-10,4.58,,,14.18,4.22,4.15,0.07,1.0512,68.85,,,,,13.0,1.4281562668659653,0.0,-0.25,,,0,0
2024-12-11,4.58,,,13.58,4.26,4.15,0.11,1.0508,70.57,,,,,13.0,1.4281562668659653,0.0,-0.25,,,0,0
2024-12-12,4.58,,,13.92,4.32,4.18,0.14,1.0514,70.25,,,,,13.0,1.4281562668659653,0.0,-0.25,,,0,0
2024-12-13,4.58,,,13.81,4.4,4.25,0.15,1.0498,71.54,,,,,13.0,1.4281562668659653,0.0,-0.25,,,0,0
2024-12-14,4.58,,,,,,,,,,,,,13.0,1.4281562668659653,0.0,0.0,,,0,0
2024-12-15,4.58,,,,,,,,,,,,,13.0,1.4281562668659653,0.0,0.0,,,0,0
2024-12-16,4.58,,,14.69,4.39,4.25,0.14,1.0512,71.03,,,,,13.0,1.4281562668659653,0.0,0.0,,,0,0
2024-12-17,4.58,,,15.87,4.4,4.25,0.15,1.0506,70.31,,,,,13.0,1.4281562668659653,0.0,0.0,,,0,0
2024-12-18,4.58,,,27.62,4.5,4.35,0.15,1.0469,70.8,,,,,13.0,1.4281562668659653,0.0,0.0,,,0,0
2024-12-19,4.33,,,24.09,4.57,4.32,0.25,1.0357,70.1,,,,,13.0,1.4281562668659653,-0.25,-0.25,,,0,0
2024-12-20,4.33,,,18.36,4.52,4.3,0.22,1.043,69.71,,,,,13.0,1.4281562668659653,0.0,-0.25,,,0,0
2024-12-21,4.33,,,,,,,,,,,,,13.0,1.4281562668659653,0.0,-0.25,,,0,0
2024-12-22,4.33,,,,,,,,,,,,,13.0,1.4281562668659653,0.0,-0.25,,,0,0
2024-12-23,4.33,,,16.78,4.59,4.3,0.29,1.0409,69.5,,,,,13.0,1.4281562668659653,0.0,-0.25,,,0,0
2024-12-24,4.33,,,14.27,4.59,4.29,0.3,1.0388,70.87,,,,,13.0,1.4281562668659653,0.0,-0.25,,,0,0
2024-12-25,4.33,,,,,,,,,,,,,13.0,1.4281562668659653,0.0,-0.25,,,0,0
2024-12-26,4.33,,,14.73,4.58,4.3,0.28,1.0423,70.38,,,,,13.0,1.4281562668659653,0.0,-0.25,,,0,0
2024-12-27,4.33,,,15.95,4.62,4.31,0.31,1.0423,71.28,,,,,13.0,1.4281562668659653,0.0,-0.25,,,0,0
2024-12-28,4.33,,,,,,,,,,,,,13.0,1.4281562668659653,0.0,-0.25,,,0,0
2024-12-29,4.33,,,,,,,,,,,,,13.0,1.4281562668659653,0.0,-0.25,,,0,0
2024-12-30,4.33,,,17.4,4.55,4.24,0.31,1.0386,71.73,,,,,13.0,1.4281562668659653,0.0,-0.25,,,0,0
2024-12-31,4.33,,,17.35,4.58,4.25,0.33,1.0351,72.44,,,,,13.0,1.4281562668659653,0.0,-0.25,,,0,0
2025-01-01,4.33,4.0,319.086,,,,,,,71.7,102.8805,159053.0,1358.0,13.0,1.9017599662761064,0.0,-0.25,,,0,0
2025-01-02,4.33,,,17.93,4.57,4.25,0.32,1.0261,73.79,,,,,13.0,1.9017599662761064,0.0,-0.25,,,0,0
2025-01-03,4.33,,,16.13,4.6,4.28,0.32,1.0292,74.64,,,,,13.0,1.9017599662761064,0.0,-0.25,,,0,0
2025-01-04,4.33,,,,,,,,,,,,,13.0,1.9017599662761064,0.0,-0.25,,,0,0
2025-01-05,4.33,,,,,,,,,,,,,13.0,1.9017599662761064,0.0,-0.25,,,0,0
2025-01-06,4.33,,,16.04,4.62,4.28,0.34,1.0397,74.31,,,,,13.0,1.9017599662761064,0.0,-0.25,,,0,0
2025-01-07,4.33,,,17.82,4.67,4.3,0.37,1.0369,74.99,,,,,13.0,1.9017599662761064,0.0,-0.25,,,0,0
2025-01-08,4.33,,,17.7,4.67,4.28,0.39,1.0313,73.99,,,,,13.0,1.9017599662761064,0.0,-0.25,,,0,0
2025-01-09,4.33,,,18.07,4.68,4.27,0.41,1.0298,,,,,,13.0,1.9017599662761064,0.0,-0.25,,,0,0
2025-01-10,4.33,,,19.54,4.77,4.4,0.37,1.0238,77.27,,,,,13.0,1.9017599662761064,0.0,-0.25,,,0,0
2025-01-11,4.33,,,,,,,,,,,,,13.0,1.9017599662761064,0.0,-0.25,,,0,0
2025-01-12,4.33,,,,,,,,,,,,,13.0,1.9017599662761064,0.0,-0.25,,,0,0
2025-01-13,4.33,,,19.19,4.79,4.4,0.39,1.0209,79.57,,,,,13.0,1.9017599662761064,0.0,-0.25,,,0,0
2025-01-14,4.33,,,18.71,4.78,4.37,0.41,1.0292,78.2,,,,,13.0,1.9017599662761064,0.0,-0.25,,,0,0
2025-01-15,4.33,,,16.12,4.66,4.27,0.39,1.0282,80.73,,,,,13.0,1.9017599662761064,0.0,-0.25,,,0,0
2025-01-16,4.33,,,16.6,4.61,4.23,0.38,1.0303,79.35,,,,,13.0,1.9017599662761064,0.0,-0.25,,,0,0
2025-01-17,4.33,,,15.97,4.61,4.27,0.34,1.0287,78.56,,,,,13.0,1.9017599662761064,0.0,-0.25,,,0,0
2025-01-18,4.33,,,,,,,,,,,,,13.0,1.9017599662761064,0.0,-0.25,,,0,0
2025-01-19,4.33,,,,,,,,,,,,,13.0,1.9017599662761064,0.0,-0.25,,,0,0
2025-01-20,4.33,,,15.81,,,,,,,,,,13.0,1.9017599662761064,0.0,-0.25,,,0,0
2025-01-21,4.33,,,15.06,4.57,4.29,0.28,1.0423,76.79,,,,,13.0,1.7603949407780206,0.0,-0.25,,,0,0
2025-01-22,4.33,,,15.1,4.6,4.29,0.31,1.042,76.12,,,,,13.0,1.7603949407780206,0.0,-0.25,,,0,0
2025-01-23,4.33,,,15.02,4.65,4.29,0.36,1.042,75.03,,,,,13.0,1.7603949407780206,0.0,-0.25,,,0,0
2025-01-24,4.33,,,14.85,4.63,4.27,0.36,1.0515,74.97,,,,,13.0,1.7603949407780206,0.0,-0.25,,,0,0
2025-01-25,4.33,,,,,,,,,,,,,13.0,1.7603949407780206,0.0,-0.25,,,0,0
2025-01-26,4.33,,,,,,,,,,,,,13.0,1.7603949407780206,0.0,-0.25,,,0,0
2025-01-27,4.33,,,17.9,4.53,4.17,0.36,1.0492,73.51,,,,,13.0,1.7603949407780206,0.0,-0.25,,,0,0
2025-01-28,4.33,,,16.41,4.55,4.19,0.36,1.0427,74.15,,,,,13.0,1.7603949407780206,0.0,-0.25,,,0,0
2025-01-29,4.33,,,16.56,4.55,4.21,0.34,1.0416,72.94,,,,,13.0,1.7603949407780206,0.0,-0.25,,,0,0
2025-01-30,4.33,,,15.84,4.52,4.18,0.34,1.042,73.1,,,,,13.0,1.7603949407780206,0.0,-0.25,,,0,0
2025-01-31,4.33,,,16.43,4.58,4.22,0.36,1.04,72.84,,,,,13.0,1.7603949407780206,0.0,-0.25,,,0,0
2025-02-01,4.33,4.1,319.775,,,,,,,64.7,103.8705,159155.0,1490.0,13.0,1.9801253962483223,0.0,-0.25,,,0,0
2025-02-02,4.33,,,,,,,,,,,,,13.0,1.9801253962483223,0.0,-0.25,,,0,0
2025-02-03,4.33,,,18.62,4.54,4.26,0.28,1.0277,73.52,,,,,13.0,1.9801253962483223,0.0,-0.25,,,0,0
2025-02-04,4.33,,,17.21,4.52,4.21,0.31,1.0379,73.04,,,,,13.0,1.9801253962483223,0.0,-0.25,,,0,0
2025-02-05,4.33,,,15.77,4.43,4.17,0.26,1.0419,71.39,,,,,13.0,1.9801253962483223,0.0,-0.25,,,0,0
2025-02-06,4.33,,,15.5,4.45,4.21,0.24,1.0368,70.97,,,,,13.0,1.9801253962483223,0.0,-0.25,,,0,0
2025-02-07,4.33,,,16.54,4.49,4.29,0.2,1.0329,71.32,,,,,13.0,1.9801253962483223,0.0,-0.25,,,0,0
2025-02-08,4.33,,,,,,,,,,,,,13.0,1.9801253962483223,0.0,-0.25,,,0,0
2025-02-09,4.33,,,,,,,,,,,,,13.0,1.9801253962483223,0.0,-0.25,,,0,0
2025-02-10,4.33,,,15.81,4.51,4.28,0.23,1.0312,72.73,,,,,13.0,1.9801253962483223,0.0,-0.25,,,0,0
2025-02-11,4.33,,,16.02,4.54,4.29,0.25,1.0346,73.67,,,,,13.0,1.9801253962483223,0.0,-0.25,,,0,0
2025-02-12,4.33,,,15.89,4.62,4.36,0.26,1.0392,71.72,,,,,13.0,1.9801253962483223,0.0,-0.25,,,0,0
2025-02-13,4.33,,,15.1,4.52,4.31,0.21,1.0428,71.66,,,,,13.0,1.9801253962483223,0.0,-0.25,,,0,0
2025-02-14,4.33,,,14.77,4.47,4.26,0.21,1.0498,71.05,,,,,13.0,1.9801253962483223,0.0,-0.25,,,0,0
2025-02-15,4.33,,,,,,,,,,,,,13.0,1.9801253962483223,0.0,-0.25,,,0,0
2025-02-16,4.33,,,,,,,,,,,,,13.0,1.9801253962483223,0.0,-0.25,,,0,0
2025-02-17,4.33,,,15.37,,,,,,,,,,13.0,1.9801253962483223,0.0,0.0,,,0,0
2025-02-18,4.33,,,15.35,4.55,4.29,0.26,1.0457,72.21,,,,,13.0,1.9801253962483223,0.0,0.0,,,0,0
2025-02-19,4.33,,,15.27,4.53,4.28,0.25,1.0406,72.58,,,,,13.0,1.9801253962483223,0.0,0.0,,,0,0
2025-02-20,4.33,,,15.66,4.5,4.28,0.22,1.0475,72.88,,,,,13.0,1.9801253962483223,0.0,0.0,,,0,0
2025-02-21,4.33,,,18.21,4.42,4.19,0.23,1.0455,70.72,,,,,13.0,1.7967026495315563,0.0,0.0,,,0,0
2025-02-22,4.33,,,,,,,,,,,,,13.0,1.7967026495315563,0.0,0.0,,,0,0
2025-02-23,4.33,,,,,,,,,,,,,13.0,1.7967026495315563,0.0,0.0,,,0,0
2025-02-24,4.33,,,18.98,4.4,4.13,0.27,1.0478,71.06,,,,,13.0,1.7967026495315563,0.0,0.0,,,0,0
2025-02-25,4.33,,,19.43,4.3,4.07,0.23,1.0498,69.15,,,,,13.0,1.7967026495315563,0.0,0.0,,,0,0
2025-02-26,4.33,,,19.1,4.25,4.05,0.2,1.0514,68.87,,,,,13.0,1.7967026495315563,0.0,0.0,,,0,0
2025-02-27,4.33,,,21.13,4.29,4.07,0.22,1.0414,70.62,,,,,13.0,1.7967026495315563,0.0,0.0,,,0,0
2025-02-28,4.33,,,19.63,4.24,3.99,0.25,1.0402,69.97,,,,,13.0,1.7967026495315563,0.0,0.0,,,0,0
2025-03-01,4.33,4.2,319.615,,,,,,,57.0,103.5408,159275.0,1355.0,7.1,1.7457684851224675,0.0,0.0,,,0,0
2025-03-01,4.33,4.2,319.615,,,,,,,57.0,103.5408,159275.0,1355.0,-5.6,1.7457684851224675,0.0,0.0,0.0,,0,0
2025-03-01,4.33,4.2,319.615,,,,,,,57.0,103.5408,159275.0,1355.0,6.3,1.7457684851224675,0.0,0.0,0.0,,0,0
2025-03-01,4.33,4.2,319.615,,,,,,,57.0,103.5408,159275.0,1355.0,0.2,1.7457684851224675,0.0,0.0,0.0,,0,0
2025-03-01,4.33,4.2,319.615,,,,,,,57.0,103.5408,159275.0,1355.0,-6.9,1.7457684851224675,0.0,0.0,0.0,,0,0
2025-03-01,4.33,4.2,319.615,,,,,,,57.0,103.5408,159275.0,1355.0,0.8,1.7457684851224675,0.0,0.0,0.0,,0,0
2025-03-01,4.33,4.2,319.615,,,,,,,57.0,103.5408,159275.0,1355.0,1.9,1.7457684851224675,0.0,0.0,0.0,,0,0
2025-03-01,4.33,4.2,319.615,,,,,,,57.0,103.5408,159275.0,1355.0,-0.6,1.7457684851224675,0.0,0.0,0.0,,0,0
2025-03-01,4.33,4.2,319.615,,,,,,,57.0,103.5408,159275.0,1355.0,-3.4,1.7457684851224675,0.0,0.0,0.0,,0,0
2025-03-01,4.33,4.2,319.615,,,,,,,57.0,103.5408,159275.0,1355.0,-9.7,1.7457684851224675,0.0,0.0,0.0,,0,0
2025-03-01,4.33,4.2,319.615,,,,,,,57.0,103.5408,159275.0,1355.0,2.9,1.7457684851224675,0.0,0.0,0.0,,0,0
2025-03-01,4.33,4.2,319.615,,,,,,,57.0,103.5408,159275.0,1355.0,38.0,1.7457684851224675,0.0,0.0,0.0,,0,0
2025-03-01,4.33,4.2,319.615,,,,,,,57.0,103.5408,159275.0,1355.0,9.5,1.7457684851224675,0.0,0.0,0.0,,0,0
2025-03-01,4.33,4.2,319.615,,,,,,,57.0,103.5408,159275.0,1355.0,0.2,1.7457684851224675,0.0,0.0,0.0,,0,0
2025-03-01,4.33,4.2,319.615,,,,,,,57.0,103.5408,159275.0,1355.0,2.2,1.7457684851224675,0.0,0.0,0.0,,0,0
2025-03-01,4.33,4.2,319.615,,,,,,,57.0,103.5408,159275.0,1355.0,-1.0,1.7457684851224675,0.0,0.0,0.0,,0,0
2025-03-01,4.33,4.2,319.615,,,,,,,57.0,103.5408,159275.0,1355.0,21.4,1.7457684851224675,0.0,0.0,0.0,,0,0
2025-03-01,4.33,4.2,319.615,,,,,,,57.0,103.5408,159275.0,1355.0,-3.8,1.7457684851224675,0.0,0.0,0.0,,0,0
2025-03-01,4.33,4.2,319.615,,,,,,,57.0,103.5408,159275.0,1355.0,52.0,1.7457684851224675,0.0,0.0,0.0,,0,0
2025-03-01,4.33,4.2,319.615,,,,,,,57.0,103.5408,159275.0,1355.0,0.6,1.7457684851224675,0.0,0.0,0.0,,0,0
2025-03-01,4.33,4.2,319.615,,,,,,,57.0,103.5408,159275.0,1355.0,23.3,1.7457684851224675,0.0,0.0,0.0,,0,0
2025-03-01,4.33,4.2,319.615,,,,,,,57.0,103.5408,159275.0,1355.0,-1.0,1.7457684851224675,0.0,0.0,0.0,,0,0
2025-03-01,4.33,4.2,319.615,,,,,,,57.0,103.5408,159275.0,1355.0,6.5,1.7457684851224675,0.0,0.0,0.0,,0,0
2025-03-01,4.33,4.2,319.615,,,,,,,57.0,103.5408,159275.0,1355.0,-3.1,1.5130966711238036,0.0,0.0,0.0,,0,0
2025-03-01,4.33,4.2,319.615,,,,,,,57.0,103.5408,159275.0,1355.0,-5.8,1.5130966711238036,0.0,0.0,0.0,,0,0
2025-03-02,4.33,,,,,,,,,,,,,-5.8,1.5130966711238036,0.0,0.0,,,0,0
2025-03-03,4.33,,,22.78,4.16,3.96,0.2,1.0496,68.63,,,,,-5.8,1.5130966711238036,0.0,0.0,,,0,0
2025-03-04,4.33,,,23.51,4.22,3.96,0.26,1.0534,68.47,,,,,-5.8,1.5130966711238036,0.0,0.0,,,0,0
2025-03-05,4.33,,,21.93,4.28,3.99,0.29,1.0768,66.58,,,,,-5.8,1.5130966711238036,0.0,0.0,,,0,0
2025-03-06,4.33,,,24.87,4.29,3.96,0.33,1.0818,66.62,,,,,-5.8,1.5130966711238036,0.0,0.0,,,0,0
2025-03-07,4.33,,,23.37,4.32,3.99,0.33,1.0859,67.29,,,,,-5.8,1.5130966711238036,0.0,0.0,,,0,0
2025-03-08,4.33,,,,,,,,,,,,,-5.8,1.5130966711238036,0.0,0.0,,,0,0
2025-03-09,4.33,,,,,,,,,,,,,-5.8,1.5130966711238036,0.0,0.0,,,0,0
2025-03-10,4.33,,,27.86,4.22,3.89,0.33,1.0837,66.31,,,,,-5.8,1.5130966711238036,0.0,0.0,,,0,0
2025-03-11,4.33,,,26.92,4.28,3.94,0.34,1.0927,66.52,,,,,-5.8,1.5130966711238036,0.0,0.0,,,0,0
2025-03-12,4.33,,,24.23,4.32,4.01,0.31,1.0925,67.65,,,,,-5.8,1.5130966711238036,0.0,0.0,,,0,0
2025-03-13,4.33,,,24.66,4.27,3.94,0.33,1.0859,66.82,,,,,-5.8,1.5130966711238036,0.0,0.0,,,0,0
2025-03-14,4.33,,,21.77,4.31,4.02,0.29,1.0872,67.43,,,,,-5.8,1.5130966711238036,0.0,0.0,,,0,0
2025-03-15,4.33,,,,,,,,,,,,,-5.8,1.5130966711238036,0.0,0.0,,,0,0
2025-03-16,4.33,,,,,,,,,,,,,-5.8,1.5130966711238036,0.0,0.0,,,0,0
2025-03-17,4.33,,,20.51,4.31,4.06,0.25,1.0922,67.84,,,,,-5.8,1.5130966711238036,0.0,0.0,,,0,0
2025-03-18,4.33,,,21.7,4.29,4.04,0.25,1.0927,67.49,,,,,-5.8,1.5130966711238036,0.0,0.0,,,0,0
2025-03-19,4.33,,,19.9,4.25,3.99,0.26,1.0877,67.4,,,,,-5.8,1.5130966711238036,0.0,0.0,,,0,0
2025-03-20,4.33,,,19.8,4.24,3.95,0.29,1.0848,68.55,,,,,-5.8,1.5130966711238036,0.0,0.0,,,0,0
2025-03-21,4.33,,,19.28,4.25,3.94,0.31,1.0806,68.52,,,,,-5.8,1.5130966711238036,0.0,0.0,,,0,0
2025-03-22,4.33,,,,,,,,,,,,,-5.8,1.5130966711238036,0.0,0.0,,,0,0
2025-03-23,4.33,,,,,,,,,,,,,-5.8,1.5130966711238036,0.0,0.0,,,0,0
2025-03-24,4.33,,,17.48,4.34,4.04,0.3,1.0794,69.46,,,,,-5.8,1.5130966711238036,0.0,0.0,,,0,0
2025-03-25,4.33,,,17.15,4.31,3.96,0.35,1.0804,69.48,,,,,-5.8,1.5130966711238036,0.0,0.0,,,0,0
2025-03-26,4.33,,,18.33,4.35,3.98,0.37,1.0781,70.05,,,,,-5.8,1.5130966711238036,0.0,0.0,,,0,0
2025-03-27,4.33,,,18.69,4.38,3.97,0.41,1.08,70.3,,,,,-5.8,1.5130966711238036,0.0,0.0,,,0,0
2025-03-28,4.33,,,21.65,4.27,3.89,0.38,1.0826,69.74,,,,,-5.8,1.5130966711238036,0.0,0.0,,,0,0
2025-03-29,4.33,,,,,,,,,,,,,-5.8,1.5130966711238036,0.0,0.0,,,0,0
2025-03-30,4.33,,,,,,,,,,,,,-5.8,1.5130966711238036,0.0,0.0,,,0,0
2025-03-31,4.33,,,22.28,4.23,3.89,0.34,1.0796,71.87,,,,,-5.8,1.5130966711238036,0.0,0.0,,,0,0
2025-04-01,4.33,4.2,320.321,21.77,4.17,3.87,0.3,1.08,71.61,52.2,103.6224,159433.0,1398.0,-5.8,1.7373297210426575,0.0,0.0,,,0,0
2025-04-02,4.33,,,21.51,4.2,3.91,0.29,1.0868,72.12,,,,,-5.8,1.7373297210426575,0.0,0.0,,,0,0
2025-04-03,4.33,,,30.02,4.06,3.71,0.35,1.1052,67.43,,,,,-5.8,1.7373297210426575,0.0,0.0,,,0,0
2025-04-04,4.33,,,45.31,4.01,3.68,0.33,1.1014,62.42,,,,,-5.8,1.7373297210426575,0.0,0.0,,,0,0
2025-04-05,4.33,,,,,,,,,,,,,-5.8,1.7373297210426575,0.0,0.0,,,0,0
2025-04-06,4.33,,,,,,,,,,,,,-5.8,1.7373297210426575,0.0,0.0,,,0,0
2025-04-07,4.33,,,46.98,4.15,3.73,0.42,1.0912,61.05,,,,,-5.8,1.7373297210426575,0.0,0.0,,,0,0
2025-04-08,4.33,,,52.33,4.26,3.71,0.55,1.0912,60.04,,,,,-5.8,1.7373297210426575,0.0,0.0,,,0,0
2025-04-09,4.33,,,33.62,4.34,3.91,0.43,1.104,62.63,,,,,-5.8,1.7373297210426575,0.0,0.0,,,0,0
2025-04-10,4.33,,,40.72,4.4,3.84,0.56,1.1192,60.57,,,,,-5.8,1.7373297210426575,0.0,0.0,,,0,0
2025-04-11,4.33,,,37.56,4.48,3.96,0.52,1.1325,61.91,,,,,-5.8,1.7373297210426575,0.0,0.0,,,0,0
2025-04-12,4.33,,,,,,,,,,,,,-5.8,1.7373297210426575,0.0,0.0,,,0,0
2025-04-13,4.33,,,,,,,,,,,,,-5.8,1.7373297210426575,0.0,0.0,,,0,0
2025-04-14,4.33,,,30.89,4.38,3.84,0.54,1.1358,61.99,,,,,-5.8,1.7373297210426575,0.0,0.0,,,0,0
2025-04-15,4.33,,,30.12,4.35,3.84,0.51,1.129,61.74,,,,,-5.8,1.7373297210426575,0.0,0.0,,,0,0
2025-04-16,4.33,,,32.64,4.29,3.77,0.52,1.1382,62.88,,,,,-5.8,1.7373297210426575,0.0,0.0,,,0,0
2025-04-17,4.33,,,29.65,4.34,3.81,0.53,1.1364,65.07,,,,,-5.8,1.7373297210426575,0.0,0.0,,,0,0
2025-04-18,4.33,,,,,,,1.139,,,,,,-5.8,1.7373297210426575,0.0,0.0,,,0,0
2025-04-19,4.33,,,,,,,,,,,,,-5.8,1.7373297210426575,0.0,0.0,,,0,0
2025-04-20,4.33,,,,,,,,,,,,,-5.8,1.7373297210426575,0.0,0.0,,,0,0
2025-04-21,4.33,,,33.82,4.42,3.75,0.67,1.1508,63.48,,,,,-5.8,1.7373297210426575,0.0,0.0,,,0,0
2025-04-22,4.33,,,30.57,4.41,3.76,0.65,1.1466,64.6,,,,,-5.8,1.7373297210426575,0.0,0.0,,,0,0
2025-04-23,4.33,,,28.45,4.4,3.81,0.59,1.135,62.64,,,,,-5.8,1.5074596595302303,0.0,0.0,,,0,0
2025-04-24,4.33,,,26.47,4.32,3.77,0.55,1.1363,63.55,,,,,-5.8,1.5074596595302303,0.0,0.0,,,0,0
2025-04-25,4.33,,,24.84,4.29,3.74,0.55,1.1381,63.85,,,,,-5.8,1.5074596595302303,0.0,0.0,,,0,0
2025-04-26,4.33,,,,,,,,,,,,,-5.8,1.5074596595302303,0.0,0.0,,,0,0
2025-04-27,4.33,,,,,,,,,,,,,-5.8,1.5074596595302303,0.0,0.0,,,0,0
2025-04-28,4.33,,,25.15,4.23,3.67,0.56,1.1387,63.3,,,,,-5.8,1.5074596595302303,0.0,0.0,,,0,0
2025-04-29,4.33,,,24.17,4.19,3.65,0.54,1.1396,61.84,,,,,-5.8,1.5074596595302303,0.0,0.0,,,0,0
2025-04-30,4.33,,,24.7,4.17,3.6,0.57,1.1349,59.55,,,,,-5.8,1.5074596595302303,0.0,0.0,,,0,0
2025-05-01,4.33,4.2,320.58,24.6,4.25,3.7,0.55,1.1279,60.59,52.2,103.657,159452.0,1282.0,-5.8,1.5895349279385407,0.0,0.0,,,0,0
2025-05-02,4.33,,,22.68,4.33,3.83,0.5,1.133,59.67,,,,,-5.8,1.5895349279385407,0.0,0.0,,,0,0
2025-05-03,4.33,,,,,,,,,,,,,-5.8,1.5895349279385407,0.0,0.0,,,0,0
2025-05-04,4.33,,,,,,,,,,,,,-5.8,1.5895349279385407,0.0,0.0,,,0,0
2025-05-05,4.33,,,23.64,4.36,3.83,0.53,1.1315,58.5,,,,,-5.8,1.5895349279385407,0.0,0.0,,,0,0
2025-05-06,4.33,,,24.76,4.3,3.78,0.52,1.1345,60.42,,,,,-5.8,1.5895349279385407,0.0,0.0,,,0,0
2025-05-07,4.33,,,23.55,4.26,3.78,0.48,1.1348,59.42,,,,,-5.8,1.5895349279385407,0.0,0.0,,,0,0
2025-05-08,4.33,,,22.48,4.37,3.9,0.47,1.1249,61.25,,,,,-5.8,1.5895349279385407,0.0,0.0,,,0,0
2025-05-09,4.33,,,21.9,4.37,3.88,0.49,1.127,62.37,,,,,-5.8,1.5895349279385407,0.0,0.0,,,0,0
2025-05-10,4.33,,,,,,,,,,,,,-5.8,1.5895349279385407,0.0,0.0,,,0,0
2025-05-11,4.33,,,,,,,,,,,,,-5.8,1.5895349279385407,0.0,0.0,,,0,0
2025-05-12,4.33,,,18.39,4.45,3.98,0.47,1.1106,63.32,,,,,-5.8,1.5895349279385407,0.0,0.0,,,0,0
2025-05-13,4.33,,,18.22,4.49,4.02,0.47,1.1176,65.04,,,,,-5.8,1.5895349279385407,0.0,0.0,,,0,0
2025-05-14,4.33,,,18.62,4.53,4.05,0.48,1.1206,64.48,,,,,-5.8,1.5895349279385407,0.0,0.0,,,0,0
2025-05-15,4.33,,,17.83,4.45,3.96,0.49,1.1189,63.03,,,,,-5.8,1.5895349279385407,0.0,0.0,,,0,0
2025-05-16,4.33,,,17.24,4.43,3.98,0.45,1.1141,63.84,,,,,-5.8,1.5895349279385407,0.0,0.0,,,0,0
2025-05-17,4.33,,,,,,,,,,,,,-5.8,1.5895349279385407,0.0,0.0,,,0,0
2025-05-18,4.33,,,,,,,,,,,,,-5.8,1.5895349279385407,0.0,0.0,,,0,0
2025-05-19,4.33,,,18.14,4.46,3.97,0.49,1.1236,63.98,,,,,-5.8,1.5895349279385407,0.0,0.0,,,0,0
2025-05-20,4.33,,,18.09,4.48,3.97,0.51,1.1254,63.97,,,,,-5.8,1.5895349279385407,0.0,0.0,,,0,0
2025-05-21,4.33,,,20.87,4.58,4.0,0.58,1.1343,62.93,,,,,-5.8,1.5895349279385407,0.0,0.0,,,0,0
2025-05-22,4.33,,,20.28,4.54,4.0,0.54,1.1281,62.55,,,,,-5.8,1.5895349279385407,0.0,0.0,,,0,0
2025-05-23,4.33,,,22.29,4.51,4.0,0.51,1.135,62.89,,,,,-5.8,1.5895349279385407,0.0,0.0,,,0,0
2025-05-24,4.33,,,,,,,,,,,,,-5.8,1.305423622763846,0.0,0.0,,,0,0
2025-05-25,4.33,,,,,,,,,,,,,-5.8,1.305423622763846,0.0,0.0,,,0,0
2025-05-26,4.33,,,20.57,,,,,,,,,,-5.8,1.305423622763846,0.0,0.0,,,0,0
2025-05-27,4.33,,,18.96,4.43,3.92,0.51,1.1326,61.61,,,,,-5.8,1.305423622763846,0.0,0.0,,,0,0
2025-05-28,4.33,,,19.31,4.47,3.96,0.51,1.1286,62.54,,,,,-5.8,1.305423622763846,0.0,0.0,,,0,0
2025-05-29,4.33,,,19.18,4.43,3.92,0.51,1.137,61.66,,,,,-5.8,1.305423622763846,0.0,0.0,,,0,0
2025-05-30,4.33,,,18.57,4.41,3.89,0.52,1.1347,61.46,,,,,-5.8,1.305423622763846,0.0,0.0,,,0,0
2025-05-31,4.33,,,,,,,,,,,,,-5.8,1.305423622763846,0.0,0.0,,,0,0
2025-06-01,4.33,4.1,321.5,,,,,,,60.7,104.2115,159439.0,1382.0,-35.0,1.5961497745292208,0.0,0.0,,,0,0
2025-06-01,4.33,4.1,321.5,,,,,,,60.7,104.2115,159439.0,1382.0,7.3,1.5961497745292208,0.0,0.0,0.0,,0,0
2025-06-01,4.33,4.1,321.5,,,,,,,60.7,104.2115,159439.0,1382.0,8.5,1.5961497745292208,0.0,0.0,0.0,,0,0
2025-06-01,4.33,4.1,321.5,,,,,,,60.7,104.2115,159439.0,1382.0,-1.8,1.5961497745292208,0.0,0.0,0.0,,0,0
2025-06-01,4.33,4.1,321.5,,,,,,,60.7,104.2115,159439.0,1382.0,2.2,1.5961497745292208,0.0,0.0,0.0,,0,0
2025-06-01,4.33,4.1,321.5,,,,,,,60.7,104.2115,159439.0,1382.0,-0.1,1.5961497745292208,0.0,0.0,0.0,,0,0
2025-06-01,4.33,4.1,321.5,,,,,,,60.7,104.2115,159439.0,1382.0,2.5,1.5961497745292208,0.0,0.0,0.0,,0,0
2025-06-01,4.33,4.1,321.5,,,,,,,60.7,104.2115,159439.0,1382.0,-13.0,1.5961497745292208,0.0,0.0,0.0,,0,0
2025-06-01,4.33,4.1,321.5,,,,,,,60.7,104.2115,159439.0,1382.0,4.4,1.5961497745292208,0.0,0.0,0.0,,0,0
2025-06-01,4.33,4.1,321.5,,,,,,,60.7,104.2115,159439.0,1382.0,-29.3,1.5961497745292208,0.0,0.0,0.0,,0,0
2025-06-01,4.33,4.1,321.5,,,,,,,60.7,104.2115,159439.0,1382.0,3.1,1.5961497745292208,0.0,0.0,0.0,,0,0
2025-06-01,4.33,4.1,321.5,,,,,,,60.7,104.2115,159439.0,1382.0,3.8,1.5961497745292208,0.0,0.0,0.0,,0,0
2025-06-01,4.33,4.1,321.5,,,,,,,60.7,104.2115,159439.0,1382.0,-4.7,1.5961497745292208,0.0,0.0,0.0,,0,0
2025-06-01,4.33,4.1,321.5,,,,,,,60.7,104.2115,159439.0,1382.0,-7.5,1.5961497745292208,0.0,0.0,0.0,,0,0
2025-06-01,4.33,4.1,321.5,,,,,,,60.7,104.2115,159439.0,1382.0,-13.8,1.5961497745292208,0.0,0.0,0.0,,0,0
2025-06-01,4.33,4.1,321.5,,,,,,,60.7,104.2115,159439.0,1382.0,-5.3,1.5961497745292208,0.0,0.0,0.0,,0,0
2025-06-01,4.33,4.1,321.5,,,,,,,60.7,104.2115,159439.0,1382.0,2.3,1.5961497745292208,0.0,0.0,0.0,,0,0
2025-06-01,4.33,4.1,321.5,,,,,,,60.7,104.2115,159439.0,1382.0,15.0,1.5961497745292208,0.0,0.0,0.0,,0,0
2025-06-01,4.33,4.1,321.5,,,,,,,60.7,104.2115,159439.0,1382.0,-5.1,1.5961497745292208,0.0,0.0,0.0,,0,0
2025-06-01,4.33,4.1,321.5,,,,,,,60.7,104.2115,159439.0,1382.0,2.2,1.5961497745292208,0.0,0.0,0.0,,0,0
2025-06-01,4.33,4.1,321.5,,,,,,,60.7,104.2115,159439.0,1382.0,0.9,1.5961497745292208,0.0,0.0,0.0,,0,0
2025-06-01,4.33,4.1,321.5,,,,,,,60.7,104.2115,159439.0,1382.0,2.6,1.5961497745292208,0.0,0.0,0.0,,0,0
2025-06-01,4.33,4.1,321.5,,,,,,,60.7,104.2115,159439.0,1382.0,-1.2,1.2270035232664567,0.0,0.0,0.0,,0,0
2025-06-01,4.33,4.1,321.5,,,,,,,60.7,104.2115,159439.0,1382.0,3.5,1.2270035232664567,0.0,0.0,0.0,,0,0
2025-06-01,4.33,4.1,321.5,,,,,,,60.7,104.2115,159439.0,1382.0,6.0,1.2270035232664567,0.0,0.0,0.0,,0,0
2025-06-02,4.33,,,18.36,4.46,3.94,0.52,1.1432,63.27,,,,,6.0,1.2270035232664567,0.0,0.0,,,0,0
2025-06-03,4.33,,,17.69,4.46,3.96,0.5,1.1373,64.1,,,,,6.0,1.2270035232664567,0.0,0.0,,,0,0
2025-06-04,4.33,,,17.61,4.37,3.87,0.5,1.1424,63.57,,,,,6.0,1.2270035232664567,0.0,0.0,,,0,0
2025-06-05,4.33,,,18.48,4.4,3.92,0.48,1.144,64.06,,,,,6.0,1.2270035232664567,0.0,0.0,,,0,0
2025-06-06,4.33,,,16.77,4.51,4.04,0.47,1.1397,65.3,,,,,6.0,1.2270035232664567,0.0,0.0,,,0,0
2025-06-07,4.33,,,,,,,,,,,,,6.0,1.2270035232664567,0.0,0.0,,,0,0
2025-06-08,4.33,,,,,,,,,,,,,6.0,1.2270035232664567,0.0,0.0,,,0,0
2025-06-09,4.33,,,17.16,4.49,4.01,0.48,1.1425,65.99,,,,,6.0,1.2270035232664567,0.0,0.0,,,0,0
2025-06-10,4.33,,,16.95,4.47,4.01,0.46,1.1423,65.66,,,,,6.0,1.2270035232664567,0.0,0.0,,,0,0
2025-06-11,4.33,,,17.26,4.41,3.94,0.47,1.149,68.91,,,,,6.0,1.2270035232664567,0.0,0.0,,,0,0
2025-06-12,4.33,,,18.02,4.36,3.9,0.46,1.1578,68.73,,,,,6.0,1.2270035232664567,0.0,0.0,,,0,0
2025-06-13,4.33,,,20.82,4.41,3.96,0.45,1.1557,73.84,,,,,6.0,1.2270035232664567,0.0,0.0,,,0,0
2025-06-14,4.33,,,,,,,,,,,,,6.0,1.2270035232664567,0.0,0.0,,,0,0
2025-06-15,4.33,,,,,,,,,,,,,6.0,1.2270035232664567,0.0,0.0,,,0,0
2025-06-16,4.33,,,19.11,4.46,3.97,0.49,1.1581,72.53,,,,,6.0,1.2270035232664567,0.0,0.0,,,0,0
2025-06-17,4.33,,,21.6,4.39,3.94,0.45,1.1535,75.62,,,,,6.0,1.2270035232664567,0.0,0.0,,,0,0
2025-06-18,4.33,,,20.14,4.38,3.94,0.44,1.1521,75.89,,,,,6.0,1.2270035232664567,0.0,0.0,,,0,0
2025-06-19,4.33,,,22.17,,,,,,,,,,6.0,1.2270035232664567,0.0,0.0,,,0,0
2025-06-20,4.33,,,20.62,4.38,3.9,0.48,1.152,75.72,,,,,6.0,1.2270035232664567,0.0,0.0,,,0,0
2025-06-21,4.33,,,,,,,,,,,,,6.0,1.2270035232664567,0.0,0.0,,,0,0
2025-06-22,4.33,,,,,,,,,,,,,6.0,1.2270035232664567,0.0,0.0,,,0,0
2025-06-23,4.33,,,19.83,4.34,3.84,0.5,1.1538,69.36,,,,,6.0,1.2270035232664567,0.0,0.0,,,0,0
2025-06-24,4.33,,,17.48,4.3,3.75,0.55,1.1608,65.45,,,,,6.0,1.2270035232664567,0.0,0.0,,,0,0
2025-06-25,4.33,,,16.76,4.29,3.74,0.55,1.162,65.98,,,,,6.0,1.2270035232664567,0.0,0.0,,,0,0
2025-06-26,4.33,,,16.59,4.26,3.7,0.56,1.1717,66.44,,,,,6.0,1.2270035232664567,0.0,0.0,,,0,0
2025-06-27,4.33,,,16.32,4.29,3.73,0.56,1.1724,66.66,,,,,6.0,1.2270035232664567,0.0,0.0,,,0,0
2025-06-28,4.33,,,,,,,,,,,,,6.0,1.2270035232664567,0.0,0.0,,,0,0
2025-06-29,4.33,,,,,,,,,,,,,6.0,1.2270035232664567,0.0,0.0,,,0,0
2025-06-30,4.33,,,16.73,4.24,3.72,0.52,1.177,66.3,,,,,6.0,1.2270035232664567,0.0,0.0,,,0,0
2025-07-01,4.33,4.2,322.132,16.83,4.26,3.78,0.48,1.1776,66.64,61.7,103.8194,159518.0,1429.0,6.0,1.4259940869576049,0.0,0.0,,,0,0
2025-07-02,4.33,,,16.64,4.3,3.78,0.52,1.179,68.66,,,,,6.0,1.4259940869576049,0.0,0.0,,,0,0
2025-07-03,4.33,,,16.38,4.35,3.88,0.47,1.1758,68.13,,,,,6.0,1.4259940869576049,0.0,0.0,,,0,0
2025-07-04,4.33,,,17.48,,,,,,,,,,6.0,1.4259940869576049,0.0,0.0,,,0,0
2025-07-05,4.33,,,,,,,,,,,,,6.0,1.4259940869576049,0.0,0.0,,,0,0
2025-07-06,4.33,,,,,,,,,,,,,6.0,1.4259940869576049,0.0,0.0,,,0,0
2025-07-07,4.33,,,17.79,4.4,3.9,0.5,1.1733,69.16,,,,,6.0,1.4259940869576049,0.0,0.0,,,0,0
2025-07-08,4.33,,,16.81,4.42,3.9,0.52,1.1707,69.55,,,,,6.0,1.4259940869576049,0.0,0.0,,,0,0
2025-07-09,4.33,,,15.94,4.34,3.86,0.48,1.1707,69.61,,,,,6.0,1.4259940869576049,0.0,0.0,,,0,0
2025-07-10,4.33,,,15.78,4.35,3.86,0.49,1.1688,67.78,,,,,6.0,1.4259940869576049,0.0,0.0,,,0,0
2025-07-11,4.33,,,16.4,4.43,3.9,0.53,1.1696,69.63,,,,,6.0,1.4259940869576049,0.0,0.0,,,0,0
2025-07-12,4.33,,,,,,,,,,,,,6.0,1.4259940869576049,0.0,0.0,,,0,0
2025-07-13,4.33,,,,,,,,,,,,,6.0,1.4259940869576049,0.0,0.0,,,0,0
2025-07-14,4.33,,,17.2,4.43,3.9,0.53,1.1672,68.19,,,,,6.0,1.4259940869576049,0.0,0.0,,,0,0
2025-07-15,4.33,,,17.38,4.5,3.95,0.55,1.1619,67.76,,,,,6.0,1.4259940869576049,0.0,0.0,,,0,0
2025-07-16,4.33,,,17.16,4.46,3.88,0.58,1.1629,67.13,,,,,6.0,1.4259940869576049,0.0,0.0,,,0,0
2025-07-17,4.33,,,16.52,4.47,3.91,0.56,1.1597,68.76,,,,,6.0,1.4259940869576049,0.0,0.0,,,0,0
2025-07-18,4.33,,,16.41,4.44,3.88,0.56,1.1645,68.53,,,,,6.0,1.4259940869576049,0.0,0.0,,,0,0
2025-07-19,4.33,,,,,,,,,,,,,6.0,1.4259940869576049,0.0,0.0,,,0,0
2025-07-20,4.33,,,,,,,,,,,,,6.0,1.4259940869576049,0.0,0.0,,,0,0
2025-07-21,4.33,,,16.65,4.38,3.85,0.53,1.1705,68.39,,,,,6.0,1.4259940869576049,0.0,0.0,,,0,0
2025-07-22,4.33,,,16.5,4.35,3.83,0.52,1.1749,67.56,,,,,6.0,1.4259940869576049,0.0,0.0,,,0,0
2025-07-23,4.33,,,15.37,4.4,3.88,0.52,1.1748,66.05,,,,,6.0,1.4259940869576049,0.0,0.0,,,0,0
2025-07-24,4.33,,,15.39,4.43,3.91,0.52,1.1765,67.16,,,,,6.0,0.9546015807650576,0.0,0.0,,,0,0
2025-07-25,4.33,,,14.93,4.4,3.91,0.49,1.173,66.38,,,,,6.0,0.9546015807650576,0.0,0.0,,,0,0
2025-07-26,4.33,,,,,,,,,,,,,6.0,0.9546015807650576,0.0,0.0,,,0,0
2025-07-27,4.33,,,,,,,,,,,,,6.0,0.9546015807650576,0.0,0.0,,,0,0
2025-07-28,4.33,,,15.03,4.42,3.91,0.51,1.1609,67.81,,,,,6.0,0.9546015807650576,0.0,0.0,,,0,0
2025-07-29,4.33,,,15.98,4.34,3.86,0.48,1.1534,70.27,,,,,6.0,0.9546015807650576,0.0,0.0,,,0,0
2025-07-30,4.33,,,15.48,4.38,3.94,0.44,1.147,71.09,,,,,6.0,0.9546015807650576,0.0,0.0,,,0,0
2025-07-31,4.33,,,16.72,4.37,3.94,0.43,1.1431,70.36,,,,,6.0,0.9546015807650576,0.0,0.0,,,0,0
2025-08-01,4.33,4.3,323.364,20.38,4.23,3.69,0.54,1.1555,68.39,58.2,103.9203,159540.0,1307.0,6.0,1.3407043869050783,0.0,0.0,,,0,0
2025-08-02,4.33,,,,,,,,,,,,,6.0,1.3407043869050783,0.0,0.0,,,0,0
2025-08-03,4.33,,,,,,,,,,,,,6.0,1.3407043869050783,0.0,0.0,,,0,0
2025-08-04,4.33,,,17.52,4.22,3.69,0.53,1.1568,67.33,,,,,6.0,1.3407043869050783,0.0,0.0,,,0,0
2025-08-05,4.33,,,17.85,4.22,3.72,0.5,1.158,66.2,,,,,6.0,1.3407043869050783,0.0,0.0,,,0,0
2025-08-06,4.33,,,16.77,4.22,3.69,0.53,1.1647,65.38,,,,,6.0,1.3407043869050783,0.0,0.0,,,0,0
2025-08-07,4.33,,,16.57,4.23,3.72,0.51,1.1641,64.9,,,,,6.0,1.3407043869050783,0.0,0.0,,,0,0
2025-08-08,4.33,,,15.15,4.27,3.76,0.51,1.166,64.94,,,,,6.0,1.3407043869050783,0.0,0.0,,,0,0
2025-08-09,4.33,,,,,,,,,,,,,6.0,1.3407043869050783,0.0,0.0,,,0,0
2025-08-10,4.33,,,,,,,,,,,,,6.0,1.3407043869050783,0.0,0.0,,,0,0
2025-08-11,4.33,,,16.25,4.27,3.76,0.51,1.1607,65.03,,,,,6.0,1.3407043869050783,0.0,0.0,,,0,0
2025-08-12,4.33,,,14.73,4.29,3.72,0.57,1.1673,64.22,,,,,6.0,1.3407043869050783,0.0,0.0,,,0,0
2025-08-13,4.33,,,14.49,4.24,3.67,0.57,1.1715,63.68,,,,,6.0,1.3407043869050783,0.0,0.0,,,0,0
2025-08-14,4.33,,,14.83,4.29,3.74,0.55,1.1644,64.99,,,,,6.0,1.3407043869050783,0.0,0.0,,,0,0
2025-08-15,4.33,,,15.09,4.33,3.75,0.58,1.1708,63.78,,,,,6.0,1.3407043869050783,0.0,0.0,,,0,0
2025-08-16,4.33,,,,,,,,,,,,,6.0,1.3407043869050783,0.0,0.0,,,0,0
2025-08-17,4.33,,,,,,,,,,,,,6.0,1.3407043869050783,0.0,0.0,,,0,0
2025-08-18,4.33,,,14.99,4.34,3.77,0.57,1.1667,64.51,,,,,6.0,1.3407043869050783,0.0,0.0,,,0,0
2025-08-19,4.33,,,15.57,4.3,3.75,0.55,1.166,63.38,,,,,6.0,1.3407043869050783,0.0,0.0,,,0,0
2025-08-20,4.33,,,15.69,4.29,3.74,0.55,1.1649,64.19,,,,,6.0,1.3407043869050783,0.0,0.0,,,0,0
2025-08-21,4.33,,,16.6,4.33,3.79,0.54,1.1605,64.56,,,,,6.0,1.3407043869050783,0.0,0.0,,,0,0
2025-08-22,4.33,,,14.22,4.26,3.68,0.58,1.1713,64.08,,,,,6.0,1.3407043869050783,0.0,0.0,,,0,0
2025-08-23,4.33,,,,,,,,,,,,,6.0,1.3407043869050783,0.0,0.0,,,0,0
2025-08-24,4.33,,,,,,,,,,,,,6.0,1.1223516535063816,0.0,0.0,,,0,0
2025-08-25,4.33,,,14.79,4.28,3.73,0.55,1.167,65.18,,,,,6.0,1.1223516535063816,0.0,0.0,,,0,0
2025-08-26,4.33,,,14.62,4.26,3.61,0.65,1.1657,63.6,,,,,6.0,1.1223516535063816,0.0,0.0,,,0,0
2025-08-27,4.33,,,14.85,4.24,3.59,0.65,1.1611,64.49,,,,,6.0,1.1223516535063816,0.0,0.0,,,0,0
2025-08-28,4.33,,,14.43,4.22,3.62,0.6,1.1672,64.96,,,,,6.0,1.1223516535063816,0.0,0.0,,,0,0
2025-08-29,4.33,,,15.36,4.23,3.59,0.64,1.1695,64.36,,,,,6.0,1.1223516535063816,0.0,0.0,,,0,0
2025-08-30,4.33,,,,,,,,,,,,,6.0,1.1223516535063816,0.0,0.0,,,0,0
2025-08-31,4.33,,,,,,,,,,,,,6.0,1.1223516535063816,0.0,0.0,,,0,0
2025-09-01,4.33,,324.368,16.12,,,,,,55.1,,,,6.0,1.4363224141974884,0.0,0.0,,,0,0
2025-09-02,4.33,,,17.17,4.28,3.66,0.62,1.1653,65.95,,,,,6.0,1.4363224141974884,0.0,0.0,,,0,0
2025-09-03,4.33,,,16.35,4.22,3.61,0.61,1.1676,64.36,,,,,6.0,1.4363224141974884,0.0,0.0,,,0,0
2025-09-04,4.33,,,15.3,4.17,3.59,0.58,1.1648,63.81,,,,,6.0,1.4363224141974884,0.0,0.0,,,0,0
2025-09-05,4.33,,,15.18,4.1,3.51,0.59,1.1759,62.22,,,,,6.0,1.4363224141974884,0.0,0.0,,,0,0
2025-09-06,4.33,,,,,,,,,,,,,6.0,1.4363224141974884,0.0,0.0,,,0,0
2025-09-07,4.33,,,,,,,,,,,,,6.0,1.4363224141974884,0.0,0.0,,,0,0
2025-09-08,4.33,,,15.11,4.05,3.49,0.56,1.1751,62.6,,,,,6.0,1.4363224141974884,0.0,0.0,,,0,0
2025-09-09,4.33,,,15.04,4.08,3.54,0.54,1.1723,62.97,,,,,6.0,1.4363224141974884,0.0,0.0,,,0,0
2025-09-10,4.33,,,15.35,4.04,3.54,0.5,1.1714,64.01,,,,,6.0,1.4363224141974884,0.0,0.0,,,0,0
2025-09-11,4.33,,,14.71,4.01,3.52,0.49,1.1732,62.71,,,,,6.0,1.4363224141974884,0.0,0.0,,,0,0
2025-09-12,4.33,,,14.76,4.06,3.56,0.5,1.1714,63.02,,,,,6.0,1.4363224141974884,0.0,0.0,,,0,0
2025-09-13,4.33,,,,,,,,,,,,,6.0,1.4363224141974884,0.0,0.0,,,0,0
2025-09-14,4.33,,,,,,,,,,,,,6.0,1.4363224141974884,0.0,0.0,,,0,0
2025-09-15,4.33,,,15.69,4.05,3.54,0.51,1.1772,63.66,,,,,6.0,1.4363224141974884,0.0,0.0,,,0,0
2025-09-16,4.33,,,16.36,4.04,3.51,0.53,1.1848,64.89,,,,,6.0,1.4363224141974884,0.0,0.0,,,0,0
2025-09-17,4.33,,,15.72,4.06,3.52,0.54,1.1845,64.41,,,,,6.0,1.4363224141974884,0.0,0.0,,,0,0
2025-09-18,4.08,,,15.7,4.11,3.57,0.54,1.178,63.91,,,,,6.0,1.4363224141974884,-0.25,-0.25,,,0,0
2025-09-19,4.08,,,15.45,4.14,3.57,0.57,1.1753,63.02,,,,,6.0,1.4363224141974884,0.0,-0.25,,,0,0
2025-09-20,4.08,,,,,,,,,,,,,6.0,1.4363224141974884,0.0,-0.25,,,0,0
2025-09-21,4.08,,,,,,,,,,,,,6.0,1.487101669195745,0.0,-0.25,,,0,0
2025-09-22,4.09,,,16.1,4.15,3.61,0.54,1.1773,62.99,,,,,6.0,1.487101669195745,0.009999999999999787,-0.2400000000000002,,,0,0
2025-09-23,4.09,,,16.64,4.12,3.53,0.59,1.18,63.76,,,,,6.0,1.487101669195745,0.0,-0.2400000000000002,,,0,0
2025-09-24,4.09,,,16.18,4.16,3.57,0.59,1.1742,65.4,,,,,6.0,1.487101669195745,0.0,-0.2400000000000002,,,0,0
2025-09-25,4.09,,,16.74,4.18,3.64,0.54,1.1673,65.51,,,,,6.0,1.487101669195745,0.0,-0.2400000000000002,,,0,0
2025-09-26,4.09,,,15.29,4.2,3.63,0.57,1.1692,66.5,,,,,6.0,1.487101669195745,0.0,-0.2400000000000002,,,0,0
2025-09-27,4.09,,,,,,,,,,,,,6.0,1.487101669195745,0.0,-0.2400000000000002,,,0,0
2025-09-28,4.09,,,,,,,,,,,,,6.0,1.487101669195745,0.0,-0.2400000000000002,,,0,0
2025-09-29,4.09,,,16.12,4.15,3.63,0.52,1.173,64.27,,,,,6.0,1.487101669195745,0.0,-0.2400000000000002,,,0,0
2025-09-30,4.09,,,16.28,4.16,3.6,0.56,1.1735,63.17,,,,,6.0,1.487101669195745,0.0,-0.2400000000000002,,,0,0
2025-10-01,4.09,,,16.29,4.12,3.55,0.57,1.1723,62.59,,,,,6.0,1.487101669195745,0.0,-0.2400000000000002,,,0,0
2025-10-02,4.09,,,16.63,4.1,3.55,0.55,1.1696,61.28,,,,,6.0,1.487101669195745,0.0,-0.2400000000000002,,,0,0
2025-10-03,4.09,,,16.65,4.13,3.58,0.55,1.1747,61.65,,,,,6.0,1.487101669195745,0.0,-0.2400000000000002,,,0,0
2025-10-04,4.09,,,,,,,,,,,,,6.0,1.487101669195745,0.0,-0.2400000000000002,,,0,0
2025-10-05,4.09,,,,,,,,,,,,,6.0,1.487101669195745,0.0,-0.2400000000000002,,,0,0
2025-10-06,4.09,,,16.37,4.18,3.6,0.58,1.1707,62.49,,,,,6.0,1.487101669195745,0.0,-0.2400000000000002,,,0,0
2025-10-07,4.09,,,17.24,4.14,3.57,0.57,1.1674,62.52,,,,,6.0,1.487101669195745,0.0,-0.2400000000000002,,,0,0
2025-10-08,4.1,,,16.3,4.13,3.58,0.55,1.1606,63.37,,,,,6.0,1.487101669195745,0.009999999999999787,-0.23000000000000043,,,0,0
2025-10-09,4.1,,,16.43,4.14,3.6,0.54,1.1559,62.36,,,,,6.0,1.487101669195745,0.0,-0.23000000000000043,,,0,0
2025-10-10,4.1,,,21.66,4.05,3.52,0.53,1.1613,59.75,,,,,6.0,1.487101669195745,0.0,-0.23000000000000043,,,0,0
2025-10-11,4.1,,,,,,,,,,,,,6.0,1.487101669195745,0.0,-0.23000000000000043,,,0,0
2025-10-12,4.1,,,,,,,,,,,,,6.0,1.487101669195745,0.0,-0.23000000000000043,,,0,0
2025-10-13,4.1,,,19.03,,,,,,,,,,6.0,1.487101669195745,0.0,-0.23000000000000043,,,0,0
2025-10-14,4.1,,,20.81,4.03,3.48,0.55,1.1608,59.52,,,,,6.0,1.487101669195745,0.0,-0.23000000000000043,,,0,0
2025-10-15,4.1,,,20.64,4.05,3.5,0.55,1.1638,59.08,,,,,6.0,1.487101669195745,0.0,-0.23000000000000043,,,0,0
2025-10-16,4.11,,,25.31,3.99,3.41,0.58,1.1665,58.29,,,,,6.0,1.487101669195745,0.010000000000000675,-0.21999999999999975,,,0,0
2025-10-17,4.11,,,20.78,4.02,3.46,0.56,1.1674,58.3,,,,,6.0,1.487101669195745,0.0,-0.21999999999999975,,,0,0
2025-10-18,4.11,,,,,,,,,,,,,6.0,1.487101669195745,0.0,-0.21999999999999975,,,0,0
2025-10-19,4.11,,,,,,,,,,,,,6.0,1.487101669195745,0.0,-0.21999999999999975,,,0,0
2025-10-20,4.11,,,18.23,4.0,3.46,0.54,1.1656,58.34,,,,,6.0,1.487101669195745,0.0,-0.21999999999999975,,,0,0
2025-10-21,4.11,,,17.87,3.98,3.45,0.53,1.1616,58.66,,,,,6.0,1.487101669195745,0.0,-0.21999999999999975,,,0,0
2025-10-22,4.11,,,18.6,3.97,3.45,0.52,1.1612,59.3,,,,,6.0,1.487101669195745,0.0,-0.21999999999999975,,,0,0
2025-10-23,4.11,,,17.3,4.01,3.48,0.53,1.1612,62.44,,,,,6.0,1.487101669195745,0.0,-0.21999999999999975,,,0,0
2025-10-24,4.11,,,16.37,4.02,3.48,0.54,1.1626,62.27,,,,,6.0,1.487101669195745,0.0,-0.21999999999999975,,,0,0
2025-10-25,4.11,,,,,,,,,,,,,6.0,1.487101669195745,0.0,-0.21999999999999975,,,0,0
2025-10-26,4.11,,,,,,,,,,,,,6.0,1.487101669195745,0.0,-0.21999999999999975,,,0,0
2025-10-27,4.12,,,15.79,4.01,3.48,0.53,1.1636,62.13,,,,,6.0,1.487101669195745,0.009999999999999787,-0.20999999999999996,,,0,0
2025-10-28,4.12,,,16.42,3.99,3.47,0.52,1.1659,60.97,,,,,6.0,1.487101669195745,0.0,-0.20999999999999996,,,0,0
2025-10-29,4.12,,,16.92,4.08,3.59,0.49,1.1664,61.26,,,,,6.0,1.487101669195745,0.0,-0.20999999999999996,,,0,0
2025-10-30,3.87,,,16.91,4.11,3.61,0.5,1.1564,61.36,,,,,6.0,1.487101669195745,-0.25,-0.45999999999999996,,,0,0
2025-10-31,3.86,,,17.44,4.11,3.6,0.51,1.1541,61.75,,,,,6.0,1.487101669195745,-0.010000000000000231,-0.4700000000000002,,,0,0
2025-11-01,3.86,,,,,,,,,,,,,6.0,1.487101669195745,0.0,-0.4700000000000002,,,0,0
2025-11-02,3.86,,,,,,,,,,,,,6.0,1.487101669195745,0.0,-0.4700000000000002,,,0,0
2025-11-03,3.87,,,17.17,4.13,3.6,0.53,1.1531,61.79,,,,,6.0,1.487101669195745,0.010000000000000231,-0.45999999999999996,,,0,0
2025-11-04,3.87,,,19.0,4.1,3.58,0.52,1.1491,61.38,,,,,6.0,1.487101669195745,0.0,-0.45999999999999996,,,0,0
2025-11-05,3.87,,,18.01,4.17,3.63,0.54,1.1485,60.4,,,,,6.0,1.487101669195745,0.0,-0.45999999999999996,,,0,0
2025-11-06,3.87,,,19.5,4.11,3.57,0.54,1.1539,60.24,,,,,6.0,1.487101669195745,0.0,-0.45999999999999996,,,0,0
2025-11-07,3.87,,,19.08,4.11,3.55,0.56,1.1578,60.54,,,,,6.0,1.487101669195745,0.0,-0.45999999999999996,,,0,0
2025-11-08,3.87,,,,,,,,,,,,,6.0,1.487101669195745,0.0,-0.45999999999999996,,,0,0
2025-11-09,3.87,,,,,,,,,,,,,6.0,1.487101669195745,0.0,-0.45999999999999996,,,0,0
2025-11-10,3.87,,,17.6,4.13,3.58,0.55,,60.94,,,,,6.0,1.487101669195745,0.0,-0.45999999999999996,,,0,0
2025-11-11,3.87,,,17.28,,,,,,,,,,6.0,1.487101669195745,0.0,-0.45999999999999996,,,0,0
2025-11-12,,,,17.51,,,0.52,,,,,,,6.0,1.487101669195745,,,,,0,0
