date,close,high,low,open,volume,return,log_return,direction,price_change,intraday_range,volatility_5d,volatility_20d,sma_20,sma_50,sma_200,ema_12,ema_26,macd,macd_signal,macd_histogram,rsi_14,bb_middle,bb_upper,bb_lower,bb_width,volume_sma_20,volume_ratio,momentum_5,momentum_10,momentum_20,roc_5,roc_10
2020-01-02,3257.85009765625,3258.139892578125,3235.530029296875,3244.669921875,3459930000,,0,0,,22.60986328125,,,,,,3257.85009765625,3257.85009765625,0.0,0.0,0.0,,,,,,,,,,,,
2020-01-03,3234.85009765625,3246.14990234375,3222.340087890625,3226.360107421875,3484700000,-0.007059870562045378,-1,0,-23.0,23.809814453125,,,,,,3254.311636117788,3256.146393952546,-1.8347578347579656,-0.36695156695159314,-1.4678062678063726,,,,,,,,,,,,
2020-01-06,3246.280029296875,3246.840087890625,3214.639892578125,3217.550048828125,3702460000,0.0035333728907271933,1,1,11.429931640625,32.2001953125,,,,,,3253.076004299186,3255.4155521262,-2.33954782701403,-0.7614708189640806,-1.5780770080499495,,,,,,,,,,,,
2020-01-07,3237.179931640625,3244.909912109375,3232.429931640625,3241.860107421875,3435910000,-0.0028032386528962228,-1,0,-9.10009765625,12.47998046875,,,,,,3250.6304546594074,3254.0647654235645,-3.4343107641570896,-1.2960388080026823,-2.1382719561544072,,,,,,,,,,,,
2020-01-08,3253.050048828125,3267.070068359375,3236.669921875,3238.590087890625,3726840000,0.004902451368978156,1,1,15.8701171875,30.400146484375,,,,,,3251.002699916133,3253.9896012313097,-2.9869013151765103,-1.6342113094374482,-1.352690005739062,,,,,,,,,,,,
2020-01-09,3274.699951171875,3275.580078125,3263.669921875,3266.030029296875,3641230000,0.006655262605488987,1,1,21.64990234375,11.91015625,0.005767253310583809,,,,,3254.6484308785552,3255.523701226907,-0.8752703483519326,-1.4824231172203453,0.6071527688684126,,,,,,,,16.849853515625,,,0.5172077600423377,
2020-01-10,3265.35009765625,3282.989990234375,3260.860107421875,3281.81005859375,3214580000,-0.002855178689662563,-1,0,-9.349853515625,22.1298828125,0.004444840131784405,,,,,3256.294841152047,3256.2515824438956,0.04325870815137023,-1.1772867521460022,1.2205454602973724,,,,,,,,30.5,,,0.9428566727743646,
2020-01-13,3288.1298828125,3288.1298828125,3268.429931640625,3271.1298828125,3459390000,0.006976215252569862,1,1,22.77978515625,19.699951171875,0.004996212567058444,,,,,3261.1925398690396,3258.6129380267553,2.579601842284319,-0.425909033259938,3.0055108755442568,,,,,,,,41.849853515625,,,1.2891633851035775,
2020-01-14,3283.14990234375,3294.25,3277.18994140625,3285.35009765625,3687620000,-0.001514532772802224,-1,0,-4.97998046875,17.06005859375,0.004672124006186983,,,,,3264.5705956343795,3260.4304909391253,4.140104695254195,0.48729371244288855,3.6528109828113062,,,,,,,,45.969970703125,,,1.42006226635129,
2020-01-15,3289.2900390625,3298.659912109375,3280.68994140625,3282.27001953125,3721490000,0.0018701968845122874,1,1,6.14013671875,17.969970703125,0.004530989670064254,,,,,3268.3735869310135,3262.5682352445606,5.805351686452923,1.5509053072448955,4.254446379208027,,,,,,,,36.239990234375,,,1.1140311304902932,
2020-01-16,3316.81005859375,3317.110107421875,3302.820068359375,3302.969970703125,3540580000,0.00836655302646827,1,1,27.52001953125,14.2900390625,0.004990502152224726,,,,,3275.825351802204,3266.5861480852413,9.239203716962493,3.088564989188415,6.150638727774078,,,,,,,,42.110107421875,58.9599609375,,1.2859226203855898,1.8097812720087012
2020-01-17,3329.6201171875,3329.8798828125,3318.860107421875,3323.659912109375,3726220000,0.003862162248501333,1,1,12.81005859375,11.019775390625,0.0039639361563718,,,,,3284.101469553788,3271.255330981705,12.846138572082964,5.040079705767326,7.806058866315638,,,,,,,,64.27001953125,94.77001953125,,1.9682428410166704,2.9296572227539643
2020-01-21,3320.7900390625,3329.7900390625,3316.610107421875,3321.030029296875,4104840000,-0.0026519776473655776,-1,0,-8.830078125,13.179931640625,0.004416146998942812,,,,,3289.745864862821,3274.9245686173194,14.821296245501344,6.996323013714131,7.824973231787213,,,,,,,,32.66015625,74.510009765625,,0.9932745181605829,2.2952428346658507
2020-01-22,3321.75,3337.77001953125,3320.0400390625,3330.02001953125,3623780000,0.0002890760711180551,1,1,0.9599609375,17.72998046875,0.004122587315641586,,,,,3294.669577960848,3278.3931190901108,16.276458870737315,8.852350185118768,7.424108685618547,68.317833667402,,,,,,,38.60009765625,84.570068359375,,1.1757031754381502,2.6124611589481312
2020-01-23,3325.5400390625,3326.8798828125,3301.8701171875,3315.77001953125,3766710000,0.0011409766124783616,1,1,3.7900390625,25.009765625,0.004156440732007055,,,,,3299.4188796687945,3281.88548353251,17.53339613628441,10.588559375351895,6.944836760932514,68.99162680081321,,,,,,,36.25,72.489990234375,,1.1020615260286328,2.2283699649960416
2020-01-24,3295.469970703125,3333.179931640625,3281.530029296875,3333.10009765625,3708780000,-0.009042160974207403,-1,0,-30.070068359375,51.64990234375,0.004921849880362507,,,,,3298.811355212538,3282.8917418414444,15.91961337109342,11.6547701745002,4.264843196593219,66.35898733309878,,,,,,,-21.340087890625,20.77001953125,,-0.6433919191523646,0.6342571790071116
2020-01-27,3243.6298828125,3258.85009765625,3234.5,3247.159912109375,3831050000,-0.015730711659182384,-1,0,-51.840087890625,24.35009765625,0.007114921679323078,,,,,3290.3218979202243,3279.983455987449,10.338441932775368,11.391504526155234,-1.0530625933798667,49.41287954592412,,,,,,,-85.990234375,-21.72021484375,,-2.5825839389640395,-0.6651726214392748
2020-01-28,3276.239990234375,3285.780029296875,3253.219970703125,3255.35009765625,3531570000,0.010053584595046017,1,1,32.610107421875,32.56005859375,0.009954335298500658,,,,,3288.1554505839395,3279.706162227962,8.449288355977387,10.803061292119665,-2.3537729361422777,57.83708426567809,,,,,,,-44.550048828125,-11.889892578125,,-1.3415497006459953,-0.36160045381038863
2020-01-29,3273.39990234375,3293.469970703125,3271.889892578125,3289.4599609375,3600250000,-0.0008668741908683941,-1,0,-2.840087890625,21.580078125,0.00988194247845787,,,,,3285.885366239295,3279.2390318661687,6.6463343731261375,9.97171590832096,-3.325381535194822,54.30830317371218,,,,,,,-48.35009765625,-9.75,,-1.455561004177015,-0.2969709056854134
2020-01-30,3283.659912109375,3285.909912109375,3242.800048828125,3256.449951171875,3790350000,0.003134358792605374,1,1,10.260009765625,43.10986328125,0.010122459208813345,,3280.8369995117187,,,3285.5429886808456,3279.5665044767766,5.976484204069038,9.172669567470574,-3.1961853634015363,51.99304876724231,3280.8369995117187,3341.6181732326468,3220.0558257907905,121.56234744185622,3637914000.0,1.0419020350673491,-41.880126953125,-5.630126953125,,-1.2593481498100196,-0.17116541521919654
2020-01-31,3225.52001953125,3282.330078125,3214.679931640625,3282.330078125,4529700000,-0.01770582037552626,-1,0,-58.139892578125,67.650146484375,0.012077138003435422,0.007413916269882055,3279.220495605469,,,3276.308685734754,3275.563061147478,0.74562458727587,7.487260571431634,-6.741635984155764,42.72032155810035,3279.220495605469,3344.1536216002596,3214.287369610678,129.86625198958154,3691402500.0,1.227094579905605,-69.949951171875,-91.2900390625,-32.330078125,-2.1226092725387633,-2.752344495156435
2020-02-03,3248.919921875,3268.43994140625,3235.659912109375,3235.659912109375,3760460000,0.007254613892351713,1,1,23.39990234375,32.780029296875,0.010921040011112468,0.0074354097538180544,3279.9239868164063,,,3272.09502975633,3273.5894952754425,-1.4944655191125094,5.690915353322805,-7.1853808724353145,42.849866973440996,3279.9239868164063,3343.114544240521,3216.733429392292,126.38111484822912,3705190500.0,1.0149167768836718,5.2900390625,-80.7001953125,14.06982421875,0.16309009515947273,-2.423705782408196
2020-02-04,3297.590087890625,3306.919921875,3280.610107421875,3280.610107421875,3996900000,0.014980414164082134,1,1,48.670166015625,26.309814453125,0.012164240390705868,0.008111799709990233,3282.4894897460936,,,3276.0173463923757,3275.367316950641,0.6500294417346595,4.682738171005176,-4.032708729270516,52.27132213397602,3282.4894897460936,3344.0747071194774,3220.90427237271,123.17043474676757,3719912500.0,1.0744607568054356,21.35009765625,-23.199951171875,51.31005859375,0.6516646436124681,-0.6986274621091261
2020-02-05,3334.68994140625,3337.580078125,3313.75,3324.909912109375,4121480000,0.01125059589785371,1,1,37.099853515625,23.830078125,0.012800286245631743,0.008385882535738612,3287.364990234375,,,3285.043899471433,3279.761585428834,5.282314042598955,4.802653345323932,0.4796606972750226,56.507261084088604,3287.364990234375,3349.285195664623,3225.444784804127,123.84041086049638,3754191000.0,1.0978343936150292,61.2900390625,12.93994140625,97.510009765625,1.8723663741364571,0.3895519351621886
2020-02-06,3345.780029296875,3347.9599609375,3334.389892578125,3344.919921875,3887250000,0.003325672876785646,1,1,11.090087890625,13.570068359375,0.0127981489720822,0.008359765176258438,3292.0014892578124,,,3294.387919444578,3284.6518405301704,9.736078914407699,5.789338459140686,3.9467404552670127,54.35756081474611,3292.0014892578124,3356.9174517154584,3227.0855268001665,129.8319249152919,3762211500.0,1.033235372333533,62.1201171875,20.239990234375,92.72998046875,1.891795096027315,0.6086226596772787
2020-02-07,3327.7099609375,3341.419921875,3322.1201171875,3335.5400390625,3733920000,-0.005400853672730133,-1,0,-18.070068359375,19.2998046875,0.007850545712055118,0.0083984631727494,3294.651989746094,,,3299.5143873665656,3287.8413309307134,11.673056435852232,6.966082054482995,4.706974381369236,49.71715670183892,3294.651989746094,3360.908491371621,3228.395488120567,132.51300325105422,3766846000.0,0.9912590002352101,102.18994140625,32.239990234375,53.010009765625,3.168169497862884,0.9783123657927382
2020-02-10,3352.090087890625,3352.260009765625,3317.77001953125,3318.280029296875,3462730000,0.007326397804890528,1,1,24.380126953125,34.489990234375,0.007852834163358743,0.008471158877031239,3298.9889892578126,,,3307.6029566779594,3292.600498112929,15.002458565030338,8.573357356592464,6.429101208437874,54.4306675946975,3298.9889892578126,3368.4477721581425,3229.5302063574827,138.91756580065976,3779253500.0,0.9162470842456056,103.170166015625,108.460205078125,86.739990234375,3.175521973348114,3.34379103031573
2020-02-11,3357.75,3375.6298828125,3352.719970703125,3365.8701171875,3762940000,0.0016884725532351208,1,1,5.659912109375,22.909912109375,0.0062680733856077114,0.008368075163202726,3302.4699951171874,,,3315.3178864198117,3297.426387141601,17.89149927821063,10.436985740916096,7.454513537294535,55.029051009452665,3302.4699951171874,3376.4672498803056,3228.472740354069,147.99450952623647,3794431000.0,0.9917007319411,60.159912109375,81.510009765625,69.6201171875,1.8243599266717105,2.4879132788985325
2020-02-12,3379.449951171875,3381.469970703125,3369.719970703125,3370.5,3930910000,0.006462646466197652,1,1,21.699951171875,11.75,0.00506452470572768,0.008427724995928495,3307.2849975585937,,,3325.184357920129,3303.502206699399,21.682151220730248,12.686018836878926,8.996132383851322,57.17210785233997,3307.2849975585937,3388.1982491093645,3226.371746007823,161.82650310154168,3806595500.0,1.0326576595805885,44.760009765625,106.050048828125,96.300048828125,1.3422540191772536,3.2397523062242812
2020-02-13,3373.93994140625,3385.090087890625,3360.52001953125,3365.89990234375,3500890000,-0.0016304457368023773,-1,0,-5.510009765625,24.570068359375,0.005381744598104471,0.008455508579171963,3311.5174926757813,,,3332.685216917994,3308.7198166776843,23.965400240309464,14.941895117565036,9.023505122744428,61.16945822325919,3311.5174926757813,3397.183693740612,3225.8512916109507,171.3324021296612,3795565500.0,0.922363215705275,28.159912109375,90.280029296875,84.64990234375,0.8416546175419931,2.749372094349455
2020-02-14,3380.159912109375,3380.68994140625,3366.14990234375,3378.080078125,3419700000,0.0018435333204338544,1,1,6.219970703125,14.5400390625,0.0037118323902222143,0.008293047934603434,3314.6849853515623,,,3339.9890161782064,3314.0116755985505,25.977340579655902,17.14898420998321,8.82835636967269,72.33436346542933,3314.6849853515623,3405.693285514221,3223.676685188904,182.01660032531709,3789521500.0,0.9024094466808013,52.449951171875,154.639892578125,63.349853515625,1.576157531382288,4.794262371392694
2020-02-18,3370.2900390625,3375.010009765625,3355.610107421875,3369.0400390625,3750400000,-0.002919942636890105,-1,0,-9.869873046875,19.39990234375,0.0036493756414743227,0.008307605905125698,3316.7184814453126,,,3344.650712006559,3318.1804432625468,26.470268744012174,19.013241116789004,7.4570276272231695,66.62190768200526,3316.7184814453126,3410.894227038697,3222.5427358519282,188.35149118676873,3790730500.0,0.9893607577747877,18.199951171875,121.3701171875,40.669921875,0.542943378449823,3.7357066380834496
2020-02-19,3386.14990234375,3393.52001953125,3378.830078125,3380.389892578125,3614200000,0.004705785881164548,1,1,15.85986328125,14.68994140625,0.004005421184237134,0.008317057679490264,3319.986474609375,,,3351.035202827665,3323.2152180093026,27.819984818362627,20.77458985710373,7.045394961258896,69.05013331925342,3319.986474609375,3419.160576243527,3220.812372975223,198.34820326830413,3766198500.0,0.9596413996766235,28.39990234375,88.559814453125,65.35986328125,0.8458015737845284,2.6855919654275224
2020-02-20,3373.22998046875,3389.14990234375,3341.02001953125,3380.449951171875,4019180000,-0.00381551976362815,-1,0,-12.919921875,48.1298828125,0.0035575850713884033,0.00838608605507274,3322.5604736328123,,,3354.449784003217,3326.9200152285207,27.529768774696095,22.125625640622207,5.4041431340738875,64.99885938367471,3322.5604736328123,3424.5593260937576,3220.561621171867,203.99770492189054,3785968500.0,1.061598901311514,-6.219970703125,38.5400390625,51.47998046875,-0.184052753939088,1.155730809751012
2020-02-21,3337.75,3360.760009765625,3328.449951171875,3360.5,3908780000,-0.01051810302712286,-1,0,-35.47998046875,32.31005859375,0.005838270415283628,0.008758312245152512,3323.1709716796877,,,3351.8805864642604,3327.7222363227047,24.15835014155573,22.532170540808913,1.6261796007468163,70.33669908547807,3323.1709716796877,3425.3908356311526,3220.9511077282227,204.43972790292992,3793072000.0,1.0305050892785583,-36.18994140625,-8.030029296875,12.2099609375,-1.0726314645413078,-0.2400046992498348
2020-02-24,3225.889892578125,3259.81005859375,3214.64990234375,3257.610107421875,4851160000,-0.03351362667122315,-1,0,-111.860107421875,45.16015625,0.014617555474716307,0.011424049622660734,3319.6919677734377,,,3332.4974027894705,3320.179099749032,12.318303040438423,20.48939704073482,-8.171094000296396,46.83991930539931,3319.6919677734377,3430.275559701072,3209.1083758458035,221.16718385526838,3850191000.0,1.2599790503899677,-154.27001953125,-101.820068359375,-69.580078125,-4.5639858332909,-3.059763908351247
2020-02-25,3128.2099609375,3246.989990234375,3118.77001953125,3238.93994140625,5596760000,-0.030279995565056117,-1,0,-97.679931640625,128.219970703125,0.016652569430657745,0.012792471392430478,3313.9209716796877,,,3301.068565581475,3305.9591635407705,-4.890597959295519,15.413398040728753,-20.30399600002427,29.51375580602202,3313.9209716796877,3450.26442466918,3177.5775186901956,272.6869059789842,3938476500.0,1.4210469454368968,-242.080078125,-223.880126953125,-115.419921875,-7.182766922704921,-6.678821901651408
2020-02-26,3116.389892578125,3182.510009765625,3108.989990234375,3139.89990234375,5484650000,-0.0037785406053220116,-1,0,-11.820068359375,73.52001953125,0.014472351325279208,0.012492190622492377,3305.928466796875,,,3272.656462042498,3291.9169953213154,-19.260533278817547,8.478611776819493,-27.73914505563704,21.877238968157656,3305.928466796875,3467.9040138366904,3143.9529197570596,323.9510940796308,4036130500.0,1.358888172718895,-269.760009765625,-241.360107421875,-159.85009765625,-7.9665702212093,-7.188150023732411
2020-02-27,2978.760009765625,3097.070068359375,2977.389892578125,3062.5400390625,7064710000,-0.04416324258407911,-1,0,-137.6298828125,119.68017578125,0.01677913208578938,0.0155785805085775,3291.1964721679688,,,3227.441623230671,3268.7201815764497,-41.27855834577849,-1.4728222477001047,-39.805736098078384,14.343425143474107,3291.1964721679688,3509.448778210133,3072.9441661258047,436.5046120843281,4209353500.0,1.6783361150352423,-394.469970703125,-400.68994140625,-294.639892578125,-11.69413212224293,-11.856661503961755
2020-02-28,2954.219970703125,2959.719970703125,2855.840087890625,2916.89990234375,8569570000,-0.008238340444361891,-1,0,-24.5400390625,103.8798828125,0.017276002014235924,0.015489184287416096,3274.724475097656,,,3185.407522841818,3245.4238696599073,-60.01634681808946,-13.181527161777977,-46.83481965631148,14.16534749527652,3274.724475097656,3540.02734362926,3009.421606566052,530.6057370632079,4448314500.0,1.9264757471622116,-383.530029296875,-419.719970703125,-329.43994140625,-11.490675733559284,-12.440054594694022
2020-03-02,3090.22998046875,3090.9599609375,2945.18994140625,2974.280029296875,6381330000,0.046039229006110016,1,1,136.010009765625,145.77001953125,0.034432029725337654,0.018944105917796362,3267.9599731445314,,,3170.764824015192,3233.9280260161177,-63.163202000925594,-23.1778621296075,-39.98533987131809,29.30808636371178,3267.9599731445314,3545.17682825981,2990.743118029253,554.4337102305572,4540896000.0,1.4053019492188326,-135.659912109375,-289.929931640625,-135.2900390625,-4.205348496905946,-8.577402820557547
2020-03-03,3003.3701171875,3136.719970703125,2976.6298828125,3096.4599609375,6376510000,-0.028107896121075893,-1,0,-86.85986328125,160.090087890625,0.03409402459011593,0.01967410921773179,3255.682482910156,,,3145.011792195547,3216.849662399183,-71.83787020363616,-32.90986374441324,-38.92800645922292,25.18207290575978,3255.682482910156,3557.140051052512,2954.2249147678003,602.9151362847115,4671698500.0,1.364923271482524,-124.83984375,-366.919921875,-245.5498046875,-3.990775725059915,-10.886894529025895
2020-03-04,3130.1201171875,3130.969970703125,3034.3798828125,3045.75,5073020000,0.04220259077449118,1,1,126.75,96.590087890625,0.04091768422821545,0.021857677432004282,3247.308984375,,,3142.7207652712323,3210.425251642762,-67.70448637152958,-39.86878826983651,-27.835698101693076,34.778575374039065,3247.308984375,3553.1371133970115,2941.4808553529883,611.6562580440232,4725504500.0,1.0735404018766674,13.730224609375,-256.02978515625,-167.469970703125,0.4405810916687407,-7.56108833158972
2020-03-05,3023.93994140625,3083.0400390625,2999.830078125,3075.699951171875,5579290000,-0.033922077046888544,-1,0,-106.18017578125,83.2099609375,0.03822529031794739,0.02269342402606908,3231.771484375,,,3124.446792368927,3196.611524958576,-72.16473258964879,-46.32797713379897,-25.836755455849826,30.971635844680975,3231.771484375,3550.2221848346253,2913.3207839153747,636.9014009192506,4798395000.0,1.162740874813349,45.179931640625,-349.2900390625,-310.75,1.5167362087750014,-10.354765049667975
2020-03-06,2972.3701171875,2985.929931640625,2901.5400390625,2954.199951171875,6555240000,-0.01705385200037013,-1,0,-51.56982421875,84.389892578125,0.03910080084241022,0.02277456963000088,3213.1009887695313,,,3101.0503808025537,3180.001050308867,-78.95066950631326,-52.85251560830183,-26.098153898011432,28.871641872604997,3213.1009887695313,3546.8266573313126,2879.37532020775,667.4513371235626,4931794500.0,1.3291794700691604,18.150146484375,-365.3798828125,-373.409912109375,0.6143803326891443,-10.946891852670213
2020-03-09,2746.56005859375,2863.889892578125,2734.429931640625,2863.889892578125,8441290000,-0.07596969747745097,-1,0,-225.81005859375,129.4599609375,0.042535226699846815,0.027673109169484348,3184.043493652344,,,3046.5134081550455,3147.8943101818213,-101.38090202677586,-62.55819289199664,-38.82270913477922,23.592465308815832,3184.043493652344,3572.4706503805937,2795.616336924094,776.8543134564998,5167163000.0,1.6336411295714883,-343.669921875,-479.329833984375,-581.14990234375,-11.121176224653334,-14.858840504357559
2020-03-10,2882.22998046875,2882.590087890625,2734.0,2813.47998046875,7642040000,0.04939630628156144,1,1,135.669921875,148.590087890625,0.0528774800826304,0.030453265660508617,3160.55048828125,,,3021.2390346648463,3128.215470943816,-106.97643627896969,-71.44184156939124,-35.53459470957844,30.630083292135836,3160.55048828125,3562.7739609342093,2758.327015628291,804.4469453059182,5376128500.0,1.421476439783759,-121.14013671875,-245.97998046875,-469.860107421875,-4.033473464542273,-7.8632823097025035
2020-03-11,2741.3798828125,2825.60009765625,2707.219970703125,2825.60009765625,7431200000,-0.048868445131273974,-1,0,-140.85009765625,118.380126953125,0.047023307618134065,0.03175759526245808,3129.731982421875,,,2978.1837805337163,3099.5609829340888,-121.37720240037243,-81.42891373558749,-39.94828866478494,27.887390900472255,3129.731982421875,3561.690416649208,2697.7735481945415,863.9168684546667,5559541500.0,1.33665698871031,-388.740234375,-375.010009765625,-616.3701171875,-12.419339188947609,-12.033475357455577
2020-03-12,2480.639892578125,2660.949951171875,2478.860107421875,2630.860107421875,8850810000,-0.09511268097833658,-1,0,-260.739990234375,182.08984375,0.05678334008061119,0.0367778309707073,3084.7914794921876,,,2901.6385670020873,3053.7149762410545,-152.07640923896724,-95.55841283626344,-56.5179964027038,24.08930867537137,3084.7914794921876,3588.4333579785934,2581.1496010057817,1007.2837569728117,5805536500.0,1.5245464394203705,-543.300048828125,-498.1201171875,-898.81005859375,-17.966628284802155,-16.72239843271876
2020-03-13,2711.02001953125,2711.330078125,2492.3701171875,2569.989990234375,8299070000,0.09287124972971839,1,1,230.380126953125,218.9599609375,0.0822558022810884,0.04392038969707142,3051.6454833984376,3197.8617919921876,,2872.3126366219585,3028.330164632921,-156.01752801096245,-107.65023587120325,-48.3672921397592,35.476085171606684,3051.6454833984376,3562.3698510213935,2540.9211157754817,1021.4487352459118,6045445500.0,1.3727805502505976,-261.35009765625,-243.199951171875,-662.919921875,-8.792649883842302,-8.2322898627617
2020-03-16,2386.1298828125,2562.97998046875,2380.93994140625,2508.590087890625,7805450000,-0.11984055240393443,-1,0,-324.89013671875,182.0400390625,0.09206830097009193,0.050181268167435227,3001.943981933594,3180.4273876953125,,2797.515289882042,2980.759773386964,-183.24448350492185,-122.76908539794698,-60.475398106974865,31.445216641361753,3001.943981933594,3568.479446200611,2435.4085176665767,1133.0709285340345,6264733000.0,1.245934982384724,-360.43017578125,-704.10009765625,-994.030029296875,-13.12296720595987,-22.78471512173494
2020-03-17,2529.18994140625,2553.929931640625,2367.0400390625,2425.659912109375,8370250000,0.05995484974402432,1,1,143.06005859375,186.889892578125,0.09427612944673132,0.05294038471702612,2959.8889770507812,3166.3141845703126,,2756.234467039613,2947.310156203207,-191.07568916359423,-136.43040615107643,-54.64528301251781,36.222045199706564,2959.8889770507812,3536.086430343864,2383.6915237576986,1152.3949065861652,6495725500.0,1.2885781580517834,-353.0400390625,-474.18017578125,-841.10009765625,-12.248850419808745,-15.788269752956557
2020-03-18,2398.10009765625,2453.570068359375,2280.52001953125,2436.5,8799300000,-0.051830762729157875,-1,0,-131.08984375,173.050048828125,0.0944946832385616,0.05345768265825028,2910.4864868164063,3149.3505859375,,2701.1368717498644,2906.6279296441735,-205.49105789430905,-150.24253649972297,-55.24852139458608,36.333556014146,2910.4864868164063,3502.025585024036,2318.9473886087767,1183.0781964152593,6754980500.0,1.3026388455155422,-343.27978515625,-732.02001953125,-988.0498046875,-12.522153070010292,-23.386323595434106
2020-03-19,2409.389892578125,2466.969970703125,2319.780029296875,2393.47998046875,7956100000,0.0047078080405855705,1,1,11.289794921875,147.18994140625,0.08551319956221064,0.053591449776213024,2862.294482421875,3132.79478515625,,2656.2527211080583,2869.7954824540957,-213.54276134603742,-162.9025814689859,-50.64017987705154,37.09636683022503,2862.294482421875,3452.1436634044785,2272.445301439271,1179.6983619652074,6951826500.0,1.1444618187752529,-71.25,-614.550048828125,-963.840087890625,-2.872242771438703,-20.322825874059365
2020-03-20,2304.919921875,2453.010009765625,2295.56005859375,2431.93994140625,9053950000,-0.04335951230846191,-1,0,-104.469970703125,157.449951171875,0.06712462932555696,0.053939187695035584,2810.652978515625,3113.8321826171873,,2602.2015212260494,2827.9528483371255,-225.75132711107608,-175.47233059740395,-50.278996513672126,31.118812897081753,2810.652978515625,3406.0566576740566,2215.249299357193,1190.8073583168634,7209085000.0,1.2559083434305462,-406.10009765625,-667.4501953125,-1032.830078125,-14.979605267779133,-22.455150906444015
2020-03-23,2237.39990234375,2300.72998046875,2191.860107421875,2290.7099609375,7411380000,-0.02929386782180443,-1,0,-67.52001953125,108.869873046875,0.04562244900742274,0.05387917984645792,2761.228479003906,3093.086181640625,,2546.078195244157,2784.2081856709497,-238.12999042679257,-188.0038625632817,-50.126127863510874,31.41092653918193,2761.228479003906,3375.316264943142,2147.1406930646704,1228.1755718784716,7337096000.0,1.0101244416046893,-148.72998046875,-509.16015625,-988.489990234375,-6.233104976391474,-18.53810386038644
2020-03-24,2447.330078125,2449.7099609375,2344.43994140625,2344.43994140625,7563150000,0.09382773976227554,1,1,209.93017578125,105.27001953125,0.059404857236251454,0.05912796914955883,2727.1844848632813,3076.72578125,,2530.886177225825,2759.2542517786574,-228.36807455283224,-196.0767049611918,-32.29136959164043,34.072640443064884,2727.1844848632813,3331.01785665772,2123.3511130688426,1207.6667435888776,7435415500.0,1.0171792013506171,-81.85986328125,-434.89990234375,-680.8798828125,-3.236604018586886,-15.089007653477404
2020-03-25,2475.56005859375,2571.419921875,2407.530029296875,2457.77001953125,8300010000,0.011535011448221999,1,1,28.22998046875,163.889892578125,0.05342526002620871,0.05931880101011432,2695.1429931640623,3060.474384765625,,2522.374466667044,2738.239867098294,-215.86540043124978,-200.03444405520344,-15.830956376046345,36.7252509607238,2695.1429931640623,3279.720371399118,2110.5656149290066,1169.1547564701114,7576183500.0,1.0955397265654931,77.4599609375,-265.81982421875,-640.829833984375,3.230055368130981,-9.696570179322757
2020-03-26,2630.070068359375,2637.010009765625,2500.719970703125,2501.2900390625,7766990000,0.062414163303876835,1,1,154.510009765625,136.2900390625,0.058653025624802596,0.06083348762064246,2677.70849609375,3047.4127880859373,,2538.943020773557,2730.2272894139296,-191.28426864037283,-198.28440897223732,7.000140331864486,42.107228709612805,2677.70849609375,3247.2766644846133,2108.1403277028867,1139.1363367817266,7611297500.0,1.020455447970599,220.68017578125,149.43017578125,-348.68994140625,9.159172471878973,6.023856031193123
2020-03-27,2541.469970703125,2615.909912109375,2520.02001953125,2555.8701171875,6201670000,-0.033687352562252526,-1,0,-88.60009765625,95.889892578125,0.05618889999789716,0.061182442307541184,2657.07099609375,3032.45638671875,,2539.331782301183,2716.245265805722,-176.91348350453882,-194.01022387869762,17.0967403741588,44.95157945648269,2657.07099609375,3214.22952587151,2099.9124663159905,1114.3170595555193,7492902500.0,0.8276725874919633,236.550048828125,-169.550048828125,-412.75,10.262831544954365,-6.2541053775560504
2020-03-30,2626.64990234375,2631.800048828125,2545.280029296875,2558.97998046875,5751120000,0.03351600948370015,1,1,85.179931640625,86.52001953125,0.048662264944282545,0.06068708234409273,2633.8919921875,3018.65318359375,,2552.7653392308084,2709.6085722159464,-156.843232985138,-186.5768256999857,29.733592714847703,43.548369602194576,2633.8919921875,3152.4071074222875,2115.3768769527123,1037.0302304695751,7461392000.0,0.7707837894055157,389.25,240.52001953125,-463.580078125,17.397426342615276,10.079921519098207
2020-03-31,2584.590087890625,2641.389892578125,2571.14990234375,2614.68994140625,6576210000,-0.016012721914555605,-1,0,-42.059814453125,70.239990234375,0.038326852748490264,0.06051868191279168,2612.952990722656,3003.7525830078125,,2557.6614544092417,2700.3479437474043,-142.68648933816257,-177.79875842762107,35.11226908945849,45.834379261142324,2612.952990722656,3101.608051437348,2124.297930007964,977.3101214293838,7471377000.0,0.8801871462248525,137.260009765625,55.400146484375,-418.780029296875,5.608561386651429,2.19043044483927
2020-04-01,2470.5,2522.75,2447.489990234375,2498.080078125,5964000000,-0.04414243033166543,-1,0,-114.090087890625,75.260009765625,0.04571044230388885,0.0599971733958969,2579.9719848632812,2986.7467822265626,,2544.251999884743,2683.3221701364855,-139.07017025174264,-170.0530407924454,30.98287054070275,49.70783460229334,2579.9719848632812,3006.783660982332,2153.1603087442304,853.6233522381017,7515926000.0,0.7935149973536195,-5.06005859375,72.39990234375,-659.6201171875,-0.20440055882240976,3.0190525580858383
2020-04-02,2526.89990234375,2533.219970703125,2455.7900390625,2458.5400390625,6464190000,0.02282934723487151,1,1,56.39990234375,77.429931640625,0.03428955345749972,0.060150233649996554,2555.119982910156,2970.8497802734373,,2541.5824464168977,2671.7353354851716,-130.1528890682739,-162.0730104476111,31.92012137933719,44.10370270294782,2555.119982910156,2927.4966010139065,2182.7433648064057,744.7532362075008,7560171000.0,0.8550322472864701,-103.170166015625,117.510009765625,-497.0400390625,-3.9227154917580602,4.877168702649678
2020-04-03,2488.64990234375,2538.179931640625,2459.9599609375,2514.919921875,6096970000,-0.015137125124949469,-1,0,-38.25,78.219970703125,0.031649639817009884,0.060135242448590975,2530.933972167969,2954.1119775390625,,2533.438978097952,2658.17345154877,-124.73447345081831,-154.60530304825255,29.870829597434238,54.021403201784764,2530.933972167969,2847.918772357423,2213.9491719785146,633.9696003789086,7537257500.0,0.8089109334529171,-52.820068359375,183.72998046875,-483.72021484375,-2.078327462777841,7.97120883571911
2020-04-06,2663.679931640625,2676.85009765625,2574.570068359375,2578.280029296875,6403840000,0.07033131865275055,1,1,175.030029296875,102.280029296875,0.044265990310613436,0.06021629426519837,2526.7899658203123,2941.4761767578125,,2553.4760478737476,2658.5813389629816,-105.10529108923402,-144.70530065644886,39.60000956721484,55.146367635350806,2526.7899658203123,2833.9194265075926,2219.660505133032,614.2589213745605,7435385000.0,0.8612654220326184,37.030029296875,426.280029296875,-82.880126953125,1.4097816866965498,19.052473759846535
2020-04-07,2659.409912109375,2756.889892578125,2657.669921875,2738.64990234375,7050410000,-0.0016030527844311804,-1,0,-4.27001953125,99.219970703125,0.0431264285803436,0.05909291039174674,2515.648962402344,2929.79177734375,,2569.7735654484595,2658.6427147516033,-88.86914930314379,-133.53807038578785,44.66892108264406,61.074046736496825,2515.648962402344,2781.94061442559,2249.3573103790977,532.5833040464922,7405803500.0,0.9520114866671793,74.81982421875,212.079833984375,-222.820068359375,2.8948429605645165,8.665763391706363
2020-04-08,2749.97998046875,2760.75,2663.300048828125,2685.0,5875710000,0.03405645287963033,1,1,90.570068359375,97.449951171875,0.033234721694196764,0.058563634014232174,2516.078967285156,2919.2665771484376,,2597.497629297735,2665.4084381380585,-67.91080884032363,-120.41261807669501,52.501809236371386,63.52503192067966,2516.078967285156,2783.928606258756,2248.229328311556,535.6992779472002,7328029000.0,0.80181314784644,279.47998046875,274.419921875,8.60009765625,11.312688948340417,11.085165190089759
2020-04-09,2789.820068359375,2818.570068359375,2762.360107421875,2776.989990234375,7899550000,0.014487410153376512,1,1,39.840087890625,56.2099609375,0.03339764944995124,0.05396505552777785,2531.537976074219,2909.59498046875,,2627.0856968456796,2674.624114450749,-47.5384176050693,-105.83777798236987,58.29936037730057,70.29753764416441,2531.537976074219,2825.2187664655976,2237.8571856828403,587.3615807827573,7280466000.0,1.0850335679062302,262.920166015625,159.75,309.18017578125,10.404850851898063,6.073982663878278
2020-04-13,2761.6298828125,2782.4599609375,2721.169921875,2782.4599609375,5319530000,-0.010104660822607414,-1,0,-28.190185546875,61.2900390625,0.03210888554909034,0.050146483635763565,2534.068469238281,2899.1543798828125,,2647.7848023790366,2681.068986181249,-33.28418380221228,-91.32705914633836,58.042875344126074,72.69098399322328,2534.068469238281,2835.0424479257827,2233.0944905507795,601.9479573750032,7131489000.0,0.7459213636871627,272.97998046875,220.159912109375,50.60986328125,10.968998902242703,8.66269972288775
2020-04-14,2846.06005859375,2851.85009765625,2805.10009765625,2805.10009765625,5615730000,0.030572589146256046,1,1,84.43017578125,46.75,0.019366831079130578,0.041408722130498433,2557.064978027344,2891.5651806640626,,2678.288687950531,2693.2905471006934,-15.001859150162545,-76.0620191471032,61.060159996940655,69.36239640654728,2557.064978027344,2879.9325517992224,2234.1974042554652,645.7351475437572,7022003000.0,0.7997333524351955,182.380126953125,219.41015625,459.93017578125,6.846923490570905,8.353231850739649
2020-04-15,2783.360107421875,2801.8798828125,2761.5400390625,2795.639892578125,5208000000,-0.022030438529415775,-1,0,-62.699951171875,40.33984375,0.024750783483776764,0.04020765694579952,2569.773486328125,2882.253984375,,2694.4535217153534,2699.962366383744,-5.508844668390793,-61.95138425136072,56.44253958296993,64.46265197124697,2569.773486328125,2907.679990891553,2231.8669817646964,675.8130091268567,6863890500.0,0.7587533629797854,123.9501953125,198.77001953125,254.170166015625,4.660815722619682,7.690581979035338
2020-04-16,2799.550048828125,2806.510009765625,2764.320068359375,2799.340087890625,5228810000,0.005816689462164515,1,1,16.18994140625,42.18994140625,0.02058881427969183,0.03787609851089673,2589.845983886719,2872.29318359375,,2710.622218194241,2707.3392317499947,3.2829864442464896,-48.90451011223928,52.18749655648577,59.15316087907474,2589.845983886719,2932.4755186096786,2247.216449163759,685.2590694459195,6685366000.0,0.7821277099862596,49.570068359375,329.050048828125,401.449951171875,1.8025610626781905,13.319168137143292
2020-04-17,2874.56005859375,2879.219970703125,2830.8798828125,2842.429931640625,5804810000,0.026793594848223412,1,1,75.010009765625,48.340087890625,0.022809347563355214,0.038083069345655134,2613.1044921875,2863.0905859375,,2735.8434244095506,2719.725959664347,16.117464745203506,-35.90011514075072,52.01757988595423,68.25730988517597,2613.1044921875,2967.1204835255653,2259.0885008494347,708.0319826761306,6577801500.0,0.8824848241467913,84.739990234375,347.66015625,465.170166015625,3.037471527122841,13.758366761086908
2020-04-20,2823.159912109375,2868.97998046875,2820.429931640625,2845.6201171875,5228630000,-0.01788104803401469,-1,0,-51.400146484375,48.550048828125,0.024408883727559845,0.03661834294573945,2639.016491699219,2852.63818359375,,2749.2767302095235,2727.387733919534,21.888996289989336,-24.34229285460271,46.23128914459205,61.18529170375851,2639.016491699219,2973.3726509289427,2304.660332469495,668.7123184594475,6386535500.0,0.8186958328189047,61.530029296875,334.510009765625,518.239990234375,2.2280331509960187,13.441424985113077
2020-04-21,2736.56005859375,2785.5400390625,2727.10009765625,2784.81005859375,5121010000,-0.030674795694063395,-1,0,-86.599853515625,58.43994140625,0.023501651583664865,0.03669916288592166,2663.974499511719,2840.815185546875,,2747.3203191917123,2728.0671653768836,19.253153814828693,-15.62320352071643,34.87635733554512,58.23265626888811,2663.974499511719,2941.854638491843,2386.0943605315947,555.7602779602485,6272017000.0,0.816485350725293,-109.5,72.880126953125,499.16015625,-3.8474240791005796,2.736069228416507
2020-04-22,2799.31005859375,2815.10009765625,2775.949951171875,2787.889892578125,5084920000,0.022930247703843776,1,1,62.75,39.150146484375,0.025141821018603374,0.031274847785084,2681.5734985351564,2829.7595849609374,,2755.3187406381794,2733.344416726281,21.97432391189841,-8.103698034193464,30.078021946091873,68.86178301595598,2681.5734985351564,2945.9372543874947,2417.209742682818,528.7275117046765,6148105500.0,0.8270710383873536,15.949951171875,139.900146484375,351.97998046875,0.5730466255280514,5.260570995368285
2020-04-23,2797.800048828125,2844.89990234375,2794.260009765625,2810.419921875,5773530000,-0.0005394221197431159,-1,0,-1.510009765625,50.639892578125,0.0250228890658447,0.031303298823623524,2697.685498046875,2818.5605859375,,2761.854326513556,2738.118907993084,23.73541852047174,-1.735874723260423,25.471293243732163,66.58422434117134,2697.685498046875,2948.0931955832125,2447.277800510538,500.8153950726746,6021781500.0,0.9587744092009981,-1.75,47.820068359375,322.239990234375,-0.06251004516717033,1.7389242357765744
2020-04-24,2836.739990234375,2842.7099609375,2791.760009765625,2812.639892578125,5382810000,0.013918057304545428,1,1,38.93994140625,50.949951171875,0.022082101999256407,0.028505269165760946,2708.018994140625,2807.70638671875,,2773.3751978552204,2745.424173344291,27.95102451092953,4.201505123577568,23.74951938735196,71.29172584034085,2708.018994140625,2963.68026421088,2452.3577240703703,511.3225401405098,5902572500.0,0.9119430553373127,-37.820068359375,46.919921875,206.669921875,-1.3156819683175023,1.6818260936302054
2020-04-27,2878.47998046875,2887.719970703125,2852.889892578125,2854.64990234375,5203930000,0.014714069804799612,1,1,41.739990234375,34.830078125,0.02118039776275604,0.027143995411876103,2724.869494628906,2797.7971875,,2789.545164411148,2755.2801590572135,34.26500535393461,10.214205169648977,24.050800184285634,65.69853606348353,2724.869494628906,2978.7291065299296,2471.0098827278825,507.71922380204705,5852685500.0,0.8891525095616363,55.320068359375,116.85009765625,337.010009765625,1.9595088511313412,4.231200508927267
2020-04-28,2863.389892578125,2921.14990234375,2860.7099609375,2909.9599609375,5691160000,-0.005242380698498916,-1,0,-15.090087890625,60.43994140625,0.011668481116742532,0.026496447869953952,2736.706494140625,2787.461787109375,,2800.9058918214523,2763.28828746617,37.61760435528231,15.694885006775644,21.922719348506668,64.67565389498475,2736.706494140625,2993.3450309870077,2480.0679572942427,513.277073692765,5849687500.0,0.9728998343928629,126.829833984375,17.329833984375,236.739990234375,4.634644636651961,0.6089061238200905
2020-04-29,2939.510009765625,2954.860107421875,2912.159912109375,2918.4599609375,6645640000,0.026583916282167053,1,1,76.1201171875,42.7001953125,0.012805716278780105,0.0264597511153858,2754.452490234375,2778.8461865234376,,2822.2296022744017,2776.341748377241,45.88785389716077,21.73347878485267,24.154375112308095,63.9255771836616,2754.452490234375,3015.8424250773846,2493.0625553913655,522.7798696860191,5853159000.0,1.13539372499534,140.199951171875,156.14990234375,354.919921875,5.008375215223756,5.610122165916431
2020-04-30,2912.429931640625,2930.909912109375,2892.469970703125,2930.909912109375,6544980000,-0.009212446303987654,-1,0,-27.080078125,38.43994140625,0.014974788347750014,0.02395570007128628,2776.5489868164063,2769.371787109375,,2836.1065760230517,2786.422354544899,49.68422147815272,27.32362732351268,22.36059415464004,59.18081419879156,2776.5489868164063,3010.1050514193303,2542.9929222134824,467.11212920584785,5882208000.0,1.1126740162877613,114.6298828125,112.8798828125,441.929931640625,4.097143498889901,4.0320723274710115
2020-05-01,2830.7099609375,2869.090087890625,2821.610107421875,2869.090087890625,4759810000,-0.028059034078492195,-1,0,-81.719970703125,47.47998046875,0.02134580696780632,0.025035220268820043,2791.7394897460936,2758.52138671875,,2835.2763275483517,2789.702917981388,45.57340956696362,30.973583772202872,14.599825794760747,54.788712562162274,2791.7394897460936,2994.405294973579,2589.073684518608,405.33161045497127,5796989000.0,0.8210831519604401,-6.030029296875,-43.85009765625,303.81005859375,-0.21256898121201412,-1.5254542177734738
2020-05-04,2842.739990234375,2844.239990234375,2797.85009765625,2815.010009765625,4735930000,0.004249827591976452,1,1,12.030029296875,46.389892578125,0.01998212781196947,0.024544822714259604,2809.443994140625,2748.6211865234377,,2836.4245833462014,2793.631590000128,42.79299334607322,33.33746568697694,9.455527659096276,49.744169360297356,2809.443994140625,2954.225171625904,2664.662816655346,289.56235497055786,5728937000.0,0.8266681934187791,-35.739990234375,19.580078125,354.090087890625,-1.2416271948000441,0.6935518615511365
2020-05-05,2868.43994140625,2898.22998046875,2863.550048828125,2868.8798828125,5140290000,0.009040556385797371,1,1,25.699951171875,34.679931640625,0.020477554329573287,0.019529362886704812,2819.681994628906,2741.4721875,,2841.3500230477475,2799.1729493635444,42.17707368420315,35.105387286422186,7.071686397780965,56.9523285882835,2819.681994628906,2949.2192895869034,2690.1446996709087,259.0745899159947,5665759500.0,0.9072552408904755,5.050048828125,131.8798828125,204.760009765625,0.17636609115701188,4.819184669393654
2020-05-06,2848.419921875,2891.110107421875,2847.64990234375,2883.139892578125,4892570000,-0.006979410390386298,-1,0,-20.02001953125,43.460205078125,0.014395944114956294,0.019645621108646948,2829.1324951171873,2735.87638671875,,2842.437699790402,2802.8208732532817,39.61682653712023,36.0076751365618,3.6091514005584315,53.96857747718134,2829.1324951171873,2934.8202826570537,2723.444707577321,211.3755750797327,5557867500.0,0.8802962647094411,-91.090087890625,49.10986328125,189.010009765625,-3.0988187687065523,1.7543559753406035
2020-05-07,2881.18994140625,2901.919921875,2876.47998046875,2878.260009765625,5178790000,0.011504630788313985,1,1,32.77001953125,25.43994140625,0.01618012064465168,0.018415537419549557,2835.6929931640625,2731.1723876953124,,2848.3995831159173,2808.6259894127606,39.77359370315662,36.76085884988076,3.012734853275859,50.5780494471109,2835.6929931640625,2936.887042825928,2734.498943502197,202.38809932373078,5523021500.0,0.9376733369587643,-31.239990234375,83.389892578125,131.2099609375,-1.0726434958995543,2.980552259731833
2020-05-08,2929.800048828125,2932.159912109375,2902.8798828125,2908.830078125,4876030000,0.016871538638701944,1,1,48.610107421875,29.280029296875,0.009012083988124309,0.018504756118765127,2842.6919921875,2730.1931884765627,,2860.9227316870265,2817.6018456657507,43.32088602127578,38.07286428415976,5.248021737116019,59.34324874460216,2842.6919921875,2949.7219559823175,2735.6620283926827,214.05992758963475,5371845500.0,0.9077010870845038,99.090087890625,93.06005859375,139.97998046875,3.5005383546185516,3.2805283146891884
2020-05-11,2930.18994140625,2944.25,2903.43994140625,2915.4599609375,4819730000,0.00013307822091168653,1,1,0.389892578125,40.81005859375,0.009494170462525701,0.018274590013364945,2851.1199951171875,2729.712587890625,,2871.579225489984,2825.9417046094914,45.6375208804925,39.58579560342631,6.05172527706619,69.98367256436487,2851.1199951171875,2957.81919191348,2744.420798320895,213.3983935925853,5346855500.0,0.9014139245019807,87.449951171875,51.7099609375,168.56005859375,3.0762557065468736,1.7964328843127553
2020-05-12,2870.1201171875,2945.820068359375,2869.590087890625,2939.5,5119630000,-0.020500317528877154,-1,0,-60.06982421875,76.22998046875,0.014881080785962623,0.01779956490721405,2852.322998046875,2725.310390625,,2871.3547472896016,2829.2141796152696,42.14056767433203,40.096750017607455,2.0438176567245776,57.34864285815633,2852.322998046875,2959.324100545588,2745.321895548162,214.0022049974259,5322050500.0,0.9619656934859976,1.68017578125,6.730224609375,24.06005859375,0.05857454977517484,0.235043946576038
2020-05-13,2820.0,2874.139892578125,2793.14990234375,2865.860107421875,6151650000,-0.01746272460422804,-1,0,-50.1201171875,80.989990234375,0.016765723804684142,0.017521422947712924,2854.154992675781,2721.64298828125,,2863.454016937355,2828.531647791916,34.922369145439006,39.06187384317377,-4.139504697734765,52.09275500007135,2854.154992675781,2957.37233365938,2750.9376516921825,206.43468196719732,5369233000.0,1.1457223033531978,-28.419921875,-119.510009765625,36.639892578125,-0.9977434035179866,-4.065643912372792
2020-05-14,2852.5,2852.800048828125,2766.639892578125,2794.5400390625,5651130000,0.01152482269503552,1,1,32.5,86.16015625,0.016769758956737706,0.017653429438834543,2856.802490234375,2716.0905859375,,2861.7687835623774,2830.307081288811,31.461702273566516,37.54183952925232,-6.0801372556858055,51.503931941098,2856.802490234375,2956.788275298145,2756.816705170605,199.97157012753996,5390349000.0,1.0483792422345937,-28.68994140625,-59.929931640625,52.949951171875,-0.9957670958773035,-2.057729560788622
2020-05-15,2863.699951171875,2865.010009765625,2816.780029296875,2829.949951171875,5507700000,0.0039263632504382695,1,1,11.199951171875,48.22998046875,0.013904166687277779,0.01661048022141473,2856.259484863281,2712.8857861328124,,2862.065886271531,2832.7806272060748,29.285259065456103,35.89052343649308,-6.605264371036981,48.5022876733815,2856.259484863281,2955.9567565432844,2756.562213183278,199.39454336000654,5375493500.0,1.024594300039615,-66.10009765625,32.989990234375,-10.860107421875,-2.2561299936727433,1.1654316651872407
2020-05-18,2953.909912109375,2968.090087890625,2913.860107421875,2913.860107421875,6373670000,0.03150119163168075,1,1,90.2099609375,54.22998046875,0.021503552495954197,0.017469698520488283,2862.796984863281,2712.51658203125,,2876.1957364004297,2841.7531668285415,34.44256957188827,35.600932663572124,-1.158363091683853,57.96074271923874,2862.796984863281,2970.20480532434,2755.389164402222,214.8156409221183,5432745500.0,1.173195026345335,23.719970703125,111.169921875,130.75,0.8095028369301331,3.9106609206927287
2020-05-19,2922.93994140625,2964.2099609375,2922.35009765625,2948.590087890625,4984330000,-0.010484399194493177,-1,0,-30.969970703125,41.85986328125,0.01925611840155182,0.015976693739380387,2872.1159790039064,2716.0441796875,,2883.3871525551713,2847.7670019824454,35.620150572725834,35.60477624540287,0.015374327322966508,48.41704352774623,2872.1159790039064,2964.7302101927385,2779.5017478150744,185.22846237766407,5425911500.0,0.9186161624641316,52.81982421875,54.5,186.3798828125,1.8403349707366752,1.8999874884353138
2020-05-20,2971.610107421875,2980.2900390625,2953.6298828125,2953.6298828125,5005380000,0.01665110025908012,1,1,48.670166015625,26.66015625,0.01551948294805745,0.015631096510474576,2880.7309814453124,2717.8317822265626,,2896.9599148423563,2856.940565348329,40.01934949402721,36.487690895127734,3.531658598899476,55.42957336986468,2880.7309814453124,2976.8193665700073,2784.6425963206175,192.17677024938985,5421934500.0,0.9231723474342968,151.610107421875,123.190185546875,172.300048828125,5.37624494403812,4.324860411234025
2020-05-21,2948.510009765625,2978.5,2938.570068359375,2969.949951171875,4976620000,-0.007773596407737116,-1,0,-23.10009765625,39.929931640625,0.017511314682783646,0.015802674646806788,2888.2664794921875,2721.974384765625,,2904.8906986767056,2863.7234871570176,41.16721151968795,37.423595020039784,3.7436164996481693,62.11037326360566,2888.2664794921875,2980.5331716854857,2795.9997872988893,184.53338438659648,5382089000.0,0.9246632673670019,96.010009765625,67.320068359375,150.7099609375,3.3658197989702017,2.336536977028229
2020-05-22,2955.449951171875,2956.760009765625,2933.590087890625,2948.050048828125,3970860000,0.002353711326488428,1,1,6.93994140625,23.169921875,0.01758897950148365,0.015582380041884693,2894.2019775390627,2731.4705859375,,2912.669045214424,2870.5180400470067,42.151005167417225,38.36907704951527,3.7819281179019555,61.7096387021238,2894.2019775390627,2987.7759998561028,2800.6279552220226,187.14804463408018,5311491500.0,0.7475979204711144,91.75,25.64990234375,118.7099609375,3.203897110884621,0.8754830335267954
2020-05-26,2991.77001953125,3021.719970703125,2988.169921875,3004.080078125,5848500000,0.012289184036080147,1,1,36.320068359375,33.550048828125,0.011939295513111651,0.0154887676682304,2899.8664794921874,2737.0855859375,,2924.838425878551,2879.4996681569505,45.33875772160036,39.76301318393229,5.575744537668072,62.536343882365436,2899.8664794921874,3002.691905211883,2797.041053772492,205.65085143939086,5343720000.0,1.0944622847005456,37.860107421875,61.580078125,113.2900390625,1.281694721517057,2.1015729135786545
2020-05-27,3036.1298828125,3036.25,2969.75,3015.64990234375,6398000000,0.014827297215913804,1,1,44.35986328125,66.5,0.0102468473281253,0.015641117922153055,2908.5034790039062,2750.0855859375,,2941.960188483774,2891.101906279584,50.85828220418989,41.98206698798381,8.876215216206077,68.18084652571463,2908.5034790039062,3026.35020578229,2790.6567522255227,235.69345355676705,5379062000.0,1.1894267067380893,113.18994140625,166.009765625,172.739990234375,3.8724689413834965,5.784070312279368
2020-05-28,3029.72998046875,3068.669921875,3023.39990234375,3046.610107421875,5447020000,-0.0021079145460738413,-1,0,-6.39990234375,45.27001953125,0.009546485731612275,0.014653547136764623,2913.0144775390627,2760.09638671875,,2955.4632334045396,2901.3706525158186,54.09258088872093,44.40416976813124,9.688411120589691,65.16148292570121,2913.0144775390627,3042.218331042493,2783.8106240356324,258.4077070068606,5319131000.0,1.0240432130737145,58.119873046875,209.72998046875,90.219970703125,1.9558377763527983,7.437233349955674
2020-05-29,3044.31005859375,3049.169921875,2998.610107421875,3025.169921875,7297550000,0.004812335824971425,1,1,14.580078125,50.559814453125,0.007017361834437378,0.01444220102949643,2919.6084838867187,2773.0205859375,,2969.131975741341,2911.9587566697396,57.17321907160158,46.95797962882531,10.215239442776266,62.5606093796781,2919.6084838867187,3061.522719941989,2777.694247831448,283.82847211054104,5356759500.0,1.3623068200093733,95.800048828125,191.81005859375,131.880126953125,3.2491003425740477,6.724279004163016
2020-06-01,3055.72998046875,3062.179931640625,3031.5400390625,3038.780029296875,4684170000,0.003751234813537785,1,1,11.419921875,30.639892578125,0.006839750512248006,0.012548420700300324,2930.859484863281,2785.9473876953125,,2982.454745699404,2922.608476951148,59.84626874825608,49.53563745271147,10.31063129554461,63.445152275477476,2930.859484863281,3078.6557552860313,2783.063214440531,295.5925408455005,5352977500.0,0.8750587873758109,100.280029296875,192.030029296875,225.02001953125,3.393054558650626,6.705661646510593
2020-06-02,3080.820068359375,3081.070068359375,3051.639892578125,3064.780029296875,5197150000,0.008210832780053412,1,1,25.090087890625,29.43017578125,0.006224216347410636,0.012585329592929696,2942.7634887695312,2801.465390625,,2997.5878722624766,2934.327854092498,63.26001816997859,52.280513596164894,10.9795045738137,74.39333718112292,2942.7634887695312,3098.797748472828,2786.7292290662344,312.0685194065936,5376038500.0,0.9667248476736169,89.050048828125,126.91015625,238.080078125,2.976500474527696,4.296344845512705
2020-06-03,3122.8701171875,3130.93994140625,3098.89990234375,3098.89990234375,6005560000,0.013648979133831007,1,1,42.050048828125,32.0400390625,0.0058101829383099095,0.012721905420408254,2955.484997558594,2819.174794921875,,3016.8620637894032,2948.2939476550905,68.56811613431273,55.538034103794466,13.030082030518265,85.73182266986035,2955.484997558594,3126.749305847835,2784.220689269353,342.5286165784819,5419302000.0,1.1081796142750486,86.740234375,199.93017578125,254.43017578125,2.856934245996378,6.840037078731832
2020-06-04,3112.35009765625,3128.909912109375,3090.409912109375,3111.56005859375,6451290000,-0.0033687022311144066,-1,0,-10.52001953125,38.5,0.006242991156507774,0.012577696848938152,2968.681506347656,2832.4751953125,,3031.552530538149,2960.446255062584,71.10627547556487,58.65168237814855,12.454593097416321,82.33333090304612,2968.681506347656,3145.7840475393455,2791.5789651559667,354.2050823833788,5497238000.0,1.1735511542341808,82.6201171875,140.739990234375,263.93017578125,2.7269795565978883,4.736152629272046
2020-06-05,3193.929931640625,3211.719970703125,3163.840087890625,3163.840087890625,8639300000,0.026211650818398713,1,1,81.579833984375,47.8798828125,0.011142542684684875,0.013410194242641262,2984.318505859375,2846.8425927734374,,3056.533669169299,2977.7413422165127,78.79232695278642,62.67981129307613,16.112515659710297,84.96643524981232,2984.318505859375,3182.827149205655,2785.8098625130947,397.01728669256045,5670263500.0,1.5236152605606423,149.619873046875,245.419921875,312.739990234375,4.9147383205766015,8.32352344276112
2020-06-08,3232.389892578125,3233.1298828125,3196.0,3199.919921875,8498300000,0.012041579421169235,1,1,38.4599609375,37.1298828125,0.010643387759511519,0.013232216297954534,2999.447998046875,2858.8889892578127,,3083.588472770657,2996.6041977988543,86.98427497180273,67.54070402882145,19.44357094298128,83.11611168014939,2999.447998046875,3224.7740108043304,2774.1219852894196,450.65202551491075,5851377000.0,1.452358991738184,176.659912109375,276.93994140625,302.58984375,5.781267102739075,9.370483208366958
2020-06-09,3207.179931640625,3222.7099609375,3193.110107421875,3213.320068359375,6410930000,-0.007799170822611612,-1,0,-25.2099609375,29.599853515625,0.013771917932327708,0.013502188009257425,3013.297497558594,2872.2031884765624,,3102.602543366037,3012.202400305652,90.40014306038483,72.11259183513414,18.287551225250695,84.27055988687228,3013.297497558594,3254.2105905195344,2772.3844045976534,481.826185921881,5930937000.0,1.0809303825011123,126.35986328125,215.409912109375,276.989990234375,4.1015009146100585,7.20008258332388
2020-06-10,3190.139892578125,3223.27001953125,3181.489990234375,3213.419921875,6598870000,-0.0053130910724373814,-1,0,-17.0400390625,41.780029296875,0.014471075601226072,0.012397364850916708,3029.298486328125,2883.47298828125,,3116.0698278602044,3025.3829552887983,90.68687257140618,75.82744798238855,14.859424589017635,78.52349249930214,3029.298486328125,3272.6689640621407,2785.928008594109,486.74095546803164,6004899000.0,1.098914403056571,67.269775390625,154.010009765625,320.019775390625,2.1541009669402804,5.072576461154514
2020-06-11,3002.10009765625,3123.530029296875,2999.489990234375,3123.530029296875,7037320000,-0.05894405927443824,-1,0,-188.039794921875,124.0400390625,0.0322760693405791,0.018423807631078846,3038.4034912109373,2891.8231884765623,,3098.5360232134426,3023.658299167869,74.87772404557381,75.6375031950256,-0.7597791494517878,54.88952160406514,3038.4034912109373,3261.593060620619,2815.2139218012558,446.3791388193631,6049182500.0,1.1633505849757384,-110.25,-27.6298828125,182.10009765625,-3.5423392787020838,-0.9119585900597384
2020-06-12,3041.31005859375,3088.419921875,2984.469970703125,3071.0400390625,5845330000,0.013060843963234703,1,1,39.2099609375,103.949951171875,0.029317698164072543,0.018463066557369165,3047.843994140625,2903.2393896484373,,3089.7320286565664,3024.9658369031195,64.76619175344695,73.46324090670987,-8.697049153262924,57.39816772374912,3047.843994140625,3253.1834571980103,2842.5045310832397,410.67892611477055,6058892500.0,0.9647522216312635,-152.619873046875,-3.0,188.81005859375,-4.778435229118467,-0.09854449587128396
2020-06-15,3066.590087890625,3079.760009765625,2965.659912109375,2993.760009765625,5757480000,0.008312217041285264,1,1,25.280029296875,114.10009765625,0.028676550311169818,0.018495979737548525,3057.9885009765626,2914.033193359375,,3086.1717300771907,3028.0491147540456,58.122615323145055,70.39511578999691,-12.272500466851852,56.57193220978683,3057.9885009765626,3244.1771821648003,2871.799819788325,372.3773623764755,6071381500.0,0.9482981756293851,-165.7998046875,10.860107421875,202.89013671875,-5.129325675352226,0.35540140952536176
2020-06-16,3124.739990234375,3153.449951171875,3076.06005859375,3131.0,5845810000,0.01896239819380252,1,1,58.14990234375,77.389892578125,0.03157306107049513,0.01769543629756652,3066.5300048828126,2926.7549951171877,,3092.1053085629114,3035.2114018266625,56.89390673624894,67.69487397924732,-10.800967242998382,57.599109580924335,3066.5300048828126,3248.234699744595,2884.82531002103,363.40938972356525,6044988500.0,0.9670506403775624,-82.43994140625,43.919921875,170.830078125,-2.5704807077686485,1.4255919171024038
2020-06-17,3113.489990234375,3141.159912109375,3108.030029296875,3136.1298828125,4560450000,-0.0036002995561740248,-1,0,-11.25,33.1298828125,0.031575181624580416,0.017485721870814614,3076.057507324219,2935.7511962890626,,3095.39525958929,3041.0098157827892,54.385443806500916,65.03298794469804,-10.64754413819712,57.12390804645435,3076.057507324219,3245.6393456516703,2906.4756689967676,339.1636766549027,6023794500.0,0.7570726391811673,-76.64990234375,-9.380126953125,190.550048828125,-2.40271288798577,-0.3003687825983897
2020-06-18,3115.340087890625,3120.0,3093.510009765625,3101.639892578125,4448690000,0.0005942198825281686,1,1,1.85009765625,26.489990234375,0.00913605332538645,0.017207404851973897,3083.244006347656,2944.8697998046873,,3098.4636947125723,3046.5157618648514,51.94793284772095,62.41597692530262,-10.468044077581673,56.17491710929519,3083.244006347656,3246.2431641790477,2920.2448485162645,325.99831566278317,5995960000.0,0.7419479115938065,113.239990234375,2.989990234375,143.72998046875,3.7720258002983265,0.09606857006949852
2020-06-19,3097.739990234375,3155.530029296875,3083.110107421875,3140.2900390625,8346650000,-0.005649494809462974,-1,0,-17.60009765625,72.419921875,0.010056885793600612,0.017147052393121927,3090.7055053710938,2951.825,,3098.3523555620804,3050.3101491514826,48.04220641059783,59.54122282236167,-11.49901641176384,53.61326800292468,3090.7055053710938,3240.894754594319,2940.5162561478687,300.37849844645007,6164461500.0,1.3539949921010943,56.429931640625,-96.18994140625,149.22998046875,1.8554481638980682,-3.0116484539421355
2020-06-22,3117.860107421875,3120.919921875,3079.389892578125,3094.419921875,4686690000,0.006495095537691675,1,1,20.1201171875,41.530029296875,0.00988091543055767,0.017168727098707034,3098.8260131835937,2958.38580078125,,3101.3535481558947,3055.3138497641044,46.03969839179035,56.84091793624741,-10.801219544457055,53.21327363529696,3098.8260131835937,3235.145533192758,2962.506493174429,272.63904001832907,6200253000.0,0.7558868968734018,51.27001953125,-114.52978515625,162.41015625,1.6718902123145005,-3.543192156961674
2020-06-23,3131.2900390625,3154.89990234375,3127.1201171875,3138.699951171875,4711850000,0.004307419569164139,1,1,13.429931640625,27.77978515625,0.0051247025363746115,0.01702927541351892,3105.8020141601564,2965.77900390625,,3105.9591621415266,3060.9417156380596,45.017446503467,54.476223649691335,-9.458777146224335,50.76860607022289,3105.8020141601564,3233.0307267426456,2978.5733015776673,254.4574251649783,6143420500.0,0.7669750100941324,6.550048828125,-75.889892578125,139.52001953125,0.20961900345614695,-2.3662499203561587
2020-06-24,3050.330078125,3115.010009765625,3032.1298828125,3114.39990234375,5597680000,-0.025855145939064572,-1,0,-80.9599609375,82.880126953125,0.013044472152851736,0.017878147680985345,3106.5120239257812,2969.864404296875,,3097.4008415235994,3060.15566841487,37.24517310872943,51.03001354149896,-13.784840432769528,44.9836576010717,3106.5120239257812,3232.2534358742355,2980.770611977327,251.48282389690849,6103404500.0,0.9171405893219104,-63.159912109375,-139.809814453125,14.2001953125,-2.0285888924480044,-4.3825606136706785
2020-06-25,3083.760009765625,3086.25,3024.010009765625,3046.60009765625,4847690000,0.010959447267809841,1,1,33.429931640625,62.239990234375,0.01468222582374371,0.018020323256739978,3109.213525390625,2975.87240234375,,3095.302252022372,3061.9041381445554,33.39811387781674,47.50363360876251,-14.105519730945772,40.336476729474626,3109.213525390625,3230.2424453550802,2988.1846054261696,242.05783992891065,6073438000.0,0.7981788897820312,-31.580078125,81.659912109375,54.030029296875,-1.013696008591558,2.7200929167261005
2020-06-26,3009.050048828125,3073.72998046875,3004.6298828125,3073.199951171875,8107850000,-0.024226905044785974,-1,0,-74.7099609375,69.10009765625,0.017859700652708605,0.018851276999254308,3107.4505249023437,2980.06240234375,,3082.0326823001806,3057.9890204174126,24.043661882767992,42.81163926356361,-18.76797738079562,31.58112399439139,3107.4505249023437,3233.387932991711,2981.5131168129765,251.87481617873436,6113953000.0,1.3261223957724242,-88.68994140625,-32.260009765625,-35.260009765625,-2.863053118913951,-1.0607274215421982
2020-06-29,3053.239990234375,3053.889892578125,2999.739990234375,3018.590087890625,4473970000,0.014685678433118632,1,1,44.18994140625,54.14990234375,0.019549453945858934,0.019134742188792075,3107.326025390625,2983.6360009765626,,3077.60303736698,3057.637240403854,19.965796963126195,38.24247080347613,-18.276673840349936,37.689921064057756,3107.326025390625,3233.483448721606,2981.1686020596444,252.31484666196138,6103443000.0,0.73302396696422,-64.6201171875,-13.35009765625,-2.489990234375,-2.072579107499909,-0.43534014242617464
2020-06-30,3100.2900390625,3111.510009765625,3047.830078125,3050.199951171875,4705850000,0.015409875731554612,1,1,47.050048828125,63.679931640625,0.021286009961813235,0.019360997343529068,3108.299523925781,2989.178603515625,,3081.093345320137,3060.796706971161,20.296638348976103,34.653304312576125,-14.356665963600022,43.14405631924172,3108.299523925781,3233.8949804306717,2982.7040674208906,251.19091300978107,6078878000.0,0.7741313446330063,-31.0,-24.449951171875,19.469970703125,-0.9900073009295975,-0.7824635409118024
2020-07-01,3115.860107421875,3128.43994140625,3101.169921875,3105.919921875,4449230000,0.005022132820864389,1,1,15.570068359375,27.27001953125,0.016506976921478976,0.019147475927875673,3107.9490234375,2996.7646044921876,,3086.442077951174,3064.8754773749174,21.566600576256405,32.03596356531218,-10.469362989055774,61.78127571048808,3107.9490234375,3233.4123265417174,2982.485720333282,250.92660620843526,6001061500.0,0.7414071660488731,65.530029296875,2.3701171875,-7.010009765625,2.148293057423985,0.07612413063584585
2020-07-02,3130.010009765625,3165.81005859375,3124.52001953125,3143.639892578125,4197720000,0.004541250844364075,1,1,14.14990234375,41.2900390625,0.016111266238859445,0.01915450269420185,3108.8320190429686,3003.378603515625,,3093.1448366918585,3069.700257552007,23.444579139851612,30.317686680220067,-6.873107540368455,59.68890123915744,3108.8320190429686,3234.673745920197,2982.9902921657404,251.68345375445642,5888383000.0,0.7128816179246492,46.25,14.669921875,17.659912109375,1.4997924564017917,0.47089311154253155
2020-07-06,3179.719970703125,3182.590087890625,3155.2900390625,3155.2900390625,4759160000,0.01588172586745884,1,1,49.7099609375,27.300048828125,0.00579340897367861,0.018553432646325578,3108.1215209960938,3011.017001953125,,3106.464088078207,3077.8498659335714,28.614222144635733,29.976993773103203,-1.3627716284674705,61.731329317740844,3108.1215209960938,3232.0867256846045,2984.156316307583,247.93040937702153,5694376000.0,0.8357649723165453,170.669921875,81.97998046875,-14.2099609375,5.671887110733417,2.646444850994334
2020-07-07,3145.320068359375,3184.14990234375,3142.929931640625,3166.43994140625,4571330000,-0.010818532028197159,-1,0,-34.39990234375,41.219970703125,0.010864405121057045,0.018472927418598385,3103.768029785156,3017.188603515625,,3112.4419311983866,3082.847658705853,29.59427249253349,29.900449516989262,-0.30617702445577066,52.2446753667276,3103.768029785156,3214.79866842984,2992.7373911404725,222.06127728936735,5498027500.0,0.8314490969715957,92.080078125,27.4599609375,-87.06982421875,3.015815278835375,0.8807310139455342
2020-07-08,3169.93994140625,3171.800048828125,3136.530029296875,3153.070068359375,4937310000,0.007827461915415501,1,1,24.619873046875,35.27001953125,0.009689517684838757,0.018509497301730755,3101.9060302734374,3023.017802734375,,3121.287778922673,3089.2989389058826,31.98884001679062,30.318127616949536,1.6707123998410829,55.982532027978976,3101.9060302734374,3206.709025920018,2997.1030346268567,209.60599129316142,5424346500.0,0.9102128708038839,69.64990234375,38.64990234375,-37.239990234375,2.246560852893993,1.2343124355009183
2020-07-09,3152.050048828125,3179.780029296875,3115.699951171875,3176.169921875,4843650000,-0.005643606159361103,-1,0,-17.889892578125,64.080078125,0.010667936258640777,0.01851424530141122,3100.0015380859377,3028.791005859375,,3126.0204358312044,3093.9471692704933,32.07326656071109,30.669155405701847,1.404111155009243,53.762580386857834,3100.0015380859377,3199.292804292331,3000.7102718795445,198.58253241278635,5336585500.0,0.9076309186838663,36.18994140625,101.719970703125,-38.08984375,1.1614751676446182,3.334720115458816
2020-07-10,3185.0400390625,3186.820068359375,3136.219970703125,3152.469970703125,4524190000,0.01046620127324438,1,1,32.989990234375,50.60009765625,0.011282495514280474,0.012496851124348321,3109.14853515625,3033.7016064453123,,3135.100374789865,3100.6947892550866,34.40558553477831,31.416441431517143,2.989144103261168,58.67415232096845,3109.14853515625,3204.0752019660335,3014.2218683464666,189.8533336195669,5210929000.0,0.8682117910261299,55.030029296875,101.280029296875,182.93994140625,1.7581422783052265,3.2843032199698508
2020-07-13,3155.219970703125,3235.320068359375,3149.429931640625,3205.080078125,4902440000,-0.009362541127788226,-1,0,-29.820068359375,85.89013671875,0.009950067718938907,0.012555911298353423,3114.844030761719,3038.5574072265626,,3138.1956972380585,3104.733691584571,33.46200565348772,31.82555427591126,1.6364513775764635,53.641884166826124,3114.844030761719,3206.236000013157,3023.4520615102806,182.78393850287648,5163784500.0,0.9493889607515573,-24.5,146.169921875,113.909912109375,-0.770508102151598,4.8576766588487255
2020-07-14,3197.52001953125,3200.949951171875,3127.659912109375,3141.110107421875,4507140000,0.013406370782667931,1,1,42.300048828125,73.2900390625,0.010177322867758111,0.012742784496495534,3121.39052734375,3045.8936083984377,,3147.3225160523957,3111.6067529139546,35.71576313844116,32.60359604841724,3.1121670900239238,56.1121500380773,3121.39052734375,3216.8937165699767,3025.887338117523,191.00637845245365,5101267500.0,0.8835333571509434,52.199951171875,144.280029296875,130.929931640625,1.6596069728160583,4.725472932306237
2020-07-15,3226.56005859375,3238.280029296875,3200.760009765625,3225.97998046875,4686830000,0.009082050740923053,1,1,29.0400390625,37.52001953125,0.010329977063651546,0.01223907900586406,3126.4815307617187,3053.570009765625,,3159.5129072126037,3120.1218125939395,39.39109461866428,33.96109576246665,5.429998856197635,67.98743686786882,3126.4815307617187,3232.961206172926,3020.0018553505115,212.9593508224143,5043318500.0,0.9293146962659606,56.6201171875,126.27001953125,101.820068359375,1.786157410994423,4.072845377054881
2020-07-16,3215.570068359375,3220.389892578125,3198.590087890625,3208.360107421875,3972860000,-0.0034061012455366413,-1,0,-10.989990234375,21.7998046875,0.009868127143078186,0.012234748888683979,3131.5855346679687,3060.5126123046875,,3168.1370858505684,3127.19205376175,40.94503208881861,35.357883027737046,5.587149061081561,64.09945304273705,3131.5855346679687,3245.003342930838,3018.1677264050995,226.83561652573826,5013939000.0,0.792363050288406,63.52001953125,99.7099609375,102.080078125,2.015197047866216,3.200078228800908
2020-07-17,3224.72998046875,3233.52001953125,3205.64990234375,3224.2099609375,4012850000,0.002848612194617406,1,1,9.159912109375,27.8701171875,0.009192317777948168,0.012234547421544504,3137.055029296875,3068.0388134765626,,3176.843685022596,3134.4170853696755,42.426599652920686,36.77162635277378,5.6549733001469065,76.83389638168786,3137.055029296875,3257.50660258463,3016.6034560091202,240.9031465755097,4992147000.0,0.8038324993234374,39.68994140625,94.719970703125,109.389892578125,1.2461363411284627,3.0261874692923945
2020-07-20,3251.840087890625,3258.610107421875,3215.159912109375,3224.2900390625,3979340000,0.0084069387471426,1,1,27.110107421875,43.4501953125,0.006490952807974911,0.012187822072328255,3144.7600341796874,3075.45181640625,,3188.381593156139,3143.115085556413,45.26650759972608,38.47060260216424,6.795904997561841,75.80563909297398,3144.7600341796874,3274.0156825633258,3015.504385796049,258.5112967672767,4773781500.0,0.833582349757734,96.6201171875,72.1201171875,154.10009765625,3.062230782152684,2.2681279437180195
2020-07-21,3257.300048828125,3277.2900390625,3247.77001953125,3268.52001953125,4556610000,0.0016790373419135474,1,1,5.4599609375,29.52001953125,0.005158127688402109,0.012152287658808774,3151.73203125,3082.00181640625,,3198.9844324902906,3151.573230983947,47.41120150634379,40.258722383000155,7.152479123343632,72.87377106204568,3151.73203125,3289.6319427114663,3013.832119788534,275.79982292293244,4767277500.0,0.9558096838289779,59.780029296875,111.97998046875,139.43994140625,1.8695748246054338,3.5602093915726574
2020-07-22,3276.02001953125,3279.320068359375,3253.10009765625,3254.860107421875,4267160000,0.005747082068739751,1,1,18.719970703125,26.219970703125,0.004460164027839719,0.01216930209775156,3158.9685302734374,3088.91841796875,,3210.836061265823,3160.7915116170802,50.04454964874276,42.21588783614868,7.828661812594078,73.12046544380058,3158.9685302734374,3307.1576854517634,3010.7793750951114,296.37831035665204,4745043000.0,0.8992879516581831,49.4599609375,106.080078125,144.72998046875,1.5329006756209713,3.346438105636182
2020-07-23,3235.659912109375,3279.989990234375,3222.659912109375,3271.639892578125,4296760000,-0.012319859824193036,-1,0,-40.360107421875,57.330078125,0.008036226550475345,0.010820869270209395,3168.2350219726563,3096.2292138671874,,3214.6551152417537,3166.3373190609536,48.31779618080009,43.43626950507897,4.881526675721119,64.17853721316396,3168.2350219726563,3310.895472383064,3025.574571562249,285.32090082081504,4679997000.0,0.9181116996442519,20.08984375,83.60986328125,185.329833984375,0.6247677184111275,2.6525550668947857
2020-07-24,3215.6298828125,3227.260009765625,3200.050048828125,3218.580078125,3689410000,-0.006190400054688405,-1,0,-20.030029296875,27.2099609375,0.0085905653904784,0.010837210142247613,3174.828515625,3104.1418115234374,,3214.8050794834066,3169.988620079587,44.81645940381986,43.71230748482715,1.104151918992713,55.23636200521618,3174.828515625,3313.17421649173,3036.48281475827,276.6914017334602,4622083000.0,0.7982137058118601,-9.10009765625,30.58984375,131.869873046875,-0.2821971982574244,0.9604225810299063
2020-07-27,3239.409912109375,3241.429931640625,3214.25,3219.840087890625,3970310000,0.007395138795039502,1,1,23.780029296875,27.179931640625,0.008335383145875041,0.008923991000392702,3186.3465087890627,3111.880009765625,,3218.5904383489406,3175.130938007719,43.45950034122143,43.66174605610601,-0.2022457148845831,64.15864180023482,3186.3465087890627,3303.279017341069,3069.4140002370564,233.86501710401262,4415206000.0,0.8992355056593055,-12.43017578125,84.18994140625,230.35986328125,-0.38225052417362554,2.668274864762874
2020-07-28,3218.43994140625,3243.719970703125,3216.169921875,3234.27001953125,4053180000,-0.006473392152297919,-1,0,-20.969970703125,27.550048828125,0.008539290611147773,0.008810685847579425,3194.6065063476562,3118.9748095703126,,3218.5672849731423,3178.339012333536,40.228272639606075,42.97505137280603,-2.746778733199953,57.37934129156303,3194.6065063476562,3293.9685205173255,3095.244492177987,198.72402833933847,4394166500.0,0.9224001867020742,-38.860107421875,20.919921875,165.199951171875,-1.193015897809465,0.6542546019169825
2020-07-29,3258.43994140625,3264.739990234375,3227.219970703125,3227.219970703125,4478200000,0.01242838167815008,1,1,40.0,37.52001953125,0.010438296823222585,0.008606736287399087,3202.5140014648437,3125.06541015625,,3224.701539809005,3184.272414487071,40.42912532193441,42.465866162631706,-2.0367408406972984,65.16691250328034,3202.5140014648437,3295.221110922494,3109.8068920071933,185.4142189153008,4382784000.0,1.0217706371110236,-17.580078125,31.8798828125,158.14990234375,-0.5366291420745178,0.9880455418020141
2020-07-30,3246.219970703125,3250.919921875,3204.1298828125,3231.760009765625,4264920000,-0.003750251937389204,-1,0,-12.219970703125,46.7900390625,0.008676377290619689,0.00869589560575017,3209.0319946289064,3131.5310107421874,,3228.0120676388697,3188.8611223549265,39.1509452839432,41.80288198689401,-2.651936702950806,59.270804584774,3209.0319946289064,3294.102885661934,3123.9611035958787,170.14178206605538,4373568500.0,0.9751579288171661,10.56005859375,30.64990234375,130.35986328125,0.32636491104115267,0.9531716520606864
2020-07-31,3271.1201171875,3272.169921875,3220.260009765625,3270.449951171875,5007530000,0.007670504990141325,1,1,24.900146484375,51.909912109375,0.008128735706316031,0.008770207445926973,3216.0875,3137.5212109375,,3234.644075261736,3194.9543812314137,39.689694030322244,41.38024439557966,-1.6905503652574154,67.82858194409496,3216.0875,3296.861227008837,3135.313772991163,161.54745401767377,4414059000.0,1.1344501738649166,55.490234375,46.39013671875,141.110107421875,1.725641208635191,1.4385742992350226
2020-08-03,3294.610107421875,3302.72998046875,3284.530029296875,3288.260009765625,4438940000,0.00718102343932614,1,1,23.489990234375,18.199951171875,0.008103307488830421,0.00825900226984985,3221.8320068359376,3144.443212890625,,3243.8696186709885,3202.336286875152,41.5333317958366,41.41086187563105,0.12246992020555325,65.85246655755034,3221.8320068359376,3307.8847344225132,3135.779279249362,172.1054551731513,4398048000.0,1.0092977611886,55.2001953125,42.77001953125,114.89013671875,1.7040200780442702,1.3152559281902967
2020-08-04,3306.510009765625,3306.840087890625,3286.3701171875,3289.919921875,4414380000,0.0036119303819721615,1,1,11.89990234375,20.469970703125,0.006013436630339075,0.007709883669911934,3229.89150390625,3151.4644140625,,3253.5066019163173,3210.052858941113,43.45374297520448,41.819438095545735,1.6343048796587425,63.82786102339895,3229.89150390625,3315.965241247361,3143.8177665651388,172.1474746822223,4390200500.0,1.0055076072265947,88.070068359375,49.2099609375,161.18994140625,2.7364210599777135,1.5107592238917078
2020-08-05,3327.77001953125,3330.77001953125,3317.3701171875,3317.3701171875,4535060000,0.006429743053199433,1,1,21.260009765625,13.39990234375,0.004728924415841153,0.0076655472236297996,3237.7830078125,3158.1844140625,,3264.9317430878455,3218.7726486144566,46.159094473388905,42.68736937111437,3.471725102274533,68.73996374101986,3237.7830078125,3329.470998796892,3146.0950168281074,183.3759819687848,4370088000.0,1.037750269559789,69.330078125,51.75,157.830078125,2.127707718162794,1.5796606764144456
2020-08-06,3349.159912109375,3351.030029296875,3318.139892578125,3323.169921875,4278930000,0.00642769555966427,1,1,21.389892578125,32.89013671875,0.0015737636710512729,0.00746652792206156,3247.6385009765627,3164.4450146484373,,3277.8899229373114,3228.4309644288946,49.4589585084168,44.041687198574856,5.417271309841944,69.96692713862943,3247.6385009765627,3342.832293537879,3152.444708415246,190.38758512263303,4341852000.0,0.9855080274500374,102.93994140625,113.5,197.10986328125,3.1710710406341747,3.5077852148561455
2020-08-07,3351.280029296875,3352.5400390625,3328.719970703125,3340.050048828125,4110030000,0.0006330295486443038,1,1,2.1201171875,23.820068359375,0.0027264360632836783,0.007274730635880704,3255.9505004882812,3170.876015625,,3289.18070853109,3237.530895159856,51.64981337123436,45.56331243310676,6.0865009381276,67.34820438294457,3255.9505004882812,3356.982062431636,3154.9189385449263,202.06312388670995,4321144000.0,0.9511439563226776,80.159912109375,135.650146484375,166.239990234375,2.4505340445368993,4.218462678476254
2020-08-10,3360.469970703125,3363.2900390625,3335.43994140625,3356.0400390625,4327920000,0.002742218294476073,1,1,9.18994140625,27.85009765625,0.002493071956294685,0.006711246684283011,3266.213000488281,3177.1992138671876,,3300.148287326788,3246.637493348246,53.51079397854164,47.152808742193734,6.357985236347908,67.76769436726786,3266.213000488281,3365.850596768723,3166.5754042078393,199.27519256088362,4292418000.0,1.0082708627165389,65.85986328125,121.06005859375,205.25,1.99901843113045,3.7371021846049888
2020-08-11,3333.68994140625,3381.010009765625,3326.43994140625,3370.340087890625,4880540000,-0.007969132154236114,-1,0,-26.780029296875,54.570068359375,0.005925098203278797,0.0066985751997981485,3273.0214965820314,3182.7584130859377,,3305.308541800551,3253.0858228340244,52.22271896652683,48.16679078706035,4.055928179466477,59.6635100793156,3273.0214965820314,3371.497932295351,3174.545060868712,196.95287142663892,4311088000.0,1.1320900895551194,27.179931640625,115.25,136.169921875,0.8220126828695612,3.580927471017005
2020-08-12,3380.35009765625,3387.889892578125,3355.4599609375,3355.4599609375,3772250000,0.013996549490237653,1,1,46.66015625,32.429931640625,0.008039374330320469,0.007048825553122061,3280.7109985351562,3188.749013671875,,3316.8533965475817,3262.512806154189,54.34059039339263,49.40155070832681,4.939039685065822,73.7438211682429,3280.7109985351562,3387.5722804203187,3173.8497166499938,213.722563770325,4265359000.0,0.8843921461241597,52.580078125,121.91015625,153.7900390625,1.5800394202844112,3.741365759142611
2020-08-13,3373.429931640625,3387.239990234375,3363.35009765625,3372.949951171875,3438730000,-0.002047174350497949,-1,0,-6.920166015625,23.889892578125,0.008073122479309016,0.006996732087795947,3288.6039916992186,3193.7602099609376,,3325.5574788695885,3270.7288895235547,54.82858934603382,50.48695843586821,4.3416309101656125,77.05944756525298,3288.6039916992186,3398.483645856759,3178.7243375416783,219.7593083150805,4238652500.0,0.811279056256676,24.27001953125,127.2099609375,157.85986328125,0.7246599197457909,3.9187104412381073
2020-08-14,3372.85009765625,3378.510009765625,3361.639892578125,3368.659912109375,3200060000,-0.00017188262276812694,-1,0,-0.579833984375,16.8701171875,0.008101985503680291,0.007019609061582122,3296.0099975585936,3198.9702099609376,,3332.833266375229,3278.29342345931,54.53984291591905,51.29753533187838,3.242307584040674,74.8602955557476,3296.0099975585936,3407.7143498197765,3184.3056452974106,223.40870452236595,4198013000.0,0.7622796785050451,21.570068359375,101.72998046875,148.1201171875,0.6436367051040068,3.1099432862226153
2020-08-17,3381.989990234375,3387.590087890625,3379.219970703125,3380.860107421875,3460330000,0.0027098425110787527,1,1,9.139892578125,8.3701171875,0.008100567635599616,0.006871556171019117,3302.5174926757813,3202.7314111328124,,3340.395839276636,3285.9746506278334,54.4211886488024,51.92226599526318,2.4989226535392177,81.87488164106624,3302.5174926757813,3418.470726768239,3186.564258583324,231.90646818491496,4172062500.0,0.829405120369122,21.52001953125,87.3798828125,130.14990234375,0.6403871993757849,2.6522070886523568
2020-08-18,3389.780029296875,3395.06005859375,3370.14990234375,3387.0400390625,3669550000,0.002303389154016955,1,1,7.7900390625,24.91015625,0.0062527399675671525,0.006871504046883599,3309.141491699219,3205.8792138671874,,3347.9934069720575,3293.6639379366516,54.329469035405964,52.40370660329174,1.925762432114226,79.2725408832546,3309.141491699219,3429.279184777715,3189.003798620723,240.27538615699177,4127709500.0,0.8890039378982459,56.090087890625,83.27001953125,132.47998046875,1.6825226363722512,2.5183658687049437
2020-08-19,3374.85009765625,3399.5400390625,3369.659912109375,3392.510009765625,3679480000,-0.0044043954214108005,-1,0,-14.929931640625,29.880126953125,0.00298954224571158,0.006955938871727095,3314.0829956054686,3209.2326171875,,3352.1252055388563,3299.6777275455106,52.44747799334573,52.412460881302536,0.035017112043192355,78.32638169800548,3314.0829956054686,3436.591238015771,3191.574753195166,245.016484820605,4098325500.0,0.8978008213354454,-5.5,47.080078125,98.830078125,-0.16270504063509278,1.4147635758684942
2020-08-20,3385.510009765625,3390.800048828125,3354.68994140625,3360.47998046875,3431040000,0.0031586327691348615,1,1,10.659912109375,36.110107421875,0.003141194174451109,0.0061506774450826125,3321.5755004882812,3213.14001953125,,3357.2613292660517,3306.03567437663,51.22565488942155,52.17509968292634,-0.9494447935047887,76.87608484413235,3321.5755004882812,3442.203825403341,3200.9471755732216,241.2566498301194,4055039500.0,0.8461175285715465,12.080078125,36.35009765625,149.85009765625,0.3580948284028833,1.0853497178447924
2020-08-21,3397.159912109375,3399.9599609375,3379.31005859375,3386.010009765625,3505010000,0.0034411070444764214,1,1,11.64990234375,20.64990234375,0.0032967033520191797,0.00582042489906025,3330.652001953125,3221.0412158203126,,3363.399572780409,3312.785617912389,50.613954868019846,51.86287071994504,-1.2489158519251973,75.51374439363826,3330.652001953125,3444.8623687650015,3216.4416351412483,228.42073362375322,4045819500.0,0.8663288117524769,24.309814453125,45.8798828125,181.530029296875,0.7207499221509304,1.3690256383059092
2020-08-24,3431.280029296875,3432.090087890625,3413.1298828125,3418.090087890625,3743410000,0.010043718303008653,1,1,34.1201171875,18.960205078125,0.0051259676032323915,0.005959763984469481,3340.2455078125,3228.840615234375,,3373.8427199367884,3321.5629817186473,52.27973821814112,51.94624421958426,0.333493998556861,77.95153283905026,3340.2455078125,3454.4191625294347,3226.071853095565,228.34730943386967,4034474500.0,0.9278556600122271,49.2900390625,70.81005859375,191.8701171875,1.45742711258244,2.107147488627435
2020-08-25,3443.6201171875,3444.2099609375,3425.840087890625,3435.949951171875,3627650000,0.0035963511532906,1,1,12.340087890625,18.369873046875,0.00512042064451848,0.005536720086019147,3351.5045166015625,3236.3812158203127,,3384.577704129206,3330.6042510126367,53.97345311656909,52.35168599898123,1.6217671175878579,77.03366945821227,3351.5045166015625,3459.3383259437237,3243.6707072594013,215.6676186843224,4013198000.0,0.9039299830210221,53.840087890625,109.93017578125,225.18017578125,1.5883062448094243,3.2975524932855085
2020-08-26,3478.72998046875,3481.070068359375,3444.14990234375,3449.969970703125,3780530000,0.010195626139483993,1,1,35.10986328125,36.920166015625,0.0036849641889031568,0.005364977560167694,3362.5190185546876,3243.461015625,,3399.062669719905,3341.576527268645,57.48614245126009,53.37857728943701,4.107565161823082,78.41573619661465,3362.5190185546876,3475.220335981562,3249.817701127813,225.40263485374908,3978314500.0,0.9502843478060872,103.8798828125,98.3798828125,220.2900390625,3.0780591672691484,2.910345969215178
2020-08-27,3484.550048828125,3501.3798828125,3468.35009765625,3485.139892578125,3955890000,0.0016730440109038458,1,1,5.820068359375,33.02978515625,0.00402437514009542,0.005121966585369365,3374.4355224609376,3250.882216796875,,3412.2145741980926,3352.1671584952733,60.04741570281931,54.71234497211347,5.335070730705837,78.76042410869525,3374.4355224609376,3485.7516493701205,3263.1193955517547,222.63225381836583,3962863000.0,0.9982404135595906,99.0400390625,111.1201171875,238.330078125,2.925409724880903,3.2939802942181795
2020-08-28,3508.010009765625,3509.22998046875,3484.320068359375,3494.68994140625,3868510000,0.00673256535528588,1,1,23.4599609375,24.909912109375,0.0038074589538007668,0.005086531607865515,3386.2800170898436,3258.735615234375,,3426.9523335161743,3363.711073404188,63.24126011198632,56.418128000088046,6.823132111898275,79.99269444102548,3386.2800170898436,3501.647448555714,3270.912585623973,230.7348629317412,3905912000.0,0.99042425943032,110.85009765625,135.159912109375,236.889892578125,3.26302265787131,4.007290813288615
2020-08-31,3500.31005859375,3514.77001953125,3493.25,3509.72998046875,4348280000,-0.0021949627140287475,-1,0,-7.699951171875,21.52001953125,0.004738351899631952,0.005162295746666984,3396.5650146484377,3266.7870166015623,,3438.238137374263,3373.829516751563,64.4086206226998,58.0162265246104,6.392394098089397,86.71989669643818,3396.5650146484377,3514.176923001513,3278.9531062953624,235.2238167061505,3901379000.0,1.114549496472914,69.030029296875,118.320068359375,205.699951171875,2.0117865259461314,3.498533960804991
2020-09-01,3526.64990234375,3528.030029296875,3494.60009765625,3507.43994140625,4101490000,0.007525003016613407,1,1,26.33984375,33.429931640625,0.004974425701916868,0.005258161429099418,3407.5720092773436,3274.9628125,,3451.8399473695686,3385.1495453139473,66.69040205562123,59.75106163081257,6.9393404248086625,85.41346558432656,3407.5720092773436,3530.769548703124,3284.374469851563,246.39507885156127,3885734500.0,1.0555250236473954,83.02978515625,136.869873046875,220.139892578125,2.4111191807086643,4.037721382035082
2020-09-02,3580.840087890625,3588.110107421875,3535.22998046875,3543.760009765625,4295640000,0.015365910154807594,1,1,54.190185546875,52.880126953125,0.006638920889236002,0.005885614556328932,3420.2255126953123,3283.9538134765626,,3471.6861228343464,3399.6451410603677,72.04098177397873,62.209045659445806,9.831936114532922,90.85618157789948,3420.2255126953123,3559.807600745866,3280.643424644759,279.16417610110693,3873763500.0,1.1089061064259602,102.110107421875,205.989990234375,253.070068359375,2.935269710358949,6.103678216031875
2020-09-03,3455.06005859375,3564.85009765625,3427.409912109375,3564.739990234375,4911830000,-0.03512584371534122,-1,0,-125.780029296875,137.440185546875,0.01977913855689356,0.010439879290012017,3425.5205200195314,3292.0484130859377,,3469.1282667973314,3403.7499497665444,65.378317030787,62.84289993371405,2.5354170970729513,60.844789005646355,3425.5205200195314,3561.745867878503,3289.29517216056,272.45069571794284,3905408500.0,1.257699418639561,-29.489990234375,69.550048828125,105.900146484375,-0.8463069785521564,2.0543447996758357
2020-09-04,3426.9599609375,3479.14990234375,3349.6298828125,3453.60009765625,4438720000,-0.008133027264274895,-1,0,-28.10009765625,129.52001953125,0.019337196534782403,0.01066465778033833,3429.3045166015627,3298.912412109375,,3462.640835126588,3405.469209853282,57.17162527330629,61.708645001632505,-4.537019728326214,55.649635896199584,3429.3045166015627,3560.975110026713,3297.6339231764123,263.3411868503008,3921843000.0,1.1317944140038243,-81.050048828125,29.800048828125,75.679931640625,-2.3104280946319213,0.8772047710177252
2020-09-08,3331.840087890625,3379.969970703125,3329.27001953125,3371.8798828125,4694330000,-0.027756342102360998,-1,0,-95.119873046875,50.699951171875,0.02179410914105422,0.012457995451289363,3427.8730224609376,3305.368212890625,,3442.517643244132,3400.015200819011,42.50244242512099,57.86740448633021,-15.36496206120922,44.03074647738534,3427.8730224609376,3563.26452201284,3292.481522909035,270.7829991038052,3940163500.0,1.191404874442393,-168.469970703125,-99.43994140625,-28.6298828125,-4.813001359394082,-2.8980421462898454
2020-09-09,3398.9599609375,3424.77001953125,3366.840087890625,3369.820068359375,3932520000,0.02014498633677464,1,1,67.119873046875,57.929931640625,0.024800231481699724,0.013121850049483665,3431.1365234375,3312.2826123046875,,3435.816461350804,3399.937034901862,35.87942644894201,53.469808878852575,-17.590382429910562,52.24273723224505,3431.1365234375,3559.956332157857,3302.3167147171425,257.6396174407146,3892762500.0,1.0102131840819983,-127.68994140625,-44.66015625,65.27001953125,-3.620714982833694,-1.2968955555549253
2020-09-10,3339.18994140625,3425.550048828125,3329.25,3412.56005859375,4208630000,-0.01758479659017942,-1,0,-59.77001953125,96.300048828125,0.021495424267484173,0.013379908628436837,3429.078515625,3317.0606103515624,,3420.950842897795,3395.437250198483,25.513592699312085,47.87856564294448,-22.364972943632395,46.051951997569496,3429.078515625,3562.5458660930203,3295.6111651569795,266.9347009360408,3914581500.0,1.0751162033540496,-241.650146484375,-139.5400390625,-41.16015625,-6.748420497792306,-4.011235130232711
2020-09-11,3340.969970703125,3368.949951171875,3310.469970703125,3352.699951171875,3710090000,0.0005330721905940639,1,1,1.780029296875,58.47998046875,0.01828095620083351,0.0133769126531945,3427.455517578125,3321.5628076171874,,3408.6460933293847,3391.4026369025305,17.24345642685421,41.75154379972643,-24.508087372872218,45.12874370123537,3427.455517578125,3564.513287288265,3290.3977478679853,274.1155394202797,3928149500.0,0.9444879834639694,-114.090087890625,-143.580078125,-32.4599609375,-3.3021159098768607,-4.120476851043848
2020-09-14,3383.5400390625,3402.929931640625,3363.56005859375,3363.56005859375,3839580000,0.012741829089357504,1,1,42.570068359375,39.369873046875,0.020122594276026952,0.013696223718731058,3427.9900146484374,3326.633408203125,,3404.783623442172,3390.820222247713,13.963401194459038,36.19391527867295,-22.230514084213908,45.921053125621874,3427.9900146484374,3564.232103172898,3291.747926123977,272.4841770489211,3960125500.0,0.9695601818679737,-43.419921875,-124.469970703125,10.68994140625,-1.267009897107808,-3.5481646391151833
2020-09-15,3401.199951171875,3419.47998046875,3389.25,3407.72998046875,4057190000,0.005219359577689042,1,1,17.659912109375,30.22998046875,0.014285199127782271,0.013731411875569395,3428.9505126953127,3331.0630078125,,3404.232289246742,3391.58909105691,12.643198189831764,31.483771860904714,-18.84057367107295,46.40823493272818,3428.9505126953127,3564.0935642963404,3293.807461094285,270.28610320205553,3989968500.0,1.0168476267419153,69.35986328125,-99.110107421875,19.2099609375,2.0817284578973134,-2.8314665204742604
2020-09-16,3385.489990234375,3428.919921875,3384.449951171875,3411.22998046875,4718900000,-0.004618946596211537,-1,0,-15.7099609375,44.469970703125,0.011376376574410263,0.013767409078655146,3428.7360107421873,3335.86640625,,3401.3488586294543,3391.1373058107965,10.211552818657765,27.229328052455326,-17.01777523379756,41.83709107013316,3428.7360107421873,3564.1541786147623,3293.3178428696124,270.8363357451499,4042436000.0,1.1673406826972648,-13.469970703125,-141.159912109375,-4.2900390625,-0.3962968336764319,-4.002663037676708
2020-09-17,3357.010009765625,3375.169921875,3328.820068359375,3346.860107421875,4379840000,-0.008412365876402483,-1,0,-28.47998046875,46.349853515625,0.008306832958318211,0.013864147454700175,3427.8440063476564,3339.6078076171875,,3394.5274972657885,3388.6093579555986,5.918139310189872,22.967090304002234,-17.048950993812362,39.26032493435774,3427.8440063476564,3564.980814760217,3290.707197935096,274.2736168251213,4077454000.0,1.0741604932882136,17.820068359375,-223.830078125,-17.840087890625,0.5336644117905538,-6.25077000455645
2020-09-18,3319.469970703125,3362.27001953125,3292.39990234375,3357.3798828125,7076400000,-0.011182581807410497,-1,0,-37.5400390625,69.8701171875,0.009986608040566504,0.014052367767221685,3424.5420043945314,3342.9562060546873,,3382.9801854869174,3383.487921862823,-0.5077363759055515,18.272124968020677,-18.77986134392623,34.49148805081866,3424.5420043945314,3568.9577748191355,3280.1262339699274,288.83154084920807,4259722000.0,1.661235169806856,-21.5,-135.590087890625,-66.0400390625,-0.6435256883040829,-3.9243916340433094
2020-09-21,3281.06005859375,3285.570068359375,3229.10009765625,3285.570068359375,4836070000,-0.011571097930805796,-1,0,-38.409912109375,56.469970703125,0.006917968365951361,0.014208923012610297,3418.73701171875,3344.8766064453125,,3367.3001659648917,3375.9006727317806,-8.600506766888884,12.897598621038766,-21.49810538792765,32.83273091801365,3418.73701171875,3576.5036121754306,3260.97041126207,315.5332009133608,4326275000.0,1.117836938243639,-102.47998046875,-145.89990234375,-116.099853515625,-3.028779895778766,-4.2574148518454455
2020-09-22,3315.570068359375,3320.31005859375,3270.949951171875,3295.75,3974510000,0.010517945160813724,1,1,34.510009765625,49.360107421875,0.009137634370847372,0.01422982761673757,3412.951513671875,3348.0836083984377,,3359.3416894101965,3371.4317390745655,-12.090049664368962,7.900068963957221,-19.990118628326183,33.68124461362898,3412.951513671875,3577.137273168802,3248.765754174948,328.3715189938539,4337830000.0,0.9162438362038162,-85.6298828125,-16.27001953125,-115.7099609375,-2.517637423315746,-0.488319340126269
2020-09-23,3236.919921875,3323.35009765625,3232.570068359375,3320.110107421875,4378650000,-0.023721455093028143,-1,0,-78.650146484375,90.780029296875,0.012342117455018703,0.01499368693529915,3402.61650390625,3348.8716064453124,,3340.5075713278584,3361.4679007634863,-20.960329435627955,2.1279892840401855,-23.08831871966814,24.380200310268137,3402.61650390625,3583.8147882796484,3221.4182195328513,362.39656874679713,4375380000.0,1.0007473636575566,-148.570068359375,-162.0400390625,-206.7001953125,-4.388436202379366,-4.767341802337859
2020-09-24,3246.590087890625,3278.699951171875,3209.449951171875,3226.139892578125,4601920000,0.0029874591429570607,1,1,9.670166015625,69.25,0.01345175946911912,0.01474481234746681,3391.0095092773436,3349.27220703125,,3326.0587277221302,3352.9584331432743,-26.899705421144063,-3.677549656996664,-23.2221557641474,31.221969618001722,3391.0095092773436,3581.1963544853297,3200.8226640693574,380.3736904159723,4416449500.0,1.0419953856599062,-110.419921875,-92.599853515625,-232.139892578125,-3.289234215977484,-2.77312327661804
2020-09-25,3298.4599609375,3306.8798828125,3228.43994140625,3236.659912109375,3803330000,0.0159767237756141,1,1,51.869873046875,78.43994140625,0.01631451283816665,0.015335960406080125,3381.7050048828123,3350.9300048828127,,3321.812763601418,3348.9215092761797,-27.10874567476185,-8.363788860549702,-18.744956814212145,38.90059510503963,3381.7050048828123,3570.8284854290814,3192.581524336543,378.2469610925382,4408821500.0,0.8626636392514417,-21.010009765625,-42.510009765625,-186.090087890625,-0.6329326654873968,-1.2723852694994007
2020-09-28,3351.60009765625,3360.739990234375,3332.909912109375,3333.89990234375,3950910000,0.016110590199083896,1,1,53.14013671875,27.830078125,0.01659364262878249,0.015774322807756855,3373.8845092773436,3353.4674072265625,,3326.3954303790842,3349.1199232302592,-22.724492851175,-11.235929658674763,-11.488563192500237,51.84026273031989,3373.8845092773436,3553.7246019307668,3194.0444166239204,359.6801853068464,4412941500.0,0.8953007874679508,70.5400390625,-31.93994140625,-156.409912109375,2.1499161186562734,-0.9439800043004608
2020-09-29,3335.469970703125,3357.919921875,3327.5400390625,3350.919921875,3661590000,-0.0048126645432444715,-1,0,-16.130126953125,30.3798828125,0.016590998112226144,0.01578549358510379,3365.6425048828123,3355.1400048828127,,3327.79151350586,3348.108815635657,-20.317302129796644,-13.05220415289914,-7.265097976897504,43.466634375218256,3365.6425048828123,3535.9427502216267,3195.342259543998,340.60049067762884,4378607000.0,0.8362454086425203,19.89990234375,-65.72998046875,-164.840087890625,0.6001954998223565,-1.9325526700099738
2020-09-30,3363.0,3393.56005859375,3340.469970703125,3341.2099609375,4738640000,0.008253718228220741,1,1,27.530029296875,53.090087890625,0.008920812085154063,0.0158101620078275,3357.460009765625,3357.25400390625,,3333.2082037357277,3349.211866329312,-16.003662593584522,-13.642495841036217,-2.3611667525483053,52.62427400987647,3357.460009765625,3509.9860114762855,3204.934008054964,305.0520034213214,4410464500.0,1.0744083758071288,126.080078125,-22.489990234375,-163.64990234375,3.895063244319234,-0.66430532357941
2020-10-01,3380.800048828125,3397.179931640625,3361.389892578125,3385.8701171875,4076340000,0.005292907769290922,1,1,17.800048828125,35.7900390625,0.008672254477448134,0.01537375944350896,3347.4580078125,3359.3496044921876,,3340.530026057635,3351.5517316995947,-11.02170564195967,-13.118337801220909,2.0966321592612385,54.24021582621623,3347.4580078125,3459.0495165902444,3235.8664990347556,223.18301755548873,4399499500.0,0.9265463037329588,134.2099609375,23.7900390625,-200.0400390625,4.133874536181404,0.7086675045142609
2020-10-02,3348.419921875,3369.10009765625,3323.68994140625,3338.93994140625,3975180000,-0.009577652178616392,-1,0,-32.380126953125,45.41015625,0.010295233984153985,0.013488478926814674,3342.1260009765624,3361.6048046875,,3341.7438561833833,3351.3197457866618,-9.575889603278483,-12.409848161632425,2.8339585583539417,46.17827964667976,3342.1260009765624,3441.6028175901856,3242.649184362939,198.95363322724643,4352667000.0,0.9132745509821909,49.9599609375,28.949951171875,-106.64013671875,1.5146450625188186,0.8721257136645483
2020-10-05,3408.60009765625,3409.570068359375,3367.27001953125,3367.27001953125,3692720000,0.01797270867614209,1,1,60.18017578125,42.300048828125,0.010901485041776807,0.014061690849058799,3341.2080078125,3365.464208984375,,3352.0294317945936,3355.562734814039,-3.5333030194451567,-10.634539133194972,7.101236113749815,50.7370653075219,3341.2080078125,3437.6820855904443,3244.7339300345557,192.94815555588866,4315367000.0,0.8557140099555843,57.0,127.5400390625,-18.35986328125,1.7006802225557787,3.887159539443578
2020-10-06,3360.969970703125,3431.56005859375,3354.5400390625,3408.739990234375,4453390000,-0.013973515692226712,-1,0,-47.630126953125,77.02001953125,0.01316671200431721,0.012931079784891386,3342.664501953125,3367.89541015625,,3353.404899318983,3355.963270805823,-2.55837148683986,-9.019305603923948,6.460934117084088,47.70377788142336,3342.664501953125,3439.4222311368335,3245.906772769417,193.5154583674166,4303320000.0,1.034873074742292,25.5,45.39990234375,29.1298828125,0.7645099558376339,1.3692940100106217
2020-10-07,3419.43994140625,3426.260009765625,3384.56005859375,3384.56005859375,3814750000,0.01739675486921799,1,1,58.469970703125,41.699951171875,0.014850186153612064,0.0127244527768949,3343.6885009765624,3371.91541015625,,3363.564136563178,3360.6652464058543,2.8988901573238763,-6.635666451674384,9.53455660899826,55.53544300125683,3343.6885009765624,3443.344851729592,3244.032150223533,199.31270150605906,4297431500.0,0.8876813975976116,56.43994140625,182.52001953125,20.47998046875,1.6782617129423134,5.638694312385846
2020-10-08,3446.830078125,3447.280029296875,3428.14990234375,3434.280029296875,3867640000,0.008010123642494982,1,1,27.39013671875,19.130126953125,0.014984865176557218,0.012094333726032884,3349.0705078125,3375.683212890625,,3376.3742814188427,3367.0478265331985,9.326454885644125,-3.443242184210683,12.769697069854807,61.499555816163,3349.0705078125,3458.819237202118,3239.3217784228823,219.49745877923579,4280382000.0,0.903573559556133,66.030029296875,200.239990234375,107.64013671875,1.9530888648609301,6.167701644295814
2020-10-09,3477.139892578125,3482.340087890625,3458.070068359375,3459.669921875,3944090000,0.00879353312061526,1,1,30.309814453125,24.27001953125,0.012947691154043383,0.01219455871287589,3355.87900390625,3380.301611328125,,3391.876683135655,3375.202794388378,16.673888747277033,0.5801840020868605,16.093704745190173,67.96718786842396,3355.87900390625,3479.526855607538,3232.231152204962,247.29570340257578,4292082000.0,0.9189223318659802,128.719970703125,178.679931640625,136.169921875,3.844200360361201,5.417071413831562
2020-10-12,3534.219970703125,3549.85009765625,3499.610107421875,3500.02001953125,3435760000,0.01641581296364758,1,1,57.080078125,50.239990234375,0.012652428802293744,0.012389886045104982,3363.4130004882813,3385.5636083984373,,3413.7756504537274,3386.981844485767,26.793805967960452,5.82290839526158,20.970897572698874,69.23952748773993,3363.4130004882813,3510.330022415125,3216.495978561438,293.83404385368704,4271891000.0,0.8042714573007598,125.619873046875,182.619873046875,150.679931640625,3.6853801985528047,5.448736953271357
2020-10-13,3511.929931640625,3534.010009765625,3500.860107421875,3534.010009765625,3611100000,-0.006306918994084421,-1,0,-22.2900390625,33.14990234375,0.009496428478145132,0.012512154982446167,3368.949499511719,3389.9100048828127,,3428.8763090978655,3396.23725834909,32.63905074877539,11.186136865964343,21.452913882811046,76.86322242959272,3368.949499511719,3529.5688747567633,3208.3301242666744,321.23875049008893,4249586500.0,0.849753264229355,150.9599609375,176.4599609375,110.72998046875,4.491559349038716,5.290407723272106
2020-10-14,3488.669921875,3527.93994140625,3480.550048828125,3515.469970703125,3858510000,-0.006623141753502759,-1,0,-23.260009765625,47.389892578125,0.010152320317407575,0.012573115038968794,3374.10849609375,3393.553203125,,3438.075326448194,3403.0841223139723,34.99120413422179,15.947150319615833,19.044053814605956,73.03500880691098,3374.10849609375,3543.360944961888,3204.856047225612,338.5048977362758,4206567000.0,0.9172586577130473,69.22998046875,125.669921875,103.179931640625,2.0245999828930774,3.7368397821885226
2020-10-15,3483.340087890625,3489.080078125,3440.889892578125,3453.719970703125,3724550000,-0.0015277553060997207,-1,0,-5.329833984375,48.190185546875,0.010120070782378211,0.01237794867899711,3380.425,3396.6646044921877,3122.4490991210937,3445.039135900876,3409.0290086529835,36.01012724789234,19.959745705271136,16.050381542621206,69.30174918270708,3380.425,3556.290724710139,3204.5592752898615,351.7314494202774,4173802500.0,0.8923637378625366,36.510009765625,102.5400390625,126.330078125,1.059234396187167,3.0330110500928056
2020-10-16,3483.81005859375,3515.760009765625,3480.449951171875,3493.5,4688030000,0.00013491955745537076,1,1,0.469970703125,35.31005859375,0.009415390709322239,0.012000279784427898,3388.6420043945313,3399.357607421875,3123.5788989257812,3451.0038932382413,3414.568345685633,36.435547552608114,23.254906074738532,13.180641477869582,65.50848205131729,3388.6420043945313,3567.841480942528,3209.4425278465346,358.3989530959934,4054384000.0,1.156286627019049,6.670166015625,135.39013671875,164.340087890625,0.19182909579974955,4.043403750952963
2020-10-19,3426.919921875,3502.419921875,3419.929931640625,3493.659912109375,4091080000,-0.016329861778318078,-1,0,-56.89013671875,82.489990234375,0.0064175840699324535,0.012336176457180199,3395.9349975585938,3400.8704052734374,3124.539248046875,3447.2986668746657,3415.483277255216,31.81538961944989,24.967002783680805,6.848386835769084,59.79099522969352,3395.9349975585938,3568.446914947173,3223.4230801700146,345.0238347771583,4017134500.0,1.0184075240697068,-107.300048828125,18.31982421875,145.85986328125,-3.036031987753663,0.5374588891007395
2020-10-20,3443.1201171875,3476.929931640625,3435.64990234375,3439.3798828125,3917850000,0.004727334073110212,1,1,16.2001953125,41.280029296875,0.008035128655983671,0.012199093568044116,3402.3125,3402.523408203125,3125.523448486328,3446.6558130766402,3417.530450583533,29.125362493107332,25.798674725566112,3.3266877675412196,58.79125706950239,3402.3125,3571.7177635213743,3232.9072364786257,338.8105270427486,4014301500.0,0.9759730304263394,-68.809814453125,82.150146484375,127.550048828125,-1.9593162674797433,2.44423922856975
2020-10-21,3435.56005859375,3464.860107421875,3433.06005859375,3439.909912109375,4103960000,-0.0021956999281005363,-1,0,-7.56005859375,31.800048828125,0.007906195822571854,0.010667474938482432,3412.2445068359375,3404.560810546875,3126.5153491210935,3444.9487739254264,3418.865977102808,26.082796822618548,25.8554991449766,0.2272976776419462,56.14672311971609,3412.2445068359375,3563.0975065788894,3261.3915070929856,301.7059994859037,4000567000.0,1.0258445865298593,-53.10986328125,16.1201171875,198.64013671875,-1.5223527725634154,0.471425656356771
2020-10-22,3453.489990234375,3460.530029296875,3415.340087890625,3438.5,4172060000,0.005218925396392127,1,1,17.929931640625,45.18994140625,0.008758239508095598,0.010678601438804454,3422.589501953125,3406.0236083984373,3127.517548828125,3446.262807203726,3421.430718816257,24.832088387468957,25.650816993475072,-0.8187286060061147,62.189372340805186,3422.589501953125,3552.5396184387996,3292.63938546745,259.9002329713494,3979074000.0,1.04850022894774,-29.85009765625,6.659912109375,206.89990234375,-0.8569389408751661,0.19321846329592918
2020-10-23,3465.389892578125,3466.4599609375,3440.449951171875,3464.89990234375,3651600000,0.003445761353703114,1,1,11.89990234375,26.010009765625,0.009050869799525735,0.010245089568546877,3430.935998535156,3407.8628076171876,3128.4709985351565,3449.2054357228644,3424.686953909729,24.518481813135622,25.42434995740718,-0.9058681442715582,57.41942521630462,3430.935998535156,3548.1347555436246,3313.7372415266877,234.39751401693684,3971487500.0,0.919453982922016,-18.420166015625,-11.75,166.929931640625,-0.5287362314769926,-0.337921405609251
2020-10-26,3400.969970703125,3441.419921875,3364.860107421875,3441.419921875,4002210000,-0.018589516294535646,-1,0,-64.419921875,76.559814453125,0.01001146202653229,0.01074848291505241,3433.4044921875,3408.425205078125,3129.1490979003906,3441.784594950597,3422.930140338869,18.85445461172776,24.110370888271298,-5.255916276543537,55.00625782227785,3433.4044921875,3545.5376503410725,3321.271334033928,224.26631630714473,3974052500.0,1.0070853366934633,-25.949951171875,-133.25,49.369873046875,-0.7572383295632068,-3.770280319407799
2020-10-27,3390.679931640625,3409.510009765625,3388.7099609375,3403.14990234375,3962400000,-0.0030256189119989285,-1,0,-10.2900390625,20.800048828125,0.009391151093744873,0.010706836233017636,3436.164990234375,3408.59900390625,3129.661848144531,3433.922339056755,3420.541235990851,13.381103065903972,21.964517323797836,-8.583414257893864,45.906864942283114,3436.164990234375,3540.600893603315,3331.7290868654354,208.87180673787952,3989093000.0,0.9933085039631816,-52.440185546875,-121.25,55.2099609375,-1.5230425823688827,-3.4525176287716293
2020-10-28,3271.030029296875,3342.47998046875,3268.889892578125,3342.47998046875,5139970000,-0.035287878760604796,-1,0,-119.64990234375,73.590087890625,0.017129521916479755,0.013251933522472344,3431.5664916992187,3406.22400390625,3129.601248779297,3408.861983709081,3409.4663317912973,-0.6043480822163474,17.450744242595,-18.055092324811348,30.183944877629685,3431.5664916992187,3555.7913225390166,3307.3416608594207,248.44966167959592,4009159500.0,1.2820567502989093,-164.530029296875,-217.639892578125,-91.969970703125,-4.789030798204726,-6.238477627632755
2020-10-29,3310.110107421875,3341.050048828125,3259.820068359375,3277.169921875,4911860000,0.011947330894238384,1,1,39.080078125,81.22998046875,0.018774691341436844,0.013507291452793137,3428.0319946289064,3404.9292041015624,3129.7053491210936,3393.669387357203,3402.1066114676364,-8.437224110433363,12.27315057198933,-20.710374682422692,31.53755398510168,3428.0319946289064,3561.9806564408336,3294.0833328169792,267.8973236238544,4050935500.0,1.212524859998388,-143.3798828125,-173.22998046875,-70.68994140625,-4.151738769127556,-4.973099843766657
2020-10-30,3269.9599609375,3304.929931640625,3233.93994140625,3293.590087890625,4843930000,-0.012129550130175693,-1,0,-40.150146484375,70.989990234375,0.01759317200773871,0.013604597411159143,3424.108996582031,3402.618203125,3129.4710986328123,3374.637167908018,3392.3179706876263,-17.680802779608257,6.282359901669813,-23.96316268127807,19.654596824973183,3424.108996582031,3571.769023200346,3276.448969963716,295.32005323663,4094373000.0,1.1830700329452153,-195.429931640625,-213.85009765625,-78.4599609375,-5.639478895554583,-6.13839715884428
2020-11-02,3310.239990234375,3330.139892578125,3279.739990234375,3296.199951171875,4314690000,0.01231820260127181,1,1,40.280029296875,50.39990234375,0.019741701568919842,0.01324136126889679,3419.1909912109377,3400.8798046875,3129.374197998047,3364.729909804381,3386.238120283682,-21.508210479300942,0.7242458254756627,-22.232456304776605,27.758554961102064,3419.1909912109377,3575.334269249167,3263.0477131727084,312.2865560764585,4125471500.0,1.0458659089027764,-90.72998046875,-116.679931640625,-98.360107421875,-2.6677677618539,-3.4048047313806187
2020-11-03,3369.159912109375,3389.489990234375,3336.25,3336.25,4241380000,0.01779929009643455,1,1,58.919921875,53.239990234375,0.022349059576668922,0.013553114139590547,3419.60048828125,3399.63740234375,3129.6160473632813,3365.4114486205335,3384.973067826326,-19.56161920579234,-3.3329271807779377,-16.228692025014404,37.7819133190331,3419.60048828125,3575.142666317049,3264.0583102454507,311.08435607159845,4114871000.0,1.0307443416816713,-21.52001953125,-73.960205078125,8.18994140625,-0.6346815377775057,-2.1480576500636035
2020-11-04,3443.43994140625,3486.25,3405.169921875,3406.4599609375,4790400000,0.02204704770168342,1,1,74.280029296875,81.080078125,0.013267041067737259,0.01389896948369772,3420.80048828125,3399.633798828125,3130.2244970703123,3377.4158321260284,3389.3039473507647,-11.888115224736339,-5.0439647895696185,-6.84415043516672,46.42484788797589,3420.80048828125,3576.707341176494,3264.8936353860063,311.8137057904878,4163653500.0,1.150528015839935,172.409912109375,7.8798828125,24.0,5.270814103361668,0.2293623944308343
2020-11-05,3510.449951171875,3529.050048828125,3485.739990234375,3485.739990234375,4858150000,0.01946019413896294,1,1,67.010009765625,43.31005859375,0.013897076170523047,0.014451922162800045,3423.981481933594,3400.2681982421873,3131.149046630859,3397.882619671543,3398.2777254115877,-0.3951057400445279,-4.1141929796646,3.7190872396200723,52.13269178824633,3423.981481933594,3584.6479291172186,3263.315034749969,321.33289436724954,4213179000.0,1.1530841675608845,200.33984375,56.9599609375,63.619873046875,6.0523619229705155,1.6493448974390787
2020-11-06,3509.43994140625,3521.580078125,3484.340087890625,3508.340087890625,4842460000,-0.00028771518741854685,-1,0,-1.010009765625,37.239990234375,0.008882750497500626,0.014336857493466474,3425.596484375,3400.76599609375,3132.218896484375,3415.0452845538057,3406.511963633415,8.533320920390906,-1.584690199653499,10.118011120044406,57.25539794119643,3425.596484375,3589.136453065008,3262.0565156849916,327.0799373800164,4258097500.0,1.1372355846713234,239.47998046875,44.050048828125,32.300048828125,7.323636476579086,1.2711426475406886
2020-11-09,3550.5,3645.989990234375,3547.47998046875,3583.0400390625,8570510000,0.01169988923568721,1,1,41.06005859375,98.510009765625,0.008920892740239177,0.014099174606998258,3426.4104858398437,3401.6157958984377,3133.7532470703127,3435.884471545528,3417.1777441050135,18.70672744051444,2.4735933283800895,16.23313411213435,59.04571517888728,3426.4104858398437,3592.371071472365,3260.449900207322,331.9211712650431,4514835000.0,1.8982997163794468,240.260009765625,149.530029296875,16.280029296875,7.258084322418383,4.396687726882834
2020-11-10,3545.530029296875,3557.219970703125,3511.909912109375,3543.260009765625,6037470000,-0.0013997945931910616,-1,0,-4.969970703125,45.31005859375,0.010872520471985824,0.014020170953036133,3428.0904907226563,3402.5201953125,3135.099697265625,3452.753018891889,3426.685320785892,26.067698105996897,7.192414283903451,18.875283822093444,59.304507977794955,3428.0904907226563,3598.321474739444,3257.8595067058686,340.46196803357543,4636153500.0,1.3022584347131734,176.3701171875,154.85009765625,33.60009765625,5.234839597657376,4.566933499421273
2020-11-11,3572.659912109375,3581.159912109375,3557.0,3563.219970703125,4635560000,0.007651855318760337,1,1,27.1298828125,24.159912109375,0.008667972865448157,0.013998041055732689,3432.289990234375,3403.4403955078124,3136.595997314453,3471.2002332330408,3437.4982534765204,33.70197975652036,12.494327378426835,21.207652378093524,59.92834635227039,3432.289990234375,3612.655716244005,3251.9242642247455,360.73145201925945,4675006000.0,0.9915623637702283,129.219970703125,301.6298828125,83.989990234375,3.7526419191836835,9.221250802070347
2020-11-12,3537.010009765625,3569.02001953125,3518.580078125,3562.669921875,4909660000,-0.009978532303877019,-1,0,-35.64990234375,50.43994140625,0.008444489406218433,0.014213269499635079,3434.973486328125,3402.5637939453127,3137.8627478027342,3481.324814238054,3444.869494683121,36.455319554932885,17.286525813728044,19.16879374120484,55.73971216524085,3434.973486328125,3620.072136446532,3249.874836209718,370.19730023681404,4734261500.0,1.037048756178762,26.56005859375,226.89990234375,53.669921875,0.7565998365788863,6.854753919967759
2020-11-13,3585.14990234375,3593.659912109375,3552.570068359375,3552.570068359375,4719580000,0.013610335409063534,1,1,48.139892578125,41.08984375,0.00986202794117155,0.014493653268524694,3440.040478515625,3405.1655908203124,3139.660897216797,3497.2979047158533,3455.2606359913157,42.037268724537626,22.236674395889963,19.800594328647662,65.15585152910366,3440.040478515625,3635.997848073634,3244.0831089576163,391.9147391160177,4735839000.0,0.9965668174108114,75.7099609375,315.18994140625,101.33984375,2.1573231684130953,9.638954151471776
2020-11-16,3626.909912109375,3628.510009765625,3600.159912109375,3600.159912109375,5295510000,0.011648051240012336,1,1,41.760009765625,28.35009765625,0.009852348399951152,0.0140210940025986,3450.0399780273438,3409.16458984375,3141.5508471679686,3517.2382135456255,3467.975397185246,49.262816360379475,27.641902788787867,21.620913571591608,68.48175047522416,3450.0399780273438,3662.8630412536268,3237.2169148010607,425.646126452566,4796060500.0,1.1041374478074244,76.409912109375,316.669921875,199.989990234375,2.1520887793092522,9.566373520023205
2020-11-17,3609.530029296875,3623.110107421875,3588.679931640625,3610.31005859375,4812180000,-0.004791925698091615,-1,0,-17.3798828125,34.43017578125,0.010442611309273523,0.014118247700723499,3458.3604736328125,3414.718388671875,3143.110546875,3531.4369544304327,3478.460925489811,52.976028940621745,32.70872801915465,20.267300921467097,81.52826933064824,3458.3604736328125,3682.74240656829,3233.978540697335,448.76386587095476,4840777000.0,0.994092477302714,64.0,240.3701171875,166.409912109375,1.8050897741992058,7.134422926129626
2020-11-18,3567.7900390625,3619.090087890625,3567.330078125,3612.090087890625,5284810000,-0.011563829610944043,-1,0,-41.739990234375,51.760009765625,0.012009815039862681,0.014432676275469387,3464.97197265625,3418.094990234375,3144.276047363281,3537.0297366815203,3485.0778968655654,51.95183981595483,36.557350378514684,15.394489437440143,73.88226232503918,3464.97197265625,3694.263870582649,3235.6800747298507,458.5837958527982,4899819500.0,1.0785723841459873,-4.869873046875,124.35009765625,132.22998046875,-0.1363094491689169,3.6112172644854454
2020-11-19,3581.8701171875,3585.219970703125,3543.840087890625,3559.409912109375,4363370000,0.003946442467421596,1,1,14.080078125,41.3798828125,0.01072564337709952,0.014420490795126131,3471.390979003906,3422.94859375,3145.4564978027342,3543.9282567593636,3492.2476909634865,51.6805657958771,39.58199346198717,12.098572333889933,80.37634229640035,3471.390979003906,3706.4450359822804,3236.3369220255317,470.10811395674864,4909385000.0,0.8887813850410998,44.860107421875,71.420166015625,128.380126953125,1.2683059221776867,2.0345017592910897
2020-11-20,3557.5400390625,3581.22998046875,3556.85009765625,3579.31005859375,4236370000,-0.006792562915180156,-1,0,-24.330078125,24.3798828125,0.009255580357225056,0.014544890730915394,3475.998486328125,3427.2799951171874,3146.6056481933592,3546.022377113692,3497.084161193043,48.93821592064887,41.45323795371951,7.484977966929364,74.85628890922877,3475.998486328125,3714.1494827105844,3237.847489945666,476.3019927649184,4938623500.0,0.8578037989735399,-27.60986328125,48.10009765625,92.150146484375,-0.7701174018748943,1.3705918454035733
2020-11-23,3577.590087890625,3589.81005859375,3552.77001953125,3566.820068359375,5057550000,0.005635930617216234,1,1,20.050048828125,37.0400390625,0.007303334284564532,0.013779961323119774,3484.8294921875,3431.16099609375,3147.7331481933593,3550.878948002451,3503.047563170642,47.83138483180892,42.72886732933739,5.102517502471528,72.72511903849266,3484.8294921875,3724.360768326492,3245.298216048508,479.06255227798374,4991390500.0,1.0132547233080642,-49.31982421875,27.090087890625,176.6201171875,-1.3598304180118461,0.7629936034537389
2020-11-24,3635.409912109375,3642.31005859375,3594.52001953125,3594.52001953125,6280290000,0.016161668273416252,1,1,57.81982421875,47.7900390625,0.01092569492784699,0.01403144945144483,3497.0659912109377,3435.8451953125,3149.121447753906,3563.8837117112084,3512.8521816105485,51.03153010065989,44.3893998836019,6.642130217057996,71.70969257792677,3497.0659912109377,3741.3040278741996,3252.8279545476757,488.4760733265239,5107285000.0,1.2296729084043674,25.8798828125,89.8798828125,244.72998046875,0.7169876023317451,2.5350196464229175
2020-11-25,3629.64990234375,3635.5,3617.760009765625,3635.5,4910440000,-0.001584418237524976,-1,0,-5.760009765625,17.739990234375,0.008614870566693399,0.010759560324512703,3514.9969848632813,3440.7283935546875,3150.3724475097656,3574.0015871931378,3521.5038646278226,52.497722565315144,46.011064419944546,6.486658145370598,65.6479815496996,3514.9969848632813,3741.3659732884407,3288.627996438122,452.7379768503188,5095808500.0,0.9636233386713806,61.85986328125,56.989990234375,358.619873046875,1.733842591743565,1.5951697512883865
2020-11-27,3638.35009765625,3644.31005859375,3629.330078125,3638.550048828125,2778390000,0.002396979198154181,1,1,8.7001953125,14.97998046875,0.008621466843293141,0.010659069951196273,3531.408984375,3446.3551953125,3151.6944982910154,3583.901358033617,3530.159141148447,53.74221688516991,47.55729491298962,6.184921972180291,66.58777241763227,3531.408984375,3742.2989023799123,3320.5190663700873,421.779836009825,4989135000.0,0.5568881178801536,56.47998046875,101.340087890625,328.239990234375,1.5768293830011437,2.865134325626072
2020-11-30,3621.6298828125,3634.179931640625,3594.389892578125,3634.179931640625,6308410000,-0.004595548640170977,-1,0,-16.72021484375,39.7900390625,0.008022358593590552,0.010150559046292314,3548.99248046875,3452.3983935546876,3152.9018481445314,3589.705746461137,3536.9347516420808,52.77099481905634,48.60003489420296,4.170959924853378,59.76441899716198,3548.99248046875,3723.622784803624,3374.3621761338754,349.26060866974876,5062359000.0,1.2461403863297724,64.08984375,36.47998046875,351.669921875,1.8015213615667207,1.0175301301879074
2020-12-01,3662.449951171875,3678.449951171875,3645.8701171875,3645.8701171875,5418480000,0.011271187194776155,1,1,40.820068359375,32.579833984375,0.008742866958376058,0.01011438285964323,3566.602978515625,3460.02619140625,3154.362647705078,3600.8971625704817,3546.2321738294727,54.66498874100898,49.813025663564176,4.8519630774448075,64.61206496746257,3566.602978515625,3707.6681246443304,3425.53783238692,282.1302922574105,5117548500.0,1.0588038393773893,84.85986328125,35.5400390625,352.2099609375,2.3719839667624982,0.9798985892602518
2020-12-02,3669.010009765625,3670.9599609375,3644.840087890625,3653.780029296875,5041250000,0.0017911667548251575,1,1,6.56005859375,26.119873046875,0.005966606430384955,0.009682086066904556,3581.5954833984374,3467.094990234375,3155.7769482421877,3611.3760621389656,3555.3268283432617,56.04923379570391,51.060267289992126,4.988966505711787,62.69400453143636,3581.5954833984374,3695.4097040646275,3467.7812627322473,227.62844133238013,5157542000.0,0.9774520498330406,33.60009765625,59.47998046875,299.85009765625,0.9242450911609636,1.6478594162114926
2020-12-03,3666.719970703125,3682.72998046875,3657.169921875,3668.280029296875,5065340000,-0.000624157213091503,-1,0,-2.2900390625,25.56005859375,0.005842347441406905,0.008782289299152429,3592.759484863281,3475.6909912109377,3157.2443981933593,3619.8905096103745,3563.5781722217703,56.31233738860419,52.11068130971454,4.201656078889648,68.7360702819516,3592.759484863281,3692.4394896199633,3493.079480106599,199.36000951336428,5171289000.0,0.9795120713617049,37.070068359375,98.929931640625,223.280029296875,1.0213125055239622,2.772863048483105
2020-12-04,3699.1201171875,3699.199951171875,3670.93994140625,3670.93994140625,5099620000,0.008836275129611826,1,1,32.400146484375,28.260009765625,0.006599224212452204,0.008035472364117533,3602.1929931640625,3484.741591796875,3159.0512487792967,3632.0796800068556,3573.6183162933057,58.46136371354987,53.380817790481615,5.080545923068257,67.24675290129322,3602.1929931640625,3704.7440270309853,3499.6419592971397,205.10206773384562,5183362500.0,0.9838439815853126,60.77001953125,117.25,188.670166015625,1.6702631110292763,3.273429693538559
2020-12-07,3691.9599609375,3697.409912109375,3678.8798828125,3694.72998046875,4804500000,-0.0019356376714373402,-1,0,-7.16015625,18.530029296875,0.005866554804766269,0.008075547182020382,3611.318994140625,3492.611591796875,3161.3815991210936,3641.2920309192627,3582.3843640447276,58.90766687453515,54.48618760729232,4.42147926724283,60.99521227822432,3611.318994140625,3711.5751881904534,3511.0628000907964,200.51238809965707,5181464500.0,0.9272474992350136,70.330078125,134.419921875,182.52001953125,1.941945488653379,3.7784514130281712
2020-12-08,3702.25,3708.449951171875,3678.830078125,3683.050048828125,4584390000,0.002787148065356293,1,1,10.2900390625,29.619873046875,0.0041721451642997365,0.007785885992907214,3618.906494140625,3499.62458984375,3164.251799316406,3650.6701800086066,3591.2633000414144,59.40687996719225,55.47032607927231,3.936553887919942,66.0570217681196,3618.906494140625,3722.689456710307,3515.123531570943,207.56592513936357,4982158500.0,0.9201614119663194,39.800048828125,124.659912109375,151.75,1.0867056030455835,3.4844660524782327
2020-12-09,3672.820068359375,3712.389892578125,3660.5400390625,3705.97998046875,5232800000,-0.007949201604598555,-1,0,-29.429931640625,51.849853515625,0.006183155236207482,0.008074266412328824,3625.27099609375,3506.371591796875,3167.0339501953126,3654.0778551394937,3597.304542139041,56.77331300045262,55.730923463508375,1.042389536944242,68.99889505104758,3625.27099609375,3725.664140081315,3524.877852106185,200.7862879751301,4941925000.0,1.058858643140072,3.81005859375,37.41015625,127.2900390625,0.10384432268129422,1.029049189897089
2020-12-10,3668.10009765625,3678.489990234375,3645.179931640625,3659.1298828125,4658480000,-0.0012851080682624305,-1,0,-4.719970703125,33.31005859375,0.006212785738453587,0.007979881277979942,3630.043005371094,3512.47359375,3170.4806506347654,3656.235123218995,3602.548657362538,53.686465856456834,55.32203194209807,-1.635566085641237,66.1448657939004,3630.043005371094,3728.9690120527403,3531.1169986894474,197.85201336329283,4943071000.0,0.942426277105872,1.380126953125,38.4501953125,95.440185546875,0.037639278814639035,1.0593361990001242
2020-12-11,3663.4599609375,3665.909912109375,3633.39990234375,3656.080078125,4375470000,-0.0012649972997506032,-1,0,-4.64013671875,32.510009765625,0.003851636627284912,0.007555449738020096,3636.3655029296874,3518.1267919921875,3174.0268505859376,3657.34663671415,3607.060605775498,50.28603093865195,54.31483174140885,-4.028800802756905,71.4100020726616,3636.3655029296874,3725.981361994714,3546.749643864661,179.2317181300532,4916361500.0,0.8899813408757675,-35.66015625,25.10986328125,126.449951171875,-0.9640172560039219,0.6901442304143643
2020-12-14,3647.489990234375,3697.610107421875,3645.840087890625,3675.27001953125,4623850000,-0.004359258971957769,-1,0,-15.969970703125,51.77001953125,0.004002156739369645,0.00713175139336509,3639.4825073242187,3524.108193359375,3176.8131506347654,3655.8302295634153,3610.055374994674,45.774854568741375,52.606836306875365,-6.83198173813399,64.36609739502528,3639.4825073242187,3725.8765404726228,3553.0884741758146,172.7880662968082,4911575000.0,0.941418994925253,-44.469970703125,25.860107421875,62.340087890625,-1.2045084771675783,0.7140461134529974
2020-12-15,3694.6201171875,3695.2900390625,3659.6201171875,3666.409912109375,4387080000,0.012921249154708825,1,1,47.130126953125,35.669921875,0.00793178268581271,0.007237763030652814,3642.868017578125,3529.82859375,3180.2694006347656,3661.797904582505,3616.3194299719207,45.47847461058427,51.18116396761715,-5.702689357032881,62.72839204234732,3642.868017578125,3732.4360039345515,3553.3000312216986,179.1359727128529,4866153500.0,0.9015498586306412,-7.6298828125,32.170166015625,67.710205078125,-0.2060877253697076,0.878378310817094
2020-12-16,3701.169921875,3711.27001953125,3688.570068359375,3696.25,4067040000,0.0017727951669590514,1,1,6.5498046875,22.699951171875,0.0067126018360737375,0.007111409082240786,3647.4500122070312,3536.6325927734374,3183.124649658203,3667.85513801212,3622.604651594371,45.250486417749016,49.99502845764353,-4.744542039894512,65.3225975178047,3647.4500122070312,3739.186834798563,3555.7131896154997,183.47364518306313,4828896500.0,0.8422296895367296,28.349853515625,32.159912109375,91.639892578125,0.771882449670035,0.8765283284530849
2020-12-17,3722.47998046875,3725.1201171875,3710.8701171875,3713.64990234375,4192810000,0.005757654753379748,1,1,21.31005859375,14.25,0.006706057254767377,0.006492964077166765,3655.1845092773438,3542.6933935546876,3186.6173498535154,3676.2589599285247,3630.0028241035843,46.25613582494043,49.247249931102914,-2.9911141061624846,67.10021457395854,3655.1845092773438,3744.699750976887,3565.6692675778004,179.03048339908673,4774296500.0,0.878204778442227,54.3798828125,55.760009765625,154.68994140625,1.4825081476714959,1.5207054318612867
2020-12-18,3709.409912109375,3726.699951171875,3685.840087890625,3722.389892578125,7097100000,-0.0035111185091528663,-1,0,-13.070068359375,40.85986328125,0.007122591383075731,0.006597326195608696,3661.5614990234376,3547.944990234375,3190.302548828125,3681.3591064178863,3635.884830622532,45.474275795354515,48.49265510395324,-3.0183793085987247,68.11088152951713,3661.5614990234376,3747.172273208716,3575.950724838159,171.22154837055677,4910983000.0,1.4451485578345518,45.949951171875,10.289794921875,127.539794921875,1.2542774224865871,0.27816871569173307
2020-12-21,3694.919921875,3702.89990234375,3636.47998046875,3684.280029296875,4748580000,-0.0039062790518439305,-1,0,-14.489990234375,66.419921875,0.00701534811512434,0.006429565763654449,3668.4304931640627,3552.3005908203127,3195.0443481445313,3683.4453857189806,3640.257800344937,43.187585374043465,47.431641157971285,-4.24405578392782,57.51583163705287,3668.4304931640627,3739.75241826652,3597.108568061605,142.643850204915,4936593500.0,0.9619143241184432,47.429931640625,2.9599609375,137.3798828125,1.3003443948471896,0.0801731592113035
2020-12-22,3687.260009765625,3698.260009765625,3676.159912109375,3698.080078125,4053310000,-0.002073092860288006,-1,0,-7.659912109375,22.10009765625,0.004105171203299456,0.006425883917182721,3673.9139892578123,3555.3613916015624,3199.0694982910154,3684.032250956926,3643.73944548721,40.29280546971586,46.0038740203202,-5.711068550604338,54.202931796816316,3673.9139892578123,3731.338681596699,3616.4892969189254,114.84938467777374,4886381500.0,0.8295115721111829,-7.360107421875,-14.989990234375,109.669921875,-0.19921148016369875,-0.4048886551252616
2020-12-23,3690.010009765625,3711.239990234375,3689.280029296875,3693.419921875,3779160000,0.000745811250824957,1,1,2.75,21.9599609375,0.003993965539751293,0.005425115878076836,3676.643994140625,3558.9229931640625,3203.812648925781,3684.951906158264,3647.1668946930185,37.78501146524559,44.360101509305274,-6.575090044059685,55.35230169844519,3676.643994140625,3731.4950595037017,3621.7929287775487,109.70213072615297,4761325000.0,0.7937202354386647,-11.159912109375,17.18994140625,54.60009765625,-0.30152390581736455,0.46803113374210664
2020-12-24,3703.06005859375,3703.820068359375,3689.320068359375,3694.030029296875,1883780000,0.0035365890047962534,1,1,13.050048828125,14.5,0.0031433874562135566,0.005429510284205543,3680.314501953125,3563.2107958984375,3209.9247497558595,3687.737775763723,3651.3071290560356,36.43064670768763,42.77421054898174,-6.343563841294113,50.993829365323734,3680.314501953125,3731.635879995505,3628.9931239107445,102.64275608476055,4609992000.0,0.4086297763640371,-19.419921875,34.9599609375,73.41015625,-0.5216931179453802,0.953080886746734
2020-12-28,3735.360107421875,3740.510009765625,3723.030029296875,3723.030029296875,3535460000,0.008722529021144565,1,1,32.300048828125,17.47998046875,0.004970695311445373,0.005692098335280633,3685.165002441406,3568.2511962890626,3215.0464501953124,3695.0642883265155,3657.5332756016533,37.531012724862194,41.725570984157834,-4.19455825929564,59.71528599831891,3685.165002441406,3738.098741783492,3632.23126309932,105.86747868417206,4647845500.0,0.7606664206028363,25.9501953125,71.900146484375,97.010009765625,0.6995774510599527,1.9626295155679918
2020-12-29,3727.0400390625,3756.1201171875,3723.31005859375,3750.010009765625,3393290000,-0.00222738052560012,-1,0,-8.320068359375,32.81005859375,0.0045621167312266675,0.005585946199126311,3690.435510253906,3573.1157958984377,3221.7510009765624,3699.98363459359,3662.681924746901,37.30170984668894,40.84079875666406,-3.5390889099751206,55.59872256052508,3690.435510253906,3737.385989938068,3643.485030569744,93.90095936832404,4502089500.0,0.7537144696923507,32.1201171875,79.550048828125,105.41015625,0.8693048257240859,2.1809531771467148
2020-12-30,3732.0400390625,3744.6298828125,3730.2099609375,3736.18994140625,3154850000,0.0013415471654707467,1,1,5.0,14.419921875,0.004078378488170233,0.0050860251809307115,3693.9150146484376,3579.2181982421876,3227.765251464844,3704.915389127269,3667.819562844353,37.09582628291582,40.09180426191441,-2.9959779789985888,65.03348625160986,3693.9150146484376,3742.4216763956792,3645.408352901196,97.0133234944833,4388908000.0,0.718823452211803,44.780029296875,37.419921875,69.590087890625,1.2144527149774116,1.012821905584318
2020-12-31,3756.070068359375,3760.199951171875,3726.8798828125,3733.27001953125,3179040000,0.006438845522919845,1,1,24.030029296875,33.320068359375,0.004282384920009837,0.005230425352772263,3698.268017578125,3585.477197265625,3234.5551013183594,3712.7853397783624,3674.3566373269473,38.42870245141512,39.75918389981455,-1.330481448399432,70.33797185280011,3698.268017578125,3752.6357244295086,3643.9003107267417,108.73541370276689,4295797500.0,0.7400348829291884,66.06005859375,54.900146484375,87.06005859375,1.790240634007003,1.483318724706451
2021-01-04,3700.64990234375,3769.989990234375,3662.7099609375,3764.610107421875,5015000000,-0.014754827521051062,-1,0,-55.420166015625,107.280029296875,0.009246096596579345,0.006327238989134751,3699.9645141601563,3590.778994140625,3241.0114013671873,3710.9183494038066,3676.3042865874513,34.61406281635527,38.73015968312269,-4.116096866767421,56.96309691197417,3699.9645141601563,3752.265481152672,3647.663547167641,104.60193398503088,4293280500.0,1.1681044366889142,-2.41015625,-21.830078125,33.929931640625,-0.06508552958536852,-0.5864391008021235
2021-01-05,3726.860107421875,3737.830078125,3695.070068359375,3698.02001953125,4591020000,0.007082595157549276,1,1,26.210205078125,42.760009765625,0.008876789607748185,0.006216519325184312,3701.351513671875,3596.246396484375,3248.121102294922,3713.3709275604324,3680.049162204816,33.32176535561621,37.6484808176214,-4.32671546200519,64.31172531348446,3701.351513671875,3755.011834271218,3647.6911930725323,107.32064119868573,4267850500.0,1.0757218417093102,-8.5,17.4501953125,27.739990234375,-0.2275550350048219,0.47043049234148554
2021-01-06,3748.139892578125,3783.0400390625,3705.340087890625,3712.199951171875,6064110000,0.005709842747752214,1,1,21.27978515625,77.699951171875,0.009178222078108438,0.006300359760305983,3704.160510253906,3601.901396484375,3255.674802246094,3718.719999101616,3685.0929200102464,33.627079091369524,36.84420047237103,-3.2171213810015047,60.64264554097052,3704.160510253906,3761.506063808641,3646.814956699171,114.69110710947007,4330831000.0,1.4002185723709837,21.099853515625,53.219970703125,56.179931640625,0.5661289735146623,1.4403551857253334
2021-01-07,3803.7900390625,3811.550048828125,3764.7099609375,3764.7099609375,5099160000,0.014847403800101189,1,1,55.650146484375,46.840087890625,0.011041877263624322,0.007037213588579271,3709.237512207031,3609.9577978515626,3262.457102050781,3731.8076975571366,3693.8852991993026,37.92239835783403,37.05984004946363,0.8625583083703958,67.07259218822855,3709.237512207031,3781.8247496221747,3636.6502747918876,145.17447483028718,4356569500.0,1.1704530365003933,71.75,116.530029296875,101.5400390625,1.9225410030173153,3.1603420694024247
2021-01-08,3824.679931640625,3826.68994140625,3783.60009765625,3815.050048828125,4773040000,0.005491862685268911,1,1,20.889892578125,43.08984375,0.010994708138538993,0.006734977630821607,3716.8305053710938,3618.6377978515625,3269.2027014160158,3746.0957335699813,3703.5737904912526,42.52194307872878,38.15226065531667,4.369682423412115,67.02649409050568,3716.8305053710938,3803.7363340211373,3629.92467672105,173.81165730008706,4333581500.0,1.1014076924594587,68.60986328125,134.669921875,151.85986328125,1.8266396002356342,3.6495814786029186
2021-01-11,3799.610107421875,3817.860107421875,3789.02001953125,3803.139892578125,4465430000,-0.006554750898592476,-1,0,-25.06982421875,28.840087890625,0.007665984634824588,0.006971226038684538,3723.406005859375,3629.2093994140623,3275.050401611328,3754.3287141625806,3710.6875917453726,43.64112241720795,39.250033007694924,4.391089409513029,64.4495965407949,3723.406005859375,3814.5831327805713,3632.2288789381787,182.3542538423926,4323929000.0,1.032725097937547,98.960205078125,96.550048828125,131.510009765625,2.6741304281566887,2.6073044266203507
2021-01-12,3801.18994140625,3810.780029296875,3776.510009765625,3801.6201171875,4994950000,0.0004157884466327033,1,1,1.579833984375,34.27001953125,0.007859120656387384,0.006942584082908641,3730.2925048828124,3639.03099609375,3281.3490014648437,3761.5381337385297,3717.39146949803,44.14666424049983,40.22935925425591,3.91730498624392,67.75843611594335,3730.2925048828124,3823.194672101324,3637.3903376643007,185.8043344370235,4354903000.0,1.1469715858194776,74.329833984375,65.829833984375,137.72998046875,1.9944358479233086,1.762342373726596
2021-01-13,3809.840087890625,3820.9599609375,3791.5,3802.22998046875,4602510000,0.0022756417379066196,1,1,8.650146484375,29.4599609375,0.007820338583454616,0.006786019838525104,3738.410009765625,3649.8285986328124,3287.264952392578,3768.9692036080833,3724.2395153048888,44.72968830319451,41.12942506404364,3.6002632391508698,70.41638880304484,3738.410009765625,3829.1961019312353,3647.623917600015,181.57218433122034,4353836000.0,1.0571160695993143,61.7001953125,82.800048828125,162.35009765625,1.646155081742695,2.2216034161240867
2021-01-14,3795.5400390625,3823.60009765625,3792.860107421875,3814.97998046875,5198480000,-0.0037534511943366766,-1,0,-14.300048828125,30.739990234375,0.0047870159931594925,0.006413808674372748,3743.456005859375,3659.534599609375,3293.3197021484375,3773.057024447224,3729.52103558323,43.535988863994135,41.61073782403374,1.9252510399603935,66.92541245441211,3743.456005859375,3835.2074871836944,3651.704524535056,183.50296264863846,4394406000.0,1.1829767208582913,-8.25,63.5,100.919921875,-0.21688894274599166,1.7014822814160213
2021-01-15,3768.25,3788.72998046875,3749.6201171875,3788.72998046875,5369820000,-0.007190027975370938,-1,0,-27.2900390625,39.10986328125,0.00419084771524749,0.006691154722967131,3746.810009765625,3667.5164013671874,3299.8084521484375,3772.3174822245746,3732.38984776225,39.92763446232448,41.27411715169189,-1.3464826893674129,59.998756792704924,3746.810009765625,3836.9429296788308,3656.6770898524196,180.26583982641114,4459545000.0,1.204118357366054,-56.429931640625,12.179931640625,67.080078125,-1.4754157903199747,0.3242732808215452
2021-01-19,3798.909912109375,3804.530029296875,3780.3701171875,3781.8798828125,5014440000,0.008136379515524483,1,1,30.659912109375,24.159912109375,0.00585948630943732,0.006801899649985183,3750.6315063476563,3674.62580078125,3306.1685021972658,3776.4086252837747,3737.317259936111,39.09136534766367,40.83756679088625,-1.7462014432225814,59.796483051293976,3750.6315063476563,3842.877291558453,3658.3857211368595,184.49157042159368,4500626500.0,1.1141648834889988,-0.7001953125,98.260009765625,76.429931640625,-0.018428083216546105,2.655209553959523
2021-01-20,3851.85009765625,3859.75,3816.219970703125,3816.219970703125,4566190000,0.013935625421946263,1,1,52.940185546875,43.530029296875,0.008594059426307305,0.007289002143287471,3757.753515625,3681.4538037109373,3312.984503173828,3788.015005648771,3745.801173841306,42.213831807464885,41.11281979420198,1.1010120132629027,66.9132972761235,3757.753515625,3858.2267393903003,3657.2802918597,200.94644753060038,4374081000.0,1.0439198542505272,50.66015625,124.989990234375,142.440185546875,1.332744667614749,3.3537612529502527
2021-01-21,3853.070068359375,3861.449951171875,3845.050048828125,3857.4599609375,4501760000,0.0003167233075522802,1,1,1.219970703125,16.39990234375,0.008661535574750284,0.00717184008063928,3765.661022949219,3688.32640625,3318.9314538574217,3798.0234768350174,3753.7470178796816,44.276458955335784,41.745547626428746,2.530911328907038,66.57082173712195,3765.661022949219,3870.1268194927316,3661.1952264057063,208.93159308702525,4361740000.0,1.032101867603296,43.22998046875,104.93017578125,158.150146484375,1.1346927816249874,2.79952666625457
2021-01-22,3841.469970703125,3852.31005859375,3830.409912109375,3844.239990234375,5110890000,-0.0030106116552376383,-1,0,-11.60009765625,21.900146484375,0.008537461935283841,0.0072036971738460845,3773.3715209960938,3694.1458056640627,3324.8417541503904,3804.707552814726,3760.245014385122,44.46253842960414,42.288945787063824,2.1735926425403136,62.10452444657299,3773.3715209960938,3876.2239750150816,3670.519066977106,205.70490803797566,4414619000.0,1.157719386429497,45.929931640625,37.679931640625,154.2099609375,1.2101026775617867,0.9905891559122905
2021-01-25,3855.360107421875,3859.22998046875,3797.159912109375,3851.679931640625,7000840000,0.0036158389430824833,1,1,13.89013671875,62.070068359375,0.006650118735151269,0.007204405211873756,3781.639025878906,3700.3424072265625,3330.368654785156,3812.500253523518,3767.290576832289,45.209676691229106,42.87309196789688,2.336584723332223,74.85462414074689,3781.639025878906,3882.846924128974,3680.431127628838,202.4157965001359,4575703000.0,1.5300031492428594,87.110107421875,30.68017578125,165.35009765625,2.3116859927519404,0.8021632222722886
2021-01-26,3849.6201171875,3870.89990234375,3847.780029296875,3862.9599609375,6137500000,-0.0014888337468982327,-1,0,-5.739990234375,23.119873046875,0.006762248429747316,0.007243555948842763,3788.9670288085936,3705.881611328125,3335.667655029297,3818.211001779515,3773.3890613030453,44.821940476469535,43.26286166961141,1.5590788068581247,71.11019494472075,3788.9670288085936,3887.4045225330638,3690.5295350841234,196.87498744894037,4788389000.0,1.2817463242856835,50.710205078125,50.010009765625,146.56005859375,1.334862006505644,1.316187933807713
2021-01-27,3750.77001953125,3836.830078125,3732.47998046875,3836.830078125,9976520000,-0.025677883699462,-1,0,-98.85009765625,104.35009765625,0.011683868871773787,0.00933691851968425,3789.7375244140626,3710.1568115234377,3340.6133557128906,3807.8354660490127,3771.7135767273567,36.121889321656,41.834667200020334,-5.712777878364335,50.3570337268117,3789.7375244140626,3886.6375293444817,3692.8375194836435,193.80000986083814,5110442000.0,1.9521833923562777,-101.080078125,-50.419921875,15.409912109375,-2.624195531038567,-1.3264246894315193
2021-01-28,3787.3798828125,3830.5,3755.75,3755.75,6992770000,0.009760625975629766,1,1,36.60986328125,74.75,0.013439907207526936,0.009551994628706841,3792.7545166015625,3714.2014111328126,3345.3199548339844,3804.688453243395,3772.874043844775,31.814409398620228,39.830615639740316,-8.016206241120088,47.650926964014616,3792.7545166015625,3885.0848058735937,3700.4242273295313,184.66057854406245,5290416000.0,1.3217807446522163,-65.690185546875,-22.460205078125,60.33984375,-1.704879080354894,-0.589531438590128
2021-01-29,3714.239990234375,3778.050048828125,3694.1201171875,3778.050048828125,6643370000,-0.019311475173124593,-1,0,-73.139892578125,83.929931640625,0.015196238398979104,0.010559007536179369,3791.8645141601564,3715.9480126953126,3349.974354248047,3790.773305088161,3768.5307806143746,22.24252447378649,36.31299740654955,-14.07047293276306,36.247954044122125,3791.8645141601564,3886.960733562489,3696.7682947578237,190.19243880466547,5464842000.0,1.2156563721329912,-127.22998046875,-81.300048828125,-17.800048828125,-3.312012886709158,-2.1419889657706297
2021-02-01,3773.860107421875,3784.320068359375,3725.6201171875,3731.169921875,5436230000,0.016051767614439383,1,1,59.6201171875,58.699951171875,0.018041739270719302,0.01108225504880508,3792.754016113281,3719.2346142578126,3354.8459045410154,3788.1712746779635,3768.9255455630782,19.245729114885307,32.8995437482167,-13.653814633331393,47.047630031138276,3792.754016113281,3886.767144003121,3698.7408882234413,188.02625577967956,5577701500.0,0.9746362368082981,-81.5,5.610107421875,17.7900390625,-2.113940014140469,0.14887832340940754
2021-02-02,3826.31005859375,3843.090087890625,3791.840087890625,3791.840087890625,5514090000,0.013898223484416938,1,1,52.449951171875,51.25,0.019829292981962267,0.010884602205138814,3799.0370239257813,3724.4050146484374,3359.6046545410154,3794.0387798957768,3773.176250232017,20.862529663759688,30.492140931325302,-9.629611267565615,52.57927694413389,3799.0370239257813,3883.437124317952,3714.6369235336106,168.80020078434154,5602656000.0,0.9841921402991723,-23.31005859375,27.400146484375,125.66015625,-0.6055158141364902,0.7212633918228625
2021-02-03,3830.169921875,3847.510009765625,3816.679931640625,3840.27001953125,4864870000,0.0010087690809532646,1,1,3.85986328125,30.830078125,0.014390801201656929,0.010811817316750858,3804.2025146484375,3729.3710107421875,3364.639704589844,3799.5974171233497,3777.3980036870526,22.199413436297164,28.833595432319676,-6.634181996022512,52.10815967237967,3804.2025146484375,3882.422373030306,3725.982656266569,156.43971676373712,5616348500.0,0.8661980288438298,79.39990234375,-21.68017578125,103.309814453125,2.116896048819142,-0.562850973729269
2021-02-04,3871.739990234375,3872.419921875,3836.659912109375,3836.659912109375,4879240000,0.010853322230420792,1,1,41.570068359375,35.760009765625,0.014502669463078969,0.010979010328300587,3810.38251953125,3735.655009765625,3370.315604248047,3810.6962745250457,3784.3862989868544,26.30997553819134,28.32887145349401,-2.0188959153026715,57.47879273501713,3810.38251953125,3889.4781824280744,3731.286856634426,158.1913257936485,5557105000.0,0.8780183206903595,84.360107421875,18.669921875,123.60009765625,2.227400208907203,0.4845466483548687
2021-02-05,3886.830078125,3894.56005859375,3874.929931640625,3878.300048828125,4879470000,0.003897495164625342,1,1,15.090087890625,19.630126953125,0.006460446002612965,0.01055262339997869,3814.534521484375,3741.8398095703124,3375.753204345703,3822.409167386577,3791.9747270711614,30.434440315415486,28.74998522587831,1.6844550895371775,61.923821719097994,3814.534521484375,3900.5853932008163,3728.483649767934,172.10174343288236,5546120500.0,0.8797987710508633,172.590087890625,45.360107421875,83.0400390625,4.646713414976027,1.1808007811544208
2021-02-08,3915.590087890625,3915.77001953125,3892.590087890625,3892.590087890625,4648360000,0.007399348360373592,1,1,28.760009765625,23.179931640625,0.005178490674724696,0.010602588464446082,3819.080029296875,3747.4434130859377,3381.3421545410156,3836.744693617969,3801.131420465196,35.61327315277322,30.122642811257293,5.490630341515924,61.777778653999135,3819.080029296875,3916.2707152422036,3721.889343351547,194.38137189065674,5539886500.0,0.8390713419850749,141.72998046875,60.22998046875,90.91015625,3.755570594416477,1.5622400707213444
2021-02-09,3911.22998046875,3918.35009765625,3902.639892578125,3910.489990234375,4568320000,-0.0011135249921484514,-1,0,-4.360107421875,15.710205078125,0.004816455181994206,0.010461216260060633,3824.661022949219,3753.0750146484374,3386.7146044921874,3848.2039685180894,3809.286869354348,38.91709916374157,31.88153408175415,7.035565081987418,56.64560939489489,3824.661022949219,3929.6504716964714,3719.6715742019665,209.97889749450496,5545031000.0,0.8238583337045365,84.919921875,61.60986328125,111.619873046875,2.219368545010434,1.6004141033599348
2021-02-10,3909.8798828125,3931.5,3884.93994140625,3920.780029296875,4837070000,-0.00034518493235935477,-1,0,-1.35009765625,46.56005859375,0.005085942631875794,0.01046675340027012,3830.0955200195312,3758.5056103515626,3391.871604003906,3857.6925707172295,3816.7382036845815,40.95436703264795,33.69610067193291,7.258266360715041,56.356124106305344,3830.0955200195312,3941.0520434098858,3719.1389966291767,221.913046780709,5537137000.0,0.8735687775108327,79.7099609375,159.10986328125,108.68994140625,2.0811076940022346,4.242058629367381
2021-02-11,3916.3798828125,3925.989990234375,3890.389892578125,3916.39990234375,4590960000,0.0016624551635393559,1,1,6.5,35.60009765625,0.00345003492913501,0.010465145479918642,3835.422509765625,3764.4006103515626,3397.136553955078,3866.7213879626556,3824.119068805168,42.60231915748773,35.47734436904388,7.124974788443851,58.47799453241179,3835.422509765625,3952.3535152710424,3718.4915042602074,233.86201101083498,5536559500.0,0.8292081029744194,44.639892578125,129.0,106.539794921875,1.1529672108850144,3.4060486138561017
2021-02-12,3934.830078125,3937.22998046875,3905.780029296875,3911.64990234375,4135060000,0.0047110331133788375,1,1,18.4501953125,31.449951171875,0.003561582988302015,0.010415429303133272,3842.38701171875,3769.848212890625,3402.113154296875,3877.1996479876316,3832.319884310341,44.87976367729061,37.35782823069323,7.521935446597382,58.90219668962303,3842.38701171875,3965.732698528369,3719.0413249091307,246.69137361923822,5483388500.0,0.7541066988049452,48.0,220.590087890625,139.2900390625,1.234939501732865,5.939037016202751
2021-02-16,3932.590087890625,3950.429931640625,3923.85009765625,3939.610107421875,5058990000,-0.0005692724183511411,-1,0,-2.239990234375,26.579833984375,0.002390819286013304,0.010216107934750295,3850.6040161132814,3775.119814453125,3407.213955078125,3885.721254126554,3839.7473067977694,45.97394732878456,39.0810520503115,6.892895278473063,59.36772119972546,3850.6040161132814,3975.045647223856,3726.1623850027067,248.88326222114938,5467847000.0,0.9252252303328897,17.0,158.72998046875,164.340087890625,0.4341618917816319,4.206037742538022
2021-02-17,3931.330078125,3933.610107421875,3900.429931640625,3918.5,4730650000,-0.0003204020092266724,-1,0,-1.260009765625,33.18017578125,0.002248464470931886,0.010131547118306923,3857.2250244140623,3780.4120166015623,3412.7170556640626,3892.737996280161,3846.5312157849717,46.20678049518938,40.506197739287074,5.700582755902303,76.14839914975823,3857.2250244140623,3984.152131186505,3730.2979176416197,253.85421354488517,5453657500.0,0.867427043227412,20.10009765625,105.02001953125,132.420166015625,0.5139073323896198,2.7446813750856114
2021-02-18,3913.969970703125,3921.97998046875,3885.030029296875,3915.860107421875,4793650000,-0.004415835627354592,-1,0,-17.360107421875,36.949951171875,0.0033412500464353855,0.00979663973314162,3860.331018066406,3784.709013671875,3418.073205566406,3896.0044538836937,3851.526679112242,44.47777477145155,41.300513145719975,3.1772616257315747,69.41503243745596,3860.331018066406,3989.7206660050733,3730.941370127739,258.77929587733433,5465030500.0,0.8771497249649385,4.090087890625,83.800048828125,62.119873046875,0.10460904204767721,2.1878937628725876
2021-02-19,3906.7099609375,3930.409912109375,3903.070068359375,3921.159912109375,4845320000,-0.0018548966445751658,-1,0,-7.260009765625,27.33984375,0.0033301997382340926,0.009814833894748921,3863.0130126953127,3789.004013671875,3423.2645556640623,3897.6514549688945,3855.614329617817,42.03712535107752,41.447835586791484,0.5892897642860362,86.99487092853556,3863.0130126953127,3993.9830034464608,3732.0430219441646,261.9399815022962,5482208500.0,0.8838262900799924,-9.669921875,34.969970703125,53.639892578125,-0.24690970141680088,0.9032107215703836
2021-02-22,3876.5,3902.919921875,3874.7099609375,3885.550048828125,5917100000,-0.0077328394581538396,-1,0,-30.2099609375,28.2099609375,0.0031145635427260463,0.009965393048294335,3864.764514160156,3792.489013671875,3428.4049560546873,3894.3973849736803,3857.161416312794,37.235968660886556,40.6054622016105,-3.369493540723944,72.2433443982261,3864.764514160156,3995.458088107682,3734.07094021263,261.3871478950523,5522519000.0,1.071449459929427,-58.330078125,-10.330078125,35.030029296875,-1.482403991198397,-0.26577128192810556
2021-02-23,3881.3701171875,3895.97998046875,3805.590087890625,3857.070068359375,6296610000,0.0012563181187927874,1,1,4.8701171875,90.389892578125,0.0035449019702692543,0.009940518069706429,3866.0650146484377,3796.6600146484375,3433.405856933594,3892.3931899296526,3858.954653414624,33.43853651502877,39.17207706429416,-5.733540549265385,65.03218048801297,3866.0650146484377,3996.882143692237,3735.247885604638,261.63425808759894,5487307500.0,1.1474862671720147,-51.219970703125,-34.219970703125,26.010009765625,-1.30244875663099,-0.8739416010106336
2021-02-24,3925.429931640625,3928.64990234375,3859.60009765625,3873.7099609375,6012790000,0.01135161376597904,1,1,44.059814453125,69.0498046875,0.0072935752571603625,0.010223850177529518,3869.855505371094,3801.806611328125,3438.3840063476564,3897.4757655774947,3863.8787480980313,33.597017479463375,38.057065147328004,-4.460047667864629,71.326176236851,3869.855505371094,4003.038188188906,3736.6728225532815,266.3653656356246,5481072000.0,1.097009855006466,-5.900146484375,14.199951171875,75.809814453125,-0.1500801603305974,0.36305589911062136
2021-02-25,3829.340087890625,3925.02001953125,3814.0400390625,3915.800048828125,6547470000,-0.02447880752512621,-1,0,-96.08984375,110.97998046875,0.013236243162424286,0.010061239564379699,3873.7840087890627,3805.1242138671873,3442.879757080078,3886.9933536256685,3861.3203288234085,25.673024802259988,35.5802570783144,-9.907232276054415,42.370285629935786,3873.7840087890627,3996.3918230810414,3751.176194497084,245.21562858395737,5309619500.0,1.233133560700536,-84.6298828125,-80.539794921875,78.570068359375,-2.1622517149076814,-2.0599045836656287
2021-02-26,3811.14990234375,3861.080078125,3789.5400390625,3839.659912109375,6526070000,-0.004750214169902844,-1,0,-18.190185546875,71.5400390625,0.01316613131051705,0.009925008224466179,3874.972509765625,3808.397412109375,3447.5849060058595,3875.325130351527,3857.6040009360268,17.7211294155004,32.008431545751606,-14.287302130251206,36.53188091211959,3874.972509765625,3994.4752683410707,3755.4697511901795,239.00551715089114,5286284500.0,1.2345287129362787,-95.56005859375,-105.22998046875,23.77001953125,-2.446049477674004,-2.6869196456289726
2021-03-01,3901.820068359375,3914.5,3842.510009765625,3842.510009765625,5114820000,0.023790763506800205,1,1,90.670166015625,71.989990234375,0.01808268237066336,0.010106700882744794,3884.351513671875,3812.5414111328123,3452.994006347656,3879.4012746604267,3860.8792651896083,18.522009470818375,29.311147130764958,-10.789137659946583,47.9919509996454,3884.351513671875,3977.2134411613447,3791.4895861824057,185.72385497893902,5209857000.0,0.9817582325196258,25.320068359375,-33.010009765625,187.580078125,0.6531682796175674,-0.8389183042271222
2021-03-02,3870.2900390625,3906.409912109375,3868.570068359375,3903.639892578125,5536010000,-0.008080851690870694,-1,0,-31.530029296875,37.83984375,0.01858088178754133,0.009842634970118466,3889.1730102539063,3815.9238134765624,3458.0829565429685,3877.9995461068993,3861.576359550563,16.423186556336077,26.733555015879183,-10.310368459543106,44.468181404327815,3889.1730102539063,3966.61268608825,3811.7333344195627,154.87935166868738,5214846000.0,1.0615864782967703,-11.080078125,-62.300048828125,96.429931640625,-0.285468218450365,-1.5841988978195716
2021-03-03,3819.719970703125,3874.469970703125,3818.860107421875,3863.989990234375,6173660000,-0.01306622187199813,-1,0,-50.570068359375,55.60986328125,0.01790563686345415,0.00987405563348681,3888.843505859375,3817.86861328125,3462.863056640625,3869.033457583242,3858.475886302605,10.557571280637148,23.498358268830778,-12.94078698819363,39.247745431612934,3888.843505859375,3967.4566073077162,3810.2304044110338,157.22620289668248,5247824500.0,1.1764227252645358,-105.7099609375,-111.610107421875,-6.590087890625,-2.6929524352334764,-2.8389910082316487
2021-03-04,3768.469970703125,3843.669921875,3723.340087890625,3818.530029296875,7195400000,-0.013417213930100202,-1,0,-51.25,120.329833984375,0.015462985007211423,0.010310677729912421,3885.758508300781,3819.049814453125,3466.9358569335936,3853.562151909378,3851.8087814433843,1.753370465993612,19.149360708263345,-17.395990242269733,34.06179248832072,3885.758508300781,3977.7676016460246,3793.7494149555378,184.0181866904868,5364351000.0,1.341336538194462,-60.8701171875,-145.5,-61.699951171875,-1.5895719834335746,-3.717453150869772
2021-03-05,3841.93994140625,3851.68994140625,3730.18994140625,3793.580078125,6851070000,0.01949596819778221,1,1,73.469970703125,121.5,0.018350238045490602,0.010982309849655281,3884.268505859375,3821.99021484375,3471.530856933594,3851.7741195242816,3851.0777562554485,0.6963632688330108,15.458761220377278,-14.762397951544267,41.051568523783274,3884.268505859375,3978.1789825877545,3790.358029130996,187.82095345675862,5462942500.0,1.2540988670482986,30.7900390625,-64.77001953125,-29.800048828125,0.8078936764876393,-1.6579172802402515
2021-03-08,3821.35009765625,3881.06005859375,3819.25,3844.389892578125,5871710000,-0.005359231030161227,-1,0,-20.58984375,61.81005859375,0.013614377679945994,0.010989868125906032,3880.9945068359375,3824.6720166015625,3475.7795568847655,3847.0935007753537,3848.8757074703226,-1.7822066949688633,12.010567637308052,-13.792774332276915,39.64978563078884,3880.9945068359375,3979.0051151051216,3782.9838985667534,196.0212165383682,5512554500.0,1.0651522810341376,-80.469970703125,-55.14990234375,-65.47998046875,-2.062370106599015,-1.4226725743260673
2021-03-09,3875.43994140625,3903.760009765625,3851.929931640625,3851.929931640625,5513560000,0.01415464230382213,1,1,54.08984375,51.830078125,0.015485978202431788,0.011352688126409964,3878.9869995117188,3828.380615234375,3480.4142065429687,3851.4544916416453,3850.8434285026133,0.6110631390320123,9.730666737652843,-9.11960359862083,45.26523267838677,3878.9869995117188,3975.6494878421745,3782.324511181263,193.3249766609115,5555814500.0,0.9923945444902813,5.14990234375,-5.93017578125,-40.150146484375,0.13306243955291425,-0.15278562987306904
2021-03-10,3898.81005859375,3917.35009765625,3885.72998046875,3891.989990234375,5847380000,0.006030313342701321,1,1,23.3701171875,31.6201171875,0.013584503056123024,0.01144287382746119,3878.366003417969,3832.295615234375,3485.1310070800782,3858.7399634804306,3854.3965122130676,4.34345126736298,8.65322364359487,-4.309772376231891,48.72866451525459,3878.366003417969,3974.3132534167094,3782.4187534192283,191.89449999748103,5619767500.0,1.0405021204169034,79.090087890625,-26.619873046875,-12.419921875,2.0705729345930632,-0.6781390449058221
2021-03-11,3939.340087890625,3960.27001953125,3915.5400390625,3915.5400390625,5312880000,0.010395487004435822,1,1,40.530029296875,44.72998046875,0.009403106226638931,0.011680186008928797,3879.839013671875,3836.37521484375,3489.868857421875,3871.1399826204606,3860.6886289299237,10.451353690536962,9.012849652983288,1.438504037553674,52.591790771841815,3879.839013671875,3978.6841604149627,3780.993866928787,197.6902934861755,5643558000.0,0.9414061129521483,170.8701171875,110.0,29.460205078125,4.534204027519924,2.8725576071931758
2021-03-12,3943.340087890625,3944.989990234375,3915.2099609375,3924.52001953125,4476280000,0.0010153984958789497,1,1,4.0,29.780029296875,0.007695212425217167,0.011677517970889832,3881.1870239257814,3840.7012158203124,3494.404908447266,3882.2476911235626,3866.810959223309,15.436731900253562,10.297626102437343,5.139105797816219,55.53972323338196,3881.1870239257814,3982.8262549458195,3779.5477929057433,203.2784620400762,5637824000.0,0.7939729938359197,101.400146484375,132.190185546875,26.960205078125,2.6392954609087385,3.468511838528885
2021-03-15,3968.93994140625,3970.080078125,3923.5400390625,3942.9599609375,4900100000,0.006491921301497117,1,1,25.599853515625,46.5400390625,0.004945333013200277,0.011718775479758322,3882.8925170898438,3845.4392138671874,3499.100958251953,3895.584960397822,3874.3760690146382,21.208891383183982,12.47987915858667,8.729012224597312,57.01670302635738,3882.8925170898438,3989.352152351287,3776.4328818284007,212.9192705228861,5676076000.0,0.8632900616552703,147.58984375,67.119873046875,34.10986328125,3.862243447427686,1.720219586524843
2021-03-16,3962.7099609375,3981.0400390625,3953.43994140625,3973.590087890625,4613080000,-0.0015696837343783798,-1,0,-6.22998046875,27.60009765625,0.004744632619411949,0.011725698595797876,3884.3985107421877,3849.57201171875,3503.692957763672,3905.911883557773,3880.9193202681836,24.99256328958927,14.982415984787192,10.010147304802079,53.17991347746536,3884.3985107421877,3994.6045108427215,3774.192510641654,220.4120002010677,5653780500.0,0.8159283863248671,87.27001953125,92.419921875,30.119873046875,2.251873873694531,2.387932711559438
2021-03-17,3974.1201171875,3983.8701171875,3935.739990234375,3949.570068359375,4561660000,0.00287938213053085,1,1,11.41015625,48.130126953125,0.00469502139592776,0.011736503999637096,3886.5380126953123,3855.041416015625,3508.2849084472655,3916.405457962346,3887.823083002948,28.582374959398294,17.70240777970941,10.879967179688883,64.43469180607991,3886.5380126953123,4002.1110171467944,3770.96500824383,231.14600890296424,5645331000.0,0.8080411936873143,75.31005859375,154.400146484375,42.7900390625,1.9316165050859992,4.042184968233506
2021-03-18,3915.4599609375,3969.6201171875,3910.860107421875,3953.5,5118590000,-0.014760539319459198,-1,0,-58.66015625,58.760009765625,0.008135404985252276,0.012188740735964805,3886.612512207031,3858.8134130859376,3512.4581079101563,3916.2599968816007,3889.8702591462484,26.389737735352355,19.439873770838002,6.949863964514353,59.623227968701435,3886.612512207031,4002.261866738338,3770.9631576757242,231.29870906261385,5661578000.0,0.9040924632673082,-23.880126953125,146.989990234375,1.489990234375,-0.606196124740069,3.900521733677221
2021-03-19,3913.10009765625,3930.1201171875,3886.75,3913.139892578125,7757420000,-0.0006027039747036333,-1,0,-2.35986328125,43.3701171875,0.00805761958434016,0.012181440841801026,3886.932019042969,3862.1126171875,3516.4092578125,3915.773858539239,3891.590987924767,24.182870614471994,20.388473139564802,3.7943974749071927,51.243225265863416,3886.932019042969,4002.850153278212,3771.013884807726,231.83626847048617,5807183000.0,1.3358318482472482,-30.239990234375,71.16015625,6.39013671875,-0.7668623441137435,1.8521933537553825
2021-03-22,3940.590087890625,3955.31005859375,3914.159912109375,3916.47998046875,4316260000,0.007025118077311765,1,1,27.489990234375,41.150146484375,0.008192436280609616,0.012125520161412884,3890.1365234375,3864.8486181640624,3520.550457763672,3919.5917399779137,3895.2205508852007,24.37118909271294,21.185016330194433,3.186172762518506,57.81772037251519,3890.1365234375,4008.3609310382544,3771.912115836745,236.4488152015092,5727141000.0,0.7536500323634427,-28.349853515625,119.239990234375,64.090087890625,-0.7142928321959001,3.120362887124854
2021-03-23,3910.52001953125,3949.1298828125,3901.570068359375,3937.60009765625,4669010000,-0.007630854183940605,-1,0,-30.070068359375,47.559814453125,0.008657977863988307,0.012273333345171075,3891.5940185546874,3866.565419921875,3524.133408203125,3918.196090678427,3896.353844858982,21.842245819444997,21.316462228044546,0.525783591400451,60.57980001991267,3891.5940185546874,4010.081816122059,3773.1062209873157,236.97559513474334,5645761000.0,0.8269939163205811,-52.18994140625,35.080078125,29.14990234375,-1.3170265278234716,0.9051895695813769
2021-03-24,3889.139892578125,3942.080078125,3889.070068359375,3919.929931640625,4783020000,-0.00546733601831495,-1,0,-21.380126953125,53.010009765625,0.008121078007980656,0.012061118882188495,3889.7795166015626,3868.356015625,3527.417158203125,3913.725906355304,3895.8194780233625,17.906428331941243,20.634455448823886,-2.728027116882643,65.11207537570445,3889.7795166015626,4007.1922001197127,3772.3668330834125,234.82536703630012,5584272500.0,0.8565162248081554,-84.980224609375,-9.670166015625,-36.2900390625,-2.138340616375628,-0.24802865157049747
2021-03-25,3909.52001953125,3919.5400390625,3853.5,3879.340087890625,4948340000,0.005240265846959469,1,1,20.380126953125,66.0400390625,0.006420387118482569,0.010690675508013678,3893.7885131835938,3870.5226171875,3530.9288586425782,3913.0788468439105,3896.834332949873,16.244513894037482,19.756467137866608,-3.511953243829126,59.76138889829265,3893.7885131835938,4007.9422216860016,3779.634804681186,228.30741700481576,5504316000.0,0.898992717714608,-5.93994140625,-29.820068359375,80.179931640625,-0.151704817965442,-0.7569813139779605
2021-03-26,3974.5400390625,3978.18994140625,3917.1201171875,3917.1201171875,5483160000,0.016631202604519668,1,1,65.02001953125,61.06982421875,0.00989461221619148,0.011135651920005625,3901.9580200195314,3873.8166162109374,3534.850859375,3922.5344148775393,3902.5903111804378,19.944103697101582,19.793994449713605,0.15010924738797726,69.61005289219418,3901.9580200195314,4014.586361432137,3789.329678606926,225.2566828252111,5452170500.0,1.0056838831434196,61.43994140625,31.199951171875,163.39013671875,1.570109117399001,0.7912061977024281
2021-03-29,3971.090087890625,3981.830078125,3943.25,3969.31005859375,4628180000,-0.0008680126852336212,-1,0,-3.449951171875,38.580078125,0.009752355949043709,0.009912559839319846,3905.421520996094,3877.3276171875,3539.695809326172,3930.004518418014,3907.6643687145256,22.34014970348835,20.303225500468557,2.036924203019794,64.06824868916871,3905.421520996094,4022.2153002298705,3788.6277417623173,233.5875584675532,5427838500.0,0.8526745959740696,30.5,2.150146484375,69.27001953125,0.7739957549435565,0.05417432654859407
2021-03-30,3958.550048828125,3968.010009765625,3944.35009765625,3963.340087890625,4121510000,-0.0031578329337678124,-1,0,-12.5400390625,23.659912109375,0.008860445916051904,0.0097366700321539,3909.834521484375,3881.1336181640627,3544.2820092773436,3934.3961384811078,3911.43367835257,22.962460128537714,20.835072426082387,2.1273877024553265,59.07570561622222,3909.834521484375,4027.7039100394686,3791.965132929281,235.73877711018758,5357113500.0,0.7693527493864,48.030029296875,-4.159912109375,88.260009765625,1.2282261452949246,-0.10497644668374481
2021-03-31,3972.889892578125,3994.409912109375,3966.97998046875,3967.25,4578050000,0.0036224990395776757,1,1,14.33984375,27.429931640625,0.007676735781368129,0.009149549722987501,3917.493017578125,3884.6132177734376,3548.8135083007815,3940.318254496033,3915.9859905174258,24.332263978607443,21.5345107365874,2.7977532420200433,55.53754748944634,3917.493017578125,4030.513706802033,3804.472328354217,226.041378447816,5277333000.0,0.8674931068401407,83.75,-1.230224609375,153.169921875,2.153432437846349,-0.030955898993954786
2021-04-01,4019.8701171875,4020.6298828125,3992.780029296875,3992.780029296875,4162130000,0.011825201774944727,1,1,46.980224609375,27.849853515625,0.008409597803333063,0.008636460307757492,3930.063024902344,3887.9736181640624,3553.2891589355468,3952.557002602413,3923.681111011505,28.87589159090794,23.002786907451508,5.873104683456432,61.06211741688776,3930.063024902344,4028.2444490827856,3831.881600721902,196.36284836088362,5125669500.0,0.8120168497012927,110.35009765625,104.41015625,251.400146484375,2.8225996312836616,2.6666127936856876
2021-04-05,4077.909912109375,4083.419921875,4034.43994140625,4034.43994140625,4005030000,0.014438226417743616,1,1,58.039794921875,48.97998046875,0.007720052931332275,0.008199307539478649,3941.8615234375,3892.4704150390626,3558.111258544922,3971.842065603484,3935.105466648384,36.73659895509991,25.749549316981188,10.98704963811872,64.40067031333987,3941.8615234375,4051.499199554158,3832.223847320842,219.27535223331597,4983367500.0,0.8036794396560157,103.369873046875,164.809814453125,235.969970703125,2.600800898492332,4.211745427923956
2021-04-06,4073.93994140625,4086.22998046875,4068.139892578125,4075.570068359375,4081270000,-0.0009735307519511682,-1,0,-3.969970703125,18.090087890625,0.007740808108134955,0.008020199747378555,3954.491015625,3897.119814453125,3562.9042578125,3987.5494311116017,3945.3895018156336,42.15992929596814,29.03162531277858,13.12830398318956,64.78766814717105,3954.491015625,4063.8707197042977,3845.111311545702,218.75940815859576,4893845500.0,0.8339597153199871,102.849853515625,133.349853515625,252.58984375,2.589965254861722,3.384007230932421
2021-04-07,4079.949951171875,4083.1298828125,4068.31005859375,4074.2900390625,4120810000,0.001475232784985625,1,1,6.010009765625,14.81982421875,0.006705645938717161,0.007601913183174186,3964.716516113281,3901.611611328125,3567.8153076171875,4001.764895736259,3955.3569425086885,46.40795322757049,32.506890895736966,13.901062331833522,64.27470136931808,3964.716516113281,4080.9995405112913,3848.433491715271,232.56604879602037,4824208000.0,0.8541940977669288,121.39990234375,169.429931640625,204.510009765625,3.0667769977971804,4.332670099996941
2021-04-08,4097.169921875,4098.18994140625,4082.5400390625,4089.949951171875,3907100000,0.0042206328286402695,1,1,17.219970703125,15.64990234375,0.006656051608593369,0.007569660512544773,3974.6345092773436,3906.562607421875,3572.7118566894533,4016.4425920652957,3965.861607646934,50.58098441836182,36.12170960026194,14.459274818099885,77.59452709757024,3974.6345092773436,4100.676428087179,3848.5925904675073,252.08383761967207,4727194000.0,0.8265156877420304,124.280029296875,208.030029296875,198.35986328125,3.1282022068883975,5.348998365779307
2021-04-09,4128.7998046875,4129.47998046875,4095.510009765625,4096.10986328125,3640390000,0.007719934348738189,1,1,31.6298828125,33.969970703125,0.0060101034675965285,0.007445620660547042,3984.1074951171877,3914.123203125,3577.6994055175783,4033.7283170840965,3977.9311037240127,55.79721336008379,40.05681035222631,15.74040300785748,80.08196129650841,3984.1074951171877,4126.410121549619,3841.8048686847555,284.6052528648638,4643569500.0,0.783963715844029,108.9296875,219.27978515625,189.459716796875,2.7097812696548664,5.6088671770644
2021-04-12,4127.990234375,4131.759765625,4114.81982421875,4124.7099609375,3588900000,-0.00019607884876882142,-1,0,-0.8095703125,16.93994140625,0.0035559743024279633,0.007462196744948457,3993.3400024414063,3920.93541015625,3583.087706298828,4048.2301505134665,3989.0465948833453,59.18355563012119,43.88215940780529,15.301396222315901,78.23655565896492,3993.3400024414063,4147.9349948093895,3838.7450100734236,309.18998473596594,4599200500.0,0.7803312771426251,50.080322265625,153.4501953125,184.650146484375,1.2280879996125273,3.860829021833059
2021-04-13,4141.58984375,4148.0,4124.43017578125,4130.10009765625,3734720000,0.0032944868090414303,1,1,13.599609375,23.56982421875,0.0029973203524304433,0.007402057081407924,4001.9724975585937,3929.4824072265624,3588.37685546875,4062.593180242164,4000.346094799394,62.247085442770185,47.555144614798266,14.69194082797192,86.63481844812317,4001.9724975585937,4169.565619161265,3834.379375955922,335.1862432053431,4540931500.0,0.8224568020900558,67.64990234375,170.499755859375,172.64990234375,1.6605522741309358,4.293525255931465
2021-04-14,4124.66015625,4151.68994140625,4120.8701171875,4141.580078125,3985350000,-0.004087726727828533,-1,0,-16.9296875,30.81982421875,0.004500743258828749,0.007489681876425083,4010.0700073242188,3936.498408203125,3593.9549060058594,4072.1419457818315,4009.5545437957353,62.58740198609621,50.56159608905786,12.025805897038353,87.87489507452948,4010.0700073242188,4185.157792804396,3834.9822218440413,350.1755709603549,4509545000.0,0.8837587827596798,44.710205078125,166.110107421875,161.9501953125,1.0958518024291692,4.196236131233193
2021-04-15,4170.419921875,4173.490234375,4139.759765625,4139.759765625,4033420000,0.01109419052516647,1,1,45.759765625,33.73046875,0.006056717495124931,0.007759044493782907,4019.8849975585936,3943.38060546875,3599.5408056640626,4087.26163441155,4021.470497727533,65.79113668401715,53.60750420804972,12.183632475967428,88.78994800642914,4019.8849975585936,4208.010235684833,3831.7597594323543,376.2504762524786,4483133000.0,0.8996877853054995,73.25,197.530029296875,196.2998046875,1.787819431381513,4.9719482451775665
2021-04-16,4185.47021484375,4191.31005859375,4170.75,4174.14013671875,4163820000,0.0036088195555097347,1,1,15.05029296875,20.56005859375,0.0056145608946267305,0.006618994737584584,4033.3855102539064,3950.486611328125,3604.966706542969,4102.370646785735,4033.6186249213265,68.7520218644081,56.6364077393214,12.115614125086708,86.83358316237523,4033.3855102539064,4228.578450616209,3838.1925698916043,390.3858807246047,4435394500.0,0.9387710608379931,56.67041015625,165.60009765625,270.01025390625,1.3725637676089568,4.11953851315256
2021-04-19,4163.259765625,4180.81005859375,4150.47021484375,4179.7998046875,3810290000,-0.005306560094486046,-1,0,-22.21044921875,30.33984375,0.006652524529697003,0.006846882437255339,4045.8934936523438,3956.3170068359377,3610.2037048339844,4111.738203530237,4043.221672380858,68.51653114937926,59.012432421332974,9.504098728046287,81.49402430290203,4045.8934936523438,4240.6922278939255,3851.094759410762,389.59746848316354,4238038000.0,0.8990693334981895,35.26953125,85.349853515625,250.15966796875,0.8543995806070505,2.092980358937753
2021-04-20,4134.93994140625,4159.18017578125,4118.3798828125,4159.18017578125,4342650000,-0.006802319771775922,-1,0,-28.31982421875,40.80029296875,0.007529925630429953,0.007124856164045756,4055.610986328125,3961.2792041015623,3615.2283544921875,4115.307701665008,4050.0156182345904,65.29208343041728,60.268362623149834,5.023720807267445,77.48628715820614,4055.610986328125,4247.662496364571,3863.5594762916794,384.10302007289147,4239357500.0,1.0243651308010706,-6.64990234375,61.0,194.349853515625,-0.16056400065267812,1.497322024313984
2021-04-21,4173.419921875,4175.02001953125,4126.35009765625,4128.419921875,3887250000,0.009306055472153574,1,1,38.47998046875,48.669921875,0.008197797888497815,0.006867498192046867,4068.7559814453125,3966.43580078125,3620.1968542480467,4124.248043235775,4059.15667776351,65.09136547226535,61.23296319297294,3.858402279292413,79.06156216188293,4068.7559814453125,4254.89102332597,3882.6209395646547,372.2700837613156,4200269500.0,0.9254763295545678,48.759765625,93.469970703125,262.89990234375,1.182152317473125,2.290958757380782
2021-04-22,4134.97998046875,4179.56982421875,4123.68994140625,4170.4599609375,4245140000,-0.009210657476561801,-1,0,-38.43994140625,55.8798828125,0.007822498366459896,0.007163116807899452,4081.047985839844,3970.91080078125,3625.145153808594,4125.899110502387,4064.773218704639,61.125891797747954,61.21154891392794,-0.08565711617998772,67.10558012909817,4081.047985839844,4248.801888830974,3913.294082848713,335.5078059822613,4173375500.0,1.0171957927102413,-35.43994140625,37.81005859375,245.840087890625,-0.8497931160446879,0.9228335488816356
2021-04-23,4180.169921875,4194.169921875,4138.77978515625,4138.77978515625,3569880000,0.010928696540176919,1,1,45.18994140625,55.39013671875,0.0095534165372897,0.007362980314042191,4094.5804809570313,3976.3166015625,3630.1963037109376,4134.248466098174,4073.3211226431845,60.92734345498911,61.15470782214018,-0.22736436715106834,65.7994497349388,4094.5804809570313,4247.042564835068,3942.118397078994,304.92416775607444,4104452500.0,0.8697579031551711,-5.30029296875,51.3701171875,270.64990234375,-0.1266355438381221,1.2441900701791981
2021-04-26,4187.6201171875,4194.18994140625,4182.35986328125,4185.02978515625,3748320000,0.001782270924804541,1,1,7.4501953125,11.830078125,0.009125700228871075,0.006672544643459926,4105.234484863281,3981.74140625,3635.3741540527344,4142.459489342686,4081.7877148316525,60.67177451103316,61.05812115991878,-0.3863466488856133,67.37702250637781,4105.234484863281,4252.052505829471,3958.4164638970915,293.63604193237916,4017710500.0,0.9329492505744255,24.3603515625,59.6298828125,213.080078125,0.5851268701424148,1.4445257722739813
2021-04-27,4186.72021484375,4193.35009765625,4176.22021484375,4188.25,3710700000,-0.00021489588801437698,-1,0,-0.89990234375,17.1298828125,0.00809921194254972,0.006656072753364645,4116.0159912109375,3986.779208984375,3640.3825549316407,4149.268831727465,4089.560492610326,59.708339117139076,60.788164751362835,-1.0798256342237593,66.57979917611101,4116.0159912109375,4252.674737113844,3979.3572453080315,273.3174918058121,3971836500.0,0.9342529582977547,51.7802734375,45.13037109375,215.630126953125,1.2522618023779584,1.0896871200767368
2021-04-28,4183.18017578125,4201.52978515625,4181.77978515625,4185.14013671875,3787360000,-0.0008455399168898481,-1,0,-3.5400390625,19.75,0.007194088365711688,0.006569060445033396,4127.247497558594,3991.7910107421876,3645.5223559570313,4154.485961581893,4096.49528395632,57.99067762557297,60.228667326204864,-2.2379897006318927,63.94870584732435,4127.247497558594,4245.0356489889655,4009.459346128222,235.57630286074345,3955129000.0,0.957581914521625,9.76025390625,58.52001953125,224.630126953125,0.2338670464261596,1.4187840286084175
2021-04-29,4211.47021484375,4218.77978515625,4176.81005859375,4206.14013671875,4298680000,0.006762806734045723,1,1,28.2900390625,41.9697265625,0.005032379270016406,0.006627429552087451,4139.176513671875,3997.3938134765626,3650.5921069335936,4163.252769776025,4105.011945503537,58.24082427248777,59.83109871546145,-1.59027444297368,63.553893274968495,4139.176513671875,4237.929686375653,4040.4233409680974,197.50634540755527,3941160500.0,1.090714270580962,76.490234375,41.05029296875,238.580322265625,1.8498332455367514,0.9843203739131859
2021-04-30,4181.169921875,4198.10009765625,4174.85009765625,4198.10009765625,4300880000,-0.007194706699326425,-1,0,-30.30029296875,23.25,0.0050353786991581195,0.006650080547754705,4147.24150390625,4002.7378125,3655.36515625,4166.009254714329,4110.653277086609,55.35597762771977,58.93607449791312,-3.5800968701933513,57.95008277686451,4147.24150390625,4230.023967160201,4064.4590406522984,165.56492650790278,3948098000.0,1.089354924827094,1.0,-4.30029296875,161.2998046875,0.02392247249966943,-0.10274336569160215
2021-05-03,4192.66015625,4209.39013671875,4188.02978515625,4191.97998046875,4070220000,0.002748090747253684,1,1,11.490234375,21.3603515625,0.005135588964465741,0.005978164109334561,4152.979016113281,4008.45681640625,3660.250606689453,4170.1093934121245,4116.7278607283415,53.38153268378301,57.8251661350871,-4.443633451304095,57.68319880585436,4152.979016113281,4231.315739355393,4074.64229287117,156.67344648422295,3951357500.0,1.0300814340388083,5.0400390625,29.400390625,114.750244140625,0.12035568942402072,0.7061867930450008
2021-05-04,4164.66015625,4179.0400390625,4128.58984375,4179.0400390625,4452460000,-0.006678337608227225,-1,0,-28.0,50.4501953125,0.006019603244485655,0.006228505872107815,4157.515026855469,4014.22001953125,3664.9502575683596,4169.271049233336,4120.278401137353,48.992648095982986,56.058662527266286,-7.0660144312833,55.823757404105635,4157.515026855469,4226.533432218803,4088.496621492135,138.03681072666768,3969917000.0,1.1215498963832242,-22.06005859375,29.72021484375,90.72021484375,-0.5269054883471187,0.7187580778656355
2021-05-05,4167.58984375,4187.72021484375,4160.93994140625,4177.06005859375,4230920000,0.0007034637617677753,1,1,2.9296875,26.7802734375,0.0060718453596667575,0.006228581372855837,4161.897021484375,4019.9444140625,3669.5290063476564,4169.0124022359,4123.782952441994,45.22944979390559,53.89281998059415,-8.66337018668856,49.52924741313494,4161.897021484375,4220.526885898636,4103.267157070114,117.25972882852147,3975422500.0,1.0642692694927394,-15.59033203125,-5.830078125,87.639892578125,-0.37269090443464703,-0.1396954592189877
2021-05-06,4201.6201171875,4202.7001953125,4147.330078125,4169.14013671875,4511000000,0.008165456466051824,1,1,34.0302734375,55.3701171875,0.00652049851885536,0.006393493647808642,4167.11953125,4025.4682177734376,3674.250606689453,4174.028973766915,4129.548668349069,44.480305417846466,52.010317068044614,-7.530011650198148,52.52681132072588,4167.11953125,4219.776863421454,4114.462199078546,105.31466434290815,4005617500.0,1.126168437201006,-9.85009765625,66.64013671875,104.4501953125,-0.2338873873910432,1.6116193314966312
2021-05-07,4232.60009765625,4238.0400390625,4201.64013671875,4210.33984375,4016080000,0.007373341616968343,1,1,30.97998046875,36.39990234375,0.005986876492293008,0.006375560776901713,4172.309545898437,4033.53341796875,3679.033507080078,4183.039915903736,4137.182107557009,45.857808346727325,50.77981532378116,-4.922006977053833,60.55921634760522,4172.309545898437,4229.343889367981,4115.275202428893,114.06868693908837,4024402000.0,0.9979321151316395,51.43017578125,52.43017578125,103.80029296875,1.2300427091512869,1.2542594382797874
2021-05-10,4188.43017578125,4236.39013671875,4188.1298828125,4228.2900390625,4560700000,-0.010435647322188157,-1,0,-44.169921875,48.26025390625,0.008289853062307036,0.006889216925406765,4175.33154296875,4041.0790234375,3683.7973583984376,4183.869186654123,4140.978260758804,42.890925895319015,49.20203743808873,-6.311111542769716,57.77044184865414,4175.33154296875,4228.769902144842,4121.893183792658,106.87671835218316,4072992000.0,1.1197419489161775,-4.22998046875,0.81005859375,60.43994140625,-0.10089013445185549,0.019344127955284864
2021-05-11,4152.10009765625,4162.0400390625,4111.52978515625,4150.33984375,4870710000,-0.00867391280271812,-1,0,-36.330078125,50.51025390625,0.008718241302298731,0.007170583363546995,4175.8570556640625,4046.0846240234373,3688.4797094726564,4178.981634500604,4141.802100528986,37.179533971618184,46.79753674479462,-9.618002773176435,46.88343595065803,4175.8570556640625,4228.0914486745705,4123.6226626535545,104.46878602101606,4129791500.0,1.1794082098333536,-12.56005859375,-34.6201171875,10.51025390625,-0.3015866390658752,-0.8269030508596342
2021-05-12,4063.0400390625,4134.72998046875,4056.8798828125,4130.5498046875,4733070000,-0.021449400664502738,-1,0,-89.06005859375,77.85009765625,0.012649658342592502,0.008615995474487416,4172.776049804687,4049.9396240234373,3692.597860107422,4161.144465971665,4135.967873753691,25.176592217974758,42.47334783943065,-17.296755621455894,40.83942554363573,4172.776049804687,4242.174602642232,4103.377496967143,138.79710567508846,4167177500.0,1.1357975512202203,-104.5498046875,-120.14013671875,-61.6201171875,-2.50863949206254,-2.8719809252852144
2021-05-13,4112.5,4131.580078125,4074.989990234375,4074.989990234375,4779540000,0.012173141406923493,1,1,49.4599609375,56.590087890625,0.013770103314361983,0.008696839620878813,4169.880053710937,4055.795224609375,3697.0681604003908,4153.660701976025,4134.229512734899,19.43118924112605,37.86491611976973,-18.433726878643682,41.47585107403735,4169.880053710937,4244.341871364758,4095.4182360571167,148.92363530764123,4204483500.0,1.136772209951591,-89.1201171875,-98.97021484375,-57.919921875,-2.121089358434328,-2.3500157853406995
2021-05-14,4173.85009765625,4183.1298828125,4129.580078125,4129.580078125,4008880000,0.014917956876899785,1,1,61.35009765625,53.5498046875,0.015641854367439412,0.009333550481976573,4169.299047851562,4063.9028271484376,3701.6452111816407,4156.766762849906,4137.164370877221,19.602391972684927,34.212411290352776,-14.610019317667849,48.47281655711409,4169.299047851562,4243.429271303744,4095.1688243993804,148.26044690436356,4196736500.0,0.9552374803612284,-58.75,-7.31982421875,-11.6201171875,-1.3880356906983036,-0.17506641336086873
2021-05-17,4163.2900390625,4171.919921875,4142.68994140625,4169.919921875,4125050000,-0.0025300521932207776,-1,0,-10.56005859375,29.22998046875,0.015052057680730363,0.009272443254944888,4169.300561523438,4070.3298291015626,3706.2305615234377,4157.77034380569,4139.0996055576115,18.670738248078123,31.104076681897848,-12.433338433819724,47.45595571979196,4169.300561523438,4243.430266982075,4095.170856064801,148.25941091727464,4212474500.0,0.9792462838647451,-25.14013671875,-29.3701171875,0.0302734375,-0.6002281442846475,-0.7005127077547165
2021-05-18,4127.830078125,4169.14990234375,4125.990234375,4165.93994140625,4398150000,-0.008517292959364653,-1,0,-35.4599609375,43.15966796875,0.015032538344917343,0.009346694228638026,4168.945068359375,4076.4594287109376,3710.514111328125,4153.164149085584,4138.264825747789,14.899323337795067,27.86312601307729,-12.963802675282224,44.37968103746615,4168.945068359375,4243.832892005629,4094.0572447131212,149.77564729250798,4215249500.0,1.0433901955269789,-24.27001953125,-36.830078125,-7.10986328125,-0.5845239507821542,-0.8843477437103305
2021-05-19,4115.68017578125,4116.93017578125,4061.409912109375,4098.4501953125,4247450000,-0.002943411456817757,-1,0,-12.14990234375,55.520263671875,0.010295826012963518,0.009099804857259657,4166.058081054687,4081.2642333984377,3714.6194616699217,4147.39738396184,4136.59188871323,10.805495248609986,24.451599860183833,-13.646104611573847,39.943736018585156,4166.058081054687,4244.5830548537315,4087.5331072556423,157.04994759808915,4233259500.0,1.0033521450787508,52.64013671875,-51.90966796875,-57.73974609375,1.2955849859381674,-1.2455560627348503
2021-05-20,4159.1201171875,4172.7998046875,4121.97021484375,4121.97021484375,3978880000,0.010554741756143349,1,1,43.43994140625,50.82958984375,0.009939694749503748,0.00919474781134616,4167.265087890625,4086.4704345703126,3718.882512207031,4149.200881381173,4138.260646377991,10.940235003181442,21.749326888783358,-10.809091885601916,47.74730822338753,4167.265087890625,4244.510376446962,4090.019799334288,154.49057711267415,4219946500.0,0.9428745127456,46.6201171875,-42.5,24.14013671875,1.1336198708206686,-1.0115145780587333
2021-05-21,4155.85986328125,4188.72021484375,4151.72021484375,4168.60986328125,3995250000,-0.0007838806801412357,-1,0,-3.26025390625,37.0,0.007001154427256788,0.008850824675537813,4166.049584960938,4090.800830078125,3723.0229614257814,4150.225340135031,4139.564292074529,10.661048060502253,19.531671123127136,-8.870623062624883,46.176038122414276,4166.049584960938,4243.204875846822,4088.894294075054,154.31058177176783,4241215000.0,0.9420060053545977,-17.990234375,-76.740234375,-24.31005859375,-0.4310225320526506,-1.813075476171112
2021-05-24,4197.0498046875,4209.52001953125,4170.16015625,4170.16015625,3684800000,0.009911292190138532,1,1,41.18994140625,39.35986328125,0.008335770232245134,0.009131473303778751,4166.521069335938,4095.8750244140624,3727.262410888672,4157.429103912334,4143.822478194008,13.606625718325631,18.346662042166834,-4.740036323841203,53.27585014864638,4166.521069335938,4244.343728250794,4088.698410421081,155.6453178297129,4238039000.0,0.8694587284354863,33.759765625,8.61962890625,9.4296875,0.810891513880741,0.20579617051016538
2021-05-25,4188.1298828125,4213.419921875,4182.52001953125,4205.93994140625,4182250000,-0.0021252837802967495,-1,0,-8.919921875,30.89990234375,0.006721618599257923,0.009145495966121608,4166.591552734375,4100.258823242188,3731.44666015625,4162.1523006662055,4147.1045081657485,15.047792500457035,17.686888133824876,-2.639095633367841,52.05252464532397,4166.591552734375,4244.493752723816,4088.6893527449333,155.80439997888288,4261616500.0,0.9813764330976286,60.2998046875,36.02978515625,1.40966796875,1.4608112142758118,0.8677484720705037
2021-05-26,4195.990234375,4202.60986328125,4184.10986328125,4191.58984375,4420890000,0.0018768165702687245,1,1,7.8603515625,18.5,0.005974035407025592,0.009151618720286362,4167.2320556640625,4104.924428710938,3735.6242614746093,4167.358136621405,4150.725673070137,16.632463551267392,17.47600321731338,-0.843539666045988,49.40636899650103,4167.2320556640625,4245.9152589980085,4088.5488523301165,157.36640666789208,4293293000.0,1.0297200773392359,80.31005859375,132.9501953125,12.81005859375,1.9513192270462394,3.272185211917743
2021-05-27,4200.8798828125,4213.3798828125,4197.77978515625,4201.93994140625,6406310000,0.0011653145418315525,1,1,4.8896484375,15.60009765625,0.004692227195836764,0.009024831594980916,4166.7025390625,4109.459624023438,3739.9602111816407,4172.515328343112,4154.4407997177195,18.074528625392304,17.595708298929164,0.4788203264631399,46.46058826926618,4166.7025390625,4244.266807287814,4089.1382708371866,155.1285364506275,4398674500.0,1.4564182914648491,41.759765625,88.3798828125,-10.59033203125,1.004052887350582,2.1490549012158056
2021-05-28,4204.10986328125,4218.35986328125,4203.56982421875,4210.77001953125,4649250000,0.0007688818911402162,1,1,3.22998046875,14.7900390625,0.004508989373361458,0.008869071223366285,4167.849536132812,4115.232622070313,3744.0790100097656,4177.376026025902,4158.119989611314,19.25603641458838,17.927773922061007,1.3282624925273723,51.92549384551917,4167.849536132812,4246.977301297084,4088.7217709685415,158.25553032854214,4416093000.0,1.0527971217997447,48.25,30.259765625,22.93994140625,1.1610112368395482,0.724984484756456
2021-06-01,4202.0400390625,4234.1201171875,4197.58984375,4216.52001953125,5074670000,-0.0004923335226864056,-1,0,-2.06982421875,36.5302734375,0.0015768610090323057,0.008851789569720962,4168.318530273437,4121.011420898438,3748.222060546875,4181.170489569994,4161.373326607698,19.79716296229617,18.30165173010804,1.4955112321881288,56.696159088855694,4168.318530273437,4248.173319279738,4088.463741267137,159.70957801260147,4466315500.0,1.1362094773645077,4.990234375,38.75,9.3798828125,0.11889862182303929,0.9307542745382644
2021-06-02,4208.1201171875,4217.3701171875,4198.27001953125,4206.81982421875,5833670000,0.0014469348384307246,1,1,6.080078125,19.10009765625,0.0009035173682770904,0.00870722565213733,4170.491528320313,4126.362021484375,3752.3984106445314,4185.316586126533,4164.836051835831,20.480534290702053,18.737428242226844,1.7431060484752088,75.02071558013729,4170.491528320313,4252.26925532859,4088.7138013120352,163.55545401655445,4535376000.0,1.2862593972363041,19.990234375,80.2900390625,43.4599609375,0.4773069349409896,1.9450907024489354
2021-06-03,4192.85009765625,4204.39013671875,4167.93017578125,4191.43017578125,5587970000,-0.0036287033416374515,-1,0,-15.27001953125,36.4599609375,0.0020822551448168233,0.008757088543082606,4171.754541015625,4132.008623046875,3756.4527111816406,4186.475587900336,4166.911166341048,19.56442155928835,18.902826905639145,0.6615946536492032,65.70994873361528,4171.754541015625,4254.121711075669,4089.387370955582,164.73434012008693,4603228500.0,1.21392409696803,-3.14013671875,77.169921875,25.26025390625,-0.07483660693547178,1.8750223190107669
2021-06-04,4229.89013671875,4233.4501953125,4206.0498046875,4206.0498046875,4139790000,0.008834095710505974,1,1,37.0400390625,27.400390625,0.0045971203949286025,0.008789756824269971,4173.168041992188,4138.823627929687,3760.65326171875,4193.154749257015,4171.576275257914,21.578473999101334,19.437956324331584,2.1405176747697503,62.107868373745646,4173.168041992188,4258.60623262703,4087.729851357345,170.87638126968523,4584668000.0,0.9029639659840145,29.01025390625,70.77001953125,28.27001953125,0.6905756583267875,1.7015622905141397
2021-06-07,4226.52001953125,4232.33984375,4215.66015625,4229.33984375,4476920000,-0.0007967387044511831,-1,0,-3.3701171875,16.6796875,0.004701771991891169,0.00863575326249747,4172.864038085938,4145.163627929687,3764.911611328125,4198.287867760744,4175.646182241124,22.641685519620296,20.078702163389327,2.562983356230969,64.09935913488654,4172.864038085938,4257.45085663029,4088.277219541586,169.17363708870425,4607710000.0,0.9716149670877724,22.41015625,70.66015625,-6.080078125,0.5330535352020792,1.7002535834836943
2021-06-08,4227.259765625,4236.740234375,4208.41015625,4233.81005859375,4659620000,0.00017502486450582388,1,1,0.73974609375,28.330078125,0.004655483920595896,0.008281936403332026,4174.805517578125,4150.218022460937,3769.1203601074217,4202.745082816784,4179.469410639929,23.27567217685464,20.71809616608239,2.5575760107722516,76.23339413989632,4174.805517578125,4262.617662246873,4086.9933729093764,175.62428933749652,4612656000.0,1.0101815526672702,25.2197265625,30.2099609375,38.82958984375,0.6001781593715293,0.7197903847545442
2021-06-09,4219.5498046875,4237.08984375,4218.740234375,4232.990234375,4713260000,-0.0018238673194856947,-1,0,-7.7099609375,18.349609375,0.004839352788521554,0.008020344142928702,4178.178002929688,4155.187216796875,3773.2323095703123,4205.330424643048,4182.438328717527,22.892095925521062,21.152896117970126,1.7391998075509356,78.06228118082544,4178.178002929688,4267.486648771494,4088.8693570878813,178.61729168361308,4604783500.0,1.023557350741897,11.4296875,31.419921875,67.44970703125,0.2716102958496118,0.7502136455687053
2021-06-10,4239.18017578125,4249.740234375,4220.33984375,4228.56005859375,4408210000,0.004652243012262192,1,1,19.63037109375,29.400390625,0.004452439354401329,0.0060958043071499554,4186.985009765625,4160.799819335937,3777.2718103027346,4210.53807866431,4186.641428500025,23.896650164285347,21.70164692723317,2.195003237052177,74.82324585706456,4186.985009765625,4262.098130822682,4111.871888708569,150.22624211411312,4588540500.0,0.9606998129361612,46.330078125,43.18994140625,176.14013671875,1.1049781663050136,1.0293146312025012
2021-06-11,4247.43994140625,4248.3798828125,4232.25,4242.89990234375,3815010000,0.0019484346695590737,1,1,8.259765625,16.1298828125,0.002548465987120886,0.005620446581492804,4193.732006835938,4166.2908203125,3781.290909423828,4216.215288316916,4191.145022048634,25.070266268281557,22.375370795442848,2.6948954728387093,77.54126284875184,4193.732006835938,4264.807581478972,4122.656432192904,142.15114928606818,4540314000.0,0.8402524583101522,17.5498046875,46.56005859375,134.93994140625,0.4148997756502938,1.1083406308341748
2021-06-14,4255.14990234375,4255.58984375,4234.06982421875,4248.31005859375,4151200000,0.0018152018730952513,1,1,7.7099609375,21.52001953125,0.0023944356342705296,0.004674075745702834,4197.7969970703125,4170.996416015625,3785.173009033203,4222.205228936428,4195.886124292717,26.3191046437114,23.16411756509656,3.1549870786148375,71.87836709777775,4197.7969970703125,4273.249508298231,4122.344485842394,150.90502245583775,4547430000.0,0.912867267885377,28.6298828125,51.0400390625,81.2998046875,0.6773866604250759,1.2140510291675382
2021-06-15,4246.58984375,4257.16015625,4238.35009765625,4255.27978515625,4048940000,-0.0020116937805257917,-1,0,-8.56005859375,18.81005859375,0.0028245469098062467,0.004655013296537209,4201.961987304688,4174.370014648437,3788.9832080078127,4225.956708138516,4199.641955363627,26.314752774888802,23.79424460705501,2.5205081678337926,72.0737031519639,4201.961987304688,4278.581629905692,4125.342344703683,153.23928520200934,4543624500.0,0.8911255760681808,19.330078125,44.5498046875,83.2998046875,0.4572720674084728,1.0601946738574943
2021-06-16,4223.7001953125,4251.89013671875,4202.4501953125,4248.8701171875,4538350000,-0.005390124612855707,-1,0,-22.8896484375,49.43994140625,0.003925220113178722,0.004361745392568746,4206.7554931640625,4177.365219726563,3792.561658935547,4225.609552319129,4201.424047211692,24.185505107437166,23.872496707131443,0.31300840030572274,59.39644210135905,4206.7554931640625,4275.431178762143,4138.079807565982,137.35137119616047,4550634500.0,0.9973004863387732,4.150390625,15.580078125,95.8701171875,0.09836098202678704,0.3702384364306824
2021-06-17,4221.85986328125,4232.2900390625,4196.0498046875,4220.3701171875,5312680000,-0.00043571559205179966,-1,0,-1.84033203125,36.240234375,0.003043937857144774,0.0042727861629702265,4212.064477539063,4180.20341796875,3796.1694079589843,4225.032677082532,4202.937811364992,22.094865717540415,23.516970509213238,-1.4221047916728224,57.26454108632508,4212.064477539063,4265.911011458922,4158.217943619204,107.69306783971842,4603896000.0,1.1539530866900556,-17.3203125,29.009765625,106.1796875,-0.4085769366197791,0.6918865437430279
2021-06-18,4166.4501953125,4204.77978515625,4164.39990234375,4204.77978515625,6817010000,-0.013124468779900589,-1,0,-55.40966796875,40.3798828125,0.005820585129502286,0.004814744667315168,4212.430981445313,4181.5890234375,3799.3684094238283,4216.019987579451,4200.235024990733,15.784962588717462,21.970568925114083,-6.185606336396621,40.42126703014195,4212.430981445313,4264.840813226562,4160.021149664063,104.81966356249904,4745802500.0,1.4364293499360752,-80.98974609375,-63.43994140625,7.330078125,-1.9067896712139445,-1.4998011616316405
2021-06-21,4224.7900390625,4226.240234375,4173.39990234375,4173.39990234375,4128950000,0.014002289962720793,1,1,58.33984375,52.84033203125,0.00989846563591537,0.005721804531800634,4215.877490234375,4183.508828125,3802.5881591796874,4217.36922626915,4202.053914921975,15.315311347175339,20.639517409526334,-5.324206062350996,54.49872160297855,4215.877490234375,4261.2116673221,4170.54331314665,90.66835417545008,4752487500.0,0.8687976559643765,-30.35986328125,-1.72998046875,68.93017578125,-0.7134851645185917,-0.04093155742207668
2021-06-22,4246.43994140625,4255.83984375,4217.27001953125,4224.60986328125,3828390000,0.005124491902218642,1,1,21.64990234375,38.56982421875,0.010293362972012292,0.00541415902985995,4218.346997070313,4185.877822265625,3806.54505859375,4221.84164398255,4205.341768735625,16.499875246924603,19.81158897700599,-3.3117137300813866,57.138049526761655,4218.346997070313,4264.731553384893,4171.962440755732,92.7691126291611,4759667000.0,0.8043398834414256,-0.14990234375,19.18017578125,49.39013671875,-0.003529946363212394,0.4537259795865469
2021-06-23,4241.83984375,4256.60009765625,4241.43017578125,4249.27001953125,3730350000,-0.0010832833431588806,-1,0,-4.60009765625,15.169921875,0.009898479074283354,0.005391529543231425,4221.032495117188,4187.882822265625,3810.6194580078127,4224.918290100619,4208.0453298478005,16.872960252818302,19.22386323216845,-2.350902979350149,59.50336351116088,4221.032495117188,4266.255580540518,4175.809409693858,90.4461708466606,4737072000.0,0.7874801142984527,18.1396484375,22.2900390625,53.7099609375,0.4294729170794732,0.5282563328850387
2021-06-24,4266.490234375,4271.27978515625,4256.97021484375,4256.97021484375,3816660000,0.005811249724885448,1,1,24.650390625,14.3095703125,0.010080830433180568,0.005509101016883666,4224.5574951171875,4190.719423828125,3815.2927087402345,4231.313973835139,4212.3745820350005,18.939391800138765,19.166968945762516,-0.22757714562375142,57.45845248827356,4224.5574951171875,4272.472187177972,4176.642803056403,95.82938412156909,4706860500.0,0.810871705248116,44.63037109375,27.31005859375,70.5,1.0571258293510257,0.6442297204014678
2021-06-25,4280.7001953125,4286.1201171875,4271.16015625,4274.4501953125,7341450000,0.0033305973193167304,1,1,14.2099609375,14.9599609375,0.005489830220908709,0.005536873826518229,4228.548510742187,4192.925029296875,3819.7014099121093,4238.911854062426,4217.435738574075,21.476115488350842,19.628798254280184,1.8473172340706583,60.573816888604284,4228.548510742187,4281.220171941234,4175.87684954314,105.34332239809373,4753617500.0,1.5443922444327924,114.25,33.26025390625,79.8203125,2.742142462870141,0.7830659024042171
2021-06-28,4290.60986328125,4292.14013671875,4274.669921875,4284.89990234375,4147890000,0.0023149642620619026,1,1,9.90966796875,17.47021484375,0.002721155890026696,0.005544909124001277,4232.873510742187,4195.027822265625,3824.4585095214843,4246.865393942246,4222.85604410794,24.009349834305795,20.504908570285306,3.504441264020489,61.93619969198329,4232.873510742187,4291.017062646485,4174.729958837889,116.28710380859593,4728549500.0,0.8772013489548962,65.81982421875,35.4599609375,86.5,1.5579430838024726,0.8333422265093068
2021-06-29,4291.7998046875,4300.52001953125,4287.0400390625,4293.2099609375,3707150000,0.00027733619326086867,1,1,1.18994140625,13.47998046875,0.0026825733034354276,0.005536426886326031,4237.361499023437,4197.598623046875,3829.2126586914064,4253.778380210746,4227.962989336055,25.81539087469082,21.56700503116641,4.24838584352441,63.95598011031382,4237.361499023437,4299.222054178232,4175.500943868643,123.72111030958877,4660173500.0,0.7954961333521167,45.35986328125,45.2099609375,89.759765625,1.0681856780536176,1.0646180253089106
2021-06-30,4297.5,4302.43017578125,4287.9599609375,4290.64990234375,4266040000,0.0013281596467464851,1,1,5.7001953125,14.47021484375,0.0021177057879733898,0.005536067131369774,4241.830493164062,4200.84982421875,3833.7824584960936,4260.504783255246,4233.113879014866,27.390904240380223,22.731784873009175,4.659119367371048,61.905920114833684,4241.830493164062,4307.587785438858,4176.073200889266,131.51458454959175,4581792000.0,0.9310854792186114,55.66015625,73.7998046875,89.3798828125,1.3121701502240977,1.747278482724784
2021-07-01,4319.93994140625,4320.66015625,4300.72998046875,4300.72998046875,3788230000,0.0052216268542757405,1,1,22.43994140625,19.93017578125,0.001900307728146633,0.005494618287379712,4248.184985351562,4203.780224609375,3838.3761584472654,4269.648653740016,4239.545439192006,30.103214548010328,24.206070808009407,5.897143740000921,63.990758259899444,4248.184985351562,4318.4229529011545,4177.94701780197,140.47593509918443,4491805000.0,0.843364749805479,53.44970703125,98.080078125,127.08984375,1.252779312621112,2.323148595670622
2021-07-02,4352.33984375,4355.43017578125,4326.60009765625,4326.60009765625,3225840000,0.007500081663913916,1,1,32.39990234375,28.830078125,0.002971709930309268,0.005408431368593607,4254.307470703125,4208.127421875,3843.2104077148438,4282.370375280014,4247.900580270376,34.46979500963789,26.25881564833511,8.210979361302783,67.1235940750274,4254.307470703125,4337.907211208908,4170.707730197341,167.1994810115666,4446107500.0,0.7255425110616421,71.6396484375,185.8896484375,122.44970703125,1.6735497738418506,4.461583355697776
2021-07-06,4343.5400390625,4356.4599609375,4314.3701171875,4356.4599609375,4309570000,-0.0020218560598241897,-1,0,-8.7998046875,42.08984375,0.003845813241688671,0.0054419532887893755,4260.158471679688,4211.39482421875,3848.143057861328,4291.781092785011,4254.984984625348,36.79610815966316,28.366274150600724,8.42983400906244,67.0669357666944,4260.158471679688,4351.5834233295345,4168.733520029841,182.84990329969332,4437740000.0,0.9711181817772109,52.93017578125,118.75,117.02001953125,1.2336282595680133,2.8107905695202584
2021-07-07,4358.1298828125,4361.8798828125,4329.7900390625,4351.009765625,4037380000,0.003358975310182588,1,1,14.58984375,32.08984375,0.0036503205590496515,0.005451394573397411,4266.701977539063,4214.80501953125,3853.336357421875,4301.988598943087,4262.625347454026,39.36325148906053,30.565669618292688,8.797581870767843,74.3770962680673,4266.701977539063,4366.557348356839,4166.846606721287,199.71074163555204,4406628000.0,0.9162062238972748,66.330078125,111.68994140625,130.8701171875,1.5455072730222492,2.6302018384195676
2021-07-08,4320.81982421875,4330.8798828125,4289.3701171875,4321.06982421875,4347500000,-0.008561024934316985,-1,0,-37.31005859375,41.509765625,0.0064446336155926,0.0058628104482429605,4271.765478515625,4217.48701171875,3858.53515625,4304.885710523958,4266.936049436598,37.949661087359345,32.04246791210602,5.907193175253326,65.89977656997252,4271.765478515625,4371.823708632754,4171.707248398496,200.11646023425783,4388340000.0,0.9906935196452417,23.31982421875,78.97998046875,101.27001953125,0.5426369800756253,1.8619274507763528
2021-07-09,4369.5498046875,4371.60009765625,4329.3798828125,4329.3798828125,3531120000,0.011277947808795874,1,1,48.72998046875,42.22021484375,0.007832712515872024,0.0062428584236190075,4278.283959960938,4221.214404296875,3863.805054931641,4314.834032702964,4274.537068344072,40.29696435889127,33.693367201463076,6.603597157428197,83.34755057275164,4278.283959960938,4386.090311888688,4170.477608033188,215.6127038555005,4344485500.0,0.8127820889262952,49.60986328125,103.0595703125,130.36962890625,1.1483924303146846,2.415558565730486
2021-07-12,4384.6298828125,4386.68017578125,4364.02978515625,4372.41015625,3384460000,0.0034511743312370946,1,1,15.080078125,22.650390625,0.007356949456450285,0.006257133845539454,4285.14345703125,4224.67759765625,3869.5436047363282,4325.571855796738,4282.69209163803,42.879764158707985,35.530646592912056,7.349117565795929,80.59021418158711,4285.14345703125,4401.782841032813,4168.504073029688,233.27876800312515,4322958000.0,0.7829037432239684,32.2900390625,103.9296875,137.18994140625,0.7419006838096247,2.4278665348675026
2021-07-13,4369.2099609375,4392.3701171875,4366.919921875,4381.06982421875,3695430000,-0.0035168126585656267,-1,0,-15.419921875,25.4501953125,0.007563397065271475,0.006360634833676594,4290.846459960938,4228.4383984375,3875.1567041015624,4332.285410433778,4289.100822697251,43.18458773652765,37.061434821635174,6.123152914892472,74.0697413943301,4290.846459960938,4412.362862955206,4169.33005696667,243.03280598853598,4300169500.0,0.8593684504761964,25.669921875,78.60009765625,114.06005859375,0.5909907965425487,1.8319096855881571
2021-07-14,4374.2998046875,4393.68017578125,4362.35986328125,4380.10986328125,4006370000,0.0011649345752446916,1,1,5.08984375,31.3203125,0.007470043459219629,0.006311939212059925,4297.231958007813,4232.07119140625,3880.5359033203126,4338.74916339589,4295.411858400233,43.33730499565718,38.31660885643957,5.0206961392176055,75.91973308058031,4297.231958007813,4422.325559085807,4172.138356929819,250.18720215598842,4298041000.0,0.9321386185008472,16.169921875,82.5,127.7099609375,0.37102891170753294,1.9222704635452375
2021-07-15,4360.02978515625,4369.02001953125,4340.7001953125,4369.02001953125,3905230000,-0.0032622408541723713,-1,0,-14.27001953125,28.31982421875,0.006059152448913935,0.006206716153144763,4304.0484375,4235.978583984375,3885.5780517578123,4342.023105205176,4300.198371493271,41.82473371190463,39.01823382753258,2.8064998843720446,69.0788674322023,4304.0484375,4427.112222426245,4180.984652573754,246.12756985249143,4266385000.0,0.915348708567089,39.2099609375,62.52978515625,136.32958984375,0.9074657711419285,1.4550269960732984
2021-07-16,4327.16015625,4375.08984375,4322.52978515625,4367.43017578125,3985700000,-0.007538854211077806,-1,0,-32.86962890625,52.56005859375,0.004309501312586479,0.006524881548618953,4309.313452148437,4239.169990234375,3890.536502685547,4339.73649767361,4302.19554073451,37.54095693909949,38.72277844984597,-1.181821510746481,58.80594528560323,4309.313452148437,4426.438742004419,4192.188162292456,234.25057971196293,4200036000.0,0.948968056464278,-42.3896484375,7.22021484375,105.30029296875,-0.9701147791478626,0.16713692647772405
2021-07-19,4258.490234375,4296.39990234375,4233.1298828125,4296.39990234375,5157660000,-0.015869512427409305,-1,0,-68.669921875,63.27001953125,0.006414477237637023,0.006863320786142711,4313.915454101562,4240.307392578125,3895.0139538574217,4327.237072550746,4298.958110633806,28.278961916939807,36.63401514326473,-8.355053226324927,45.02112470311126,4313.915454101562,4413.2941610338885,4214.536747169236,198.75741386465234,4117068500.0,1.2527505918349429,-126.1396484375,-93.849609375,92.0400390625,-2.8768596622478957,-2.1563024199447316
2021-07-20,4323.06005859375,4336.83984375,4262.0498046875,4265.10986328125,4438270000,0.015162609437855634,1,1,64.56982421875,74.7900390625,0.011501999478257191,0.006981866944459325,4318.828955078125,4242.116591796875,3899.72525390625,4326.594455018901,4300.743440112321,25.85101490657962,34.47741509592771,-8.62640018934809,54.049896065677885,4318.828955078125,4408.938875623529,4228.71903453272,180.2198410908095,4132534500.0,1.07398256445288,-46.14990234375,-20.47998046875,98.27001953125,-1.0562527952730298,-0.4715043555387681
2021-07-21,4358.68994140625,4359.7001953125,4331.1298828125,4331.1298828125,3810280000,0.008241819990835397,1,1,35.6298828125,28.5703125,0.01239976512668059,0.0071083627634057145,4324.441455078125,4245.521787109375,3904.7766040039064,4331.532222155416,4305.035773541501,26.496448613915163,32.88122179952521,-6.384773185610044,57.35688312420233,4324.441455078125,4409.403075223229,4239.47983493302,169.92324029020892,4131629000.0,0.9222222033972557,-15.60986328125,0.56005859375,112.25,-0.3568539875689926,0.01285089267207816
2021-07-22,4367.47998046875,4369.8701171875,4350.06005859375,4361.27001953125,3358300000,0.0020166699583279435,1,1,8.7900390625,19.81005859375,0.012346708147551663,0.007086749864467791,4330.723461914063,4249.829384765625,3909.5710034179688,4337.062646511314,4309.661270350926,27.401376160387372,31.78525267169764,-4.38387651131027,55.909724380390024,4330.723461914063,4408.220873130651,4253.226050697474,154.99482243317652,4113026500.0,0.8165033704499595,7.4501953125,46.66015625,125.64013671875,0.17087487195303663,1.0798912740694215
2021-07-23,4411.7900390625,4415.18017578125,4381.2001953125,4381.2001953125,4540070000,0.010145452020822843,1,1,44.31005859375,33.97998046875,0.012032001412049803,0.007289399094626446,4337.988452148437,4256.804384765625,3914.8251037597656,4348.559168442265,4317.226364329561,31.332804112704252,31.694762959898963,-0.3619588471947104,57.177740362394715,4337.988452148437,4417.351790215456,4258.625114081418,158.72667613403792,4149197000.0,1.0942044930621515,84.6298828125,42.240234375,145.2998046875,1.9557834643643486,0.9666953407805571
2021-07-26,4422.2998046875,4422.72998046875,4405.4501953125,4409.580078125,4275630000,0.0023821998626283314,1,1,10.509765625,17.27978515625,0.0055335975581400675,0.007281321132475242,4345.068432617188,4263.000380859375,3919.839403076172,4359.903881710763,4325.009582133853,34.89429957691027,32.33467028330123,2.559629293609042,59.46998607389525,4345.068432617188,4428.092841983315,4262.04402325106,166.0488187322553,3995906000.0,1.0700026477099311,163.8095703125,37.669921875,141.599609375,3.8466583530052785,0.8591357282552845
2021-07-27,4401.4599609375,4416.3798828125,4372.509765625,4416.3798828125,4241950000,-0.0047124448070912095,-1,0,-20.83984375,43.8701171875,0.005862487923234206,0.007416042962467338,4350.6109375,4267.552578125,3924.6125524902345,4366.297124668722,4330.672573156345,35.624551512377366,32.992646529116456,2.6319049832609096,55.13281461481332,4350.6109375,4433.126494055606,4268.095380944394,165.0311131112121,4000609000.0,1.0603260653565494,78.39990234375,32.25,110.85009765625,1.8135279473598787,0.7381197124498025
2021-07-28,4400.64013671875,4415.47021484375,4387.009765625,4402.9501953125,4215290000,-0.0001862618826539153,-1,0,-0.81982421875,28.46044921875,0.0053922695089757,0.0074201386776722765,4356.052954101562,4272.299580078125,3929.2300537109377,4371.580664984111,4335.855355642449,35.72530934166207,33.53917909162558,2.1861302500364914,60.35018095341811,4356.052954101562,4436.569368430611,4275.536539772514,161.03282865809706,4026016000.0,1.0470127292092233,41.9501953125,26.34033203125,108.84033203125,0.96244963226188,0.6021611048018176
2021-07-29,4419.14990234375,4429.97021484375,4403.58984375,4403.58984375,4044600000,0.004206152980007483,1,1,18.509765625,26.38037109375,0.005489187452985677,0.007448990064729465,4362.13544921875,4278.1259765625,3933.6547033691404,4378.8990091932865,4342.025322064767,36.87368712851912,34.20608069900429,2.6676064295148336,56.97849041308574,4362.13544921875,4442.406808920017,4281.864089517483,160.5427194025342,4014944000.0,1.007386404393187,51.669921875,59.1201171875,121.64990234375,1.183060302647441,1.355956727377754
2021-07-30,4395.259765625,4412.25,4389.64990234375,4395.1201171875,3956740000,-0.0054060480514769305,-1,0,-23.89013671875,22.60009765625,0.004244745444253568,0.0075422363054576304,4365.901440429688,4283.717568359375,3938.0713525390624,4381.41604864432,4345.96861418034,35.447434463979334,34.4543514519993,0.9930830119800333,51.459393074821214,4365.901440429688,4444.894696379252,4286.908184480123,157.98651189912925,4023369500.0,0.9834393783618433,-16.5302734375,68.099609375,75.31982421875,-0.3746840464106189,1.5737714093304194
2021-08-02,4387.16015625,4422.18017578125,4384.81005859375,4406.85986328125,3724090000,-0.001842805614891363,-1,0,-8.099609375,37.3701171875,0.0038710996592222877,0.00739936913073519,4367.6424560546875,4288.278369140625,3942.5638037109375,4382.299757506732,4349.019839518834,33.27991798789844,34.21946475917913,-0.9395467712806891,52.51496170296607,4367.6424560546875,4446.911594128235,4288.37331798114,158.53827614709553,4048282000.0,0.9199186222698913,-35.1396484375,128.669921875,34.8203125,-0.794601225368146,3.0214915332284265
2021-08-03,4423.14990234375,4423.7900390625,4373.0,4392.740234375,3965190000,0.0082034265474622,1,1,35.98974609375,50.7900390625,0.0053078916057679995,0.007572671609165953,4371.62294921875,4293.624169921875,3947.262852783203,4388.584395173965,4354.510955283642,34.07343989032324,34.19025978540795,-0.11681989508470991,56.298880940478426,4371.62294921875,4453.740125784629,4289.505772652872,164.2343531317565,4031063000.0,0.9836586528168872,21.68994140625,100.08984375,79.60986328125,0.4927897015705238,2.315254527890095
2021-08-04,4402.66015625,4416.169921875,4400.22998046875,4415.9501953125,4260760000,-0.004632387901412294,-1,0,-20.48974609375,15.93994140625,0.005895176154051623,0.00764853298898443,4373.849462890625,4297.736376953125,3951.8571032714844,4390.749896877971,4358.077562762632,32.672334115339254,33.886674651394216,-1.2143405360549622,55.41011318809201,4373.849462890625,4456.836391323083,4290.862534458166,165.97385686491725,4042232000.0,1.0540612216221137,2.02001953125,43.97021484375,44.5302734375,0.045902856595681274,1.008794280732064
2021-08-05,4429.10009765625,4429.759765625,4408.85986328125,4408.85986328125,3769410000,0.006005446813494242,1,1,26.43994140625,20.89990234375,0.006252166231289098,0.007426996075918555,4379.2634765625,4302.55578125,3956.868004150391,4396.649927766937,4363.33849127327,33.311436493667316,33.771627019848836,-0.46019052618152045,63.15156875418126,4379.2634765625,4461.810691841689,4296.716261283311,165.094430558378,4013327500.0,0.9392231259472346,9.9501953125,61.6201171875,108.2802734375,0.22516084614425036,1.4108849373795294
2021-08-06,4436.52001953125,4440.81982421875,4429.06982421875,4429.06982421875,3451870000,0.001675266241764728,1,1,7.419921875,11.75,0.005322532584261555,0.007046218127667266,4382.611987304687,4307.366376953125,3961.8350036621096,4402.78378803837,4368.7593452183055,34.024442820064905,33.822190179892054,0.20225264017285127,77.27939977165227,4382.611987304687,4468.850834176901,4296.3731404324735,172.4776937444276,4009365000.0,0.8609517966061957,41.26025390625,24.72998046875,66.97021484375,0.9387443770432723,0.5605430052152955
2021-08-09,4432.35009765625,4439.39013671875,4424.740234375,4437.77001953125,3449280000,-0.0009399082741974318,-1,0,-4.169921875,14.64990234375,0.0051779276209238285,0.007027135325690256,4384.997998046875,4311.99578125,3966.818953857422,4407.332451056505,4373.46977132482,33.8626797316856,33.83028809025077,0.03239164143483464,70.55033236622718,4384.997998046875,4474.066104035153,4295.929892058597,178.1362119765563,4012606000.0,0.8596109361347712,45.18994140625,10.05029296875,47.72021484375,1.0300499593540453,0.22726394438696815
2021-08-10,4436.75,4445.2099609375,4430.02978515625,4435.7900390625,3886610000,0.0009926793341701323,1,1,4.39990234375,15.18017578125,0.00388189407243951,0.006961315715409598,4388.375,4316.648583984375,3971.73525390625,4411.858227817043,4378.15719567113,33.701032145913814,33.80443690138338,-0.10340475546956895,66.63129576110907,4388.375,4480.007309163104,4296.742690836896,183.2646183262077,4022165000.0,0.9662980012008459,13.60009765625,35.2900390625,67.5400390625,0.3074753955104155,0.8017803041648779
2021-08-11,4442.41015625,4449.43994140625,4436.419921875,4442.18017578125,3532560000,0.0012757437876824707,1,1,5.66015625,13.02001953125,0.0025561217188040395,0.006961673656255062,4391.780517578125,4321.455986328125,3976.6203552246093,4416.558524499037,4382.916674232528,33.64185026650921,33.77191957440855,-0.13006930789934046,66.18024465902309,4391.780517578125,4486.229631006915,4297.331404149335,188.89822685758008,3998474500.0,0.8834769360164733,39.75,41.77001953125,68.1103515625,0.902863236981193,0.949180533593801
2021-08-12,4460.830078125,4461.77001953125,4435.9599609375,4446.080078125,3375310000,0.004146380281677686,1,1,18.419921875,25.81005859375,0.0018214271142929683,0.0069314184318586,4396.820532226562,4326.510185546875,3981.919655761719,4423.369532749185,4388.688037483822,34.68149526536308,33.95383471259946,0.7276605527636235,61.9227043505513,4396.820532226562,4494.826669767791,4298.814394685333,196.01227508245756,3971978500.0,0.8497805312893814,31.72998046875,41.68017578125,100.80029296875,0.7163979085851001,0.9431718023220804
2021-08-13,4468.0,4468.3701171875,4460.81982421875,4464.83984375,3016470000,0.001607306655808216,1,1,7.169921875,7.55029296875,0.001819392050740539,0.006621651789438327,4403.862524414062,4332.01318359375,3987.306256103516,4430.235758480079,4394.562997670206,35.67276080987358,34.29761993205428,1.3751408778192982,61.29412957224362,4403.862524414062,4501.029629311002,4306.695419517122,194.3342097938803,3923517000.0,0.7688178743713867,31.47998046875,72.740234375,140.83984375,0.7095647113089345,1.654970087181103
2021-08-16,4479.7099609375,4480.259765625,4437.66015625,4461.64990234375,3370640000,0.002620850702215849,1,1,11.7099609375,42.599609375,0.001284832114255186,0.005185863495837027,4414.923510742187,4337.009580078125,3993.3496557617186,4437.847174242759,4400.87018013445,36.976994108309555,34.83349476730534,2.1434993410042154,70.2522431441931,4414.923510742187,4490.344703277958,4339.502318206417,150.84238507154078,3834166000.0,0.8791064340980542,47.35986328125,92.5498046875,221.2197265625,1.068504568407019,2.109560658633637
2021-08-17,4448.080078125,4462.1201171875,4417.830078125,4462.1201171875,3836960000,-0.00706069881494753,-1,0,-31.6298828125,44.2900390625,0.0043813401167699054,0.0046987128565875455,4421.17451171875,4341.44078125,3999.0395056152342,4439.421467147719,4404.367209615231,35.05425753248801,34.87764732034188,0.17661021214613015,60.589341884123996,4421.17451171875,4484.251167176114,4358.097856261386,126.15331091472763,3804100500.0,1.0086379158489636,11.330078125,24.93017578125,125.02001953125,0.2553688651603088,0.5636294570988863
2021-08-18,4400.27001953125,4454.31982421875,4397.58984375,4440.93994140625,3755590000,-0.010748470745585936,-1,0,-47.81005859375,56.72998046875,0.006599723436576482,0.00514846175054462,4423.253515625,4344.900986328125,4004.691055908203,4433.398167514416,4404.0637140534545,29.334453460961413,33.76900854846579,-4.434555087504378,46.273199731665756,4423.253515625,4480.091026078552,4366.416005171447,113.67502090710514,3801366000.0,0.9879580129879627,-42.14013671875,-2.39013671875,41.580078125,-0.9485872586407471,-0.05428846728850899
2021-08-19,4405.7998046875,4418.60986328125,4367.72998046875,4382.43994140625,4398410000,0.0012566922329095842,1,1,5.52978515625,50.8798828125,0.00604228613686197,0.005139377480715973,4425.169506835938,4348.625986328125,4010.168854980469,4429.1522655410445,4404.19231335968,24.959952181364315,32.0071972750455,-7.047245093681184,52.24314876318184,4425.169506835938,4476.397401538573,4373.941612133302,102.45578940527048,3853371500.0,1.1414445765221444,-55.0302734375,-23.30029296875,38.31982421875,-1.2336330340704351,-0.5260728467410306
2021-08-20,4441.669921875,4444.35009765625,4406.7998046875,4410.56005859375,3652610000,0.008141567655737925,1,1,35.8701171875,37.55029296875,0.007638903589753139,0.004956686988929214,4426.663500976562,4352.67578125,4015.531405029297,4431.078058823192,4406.968432508963,24.10962631422899,30.4276830828822,-6.318056768653211,60.374552997241786,4426.663500976562,4477.991188894226,4375.335813058899,102.6553758353275,3808998500.0,0.9589423571576623,-26.330078125,5.14990234375,29.8798828125,-0.589303449529991,0.1160797724585524
2021-08-23,4479.52978515625,4489.8798828125,4450.2900390625,4450.2900390625,3576530000,0.00852379036424833,1,1,37.85986328125,39.58984375,0.008744997772281457,0.005269628134169694,4429.525,4357.317578125,4020.711854248047,4438.532170566739,4412.343347519873,26.188823046866673,29.5799110756791,-3.391088028812426,60.65463645456928,4429.525,4485.955793147683,4373.094206852316,112.86158629536658,3774043500.0,0.9476652826073679,-0.18017578125,47.1796875,57.22998046875,-0.004022041221889584,1.0644395514909304
2021-08-24,4486.22998046875,4492.81005859375,4482.27978515625,4484.39990234375,3979220000,0.0014957363013194946,1,1,6.7001953125,10.5302734375,0.007798314634725652,0.00511738326101752,4433.763500976563,4361.9391796875,4025.5907543945314,4445.870295167048,4417.816431442012,28.053863725036535,29.274701605550586,-1.2208378805140505,66.66134493211868,4433.763500976563,4493.929191592044,4373.597810361081,120.3313812309625,3760907000.0,1.0580479655572446,38.14990234375,49.47998046875,84.77001953125,0.8576712126062114,1.1152303030089592
2021-08-25,4496.18994140625,4501.7099609375,4485.66015625,4490.4501953125,3444700000,0.002220118224179668,1,1,9.9599609375,16.0498046875,0.0036757913708307475,0.00511713689419051,4438.540991210937,4366.931181640625,4030.524504394531,4453.6117792038485,4423.621876624548,29.98990257930018,29.417741800300504,0.5721607789996739,64.31649668865893,4438.540991210937,4502.675699772075,4374.406282649799,128.26941712227563,3722377500.0,0.9254031865387108,95.919921875,53.77978515625,95.5498046875,2.17986445034612,1.2105992752737507
2021-08-26,4470.0,4495.89990234375,4468.990234375,4493.75,3263980000,-0.005824918819612557,-1,0,-26.18994140625,26.90966796875,0.005866404774802821,0.00528419658581788,4441.08349609375,4371.857177734375,4035.1220043945314,4456.133043941718,4427.057293170878,29.075750770839477,29.3493435944083,-0.27359282356882275,56.61451610724917,4441.08349609375,4506.008322722232,4376.158669465268,129.8496532569643,3683346500.0,0.8861452486210569,64.2001953125,9.169921875,50.85009765625,1.4571745916415662,0.20556537044455975
2021-08-27,4509.3701171875,4513.330078125,4474.10009765625,4474.10009765625,3331200000,0.008807632480425154,1,1,39.3701171875,39.22998046875,0.0060204066179747094,0.005390711541965217,4446.789013671875,4377.6073828125,4039.9412048339846,4464.323362902607,4433.154539394332,31.168823508275636,29.713239577181767,1.4555839310938694,63.35855365118725,4446.789013671875,4514.743405521193,4378.834621822557,135.9087836986364,3652069500.0,0.9121403631557395,67.7001953125,41.3701171875,114.1103515625,1.52420590686129,0.9259202593442256
2021-08-30,4528.7900390625,4537.35986328125,4513.759765625,4513.759765625,3168660000,0.004306570844779589,1,1,19.419921875,23.60009765625,0.00531493547938495,0.0053776057197163565,4453.8705078125,4384.8541796875,4044.72185546875,4474.241313081052,4440.238650480863,34.00266260018907,30.571124181783226,3.431538418405843,65.17311215503946,4453.8705078125,4525.100547834882,4382.640467790119,142.46008004476244,3624298000.0,0.8742824127596572,49.26025390625,49.080078125,141.6298828125,1.0996746593690023,1.0956083887790065
2021-08-31,4522.68017578125,4531.39013671875,4515.7998046875,4529.75,4290710000,-0.0013491160395050494,-1,0,-6.10986328125,15.59033203125,0.0055561138588568725,0.005181207324059808,4458.847021484375,4390.811982421875,4049.650206298828,4481.69344580416,4446.345430132744,35.34801567141585,31.52650247970975,3.8215131917060994,63.21319317964439,4458.847021484375,4534.791411660939,4382.90263130781,151.88878035312882,3640574000.0,1.1785806304170716,36.4501953125,74.60009765625,99.5302734375,0.8124905649329072,1.6771302752196897
2021-09-01,4524.08984375,4537.10986328125,4522.02001953125,4528.7998046875,4057340000,0.0003116886257619189,1,1,1.40966796875,15.08984375,0.0055711475944034364,0.005007021466896972,4464.918505859375,4396.36498046875,4054.3449060058592,4488.215968565058,4452.104275585873,36.11169297918423,32.443540579604644,3.668152399579583,61.030886755375136,4464.918505859375,4541.363557303127,4388.473454415623,152.89010288750433,3630403000.0,1.117600442705672,27.89990234375,123.81982421875,121.4296875,0.6205232142622492,2.8139142295622173
2021-09-02,4536.9501953125,4545.85009765625,4524.66015625,4534.47998046875,3735990000,0.002842638410522902,1,1,12.8603515625,21.18994140625,0.003924315692881546,0.004901860546142319,4470.311010742187,4402.2671875,4058.895107421875,4495.713541910818,4458.389158528586,37.324383382231645,33.419709140130045,3.904674242101599,61.789192113488824,4470.311010742187,4551.203781507172,4389.418239977203,161.78554152996912,3628732000.0,1.0295579833396349,66.9501953125,131.150390625,107.85009765625,1.4977672329418343,2.976766908143762
2021-09-03,4535.43017578125,4541.4501953125,4521.2998046875,4532.419921875,3217530000,-0.0003350311257153127,-1,0,-1.52001953125,20.150390625,0.0023442741707269473,0.00491252693926025,4475.256518554687,4407.645986328125,4063.524608154297,4501.8237932755,4464.095900547302,37.72789272819773,34.28134585774359,3.446546870454142,59.87107868663575,4475.256518554687,4559.476537849478,4391.036499259897,168.44003858958058,3617015000.0,0.889553955402452,26.06005859375,93.76025390625,98.91015625,0.5779090630512204,2.110923493987824
2021-09-07,4520.02978515625,4535.3798828125,4513.0,4535.3798828125,3822960000,-0.003395574405981705,-1,0,-15.400390625,22.3798828125,0.002285749308169306,0.004996548640930806,4479.6405029296875,4412.432578125,4068.2858068847654,4504.624715103308,4468.239151259077,36.385563844231,34.70218945504107,1.6833743891899289,63.52385969613924,4479.6405029296875,4563.584222679011,4395.696783180364,167.88743949864693,3635699000.0,1.0515061890437025,-8.76025390625,40.5,87.6796875,-0.19343475477311928,0.9041127516152306
2021-09-08,4514.06982421875,4521.7900390625,4493.9501953125,4518.08984375,3750880000,-0.001318566739775151,-1,0,-5.9599609375,27.83984375,0.0022825668056123093,0.005023183479908846,4483.506494140625,4416.90177734375,4072.946805419922,4506.077808813376,4471.634015922757,34.44379289061908,34.650510142156676,-0.20671725153759724,75.38359327350352,4483.506494140625,4566.246376419118,4400.766611862133,165.47976455698517,3628912500.0,1.0336099313499567,-8.6103515625,27.83984375,77.31982421875,-0.1903816150566659,0.620562117216539
2021-09-09,4493.27978515625,4529.89990234375,4492.06982421875,4513.02001953125,3735390000,-0.004605608657393345,-1,0,-20.7900390625,37.830078125,0.002889288699186197,0.005168611483427382,4486.049975585937,4420.931376953125,4077.6255041503905,4504.108882096895,4473.237406236349,30.871475860546525,33.894703285834645,-3.0232274252881197,68.26911507077843,4486.049975585937,4566.5682845067,4405.531666665174,161.0366178415261,3639054000.0,1.0264728140884967,-30.81005859375,-2.91015625,50.86962890625,-0.6810222532674476,-0.06472494018101481
2021-09-10,4458.580078125,4520.47021484375,4457.66015625,4506.919921875,3623180000,-0.007722578759925436,-1,0,-34.69970703125,62.81005859375,0.0029084410560715696,0.00541342146203237,4485.937475585937,4424.152978515625,4082.0304541015626,4497.104450716603,4472.151678228101,24.952772488501978,32.10631712636811,-7.153544637866133,53.5488260755509,4485.937475585937,4566.610290746288,4405.264660425586,161.34563032070218,3651447500.0,0.9922585495204299,-78.3701171875,-11.419921875,-2.25,-1.727374421444403,-0.2554792365771812
2021-09-13,4468.72998046875,4492.990234375,4445.7001953125,4474.81005859375,3914220000,0.0022764876184568905,1,1,10.14990234375,47.2900390625,0.0037314468279317494,0.005426005602696543,4485.973974609375,4427.128779296875,4086.1970544433593,4492.739147601549,4471.898219134816,20.840928466733203,29.85323939444113,-9.012310927707926,47.43521357372457,4485.973974609375,4566.613272809178,4405.334676409571,161.2785963996066,3696335000.0,1.0589462264648632,-66.7001953125,-40.64013671875,0.72998046875,-1.470647606233086,-0.9012375489838326
2021-09-14,4443.0498046875,4485.68017578125,4435.4599609375,4479.330078125,3670460000,-0.00574663850657553,-1,0,-25.68017578125,50.22021484375,0.003943254822872139,0.00553654987617211,4484.140966796875,4428.942978515625,4090.264053955078,4485.09463330708,4469.761299546126,15.333333760953792,26.949258267743662,-11.61592450678987,40.59337484602932,4484.140966796875,4567.015451614683,4401.266481979066,165.74896963561696,3711326000.0,0.9889888411850644,-76.97998046875,-85.740234375,-36.66015625,-1.70308569031009,-1.893226085454582
2021-09-15,4480.7001953125,4486.8701171875,4438.3701171875,4447.490234375,4032020000,0.008473996979569742,1,1,37.650390625,48.5,0.0067107289739777,0.005641077034969946,4485.77197265625,4431.686181640625,4094.4758044433593,4484.418565923298,4470.571588121413,13.84697780188526,24.328802174571983,-10.481824372686724,46.98889641909991,4485.77197265625,4566.924335821851,4404.619609490649,162.3047263312019,3721079000.0,1.083562052834675,-33.36962890625,-41.97998046875,32.6201171875,-0.7392359933649294,-0.928210238998347
2021-09-16,4473.75,4485.8701171875,4443.7998046875,4477.08984375,3984560000,-0.0015511404489350067,-1,0,-6.9501953125,42.0703125,0.006488697306081715,0.005027610975831048,4489.445971679687,4433.998583984375,4098.736405029297,4482.777248088944,4470.807026038345,11.97022205059966,21.85708614977752,-9.88686409917786,50.787912114969515,4489.445971679687,4560.299537777722,4418.592405581652,141.70713219607023,3732527500.0,1.067523280136583,-19.52978515625,-50.33984375,73.47998046875,-0.4346443152898583,-1.11270654404762
2021-09-17,4432.990234375,4471.52001953125,4427.759765625,4469.740234375,7289530000,-0.009110872450405094,-1,0,-40.759765625,43.76025390625,0.0068743352039794215,0.005495167788992735,4490.805493164063,4436.2419921875,4102.589106445313,4475.117707517568,4468.00578221143,7.111925306137891,18.908053981049594,-11.796128674911703,34.04500112196814,4490.805493164063,4555.6935509991445,4425.917435328981,129.77611567016356,3877083500.0,1.8801581136955137,-25.58984375,-103.9599609375,27.1904296875,-0.5739460389093536,-2.291406263284743
2021-09-20,4357.72998046875,4402.9501953125,4305.91015625,4402.9501953125,4898070000,-0.01697731100841482,-1,0,-75.26025390625,97.0400390625,0.009412151682091297,0.006408520591930144,4486.60849609375,4436.005595703125,4106.032706298828,4457.0580572023655,4459.837204304566,-2.7791471022001133,14.570613764399653,-17.349760866599766,21.026479933705062,4486.60849609375,4572.377067519167,4400.839924668332,171.53714285083515,3939356500.0,1.2433680475478672,-111.0,-177.7001953125,-83.93994140625,-2.48392721164944,-3.918045001803832
2021-09-21,4354.18994140625,4394.8701171875,4347.9599609375,4374.4501953125,3920920000,-0.0008123585165593639,-1,0,-3.5400390625,46.91015625,0.009569353303641484,0.006011049553865822,4480.34150390625,4435.396796875,4109.470056152344,4441.232193233733,4452.011481126912,-10.779287893179571,9.50063343288381,-20.27992132606338,21.21113017012955,4480.34150390625,4584.609618743985,4376.073389068515,208.53622967547017,3956576000.0,0.990988167546889,-88.85986328125,-165.83984375,-125.33984375,-1.999974503718171,-3.668998914445587
2021-09-22,4395.64013671875,4416.75,4367.43017578125,4367.43017578125,3939170000,0.009519611195260236,1,1,41.4501953125,49.31982421875,0.009915157361840758,0.006465157716944816,4475.81201171875,4435.925400390625,4112.95265625,4434.218030692966,4447.835825985567,-13.617795292600931,4.876947687786862,-18.49474298038779,30.694205729835573,4475.81201171875,4586.665694679948,4364.958328757552,221.70736592239518,3954573500.0,0.9961048896929088,-85.06005859375,-118.4296875,-90.58984375,-1.8983653198385348,-2.6235679134736607
2021-09-23,4448.97998046875,4465.39990234375,4406.75,4406.75,3916350000,0.012134715784494876,1,1,53.33984375,58.64990234375,0.012290919232981916,0.007076256463197404,4473.451513671875,4437.41900390625,4116.737756347657,4436.489099889241,4447.920578169506,-11.431478280265765,1.6152624941763363,-13.046740774442101,38.212514050402184,4473.451513671875,4584.488557500888,4362.414469842861,222.07408765802757,3978156000.0,0.9844636560255555,-24.77001953125,-44.2998046875,-47.2099609375,-0.5536746472478346,-0.9859124471582291
2021-09-24,4455.47998046875,4463.1201171875,4430.27001953125,4438.0400390625,3384290000,0.001461009046688222,1,1,6.5,32.85009765625,0.011437059746857813,0.00697471715758533,4472.725512695312,4439.3280078125,4120.50390625,4439.41077382455,4448.4805338953765,-9.069760070826305,-0.5217420188241921,-8.548018052002114,39.4282371657464,4472.725512695312,4584.047086474819,4361.403938915806,222.6431475590125,3984171500.0,0.8494338157883012,22.48974609375,-3.10009765625,-14.52001953125,0.5073267682693371,-0.06953105253082517
2021-09-27,4443.10986328125,4457.2998046875,4436.18994140625,4442.1201171875,4058650000,-0.0027763826213396126,-1,0,-12.3701171875,21.10986328125,0.006559716402885173,0.006666802646072865,4469.4125,4441.647001953125,4124.355355224609,4439.979864510196,4448.082706442478,-8.10284193228199,-2.037962001515752,-6.064879930766239,39.7467606345173,4469.4125,4580.08420925141,4358.74079074859,221.34341850282,4020544000.0,1.0094778219066873,85.3798828125,-25.6201171875,-66.26025390625,1.9592742826005916,-0.5733198761052142
2021-09-28,4352.6298828125,4419.5400390625,4346.330078125,4419.5400390625,4416550000,-0.020364110556098214,-1,0,-90.47998046875,73.2099609375,0.012868702775906592,0.007863086440229105,4460.6044921875,4443.529794921875,4127.77800415039,4426.541405787474,4441.012126914332,-14.470721126857825,-4.524513826584167,-9.946207300273658,32.43769540732367,4460.6044921875,4579.139360995244,4342.069623379756,237.0697376154876,4082938500.0,1.0817086762389392,-1.56005859375,-90.419921875,-176.16015625,-0.03582890537030996,-2.0350868401161137
2021-09-29,4359.4599609375,4385.56982421875,4355.080078125,4362.41015625,3712660000,0.0015691842194003325,1,1,6.830078125,30.48974609375,0.011848328199450106,0.007901849833465625,4452.4434814453125,4444.25779296875,4131.258004150391,4416.221183502863,4434.971225730863,-18.750042227999984,-7.3696195068673305,-11.380422721132653,34.98635387027467,4452.4434814453125,4575.376694478797,4329.510268411828,245.86642606696842,4054036000.0,0.9157935450005871,-36.18017578125,-121.240234375,-163.22021484375,-0.8230923063746916,-2.7058323273187503
2021-09-30,4307.5400390625,4382.5498046875,4306.240234375,4370.669921875,4448140000,-0.011909714125195148,-1,0,-51.919921875,76.3095703125,0.009536603385295899,0.008196499005473475,4441.615991210938,4443.234794921875,4134.558254394531,4399.501007435115,4425.531878570244,-26.03087113512902,-11.101869832519668,-14.92900130260935,33.68478237937509,4441.615991210938,4575.62608203632,4307.605900385555,268.02018165076515,4073576000.0,1.0919496776296798,-141.43994140625,-166.2099609375,-216.5498046875,-3.179154368578384,-3.715226844090528
2021-10-01,4357.0400390625,4375.18994140625,4288.52001953125,4317.16015625,4010370000,0.01149147763018199,1,1,49.5,86.669921875,0.012268404186547255,0.008701234898613078,4432.6204833984375,4443.02599609375,4137.870354003906,4392.968550762405,4420.458408977078,-27.489858214672495,-14.379467508950235,-13.11039070572226,38.880619579240665,4432.6204833984375,4563.8093340948135,4301.4316327020615,262.377701392752,4087295000.0,0.9811794842310134,-98.43994140625,-75.9501953125,-179.91015625,-2.209412719567273,-1.7132948934458478
2021-10-04,4300.4599609375,4355.509765625,4278.93994140625,4348.83984375,4307870000,-0.012985898136748442,-1,0,-56.580078125,76.56982421875,0.01277039869671395,0.009028650826930325,4420.87197265625,4440.79939453125,4140.866804199219,4378.736460020113,4411.56963504822,-32.83317502810769,-18.070209012781728,-14.762966015325961,36.6271252880427,4420.87197265625,4555.338532658539,4286.405412653961,268.9331200045781,4141812000.0,1.04009308003357,-142.64990234375,-57.27001953125,-234.97021484375,-3.2105868802083286,-1.314216800672207
2021-10-05,4345.72021484375,4369.22998046875,4309.8701171875,4309.8701171875,3902890000,0.010524514660609219,1,1,45.26025390625,59.35986328125,0.011783603000257818,0.00949025334967979,4412.156494140625,4439.267802734375,4143.983005371094,4373.657037685288,4406.691900218259,-33.0348625329716,-21.063139716819705,-11.971722816151896,37.518973991297024,4412.156494140625,4542.0814023817275,4282.2315858995225,259.8498164822049,4145808500.0,0.9414062419911581,-6.90966796875,-8.4697265625,-174.3095703125,-0.158746968034995,-0.19451899610434947
2021-10-06,4363.5498046875,4365.56982421875,4290.490234375,4319.56982421875,4009630000,0.004102792854185466,1,1,17.82958984375,75.07958984375,0.011935535039873756,0.009585329751594342,4404.6304931640625,4438.509599609375,4147.253704833985,4372.102078762551,4403.496189438203,-31.394110675651973,-23.12933390858616,-8.264776767065815,40.011224039981656,4404.6304931640625,4526.912099182754,4282.348887145371,244.56321203738298,4158746000.0,0.9641439991766749,4.08984375,-32.09033203125,-150.52001953125,0.0938153759100125,-0.7300491176059907
2021-10-07,4399.759765625,4429.97021484375,4383.72998046875,4383.72998046875,3843740000,0.008298280656405366,1,1,36.2099609375,46.240234375,0.010065887925901584,0.009807652533483166,4399.9544921875,4438.4919921875,4150.777904052735,4376.35710751062,4403.2194173038915,-26.86230979327138,-23.875929085523204,-2.986380707748175,46.962870403427345,4399.9544921875,4514.894737874519,4285.014246500482,229.88049137403686,4164163500.0,0.9230521327993005,92.2197265625,-49.22021484375,-93.52001953125,2.1408907572817557,-1.1063258333332417
2021-10-08,4391.33984375,4412.02001953125,4386.22021484375,4406.509765625,3280160000,-0.0019137230947889883,-1,0,-8.419921875,25.7998046875,0.009432290778708228,0.009683481745422272,4396.59248046875,4437.935791015625,4154.298303222657,4378.66214385514,4402.339448892492,-23.6773050373522,-23.836204275889006,0.15889923853680799,53.499350795263084,4396.59248046875,4508.197682911684,4284.9872780258165,223.21040488586732,4147012500.0,0.7909694026724058,34.2998046875,-64.14013671875,-67.240234375,0.7872272088387844,-1.4395786088124667
2021-10-11,4361.18994140625,4415.8798828125,4360.58984375,4385.43994140625,3281970000,-0.006865763848056816,-1,0,-30.14990234375,55.2900390625,0.007197888461320383,0.009750395403738007,4391.215478515625,4437.25439453125,4157.654202880859,4375.9741127091565,4399.291337226845,-23.317224517688373,-23.73240832424888,0.41518380656050624,50.690553444674805,4391.215478515625,4498.464282826763,4283.966674204487,214.49760862227595,4115400000.0,0.7974850561306313,60.72998046875,-81.919921875,-107.5400390625,1.4121740702245922,-1.843751885408071
2021-10-12,4350.64990234375,4374.89013671875,4342.08984375,4368.31005859375,3558450000,-0.0024167805585421087,-1,0,-10.5400390625,32.80029296875,0.005959151305383436,0.00969644863784216,4386.595483398438,4436.524189453125,4160.892152099609,4372.078080345248,4395.688267976246,-23.610187630997643,-23.707964185598634,0.09777655460099055,45.27343685877969,4386.595483398438,4492.3935384269325,4280.797428369943,211.59611005698935,4109799500.0,0.8658451586263515,4.9296875,-1.97998046875,-92.39990234375,0.11343775614365562,-0.045489290889824376
2021-10-13,4363.7998046875,4372.8701171875,4329.919921875,4358.009765625,3620070000,0.00302251448379387,1,1,13.14990234375,42.9501953125,0.005801634075835824,0.00949038334583713,4380.750463867187,4435.3371875,4164.034350585937,4370.804499474825,4393.326159584487,-22.521660109661752,-23.470703370411258,0.9490432607495052,40.22579687246119,4380.750463867187,4477.158037520493,4284.342890213881,192.81514730661183,4089202000.0,0.885275415594534,0.25,4.33984375,-116.900390625,0.005729280315110418,0.09955003117098749
2021-10-14,4438.259765625,4439.72998046875,4386.75,4386.75,3598280000,0.01706310194558336,1,1,74.4599609375,52.97998046875,0.009234755201226953,0.01033715061720356,4378.9759521484375,4436.0491796875,4167.59044921875,4381.182232728698,4396.654574846747,-15.4723421180488,-21.871031119938767,6.3986890018899665,48.29062687516298,4378.9759521484375,4469.289935975752,4288.661968321123,180.62796765462917,4069888000.0,0.8841226097622342,38.5,130.7197265625,-35.490234375,0.8750477764899274,3.0346723507403555
2021-10-15,4471.3701171875,4475.81982421875,4447.68994140625,4447.68994140625,3819380000,0.007460210377712606,1,1,33.1103515625,28.1298828125,0.009249457083624525,0.010261587737908917,4380.894946289062,4436.894580078125,4171.287099609375,4395.057291876206,4402.18905946458,-7.131767588373805,-18.923178413625777,11.791410825251972,52.69432700248498,4380.894946289062,4477.456257854841,4284.3336347232835,193.1226231315577,3896380500.0,0.9802379413406879,80.0302734375,114.330078125,38.3798828125,1.822456841991028,2.62403092695931
2021-10-18,4486.4599609375,4488.75,4447.47021484375,4463.72021484375,3662010000,0.00337476955709759,1,1,15.08984375,41.27978515625,0.007257344132412716,0.009413214298362291,4387.3314453125,4437.89337890625,4174.939049072265,4409.119240962559,4408.4313484625745,0.6878924999846276,-15.000964230903698,15.688856730888325,64.90147381515223,4387.3314453125,4494.021551415605,4280.6413392093955,213.38021220620976,3834577500.0,0.9549969977135682,125.27001953125,186.0,128.72998046875,2.8723816484557223,4.325118747517696
2021-10-19,4519.6298828125,4520.39990234375,4496.41015625,4497.33984375,3459130000,0.007393339551406308,1,1,33.169921875,23.98974609375,0.005665659337334203,0.009485722632342994,4395.603442382812,4439.638974609375,4179.033948974609,4426.120878170243,4416.668276932939,9.452601237303497,-10.11025113726226,19.562852374565757,66.84617265031358,4395.603442382812,4516.219577804705,4274.987306960919,241.23227084378595,3811488000.0,0.9075536903172724,168.97998046875,173.90966796875,165.43994140625,3.884016968998548,4.0018606668400745
2021-10-20,4536.18994140625,4540.8701171875,4524.39990234375,4524.419921875,3670760000,0.0036640298040166996,1,1,16.56005859375,16.47021484375,0.005540180601264189,0.009327508615320605,4402.630932617188,4441.6277734375,4183.080598144531,4443.054580206552,4425.521733560592,17.53284664595958,-4.581631580617892,22.11447822657747,75.98118468986807,4402.630932617188,4538.6503179003475,4266.611547334028,272.0387705663197,3798067500.0,0.9664809801300267,172.39013671875,172.64013671875,140.5498046875,3.950459334398709,3.9564149476028225
2021-10-21,4549.77978515625,4551.43994140625,4526.89013671875,4532.240234375,3822330000,0.002995871849622578,1,1,13.58984375,24.5498046875,0.0022483844426849334,0.009003325641384773,4407.670922851563,4443.775166015625,4187.088797607422,4459.473842506505,4434.726033678789,24.747808827716653,1.284256501049017,23.463552326667635,73.84686764849808,4407.670922851563,4557.672725020671,4257.669120682454,300.003604338217,3793366500.0,1.0076353023099667,111.52001953125,150.02001953125,100.7998046875,2.5126969898199647,3.409732065449241
2021-10-22,4544.89990234375,4559.669921875,4524.0,4546.1201171875,3758220000,-0.0010725536274130976,-1,0,-4.8798828125,35.669921875,0.0030042086102853773,0.009016673049736697,4412.141918945313,4445.4565625,4190.794346923828,4472.616313250697,4442.887060987304,29.72925226339339,6.973255653517892,22.7559966098755,84.68025853648399,4412.141918945313,4573.07594191401,4251.207895976615,321.86804593739544,3812063000.0,0.985875626924319,73.52978515625,153.56005859375,89.419921875,1.6444575874765734,3.496883959284209
2021-10-25,4566.47998046875,4572.6201171875,4537.35986328125,4553.68994140625,3899400000,0.004748196569493546,1,1,21.580078125,35.26025390625,0.003077941990691345,0.009006346975307005,4418.3104248046875,4447.426162109375,4194.503347167969,4487.05687743809,4452.042092060004,35.014785378086344,12.581561598431584,22.43322377965476,83.57672690112854,4418.3104248046875,4593.102977443161,4243.517872166214,349.5851052769467,3804100500.0,1.0250517829379113,80.02001953125,205.2900390625,123.3701171875,1.783589293740824,4.707202433753778
2021-10-26,4574.7900390625,4598.52978515625,4569.169921875,4578.68994140625,3879740000,0.0018197952535197182,1,1,8.31005859375,29.35986328125,0.002228076630466843,0.007407912316415556,4429.418432617187,4449.327763671875,4198.379246826172,4500.554286918768,4461.134532578707,39.419754340061445,17.94920014675756,21.470554193303887,83.08696436929647,4429.418432617187,4614.566028082071,4244.270837152303,370.29519092976807,3777260000.0,1.0271307773359526,55.16015625,224.14013671875,222.16015625,1.2204573754980714,5.1518771160603585
2021-10-27,4551.68017578125,4584.56982421875,4551.66015625,4580.22021484375,4226050000,-0.005051568068462853,-1,0,-23.10986328125,32.90966796875,0.0038449518796496635,0.007598043162628256,4439.029443359375,4451.399765625,4202.131697998047,4508.419808282227,4467.841617260377,40.578191021850216,22.47499832177609,18.103192700074125,74.81389558373861,4439.029443359375,4628.785279848249,4249.273606870502,379.51167297774737,3802929500.0,1.1112617259930797,15.490234375,187.88037109375,192.22021484375,0.341481167567642,4.305430576625741
2021-10-28,4596.419921875,4597.5498046875,4562.83984375,4562.83984375,4132950000,0.009829281576461124,1,1,44.73974609375,34.7099609375,0.00565758304812201,0.007007238998630642,4453.4734375,4455.322763671875,4206.064597167969,4521.958287296499,4477.365936120719,44.592351175780095,26.898468892576894,17.6938822832032,79.94399101118469,4453.4734375,4645.056475969048,4261.890399030952,383.166076938096,3787170000.0,1.0913030046182242,46.64013671875,158.16015625,288.8798828125,1.0251075639070357,3.5635624006277093
2021-10-29,4605.3798828125,4608.080078125,4567.58984375,4572.8701171875,4510200000,0.001949334719149265,1,1,8.9599609375,40.490234375,0.005395331999681468,0.006737966064960402,4465.8904296875,4459.314365234375,4210.113796386719,4534.792378914346,4486.848450690481,47.94392822386544,31.1075607588346,16.83636746503084,88.00627432860276,4465.8904296875,4663.260945206163,4268.519914168836,394.74103103732705,3812161500.0,1.1831083231914492,60.47998046875,134.009765625,248.33984375,1.3307219469797609,2.9970626924816592
2021-11-01,4613.669921875,4620.33984375,4595.06005859375,4610.6201171875,3971540000,0.0018000771431341267,1,1,8.2900390625,25.27978515625,0.005269563580455637,0.005636192491785583,4481.550927734375,4462.754365234375,4214.340895996093,4546.927385523678,4496.242633741186,50.68475178249173,35.022998963566025,15.661752818925706,91.22577149320921,4481.550927734375,4673.276244526431,4289.82561094232,383.4506335841106,3795345000.0,1.0464239746320823,47.18994140625,127.2099609375,313.2099609375,1.0333986266902664,2.8354195076984023
2021-11-02,4630.64990234375,4635.14990234375,4613.33984375,4613.33984375,3975250000,0.0036803630854131963,1,1,16.97998046875,21.81005859375,0.005313045675256837,0.005392050432053853,4495.797412109375,4465.776767578125,4218.499595947265,4559.807772726766,4506.198727711747,53.60904501501955,38.74020817385673,14.868836841162818,91.32986969772595,4495.797412109375,4687.369639271635,4304.225184947115,383.14445432451976,3798963000.0,1.0464039791911635,55.85986328125,111.02001953125,284.9296875,1.22103665532806,2.4563962627436178
2021-11-03,4660.56982421875,4663.4599609375,4621.18994140625,4630.64990234375,4319660000,0.006461279195357994,1,1,29.919921875,42.27001953125,0.003406511992837829,0.005438559527917873,4510.648413085937,4469.263564453125,4222.543194580078,4575.3096268024565,4517.633623749302,57.67600305315409,42.527367149716206,15.148635903437885,89.94222168415105,4510.648413085937,4705.083673624315,4316.213152547559,388.87052107675663,3814464500.0,1.1324420505158719,108.8896484375,124.3798828125,297.02001953125,2.392295684940346,2.741946091744593
2021-11-04,4680.06005859375,4683.0,4662.58984375,4662.93017578125,4462300000,0.004181942361150437,1,1,19.490234375,20.41015625,0.0019036403437311614,0.005316445593385577,4524.663427734375,4472.940966796875,4226.67814453125,4591.425077847271,4529.6652115155575,61.759866331713056,46.37386698611558,15.385999345597476,89.42463974260345,4524.663427734375,4725.7393159243065,4323.587539544443,402.1517763798638,3845392500.0,1.1604277066645343,83.64013671875,130.2802734375,280.30029296875,1.8196800584014308,2.863441300226048
2021-11-05,4697.52978515625,4718.5,4681.31982421875,4699.259765625,4467180000,0.003732799652949259,1,1,17.4697265625,37.18017578125,0.0016658407783538495,0.005184116828645629,4539.972924804688,4477.4915625,4230.958443603516,4607.748878971729,4542.099624377831,65.64925459389815,50.2289445076721,15.420310086226053,89.51888494963586,4539.972924804688,4744.896361765374,4335.049487844001,409.8468739213731,3904743500.0,1.1440392947705784,92.14990234375,152.6298828125,306.18994140625,2.0009185927887922,3.358267202623992
2021-11-08,4701.7001953125,4714.919921875,4694.39013671875,4701.47998046875,4269710000,0.0008877879113036169,1,1,4.17041015625,20.52978515625,0.0019828938260712733,0.004638079498932222,4556.9984375,4481.3381640625,4235.190144042968,4622.20292763954,4553.92188889151,68.28103874802946,53.83936335574357,14.441675392285887,88.2420629874099,4556.9984375,4755.87140120839,4358.125473791611,397.7459274167795,3954130500.0,1.07981008719869,88.0302734375,135.22021484375,340.51025390625,1.9080314571295645,2.961147654694626
2021-11-09,4685.25,4708.52978515625,4670.8701171875,4707.25,4117080000,-0.003498775895770745,-1,0,-16.4501953125,37.65966796875,0.0038248190411002874,0.004719709822141486,4573.728442382812,4484.46736328125,4239.3682934570315,4631.902477233456,4563.649897121769,68.25258011168717,56.7220067069323,11.530573404754868,81.32304263689178,4573.728442382812,4755.031067325191,4392.425817440434,362.60524988475663,3982062000.0,1.0339065539411492,54.60009765625,110.4599609375,334.60009765625,1.1791022601085603,2.4145361862363477
2021-11-10,4646.7099609375,4684.85009765625,4630.85986328125,4670.259765625,4503720000,-0.008225823395229703,-1,0,-38.5400390625,53.990234375,0.005253772643523655,0.005424964349971591,4587.873950195312,4486.947958984375,4243.847993164062,4634.180551649462,4569.802494441453,64.37805720800952,58.253216807147744,6.124840400861778,68.43549115061506,4587.873950195312,4742.378189553061,4433.369710837564,309.0084787154974,4026244500.0,1.1185907860290154,-13.85986328125,95.02978515625,282.91015625,-0.29738559455169894,2.0877957476425526
2021-11-11,4649.27001953125,4664.5498046875,4648.31005859375,4659.39013671875,3926870000,0.0005509400447352153,1,1,2.56005859375,16.23974609375,0.004646034576975627,0.004347062539414215,4598.424462890625,4489.4515625,4248.157443847656,4636.502008246661,4575.688977781438,60.813030465223164,58.76517953876284,2.0478509264603275,70.02724642460949,4598.424462890625,4738.009348699858,4458.839577081393,279.16977161846444,4042674000.0,0.9713546034134832,-30.7900390625,52.85009765625,211.01025390625,-0.6578983747433296,1.1498100381283496
2021-11-12,4682.85009765625,4688.47021484375,4650.77001953125,4655.240234375,3728600000,0.007222656026415475,1,1,33.580078125,37.7001953125,0.005729035871708392,0.004332619457102196,4608.998461914062,4492.369560546875,4253.000494384765,4643.632483540444,4583.626838512905,60.005645027538776,59.01327263651803,0.9923723910207443,71.34680701653816,4608.998461914062,4739.823703790282,4478.173220037843,261.65048375243896,4038135000.0,0.9233470401559135,-14.6796875,77.47021484375,211.47998046875,-0.31249801856257353,1.6821677432707034
2021-11-15,4682.7998046875,4697.419921875,4672.85986328125,4689.2998046875,3488410000,-1.0739820344718431e-05,-1,0,-0.05029296875,24.56005859375,0.0056841211296815,0.004355406626648178,4618.815454101563,4495.316953125,4257.545192871094,4649.658225255376,4590.972984155468,58.685241099908126,58.94766632919605,-0.26242522928792766,70.43236013508022,4618.815454101563,4740.038081695115,4497.592826508011,242.4452551871036,4029455000.0,0.865727499128294,-18.900390625,69.1298828125,196.33984375,-0.40199055320122934,1.4983707977185665
2021-11-16,4700.89990234375,4714.9501953125,4679.419921875,4679.419921875,3972640000,0.003865229864862485,1,1,18.10009765625,35.5302734375,0.00576106553656729,0.004200685046245217,4627.878955078125,4498.93435546875,4261.918142089844,4657.541560192049,4599.115718836081,58.42584135596735,58.84330133455031,-0.41745997858296136,78.77348186981214,4627.878955078125,4744.910695204241,4510.8472149520085,234.0634802522327,4055130500.0,0.9796577446767742,15.64990234375,70.25,181.27001953125,0.3340249152926738,1.5170656707267758
2021-11-17,4688.669921875,4701.5,4684.41015625,4701.5,3969070000,-0.002601625374463401,-1,0,-12.22998046875,17.08984375,0.0038040592840842733,0.004300660741843778,4635.502954101563,4502.426357421875,4266.2106420898435,4662.330538912503,4605.749363505631,56.58117540687181,58.390876149014616,-1.8097007421428088,70.33810725389047,4635.502954101563,4747.1265633089415,4523.879344894184,223.2472184147573,4070046000.0,0.9751904523929213,41.9599609375,28.10009765625,152.47998046875,0.9030036582923359,0.6029326609426008
2021-11-18,4704.5400390625,4708.7998046875,4672.77978515625,4700.72021484375,4226410000,0.0033847802152713324,1,1,15.8701171875,36.02001953125,0.003781491818026447,0.004307876610671769,4643.240966796875,4506.6515625,4270.374642333984,4668.824308166348,4613.067191324658,55.75711684168982,57.864124287549664,-2.1070074458598427,71.2151602523923,4643.240966796875,4751.241272571986,4535.240661021764,216.00061155022195,4090250000.0,1.0332889187702463,55.27001953125,24.47998046875,154.76025390625,1.188789192691855,0.5230697931706815
2021-11-19,4697.9599609375,4717.75,4694.22021484375,4708.43994140625,4253180000,-0.001398665559303236,-1,0,-6.580078125,23.52978515625,0.0028732984912204513,0.004319455803742807,4650.893969726562,4511.43916015625,4274.430291748047,4673.306716284987,4619.355544629313,53.951171655673534,57.08153376117444,-3.1303621055009074,68.16664491768361,4650.893969726562,4750.953055440281,4550.834884012844,200.11817142743712,4114998000.0,1.0335800892248308,15.10986328125,0.43017578125,153.06005859375,0.32266382579302366,0.00915748916822869
2021-11-22,4682.93994140625,4743.830078125,4682.169921875,4712.0,4441100000,-0.0031971365563219223,-1,0,-15.02001953125,61.66015625,0.0033668452638840178,0.004385957187757275,4656.716967773437,4515.723359375,4278.267041015625,4674.788750919027,4624.065499946124,50.72325097290286,55.809877203520124,-5.086626230617263,61.3658555223475,4656.716967773437,4749.372782036149,4564.0611535107255,185.31162852542366,4142083000.0,1.0721900068154115,0.14013671875,-18.76025390625,116.4599609375,0.0029925840222706644,-0.3990099990840248
2021-11-23,4690.7001953125,4699.39013671875,4652.66015625,4678.47998046875,4277590000,0.001657132912945114,1,1,7.76025390625,46.72998046875,0.002838132319836494,0.004385032970118242,4662.512475585938,4520.6763671875,4282.164392089844,4677.2366654411,4629.001403306596,48.2352621345035,54.294954189716805,-6.059692055213304,57.247352139077,4662.512475585938,4747.798748306425,4577.22620286545,170.57254544097486,4161975500.0,1.0277787555452933,-10.19970703125,5.4501953125,115.91015625,-0.21697349960939785,0.11632667013499814
2021-11-24,4701.4599609375,4702.8701171875,4659.89013671875,4675.77978515625,3418430000,0.0022938506357221833,1,1,10.759765625,42.97998046875,0.002745043117856013,0.004128608858593862,4670.00146484375,4525.0915625,4286.122292480469,4680.9633262867,4634.368703871848,46.59462241485198,52.75488783474384,-6.160265419891857,55.37304979146285,4670.00146484375,4739.0730725795975,4600.9298571079025,138.14321547169493,4121594500.0,0.8293950314617317,12.7900390625,54.75,149.77978515625,0.27278608380658326,1.178253010415005
2021-11-26,4594.6201171875,4664.6298828125,4585.43017578125,4664.6298828125,3517700000,-0.022724822637582465,-1,0,-106.83984375,79.19970703125,0.010336528982696509,0.006475413177975153,4669.911474609375,4527.50896484375,4289.513493652344,4667.679755656054,4631.424364117452,36.25539153860245,49.454988575515564,-13.199597036913111,32.1653965078672,4669.911474609375,4739.390218608014,4600.432730610735,138.9574879972788,4090832000.0,0.8598984265303489,-109.919921875,-54.64990234375,-1.7998046875,-2.33646479703262,-1.1754512453389387
2021-11-29,4655.27001953125,4672.9501953125,4625.259765625,4628.75,4336410000,0.013200199537034996,1,1,60.64990234375,47.6904296875,0.01316726102316846,0.007111121372026672,4672.405981445312,4531.954560546875,4293.115693359375,4665.770565483008,4633.1907089629185,32.57985652008938,46.07996216443033,-13.500105644340948,43.2708080635094,4672.405981445312,4735.410158334602,4609.401804556022,126.00835377857948,4082142500.0,1.0622877569805562,-42.68994140625,-27.580078125,49.89013671875,-0.9086910437978919,-0.588959235291425
2021-11-30,4567.0,4646.02001953125,4560.0,4640.25,6625990000,-0.01896131033450521,-1,0,-88.27001953125,86.02001953125,0.01531183536005076,0.008331653272823338,4670.072485351562,4536.1399609375,4296.287742919922,4650.575093870238,4628.287693484184,22.287400386053378,41.32144980875494,-19.034049422701564,35.81489829293322,4670.072485351562,4744.63343477702,4595.511535926104,149.1218988509154,4214865000.0,1.5720527229223238,-115.93994140625,-115.7998046875,-46.669921875,-2.4757938999199323,-2.4728754061103353
2021-12-01,4513.0400390625,4652.93994140625,4510.27001953125,4602.81982421875,5366730000,-0.011815187417889228,-1,0,-53.9599609375,142.669921875,0.015051112981391297,0.008639687429817673,4664.1919921875,4539.316962890625,4299.1962927246095,4629.415854669047,4619.750830193689,9.665024475358223,34.9901647420756,-25.325140266717376,34.53719351835953,4664.1919921875,4765.572242772055,4562.8117416029445,202.76050116911028,4284439000.0,1.2526097349034495,-177.66015625,-187.85986328125,-117.60986328125,-3.7874975771749164,-3.9962532107434967
2021-12-02,4577.10009765625,4595.4599609375,4504.72998046875,4504.72998046875,5077180000,0.01419443613158311,1,1,64.06005859375,90.72998046875,0.017712728436874686,0.009160306202901581,4660.018505859375,4542.946162109375,4302.511943359375,4621.367276667078,4616.591516672397,4.775759994680811,28.947283792596643,-24.17152379791583,42.69136437359073,4660.018505859375,4768.64030794583,4551.396703772921,217.24360417290882,4322315000.0,1.17464368052768,-124.35986328125,-111.56982421875,-83.4697265625,-2.645132880307501,-2.379562350896589
2021-12-03,4538.43017578125,4608.02978515625,4495.1201171875,4589.490234375,5240070000,-0.008448563730297565,-1,0,-38.669921875,112.90966796875,0.015151267788116117,0.00922930940368018,4652.93701171875,4544.735166015625,4305.670544433594,4608.607722684643,4610.801787717497,-2.194065032854269,22.71901402750646,-24.91307906036073,35.52385315353412,4652.93701171875,4773.8309734854465,4532.0430499520535,241.78792353339304,4361203500.0,1.2015192595346675,-56.18994140625,-166.10986328125,-141.6298828125,-1.2229507548633964,-3.5308417380235886
2021-12-06,4591.669921875,4612.60009765625,4540.509765625,4548.3701171875,4770800000,0.011730872577451423,1,1,53.23974609375,72.09033203125,0.01478366392492117,0.009632217099040653,4647.644018554687,4547.45896484375,4309.246394042969,4606.001907175467,4609.384612469905,-3.382705294437983,17.498670163117573,-20.881375457555556,41.745627660289635,4647.644018554687,4769.582517101854,4525.70552000752,243.876997094334,4376384500.0,1.0901235940306433,-63.60009765625,-106.2900390625,-105.85986328125,-1.3661956747818045,-2.2624722208422
2021-12-07,4686.75,4694.0400390625,4631.97021484375,4631.97021484375,4492400000,0.020707080374404274,1,1,95.080078125,62.06982421875,0.014489603476861311,0.01079610355153401,4646.896508789063,4552.331767578125,4313.273293457031,4618.424690686934,4615.115381916579,3.309308770354619,14.660797884564982,-11.351489114210363,48.875188154367706,4646.896508789063,4767.616951312787,4526.176066265339,241.44088504744832,4387519000.0,1.023904397906881,119.75,3.81005859375,-14.9501953125,2.6220713816509744,0.08136039841258075
2021-12-08,4701.2099609375,4705.06005859375,4674.52001953125,4690.85986328125,4234600000,0.0030852853123166657,1,1,14.4599609375,30.5400390625,0.011271067847521748,0.01078751166209289,4647.694506835937,4559.303369140625,4317.152193603516,4631.160886110098,4621.492758140351,9.66812796974682,13.66226390160135,-3.9941359318545295,50.99331805826085,4647.694506835937,4769.686736686336,4525.702276985538,243.98445970079774,4393395000.0,0.9638559701551989,188.169921875,10.509765625,15.9599609375,4.169471581158159,0.2240553688658805
2021-12-09,4667.4501953125,4695.259765625,4665.97998046875,4691.0,3903840000,-0.007181080169894716,-1,0,-33.759765625,29.27978515625,0.012446994182195796,0.010746886660628355,4648.731518554688,4565.463173828125,4321.342744140625,4636.743856756621,4624.897012745695,11.846844010926361,13.299179923466353,-1.4523359125399917,47.14302048479888,4648.731518554688,4771.040708047938,4526.422329061437,244.61837898650083,4363401000.0,0.8946782567084712,90.35009765625,-34.009765625,20.740234375,1.9739594006806769,-0.7233873287781493
2021-12-10,4712.02001953125,4713.56982421875,4670.240234375,4687.64013671875,3870110000,0.009549073338481762,1,1,44.56982421875,43.32958984375,0.010386519684798132,0.010945443342704397,4651.8690185546875,4573.5527734375,4325.847094726562,4648.324804875795,4631.350568803884,16.974236071911037,14.034191153155291,2.9400449187557456,51.0231463090339,4651.8690185546875,4777.412947508419,4526.325089600956,251.08785790746333,4360563000.0,0.8875253034986538,173.58984375,117.39990234375,62.75,3.82488739556554,2.5551601514253997
2021-12-13,4668.97021484375,4710.2998046875,4667.60009765625,4710.2998046875,4397230000,-0.009136167611567658,-1,0,-43.0498046875,42.69970703125,0.01231421757813454,0.011045310026152179,4651.175024414062,4579.791376953125,4329.682845458984,4651.501021793942,4634.137209251282,17.363812542659616,14.700115431056156,2.66369711160346,49.023272137344115,4651.175024414062,4776.1500215398355,4526.200027288289,249.94999425154674,4393994500.0,1.0007363459376202,77.30029296875,13.7001953125,-13.8798828125,1.6834897604570096,0.294294321382447
2021-12-14,4634.08984375,4660.47021484375,4606.52001953125,4642.990234375,4485430000,-0.0074706775774360246,-1,0,-34.88037109375,53.9501953125,0.008165045491587909,0.011167760682114149,4648.739526367188,4586.463974609375,4333.501844482422,4648.822379017951,4634.133700695632,14.688678322318992,14.697828009308726,-0.009149686989733397,46.186566113598474,4648.739526367188,4773.0161327211235,4524.462920013252,248.55321270787135,4443845500.0,1.0093577735769617,-52.66015625,67.08984375,-48.7099609375,-1.1235964420974023,1.4690134388000875
2021-12-15,4709.85009765625,4712.60009765625,4611.22021484375,4636.4599609375,4910130000,0.016348464630746795,1,1,75.76025390625,101.3798828125,0.011709136377552106,0.011755778006038085,4649.187036132813,4593.746572265625,4337.952495117188,4658.211258808458,4639.742322692715,18.468936115743418,15.452049630595665,3.0168864851477526,50.51967431363855,4649.187036132813,4774.316020123435,4524.058052142191,250.2579679812443,4490720000.0,1.0933948231018633,8.64013671875,196.81005859375,8.9501953125,0.18378538271085879,4.3609198431714695
2021-12-16,4668.669921875,4731.990234375,4651.89013671875,4719.1298828125,4829500000,-0.008743415379980468,-1,0,-41.18017578125,80.10009765625,0.011980453763270503,0.011910932516249919,4648.187036132813,4599.848974609375,4342.453494873047,4659.820283895619,4641.885107817328,17.93517607829017,15.948674920134566,1.986501158155603,54.99263880914631,4648.187036132813,4772.303010832461,4524.071061433165,248.23194939929635,4533741500.0,1.065234972042407,1.2197265625,91.56982421875,-20.0,0.02613261012886578,2.000607857923825
2021-12-17,4620.64013671875,4666.7001953125,4600.22021484375,4652.5,7987090000,-0.010287680637092622,-1,0,-48.02978515625,66.47998046875,0.011340412051189764,0.012088638472975382,4643.992041015625,4604.26658203125,4346.34699584961,4653.792568945331,4640.311406254471,13.481162690860401,15.455172474279735,-1.9740097834193335,47.624737931450234,4643.992041015625,4765.737152778969,4522.24692925228,243.49022352668908,4721775500.0,1.6915437847479196,-91.3798828125,82.2099609375,-83.89990234375,-1.9392931785886265,1.8114184366260146
2021-12-20,4568.02001953125,4587.89990234375,4531.10009765625,4587.89990234375,4635700000,-0.01138805785140995,-1,0,-52.6201171875,56.7998046875,0.011643117810753717,0.012317573914578987,4637.495043945312,4607.800185546875,4350.080345458984,4640.596792112396,4634.956488719417,5.64030339297824,13.492198658019436,-7.851895265041197,50.0735605340868,4637.495043945312,4760.970066248674,4514.020021641951,246.95004460672317,4740901500.0,0.977809811066524,-100.9501953125,-23.64990234375,-129.93994140625,-2.1621511953868473,-0.5150610289097742
2021-12-21,4649.22998046875,4651.14013671875,4583.16015625,4594.9599609375,4072430000,0.017777934551572505,1,1,81.2099609375,67.97998046875,0.014937788207798034,0.013022921915632833,4635.809545898437,4613.560986328125,4353.949295654297,4641.92497493645,4636.013784404553,5.911190531896864,11.975997032794922,-6.064806500898058,59.45015575374037,4635.809545898437,4757.581150347118,4514.0379414497565,243.54320889736118,4722468000.0,0.8623520582881663,15.14013671875,-37.52001953125,-33.7099609375,0.32671219655288974,-0.8005551721608791
2021-12-22,4696.56005859375,4697.669921875,4645.52978515625,4650.35986328125,3319610000,0.010180197220578835,1,1,47.330078125,52.14013671875,0.013513433995869515,0.013227513764450138,4636.1025390625,4620.479189453125,4357.938045654297,4650.330372422189,4640.498693603753,9.831678818435648,11.547133389923069,-1.7154545714874203,58.486302814360954,4636.1025390625,4758.457038549412,4513.748039575588,244.70899897382333,4674569000.0,0.7101424751672293,-13.2900390625,-4.64990234375,5.85986328125,-0.2821754150755984,-0.09890862953125223
2021-12-23,4725.7900390625,4740.740234375,4703.9599609375,4703.9599609375,2913040000,0.006223699921661829,1,1,29.22998046875,36.7802734375,0.012871184620603549,0.013290146797508428,4637.31904296875,4627.718994140625,4361.870295410156,4661.939551905313,4646.816571045142,15.122980860171083,12.262302883972673,2.86067797619841,63.49077546301993,4637.31904296875,4762.852112014585,4511.785973922915,251.06613809166993,4649299500.0,0.6265546024729102,57.1201171875,58.33984375,24.330078125,1.2234773103119658,1.2499296469963503
2021-12-27,4791.18994140625,4791.490234375,4733.990234375,4733.990234375,2770290000,0.01383893524747526,1,1,65.39990234375,57.5,0.011305294428307664,0.012437580036963313,4647.147534179688,4634.77759765625,4366.109544677734,4681.824227213149,4657.510894775594,24.31333243755489,14.672508794689117,9.640823642865774,64.11911253010466,4647.147534179688,4788.400714561386,4505.894353797989,282.5063607633965,4611929000.0,0.6006792385572285,170.5498046875,79.169921875,196.56982421875,3.691042791499715,1.6801694718367473
2021-12-28,4786.35009765625,4807.02001953125,4780.0400390625,4795.490234375,2707920000,-0.0010101548486260992,-1,0,-4.83984375,26.97998046875,0.007227773253593033,0.012177484960104939,4653.7015380859375,4641.077197265625,4370.196595458984,4697.905130358242,4667.054539433421,30.850590924820608,17.908125220715416,12.942465704105192,58.08022829563398,4653.7015380859375,4808.094385727635,4499.30869044424,308.7856952833954,4530504500.0,0.5977082684720874,218.330078125,117.3798828125,131.080078125,4.7795341787360215,2.514042227969711
2021-12-29,4793.06005859375,4804.06005859375,4778.080078125,4788.64013671875,2963310000,0.0014018951394270118,1,1,6.7099609375,25.97998046875,0.006106907955036522,0.011191596881896495,4665.004541015625,4647.20919921875,4374.348345947265,4712.544350086781,4676.388281593446,36.156068493335624,21.557713875239457,14.598354618096167,57.546389419994846,4665.004541015625,4825.6446763891545,4504.364405642096,321.28027074705824,4347370500.0,0.6816327248850771,143.830078125,158.97021484375,226.06005859375,3.0936322515604746,3.430451721995706
2021-12-30,4778.72998046875,4808.93017578125,4775.330078125,4794.22998046875,3124950000,-0.0029897555945093135,-1,0,-14.330078125,33.60009765625,0.0067300137705089596,0.010764205919087645,4678.289038085937,4652.391201171875,4378.371395263672,4722.726754760931,4683.969148176801,38.75760658412946,24.99769241701746,13.759914167112,59.44425428014709,4678.289038085937,4829.693453420041,4526.884622751833,302.8088306682075,4235281500.0,0.7378376148078941,82.169921875,68.8798828125,265.68994140625,1.7495767295607292,1.4624644390864268
2021-12-31,4766.18017578125,4786.830078125,4765.75,4775.2099609375,2677820000,-0.0026261799136575448,-1,0,-12.5498046875,21.080078125,0.006990968493000052,0.010490510149034052,4687.7430419921875,4656.991005859375,4382.6249963378905,4729.411896456364,4690.0588539252785,39.35304253108552,27.868762439831073,11.484280091254448,54.86072523492921,4687.7430419921875,4836.126433948756,4539.359650035619,296.76678391313726,4115313500.0,0.6506964779232494,40.39013671875,97.51025390625,189.080078125,0.8546748032581357,2.0886088658649182
2022-01-03,4796.56005859375,4796.64013671875,4758.169921875,4778.14013671875,3831020000,0.006374052530970564,1,1,30.3798828125,38.47021484375,0.0038465989378014378,0.010227992443435755,4700.6495361328125,4661.926611328125,4387.042296142578,4739.742382939039,4697.947832048869,41.794550890170285,30.653920129898914,11.140630760271371,61.71731086226967,4700.6495361328125,4838.908641900474,4562.390430365151,276.51821153532364,4044861000.0,0.9471326703192026,5.3701171875,175.919921875,258.1298828125,0.11208316207818367,3.80726299105227
2022-01-04,4793.5400390625,4818.6201171875,4774.27001953125,4804.509765625,4683170000,-0.000629621957060511,-1,0,-3.02001953125,44.35009765625,0.003819598148892901,0.010032742526972406,4710.7430419921875,4666.8994140625,4391.3070458984375,4748.0189454195715,4705.028736272101,42.99020914747052,33.121177933413236,9.869031214057287,65.55339003071109,4710.7430419921875,4844.917726683085,4576.56835730129,268.34936938179453,4040479500.0,1.15906292805099,7.18994140625,225.52001953125,201.8701171875,0.15021762427639226,4.93693150570719
2022-01-05,4700.580078125,4797.7001953125,4699.43994140625,4787.990234375,4887960000,-0.019392757790687165,-1,0,-92.9599609375,98.26025390625,0.009469914466235909,0.01014602174669683,4711.434545898437,4669.581416015625,4395.257346191406,4740.720658143484,4704.699206038982,36.021452104501805,33.701232767630955,2.3202193368708492,49.125122464421956,4711.434545898437,4845.230600260851,4577.638491536023,267.592108724828,4060257500.0,1.2038546816304139,-92.47998046875,51.35009765625,13.830078125,-1.9294559078795057,1.1044860734351696
2022-01-06,4696.0498046875,4725.009765625,4671.259765625,4693.39013671875,4295280000,-0.0009637690162076495,-1,0,-4.5302734375,53.75,0.00955900181711658,0.010125715974430276,4711.176538085938,4672.006611328125,4399.291895751953,4733.848219150255,4704.058509642576,29.789709507679618,32.91892811564069,-3.1292186079610715,52.77607802366454,4711.176538085938,4845.075472115648,4577.277604056228,267.7978680594206,4063291500.0,1.0570937379215841,-82.68017578125,-0.51025390625,-5.16015625,-1.7301704871205095,-0.010864417784168204
2022-01-07,4677.02978515625,4707.9501953125,4662.740234375,4697.66015625,4181510000,-0.004050216740091761,-1,0,-19.02001953125,45.2099609375,0.009549617079521316,0.01003272996439251,4711.655517578125,4674.513603515625,4403.129444580078,4725.106921612716,4702.0563819028475,23.050539709868644,30.945250434486283,-7.894710724617639,56.07477028798428,4711.655517578125,4844.963085013746,4578.347950142504,266.61513487124284,4077175000.0,1.0255900225033265,-89.150390625,-48.76025390625,9.57958984375,-1.8704788181950525,-1.0317905260963105
2022-01-10,4670.2900390625,4673.02001953125,4582.240234375,4655.33984375,4511810000,-0.0014410312534549607,-1,0,-6.73974609375,90.77978515625,0.007994914761240094,0.00978885992179514,4709.569018554687,4675.991005859375,4406.608194580078,4716.673555066529,4699.703319470229,16.970235596299972,28.150247466849024,-11.180011870549052,62.22595803052856,4709.569018554687,4844.15275197528,4574.985285134095,269.16746684118516,4109260000.0,1.0979616767982556,-126.27001953125,-120.89990234375,-41.72998046875,-2.632512008371885,-2.5233794489947723
2022-01-11,4713.06982421875,4714.1298828125,4638.27001953125,4669.14013671875,4101590000,0.009159984668711818,1,1,42.77978515625,75.85986328125,0.010291957823889806,0.009784306186403068,4711.773999023438,4678.1448046875,4410.318093261719,4716.119134936102,4700.693430933082,15.425704003019746,25.60533877408317,-10.179634771063423,58.403974957255066,4711.773999023438,4844.995196310985,4578.55280173589,266.442394575095,4094478000.0,1.0017369735531612,-80.47021484375,-73.2802734375,44.099609375,-1.67872207571021,-1.5310261878541527
2022-01-12,4726.35009765625,4748.830078125,4706.7099609375,4728.58984375,4048220000,0.002817754443029452,1,1,13.2802734375,42.1201171875,0.005127246941118511,0.009611252058230008,4716.38701171875,4680.398408203125,4414.157093505859,4717.69312920074,4702.593924764428,15.099204436311993,23.504111906528934,-8.40490747021694,54.30778833444423,4716.38701171875,4844.576429239296,4588.197594198204,256.3788350410923,4072617500.0,0.9940093809448101,25.77001953125,-66.7099609375,92.26025390625,0.5482306247940643,-1.391803151264335
2022-01-13,4659.02978515625,4744.1298828125,4650.2900390625,4733.56005859375,4251730000,-0.0142436152864307,-1,0,-67.3203125,93.83984375,0.008677151999690704,0.009478458131712953,4713.84599609375,4680.966005859375,4417.58779296875,4708.667999347742,4699.366951460119,9.301047887623099,20.663499102747767,-11.362451215124668,41.30408512424553,4713.84599609375,4844.570686400936,4583.121305786563,261.4493806143728,4039697500.0,1.052487222124924,-37.02001953125,-119.7001953125,-50.8203125,-0.7883225491837285,-2.504853712214945
2022-01-14,4662.85009765625,4665.1298828125,4614.75,4637.990234375,4338490000,0.0008199802697488323,1,1,3.8203125,50.3798828125,0.008599530578652441,0.009279830667001578,4713.555004882813,4681.011611328125,4420.802692871093,4701.619091395205,4696.6619993264985,4.957092068706515,17.522217695939517,-12.565125627233002,30.08878384315865,4713.555004882813,4844.728251171035,4582.381758594591,262.3464925764438,4015147000.0,1.080530799993126,-14.1796875,-103.330078125,-5.81982421875,-0.3031771904682511,-2.167985143533996
2022-01-18,4577.10986328125,4632.240234375,4568.7001953125,4632.240234375,4748700000,-0.018387945694007368,-1,0,-85.740234375,63.5400390625,0.011777502872364209,0.009907047797748389,4711.378491210938,4678.952607421875,4423.298692626953,4682.463825531519,4687.806285545369,-5.342460013849632,12.949282153981688,-18.29174216783132,24.051305900105845,4711.378491210938,4850.261143137286,4572.495839284589,277.7653038526969,3853227500.0,1.2323954399266588,-93.18017578125,-219.4501953125,-43.5302734375,-1.995168929592962,-4.575157876306007
2022-01-19,4532.759765625,4611.5498046875,4530.2001953125,4588.02978515625,4465740000,-0.009689541868338813,-1,0,-44.35009765625,81.349609375,0.009276527617686993,0.00981498866127236,4709.615478515625,4675.65720703125,4425.592791748047,4659.432431699747,4676.32135814386,-16.888926444113167,6.981640434362718,-23.870566878475884,20.475497922576523,4709.615478515625,4856.807219367506,4562.423737663744,294.3834817037623,3844729500.0,1.161522546644699,-180.31005859375,-260.7802734375,-35.26025390625,-3.8257455399281852,-5.4402439806991225
2022-01-20,4482.72998046875,4602.10986328125,4477.9501953125,4547.35009765625,4640870000,-0.01103737849414832,-1,0,-50.02978515625,124.15966796875,0.007164524016892564,0.009104415908204506,4701.290478515625,4671.277802734375,4427.606691894532,4632.247439202671,4661.981256093853,-29.73381689118196,-0.36145103074621776,-29.372365860435742,18.94152558524624,4701.290478515625,4878.612783391532,4523.968173639719,354.6446097518128,3873151500.0,1.1982154583935072,-243.6201171875,-217.85009765625,-166.5,-5.154508492891984,-4.634536462213565
2022-01-21,4397.93994140625,4494.52001953125,4395.33984375,4471.3798828125,5589100000,-0.018914821867908604,-1,0,-84.7900390625,99.18017578125,0.008026210445135707,0.009411680580047141,4686.35947265625,4665.5316015625,4429.110541992188,4596.200131849375,4642.422640191067,-46.222508341692446,-9.533662492935465,-36.68884584875698,16.448015859598414,4686.35947265625,4909.681601030841,4463.037344281658,446.6442567491831,3986626000.0,1.4019624614899917,-261.08984375,-298.10986328125,-298.6201171875,-5.6039530930202845,-6.348098416326055
2022-01-24,4410.1298828125,4417.35009765625,4222.6201171875,4356.31982421875,6928110000,0.002771738943381896,1,1,12.18994140625,194.72998046875,0.008783398124221022,0.009259473174556977,4670.57646484375,4660.8,4430.517192382813,4567.573939689855,4625.215769274137,-57.64182958428137,-19.155295911204647,-38.48653367307672,13.583542930345686,4670.57646484375,4924.663736166559,4416.489193520941,508.1745426456182,4187379500.0,1.6545216405630299,-252.72021484375,-266.89990234375,-315.66015625,-5.41986573771218,-5.706611131509684
2022-01-25,4356.4501953125,4411.009765625,4287.10986328125,4366.64013671875,5145050000,-0.012171906253646725,-1,0,-53.6796875,123.89990234375,0.007878729153154069,0.008505279186465898,4648.8394775390625,4654.943603515625,4431.6594921875,4535.0933636318005,4605.307208239941,-70.21384460814079,-29.367005650591878,-40.84683895754891,12.399610201955724,4648.8394775390625,4932.180221638991,4365.498733439134,566.6814881998562,4306117500.0,1.1948234111122142,-220.65966796875,-313.83984375,-434.73974609375,-4.820938857922955,-6.719921913307964
2022-01-26,4349.93017578125,4453.22998046875,4304.7998046875,4408.43017578125,5570640000,-0.0014966358477518371,-1,0,-6.52001953125,148.43017578125,0.008716991311223643,0.008494829909133021,4627.018481445312,4648.285205078125,4432.701193847656,4506.606719347101,4586.390391020779,-79.78367167367833,-39.45033885520917,-40.33333281846916,14.565823013408263,4627.018481445312,4932.151368679224,4321.8855942114005,610.2657744678236,4449253500.0,1.2520392465837247,-182.82958984375,-363.1396484375,-436.419921875,-4.033515987991932,-7.704949469907225
2022-01-27,4326.509765625,4428.740234375,4309.5,4380.580078125,5214200000,-0.00538408875771057,-1,0,-23.42041015625,119.240234375,0.008618134974811625,0.008371457978075285,4603.690966796875,4641.159404296875,4433.710441894531,4478.899495697547,4567.139974324796,-88.2404786272491,-49.20836680961716,-39.03211181763194,14.03017819086746,4603.690966796875,4926.215906277826,4281.166027315923,645.0498789619032,4561798000.0,1.1430142237775545,-156.22021484375,-399.84033203125,-466.55029296875,-3.4849347501277417,-8.459811985352648
2022-01-28,4431.85009765625,4432.72021484375,4292.4599609375,4336.18994140625,5031090000,0.024347646888076113,1,1,105.34033203125,140.26025390625,0.013846114717305654,0.010651058295872004,4586.34697265625,4635.778408203125,4435.017592773437,4471.661126768116,4557.118501978978,-85.45737521086176,-56.45816848986608,-28.999206720995673,29.56839262956929,4586.34697265625,4906.537851297476,4266.156094015024,640.3817572824519,4657105000.0,1.0803041803867424,33.91015625,-227.1796875,-346.8798828125,0.7710463694771866,-4.876115800414035
2022-01-31,4515.5498046875,4516.89013671875,4414.02001953125,4431.7900390625,5098610000,0.018885951732779516,1,1,83.69970703125,102.8701171875,0.015905399035544728,0.011791136225119216,4573.815454101563,4632.316005859375,4436.667990722656,4478.413231063406,4554.039339216646,-75.62610815324024,-60.29175642254092,-15.334351730699318,38.570962827895805,4573.815454101563,4883.827991380947,4263.802916822178,620.0250745587691,4778144500.0,1.067069026480886,105.419921875,-147.30029296875,-250.63037109375,2.390404017030217,-3.1590184089938793
2022-02-01,4546.5400390625,4550.490234375,4483.52978515625,4519.56982421875,4816830000,0.00686300355780145,1,1,30.990234375,66.96044921875,0.012789583802856075,0.011811280199598921,4561.314453125,4629.156005859375,4438.584392089844,4488.894278447882,4553.4838355015245,-64.58955705364224,-61.15131654876119,-3.438240504881051,37.48218966710735,4561.314453125,4853.1381965986975,4269.4907096513025,583.647486947395,4827435000.0,0.9978031811924967,190.08984375,-30.56982421875,-250.02001953125,4.363411383757696,-0.6678848690958672
2022-02-02,4589.3798828125,4595.31005859375,4544.31982421875,4566.39013671875,4481580000,0.00942251544733641,1,1,42.83984375,50.990234375,0.01149173440636721,0.012109945151469879,4551.1064453125,4626.984404296875,4440.856591796875,4504.3536021962855,4556.142801969004,-51.78919977271835,-59.278893193552626,7.4896934208342785,40.142211639088586,4551.1064453125,4822.279370940872,4279.933519684128,542.3458512567431,4817355500.0,0.9302987915257656,239.44970703125,56.6201171875,-204.16015625,5.504679324840995,1.2491312161939148
2022-02-03,4477.43994140625,4542.8798828125,4470.39013671875,4535.41015625,4401970000,-0.024391082077444004,-1,0,-111.93994140625,72.48974609375,0.01893080033726503,0.012529808276684254,4539.949438476562,4622.874404296875,4442.376691894531,4500.213038997818,4550.312960445837,-50.099921448018904,-57.443098844445885,7.343177396426981,37.719638882835035,4539.949438476562,4803.482078992285,4276.416797960839,527.0652810314459,4793056000.0,0.918405710260844,150.93017578125,-5.2900390625,-223.14013671875,3.4884972866679034,-0.11800931766019133
2022-02-04,4500.52978515625,4539.66015625,4451.5,4482.7900390625,4706290000,0.0051569298644233985,1,1,23.08984375,88.16015625,0.016304010045269095,0.012639820341643187,4530.1734375,4619.07099609375,4444.204440917969,4500.261769176039,4546.625317831794,-46.36354865575504,-55.22718880670772,8.863640150952683,39.30160769386234,4530.1734375,4783.637887728793,4276.708987271206,506.9289004575876,4813606500.0,0.9777055935087341,68.6796875,102.58984375,-195.52001953125,1.549684352733878,2.332679507151175
2022-02-07,4483.8701171875,4521.85986328125,4471.47021484375,4505.75,4228480000,-0.0037017126347429485,-1,0,-16.65966796875,50.3896484375,0.013804534419800063,0.012637154959813697,4520.515454101563,4614.71919921875,4445.722941894532,4497.739976562418,4541.976784450735,-44.236807888317344,-53.029112623029654,8.79230473471231,43.23898491478051,4520.515454101563,4764.979102685459,4276.051805517666,488.92729716779286,4815955000.0,0.8780148485606697,-31.6796875,73.740234375,-193.15966796875,-0.7015687761236509,1.6720649126998766
2022-02-08,4521.5400390625,4531.31982421875,4465.39990234375,4480.02001953125,4459620000,0.008401207191663262,1,1,37.669921875,65.919921875,0.014047764653187874,0.012851151432832999,4513.077954101563,4613.25759765625,4447.392541503907,4501.401524639354,4540.462951459014,-39.06142681966048,-50.235575462355825,11.174148642695343,49.17847458984509,4513.077954101563,4747.187264545766,4278.968643657359,468.2186208884068,4813345500.0,0.9265115084716026,-25.0,165.08984375,-148.75,-0.5498686866321982,3.7895496642572697
2022-02-09,4587.18017578125,4590.02978515625,4547.0,4547.0,4524350000,0.014517207887505545,1,1,65.64013671875,43.02978515625,0.015137296928388657,0.013138501154741463,4506.783471679688,4611.89580078125,4449.394841308594,4514.598240199645,4543.923486593994,-29.32524639434905,-46.05350964875448,16.728263254405427,57.47707390458774,4506.783471679688,4724.443774295265,4289.123169064111,435.32060523115433,4834483500.0,0.9358497138318912,-2.19970703125,237.25,-125.8896484375,-0.047930375942249484,5.454110535403933
2022-02-10,4504.080078125,4588.919921875,4484.31005859375,4553.240234375,5314860000,-0.01811572566845976,-1,0,-83.10009765625,104.60986328125,0.012668597461578165,0.013620633111363026,4495.669970703125,4610.63740234375,4450.999340820313,4512.980061418931,4540.9721230036985,-27.992061584767725,-42.44122003595713,14.449158451189405,57.61647646644546,4495.669970703125,4687.263642642743,4304.076298763506,383.18734387923723,4897815500.0,1.085149083300504,26.64013671875,177.5703125,-222.27001953125,0.5949859086302565,4.104239262576783
2022-02-11,4418.64013671875,4526.330078125,4401.41015625,4506.27001953125,5251500000,-0.01896945434456343,-1,0,-85.43994140625,124.919921875,0.015159118543454192,0.013876998721796707,4483.65048828125,4608.749404296875,4452.035190429688,4498.466226849672,4531.910494389999,-33.44426754032702,-40.64182953683111,7.197561996504092,50.552592514620926,4483.65048828125,4661.781988522481,4305.5189880400185,356.2630004824623,4947804000.0,1.061379957653941,-81.8896484375,-13.2099609375,-240.3896484375,-1.8195557489162788,-0.2980687669126261
2022-02-14,4401.669921875,4426.22021484375,4364.83984375,4412.60986328125,4600390000,-0.0038405967262932217,-1,0,-16.97021484375,61.38037109375,0.015159538995083327,0.01385648064345095,4470.591479492187,4605.24080078125,4453.137690429688,4483.5744876228,4522.263044574073,-38.68855695127331,-40.251175019719554,1.5626180684462412,53.083217919352265,4470.591479492187,4630.801215777892,4310.3817432064825,320.41947257140964,4960899000.0,0.9273299053256274,-82.2001953125,-113.8798828125,-261.18017578125,-1.8332421137135866,-2.5219494355766736
2022-02-15,4471.06982421875,4472.77001953125,4429.27978515625,4429.27978515625,4430830000,0.01576672117072042,1,1,69.39990234375,43.490234375,0.016877936298242757,0.013936972637052068,4465.289477539062,4603.89359375,4454.529738769531,4481.650693252946,4518.470954177383,-36.8202609244363,-39.5649922006629,2.7447312762266023,57.607361135471336,4465.289477539062,4617.4741619734805,4313.104793104644,304.3693688688363,4945005500.0,0.8960212481057908,-50.47021484375,-75.47021484375,-106.0400390625,-1.1162173597430876,-1.6599483166393056
2022-02-16,4475.009765625,4489.5498046875,4429.68017578125,4455.75,4283640000,0.0008812077558950637,1,1,3.93994140625,59.86962890625,0.014441720314252133,0.013792940391711056,4462.4019775390625,4601.560390625,4456.081486816406,4480.6290120794165,4515.2516068772065,-34.62259479779004,-38.57651272008833,3.953917922298288,59.55943276072123,4462.4019775390625,4611.353638676415,4313.45031640171,297.9033222747057,4935900500.0,0.8678537989167326,-112.17041015625,-114.3701171875,-57.75,-2.445302034318852,-2.4920603678031292
2022-02-17,4380.259765625,4456.06005859375,4373.81005859375,4456.06005859375,4539420000,-0.021173138152195015,-1,0,-94.75,82.25,0.01518893423718337,0.014372564376903912,4457.278466796875,4595.4305859375,4457.144836425781,4465.187589547968,4505.252211228894,-40.06462168092639,-38.87413451225595,-1.190487168670444,46.633053606903104,4457.278466796875,4610.280321252448,4304.276612341303,306.0037089111447,4930828000.0,0.9206202284890084,-123.8203125,-97.18017578125,-102.47021484375,-2.7490699621740533,-2.1704406324371193
2022-02-18,4348.8701171875,4394.60009765625,4327.22021484375,4384.56982421875,4708060000,-0.0071661613961429005,-1,0,-31.3896484375,67.3798828125,0.01337463507189856,0.013834293659995556,4454.824975585938,4588.3837890625,4457.881086425781,4447.292593800204,4493.668352411013,-46.3757586108095,-40.37445933196666,-6.001299278842836,38.32479878952215,4454.824975585938,4613.308820191501,4296.341130980375,316.9676892111256,4886776000.0,0.9634286490725174,-69.77001953125,-151.65966796875,-49.06982421875,-1.578993024380137,-3.36981811494632
2022-02-22,4304.759765625,4362.1201171875,4267.10986328125,4332.740234375,5121900000,-0.010142945264832837,-1,0,-44.1103515625,95.01025390625,0.013752759182709533,0.013975708572293135,4449.556469726563,4581.12998046875,4458.241884765625,4425.364466388633,4479.6751237601975,-54.31065737156405,-43.16169893988614,-11.148958431677904,33.3699854645305,4449.556469726563,4620.789235649904,4278.323703803221,342.465531846683,4796465500.0,1.0678488149242396,-96.91015625,-179.1103515625,-105.3701171875,-2.2016679571629196,-3.994548166681658
2022-02-23,4225.5,4341.509765625,4221.509765625,4324.93017578125,4797430000,-0.018412122845487655,-1,0,-79.259765625,120.0,0.008871625630919628,0.014301397687636809,4443.008959960937,4571.399580078125,4458.427233886719,4394.616086944228,4460.847336814998,-66.23124987076972,-47.77560912606286,-18.455640744706855,26.165886296182578,4443.008959960937,4637.646686171397,4248.371233750478,389.27545242091946,4779084500.0,1.0038387059278822,-245.56982421875,-296.0400390625,-130.9501953125,-5.492417561643863,-6.5473276030943035
2022-02-24,4288.7001953125,4294.72998046875,4114.64990234375,4155.77001953125,6752130000,0.014956856067329216,1,1,63.2001953125,180.080078125,0.014260941609992361,0.014763001598929182,4439.9474609375,4563.7941796875,4459.110234375,4378.3213343855,4448.095696703702,-69.77436231820138,-52.175359764490565,-17.599002553710818,36.79439113765859,4439.9474609375,4642.514326032431,4237.380595842569,405.13373018986204,4838159000.0,1.3955990284734339,-186.3095703125,-298.47998046875,-61.22998046875,-4.163333267865599,-6.50682922908986
2022-02-25,4384.64990234375,4385.33984375,4286.830078125,4298.3798828125,5177060000,0.022372677655603468,1,1,95.94970703125,98.509765625,0.01744252272384989,0.01557255349347711,4442.854467773437,4558.805380859375,4460.718283691406,4379.294960225231,4443.396008232594,-64.1010480073628,-54.560497413065015,-9.540550594297791,42.64235551769081,4442.854467773437,4640.167489701901,4245.541445844973,394.62604385692794,4836302000.0,1.07045837915002,4.39013671875,-119.43017578125,58.14013671875,0.10022548783984256,-2.651599743114858
2022-02-28,4373.93994140625,4388.83984375,4315.1201171875,4354.169921875,6071370000,-0.002442603440647617,-1,0,-10.7099609375,73.7197265625,0.01705929124464411,0.014558064082114856,4439.958959960937,4552.087177734375,4462.025483398437,4378.471111176157,4438.251114393605,-59.78000321744821,-55.60439857394166,-4.175604643506553,42.96698744762031,4439.958959960937,4639.6373711124525,4240.280548809422,399.35682230303064,4888316000.0,1.2420166781361925,25.06982421875,-44.7001953125,-57.91015625,0.576467531639302,-1.0116278748532357
2022-03-01,4306.259765625,4378.4501953125,4279.5400390625,4363.14013671875,5846230000,-0.015473503680411893,-1,0,-67.68017578125,98.91015625,0.01808622142993895,0.014164972520038512,4429.494458007813,4544.838974609375,4462.687531738281,4367.361673399057,4428.473977447783,-61.1123040487264,-56.70597966889861,-4.406324379827794,36.736312253539936,4429.494458007813,4634.361991675191,4224.626924340434,409.73506733475733,4925697000.0,1.1868838054797117,1.5,-95.41015625,-209.2900390625,0.034845150058733135,-2.167589981607655
2022-03-02,4386.5400390625,4401.47998046875,4322.56005859375,4322.56005859375,5337870000,0.018642691757321028,1,1,80.2802734375,78.919921875,0.01602760278130356,0.014795767919311566,4421.494458007813,4540.15697265625,4463.803781738281,4370.312191193432,4425.367759789613,-55.05556859618082,-56.375897454355055,1.3203288581742356,37.85736195321915,4421.494458007813,4619.498322525938,4223.490593489687,396.0077290362515,4951749000.0,1.077976690660209,161.0400390625,-84.52978515625,-160.0,3.8111475343154657,-1.8905941638032966
2022-03-03,4363.490234375,4416.77978515625,4345.56005859375,4401.31005859375,5039890000,-0.005254666430088317,-1,0,-23.0498046875,71.2197265625,0.016258904392312735,0.014578207713644499,4410.199975585938,4536.066376953125,4464.982082519531,4369.262659375212,4420.78423938853,-51.52158001331827,-55.4050339661477,3.883453952829427,40.82467301537124,4410.199975585938,4593.074068979161,4227.325882192715,365.74818678644624,4979664500.0,1.0120942886814965,74.7900390625,-111.51953125,-225.8896484375,1.743885924790095,-2.492051125935916
2022-03-04,4328.8701171875,4342.1201171875,4284.97998046875,4342.1201171875,5797380000,-0.007934042550334475,-1,0,-34.6201171875,57.14013671875,0.012771503685183332,0.013711450795428086,4402.771484375,4529.6591796875,4466.048032226562,4363.048422115564,4413.975785892158,-50.927363776593666,-54.5094999282369,3.5821361516432333,43.725097357939326,4402.771484375,4586.214359403279,4219.328609346721,366.8857500565573,5049435000.0,1.1481244931363608,-55.77978515625,-51.3896484375,-148.56982421875,-1.2721605236129283,-1.1732100648639827
2022-03-07,4201.08984375,4327.009765625,4199.85009765625,4327.009765625,6940470000,-0.029518158313449172,-1,0,-127.7802734375,127.15966796875,0.017579930867564354,0.014948968995113023,4387.799487304687,4519.749775390625,4466.257880859375,4338.131717751631,4398.20645684459,-60.074739092959135,-55.62254776118135,-4.452191331777783,37.86011416790886,4387.799487304687,4585.937772221602,4189.661202387772,396.27656983382985,5161144000.0,1.3447541862811812,-172.85009765625,-147.7802734375,-299.43994140625,-3.9518168967056635,-3.398130306385706
2022-03-08,4170.7001953125,4276.93994140625,4157.8701171875,4202.66015625,7243120000,-0.00723375351819977,-1,0,-30.3896484375,119.06982421875,0.01707225302938341,0.014974428993906887,4372.1409912109375,4508.647978515625,4466.3320825195315,4312.373021991765,4381.354141175547,-68.98111918378163,-58.29426204570141,-10.68685713808022,30.919459727382304,4372.1409912109375,4587.096541779298,4157.185440642577,429.9111011367204,5311876000.0,1.3635709869733406,-135.5595703125,-134.0595703125,-313.169921875,-3.1479654663337575,-3.1142172295655657
2022-03-09,4277.8798828125,4299.39990234375,4223.10009765625,4223.10009765625,5662670000,0.02569824789143582,1,1,107.1796875,76.2998046875,0.019729868387719732,0.016151610217322455,4359.957983398437,4498.38177734375,4466.736232910156,4307.066385194955,4373.689381296803,-66.622996101848,-59.96000885693073,-6.662987244917275,38.92963613748988,4359.957983398437,4566.724843662312,4153.191123134562,413.5337205277501,5372028500.0,1.0541027472210915,-108.66015625,52.3798828125,-243.66015625,-2.477126739579996,1.2396138400780972
2022-03-10,4259.52001953125,4268.27978515625,4209.7998046875,4252.5498046875,4980830000,-0.004291813651667864,-1,0,-18.35986328125,58.47998046875,0.019729611557696647,0.01563936980635346,4343.574975585938,4487.84517578125,4467.09318359375,4299.751559708231,4365.232391536391,-65.48083182816026,-61.064173451176636,-4.4166583769836265,42.583184412134685,4343.574975585938,4524.894315783458,4162.255635388417,362.63868039504086,5394852500.0,0.9232560111699069,-103.97021484375,-29.18017578125,-327.66015625,-2.3827305496110975,-0.6803967275013441
2022-03-11,4204.31005859375,4291.009765625,4200.490234375,4279.5,4938640000,-0.012961545123475138,-1,0,-55.2099609375,90.51953125,0.02006372730997769,0.01542832592705466,4328.586474609375,4476.07017578125,4467.134782714844,4285.068251844465,4353.312218725825,-68.2439668813604,-62.50013213721339,-5.7438347441470015,41.372430968432305,4328.586474609375,4503.487388391818,4153.685560826932,349.8018275648865,5376041500.0,0.9186387419070333,-124.56005859375,-180.33984375,-299.77001953125,-2.877426562169013,-4.112981600962074
2022-03-14,4173.10986328125,4247.56982421875,4161.72021484375,4202.75,5574920000,-0.007421002465963666,-1,0,-31.2001953125,85.849609375,0.015382678890206105,0.015022766975614981,4316.3099609375,4463.9577734375,4466.9959326171875,4267.843884373201,4339.963896100301,-72.12001172710006,-64.42410805519073,-7.695903671909335,42.019956988941786,4316.3099609375,4498.895557101536,4133.724364773465,365.1711923280709,5392212500.0,1.0338835867466276,-27.97998046875,-200.830078125,-245.5302734375,-0.6660171886201405,-4.59151430553095
2022-03-15,4262.4501953125,4271.0498046875,4187.89990234375,4188.81982421875,5392470000,0.021408574170870942,1,1,89.34033203125,83.14990234375,0.01774525659879834,0.015957882265255355,4309.348974609375,4453.883173828125,4467.287634277343,4267.0140860561705,4334.22214048639,-67.20805443021982,-64.98089733019656,-2.2271571000232626,52.212718526203254,4309.348974609375,4488.821048062225,4129.876901156525,358.9441469057001,5431816500.0,0.9927562906442071,91.75,-43.8095703125,-139.2197265625,2.1998704223122756,-1.0173462052199627
2022-03-16,4357.85986328125,4358.89990234375,4251.990234375,4288.14013671875,6309750000,0.02238376135718223,1,1,95.40966796875,106.90966796875,0.016791017139873105,0.016396937679794478,4303.6884765625,4445.109169921875,4468.0667333984375,4280.990359475414,4335.97308291564,-54.98272344022553,-62.98126255220235,7.998539111976825,53.9877124434737,4303.6884765625,4468.202061231809,4139.174891893191,329.0271693386185,5525762500.0,1.1418786095131668,79.97998046875,-28.68017578125,-113.2099609375,1.8696172557366668,-0.6538222728129842
2022-03-17,4411.669921875,4412.669921875,4335.64990234375,4345.10986328125,4985090000,0.01234781757145198,1,1,53.81005859375,77.02001953125,0.01642543818690866,0.016670042846709192,4300.521484375,4437.471767578125,4469.084482421875,4301.094907536889,4341.580256171888,-40.485348634999355,-58.48207976876176,17.996731133762403,51.6375372046488,4300.521484375,4453.158535456778,4147.884433293222,305.27410216355565,5560835000.0,0.8964642899852271,152.14990234375,48.1796875,-63.33984375,3.571996413823493,1.1041548144292104
2022-03-18,4463.1201171875,4465.39990234375,4390.56982421875,4407.33984375,8278430000,0.011662294827948783,1,1,51.4501953125,74.830078125,0.011976278912425883,0.016143848589927234,4304.664501953125,4432.722568359375,4470.435832519532,4326.021862867752,4350.583208839712,-24.56134597195978,-51.69793300940137,27.136587037441586,55.1503967396791,4304.664501953125,4470.3545483312355,4138.974455575015,331.3800927562206,5747785500.0,1.4402816528208995,258.81005859375,134.25,82.8603515625,6.155827115194171,3.101271148491359
2022-03-21,4461.18017578125,4481.75,4424.2998046875,4462.39990234375,4869820000,-0.00043466036210393355,-1,0,-1.93994140625,57.4501953125,0.009224189792295749,0.016033087257154004,4310.280004882812,4428.02517578125,4471.592282714843,4346.815449469829,4358.775576761307,-11.960127291477875,-43.750371865816675,31.7902445743388,59.68228334129822,4310.280004882812,4489.350706444345,4131.20930332128,358.1414031230652,5755873500.0,0.8460609844882797,288.0703125,260.09033203125,112.31005859375,6.903012907345192,6.191020466229466
2022-03-22,4511.60986328125,4522.0,4469.10009765625,4469.10009765625,4754840000,0.0113041136006502,1,1,50.4296875,52.89990234375,0.008088026368399469,0.015937532069106097,4320.622509765625,4424.71677734375,4473.0177319335935,4372.168436210048,4370.096635022043,2.0718011880044287,-34.58593725505245,36.65773844305688,58.11963048410994,4320.622509765625,4520.979502968686,4120.265516562565,400.71398640612097,5737520500.0,0.8287273221943172,249.15966796875,340.90966796875,206.85009765625,5.845456405396965,8.173919294220727
2022-03-23,4456.240234375,4501.06982421875,4455.81005859375,4493.10009765625,4550670000,-0.012272698789159042,-1,0,-55.36962890625,45.259765625,0.010780244468288933,0.015569020591604539,4332.159521484375,4420.43578125,4474.162634277343,4385.102559004656,4376.477642381521,8.624916623134595,-25.943766479415043,34.56868310254964,55.77889355508799,4332.159521484375,4535.996770816004,4128.322272152745,407.6744986632584,5725182500.0,0.794851517833711,98.38037109375,178.3603515625,230.740234375,2.2575386584293353,4.169363246478923
2022-03-24,4520.16015625,4520.580078125,4465.169921875,4469.97998046875,4131390000,0.01434391292056647,1,1,63.919921875,55.41015625,0.01117236387521363,0.015544366640015673,4343.73251953125,4416.577587890625,4475.665686035156,4405.8806508885555,4387.120791556964,18.759859331591542,-17.00304131721373,35.76290064880527,61.49871089237242,4343.73251953125,4562.887622014811,4124.577417047688,438.31020496712335,5594145500.0,0.7385202976933654,108.490234375,260.64013671875,231.4599609375,2.4591648127856915,6.119002505531899
2022-03-25,4543.06005859375,4546.02978515625,4501.06982421875,4522.91015625,4305020000,0.005066170567449069,1,1,22.89990234375,44.9599609375,0.010549356960103146,0.014860987559507224,4351.65302734375,4412.911787109375,4477.185085449219,4426.985175150893,4398.6718483745035,28.31332677638966,-7.939767698493052,36.25309447488271,73.52222630480503,4351.65302734375,4587.824286221303,4115.4817684661975,472.3425177551053,5550543500.0,0.7756033260526649,79.93994140625,338.75,158.41015625,1.791122338348028,8.057207848112528
2022-03-28,4575.52001953125,4575.64990234375,4517.68994140625,4541.08984375,4312260000,0.007144955276586762,1,1,32.4599609375,57.9599609375,0.010367414173037647,0.014868813204341743,4361.73203125,4411.241591796875,4478.825485839844,4449.8366896709485,4411.771712904633,38.06497676631534,1.2611811944686266,36.80379557184671,77.76621974360812,4361.73203125,4618.238150588882,4105.225911911118,513.0122386777639,5462588000.0,0.7894170309018362,114.33984375,402.41015625,201.580078125,2.5629954237384416,9.642932235998964
2022-03-29,4631.60009765625,4637.2998046875,4589.66015625,4602.85986328125,5085910000,0.012256547427530462,1,1,56.080078125,47.6396484375,0.010517175113723265,0.014403932140992436,4377.999047851563,4410.616591796875,4480.707736816406,4477.800290899457,4428.055296960309,49.74499393914812,10.957943743404524,38.78705019574359,76.09020260074033,4377.999047851563,4659.718349511493,4096.2797461916325,563.4386033198607,5424572000.0,0.93756889944497,119.990234375,369.14990234375,325.34033203125,2.6595879965501332,8.660509458848606
2022-03-30,4602.4501953125,4627.77001953125,4581.31982421875,4624.2001953125,4385570000,-0.0062937001746978805,-1,0,-29.14990234375,46.4501953125,0.008074889202326744,0.014123192371288621,4388.7945556640625,4411.1233984375,4482.487038574219,4496.977199270695,4440.973437578989,56.00376169170522,19.967107333064664,36.03665435864056,74.89802502135927,4388.7945556640625,4687.902665918154,4089.686445409971,598.2162205081827,5376957000.0,0.8156230373424969,146.2099609375,244.59033203125,215.91015625,3.2810161312590536,5.612624997240864
2022-03-31,4530.41015625,4603.06982421875,4530.41015625,4599.02001953125,4823020000,-0.015652540713177343,-1,0,-72.0400390625,72.65966796875,0.01129469558442995,0.014606777724056531,4397.140551757812,4411.07640625,4484.020588378906,4502.120731113665,4447.598379702768,54.52235141089659,26.87815614863105,27.64419526226554,73.11129152037252,4397.140551757812,4702.525020163546,4091.756083352078,610.7689368114684,5366113500.0,0.8987920214509066,10.25,118.740234375,166.919921875,0.2267618766965012,2.6915031377627257
2022-04-01,4545.85986328125,4548.7001953125,4507.56982421875,4540.31982421875,4562940000,0.0034102225843584133,1,1,15.44970703125,41.13037109375,0.011150850178794835,0.014420601163062265,4407.9900390625,4412.33900390625,4485.640588378907,4508.8498283702165,4454.877008115989,53.97282025422737,32.29708896975031,21.67573128447706,77.02069791576703,4407.9900390625,4718.536519427778,4097.443558697221,621.092960730557,5304391500.0,0.8602193107352653,2.7998046875,82.73974609375,216.98974609375,0.06162816804950287,1.8538543422821803
2022-04-04,4582.64013671875,4583.5,4539.2099609375,4547.97021484375,4547350000,0.008090938687879357,1,1,36.7802734375,44.2900390625,0.011305665297862227,0.012318010609568546,4427.067553710937,4416.0330078125,4487.721538085938,4520.20218350076,4464.340943568045,55.86123993271485,37.00991916234322,18.85132077037163,75.12519512047467,4427.067553710937,4730.903291086892,4123.231816334983,607.671474751909,5184735500.0,0.8770649920328626,7.1201171875,121.4599609375,381.55029296875,0.15561328891812906,2.722597074130271
2022-04-05,4525.1201171875,4593.4501953125,4514.169921875,4572.4501953125,4800620000,-0.012551720801807331,-1,0,-57.52001953125,79.2802734375,0.010167112775895524,0.012636272967330126,4444.788549804687,4418.3328125,4489.223188476562,4520.958788683335,4468.843104576894,52.11568410644122,40.031072151162824,12.084611955278397,63.95465081699413,4444.788549804687,4726.180258958834,4163.39684065054,562.7834183082941,5062610500.0,0.9482499196807654,-106.47998046875,13.51025390625,354.419921875,-2.298989079878303,0.29945527906138864
2022-04-06,4481.14990234375,4503.93994140625,4450.0400390625,4494.169921875,4986830000,-0.009716916613271898,-1,0,-43.97021484375,53.89990234375,0.010421799786084138,0.011920631448394331,4454.95205078125,4420.826806640625,4490.39673828125,4514.834344631091,4469.754719226291,45.079625404800026,41.04078280189027,4.038842602909753,55.893533287000714,4454.95205078125,4725.43265859188,4184.471442970621,540.9612156212588,5028818500.0,0.9916504244486056,-121.30029296875,24.90966796875,203.27001953125,-2.6355590570494787,0.5589839563989227
2022-04-07,4500.2099609375,4521.16015625,4450.2998046875,4474.64990234375,4821490000,0.004253385628492534,1,1,19.06005859375,70.8603515625,0.009201381482425925,0.011821218150843932,4466.986547851562,4423.83240234375,4491.688588867188,4512.584439447462,4472.010663056751,40.57377639071092,40.94738151965441,-0.3736051289434883,53.32901502176394,4466.986547851562,4721.8206005236725,4212.152495179452,509.66810534422075,5020851500.0,0.9602932888973116,-30.2001953125,-19.9501953125,240.68994140625,-0.6666106217962813,-0.44136036385602345
2022-04-08,4488.27978515625,4520.41015625,4474.60009765625,4494.14990234375,4083200000,-0.002651026482054286,-1,0,-11.93017578125,45.81005859375,0.008816445570718114,0.011310627243687883,4481.185034179687,4427.067802734375,4492.797536621094,4508.845261864199,4473.215783212268,35.629478651930185,39.88380094610956,-4.254322294179374,52.38948523168965,4481.185034179687,4704.0323489478415,4258.337719411533,445.69462953630864,4978079500.0,0.820235996632838,-57.580078125,-54.7802734375,283.9697265625,-1.2666487717779775,-1.205801216162143
2022-04-11,4412.52978515625,4464.35009765625,4408.3798828125,4462.64013671875,4266290000,-0.01687729010355421,-1,0,-75.75,55.97021484375,0.008366935076313814,0.011962725219259769,4493.156030273438,4426.681396484375,4493.456684570312,4494.027496216821,4468.720524097008,25.30697211981351,36.96843518085035,-11.66146306103684,41.63711656997974,4493.156030273438,4666.559444564401,4319.752615982475,346.8068285819263,4912648000.0,0.8684298162620241,-170.1103515625,-162.990234375,239.419921875,-3.712060002256733,-3.56222317199473
2022-04-12,4397.4501953125,4471.0,4381.33984375,4437.58984375,4152090000,-0.003417447717741773,-1,0,-15.07958984375,89.66015625,0.007978752370701312,0.011200620854384885,4499.906030273438,4424.319404296875,4493.990886230469,4479.169449923849,4463.441240483341,15.72820944050818,32.72039003278192,-16.99218059227374,44.67568189054374,4499.906030273438,4643.432817780471,4356.379242766405,287.05357501406615,4850629000.0,0.8559900169648101,-127.669921875,-234.14990234375,135.0,-2.82135984390953,-5.055486169072281
2022-04-13,4446.58984375,4453.919921875,4392.7001953125,4394.2998046875,3828150000,0.011174577597236057,1,1,49.1396484375,61.2197265625,0.010430829529864202,0.010355506467210833,4504.342529296875,4422.320400390625,4494.764836425781,4474.15720282018,4462.192988873464,11.964213946715972,28.569154815568734,-16.60494086885276,43.15382448360157,4504.342529296875,4634.218227517136,4374.466831076614,259.7513964405225,4726549000.0,0.8099249579344253,-34.56005859375,-155.8603515625,88.72998046875,-0.7712319236558958,-3.3864647078906045
2022-04-14,4392.58984375,4460.4599609375,4390.77001953125,4449.1201171875,4083090000,-0.01214413784439794,-1,0,-54.0,69.68994140625,0.010741421348460968,0.010398389064087297,4503.388525390625,4418.384599609375,4495.2402856445315,4461.608378347844,4457.0372003458,4.5711780020446895,23.769559452863923,-19.198381450819234,36.76392896504862,4503.388525390625,4636.373533477575,4370.403517303675,265.97001617390015,4681449000.0,0.8721850862841826,-107.6201171875,-137.8203125,-19.080078125,-2.391446579640924,-3.042115564522735
2022-04-18,4391.68994140625,4410.31005859375,4370.2998046875,4385.6298828125,3910490000,-0.0002048682840329885,-1,0,-0.89990234375,40.01025390625,0.010917074801005788,0.010019645592171255,4499.8170166015625,4416.669599609375,4495.599035644531,4450.851695741445,4452.196662646574,-1.3449669051287856,18.74665418126538,-20.091621086394166,32.878810479249964,4499.8170166015625,4640.943107478706,4358.690925724419,282.25218175428745,4463052000.0,0.8761918973832257,-96.58984375,-154.169921875,-71.43017578125,-2.1520459591098646,-3.39143586717868
2022-04-19,4462.2099609375,4471.02978515625,4390.6298828125,4390.6298828125,4108120000,0.016057604355527166,1,1,70.52001953125,80.39990234375,0.011353702719966191,0.010703056654191426,4499.868505859375,4415.903203125,4496.1483862304685,4452.599121156222,4452.938388445902,-0.33926728967981035,14.929469887076342,-15.268737176756153,34.63691752558145,4499.868505859375,4640.93598235576,4358.8010293629895,282.1349529927702,4424967000.0,0.9283956241933555,49.68017578125,-120.43017578125,1.02978515625,1.1258887350375313,-2.6279649326224446
2022-04-20,4459.4501953125,4488.2900390625,4448.759765625,4472.259765625,4290450000,-0.0006184750715809706,-1,0,-2.759765625,39.5302734375,0.011067136836303716,0.010371060476209776,4497.260522460938,4415.4148046875,4496.7279370117185,4453.65313256488,4453.420744510095,0.23238805478558788,11.990053520618192,-11.757665465832604,36.37834257679578,4497.260522460938,4639.339007219965,4355.18203770191,284.1569695180551,4401747500.0,0.9747151557421229,62.0,-65.669921875,-52.15966796875,1.4099079522512712,-1.4512304684591633
2022-04-21,4393.66015625,4512.93994140625,4384.47021484375,4489.169921875,4636890000,-0.014752948498371943,-1,0,-65.7900390625,128.4697265625,0.01220856681238999,0.010532436360049227,4494.131518554687,4412.85720703125,4496.905588378906,4444.423443901052,4448.994034268606,-4.57059036755345,8.677924742983864,-13.248515110537314,36.816720862667275,4494.131518554687,4642.625334647609,4345.637702461766,296.9876321858428,4406058500.0,1.0523895676827713,-52.9296875,-87.48974609375,-62.580078125,-1.1903433723350145,-1.9523949879023406
2022-04-22,4271.77978515625,4385.830078125,4267.6201171875,4385.830078125,4651940000,-0.027740054250753654,-1,0,-121.88037109375,118.2099609375,0.01655916241048233,0.011534534924371351,4481.7125,4406.54919921875,4496.660388183594,4417.862881017237,4435.867052852876,-18.00417183563968,3.3415054272591553,-21.345677262898835,28.07640271090267,4481.7125,4659.664372063926,4303.760627936073,355.9037441278524,4432086000.0,1.0496050843778753,-120.81005859375,-228.43017578125,-248.38037109375,-2.750315028061286,-5.075989293034288
2022-04-25,4296.1201171875,4299.02001953125,4200.81982421875,4255.33984375,5240040000,0.005697936985382235,1,1,24.34033203125,98.2001953125,0.017223824702913205,0.011557932150072961,4469.365502929688,4402.39,4496.293239746094,4399.133225043431,4425.515427988775,-26.382202945344034,-2.6032362472614827,-23.778966698082552,26.61596079340903,4469.365502929688,4662.973718034881,4275.757287824495,387.21643021038653,4478837000.0,1.1699555040739371,-95.56982421875,-192.15966796875,-246.93994140625,-2.1761514472523955,-4.281365627077554
2022-04-26,4175.2001953125,4278.14013671875,4175.0400390625,4278.14013671875,4689970000,-0.028146308431003852,-1,0,-120.919921875,103.10009765625,0.015432149944696456,0.012616947636044271,4449.34951171875,4397.521201171875,4495.246091308593,4364.681989700211,4406.973558901644,-42.29156920143305,-10.540902838095796,-31.750666363337253,24.119881837157735,4449.34951171875,4676.599116324749,4222.099907112752,454.49920921199737,4497722500.0,1.0427432995254822,-287.009765625,-237.32958984375,-400.31982421875,-6.432009433386229,-5.3785379679957455
2022-04-27,4183.9599609375,4240.7099609375,4162.89990234375,4186.52001953125,4769680000,0.0020980468517017847,1,1,8.759765625,77.81005859375,0.016018632164575178,0.012101172413638278,4426.967504882812,4393.167001953125,4494.319841308594,4336.878600659794,4390.454033126522,-53.57543246672776,-19.14780876382219,-34.42762370290557,26.81209278439279,4426.967504882812,4666.483934935118,4187.4510748305065,479.03286010461125,4481911000.0,1.0642067635881212,-275.490234375,-213.490234375,-447.64013671875,-6.177672634724756,-4.85486418021452
2022-04-28,4287.5,4308.4501953125,4188.6298828125,4222.580078125,4854180000,0.02474690007293945,1,1,103.5400390625,119.8203125,0.022923890581640138,0.013797997832671015,4411.219995117188,4389.49560546875,4493.885842285156,4329.281892865979,4382.827808450483,-53.545915584503746,-26.027430127958503,-27.518485456545243,35.33660869483262,4411.219995117188,4643.46120378211,4178.978786452266,464.4824173298439,4505341500.0,1.0774277599156468,-106.16015625,-159.08984375,-314.9501953125,-2.416212280300895,-3.5777944298958033
2022-04-29,4131.93017578125,4269.68017578125,4124.27978515625,4253.75,5084030000,-0.036284507106413955,-1,0,-155.56982421875,145.400390625,0.025271967905444614,0.015432952410553213,4391.29599609375,4382.634013671875,4492.745344238281,4298.92009023756,4364.242798623132,-65.3227083855727,-33.88648577948135,-31.43622260609135,29.495372014511062,4391.29599609375,4647.607112222197,4134.984879965302,512.6222322568956,4518392000.0,1.1251856855270637,-139.849609375,-260.65966796875,-398.47998046875,-3.2738019375660463,-5.9340770989494915
2022-05-02,4155.3798828125,4169.81005859375,4062.510009765625,4130.60986328125,5163790000,0.005675242812353654,1,1,23.44970703125,107.300048828125,0.025269258849661715,0.015502047053824363,4371.771997070313,4378.136416015625,4491.886442871094,4276.836981402935,4348.771471526048,-71.93449012311339,-41.49608664820776,-30.438403474905634,34.25578640798757,4371.771997070313,4637.813460756249,4105.730533384377,532.0829273718718,4548434500.0,1.1352895155465028,-140.740234375,-236.31005859375,-390.47998046875,-3.2759846218437922,-5.380845682336168
2022-05-03,4175.47998046875,4200.10009765625,4147.080078125,4159.77978515625,4582050000,0.004837126381486367,1,1,20.10009765625,53.02001953125,0.02229771461687132,0.01538104019059652,4351.413989257812,4374.66861328125,4491.471391601563,4261.24359664383,4335.935064781063,-74.69146813723364,-48.13516294601294,-26.5563051912207,36.4927301802554,4351.413989257812,4611.766786629531,4091.0611918860927,520.7055947434387,4550169500.0,1.0070064422874796,0.27978515625,-286.72998046875,-407.16015625,0.006701119543060833,-6.425739330484322
2022-05-04,4300.169921875,4307.66015625,4148.91015625,4181.18017578125,5136360000,0.02986242108440229,1,1,124.68994140625,158.75,0.026028965871259545,0.017049996519703823,4340.166479492187,4374.57681640625,4491.356940917969,4267.23226206401,4333.28579493617,-66.05353287215985,-51.71883693124232,-14.334695940917527,41.840353174356984,4340.166479492187,4588.060347599459,4092.272611384915,495.78773621454457,4566956500.0,1.1246789847899799,116.2099609375,-159.2802734375,-224.9501953125,2.7775113056163385,-3.5717468849618643
2022-05-05,4146.8701171875,4270.43017578125,4106.009765625,4270.43017578125,5077030000,-0.035649708609806985,-1,0,-153.2998046875,164.42041015625,0.028877491575430642,0.018554804607784015,4323.452490234375,4373.00421875,4490.297841796875,4248.715009006085,4319.477226214046,-70.76221720796093,-55.527512986586046,-15.234704221374884,37.671103332301094,4323.452490234375,4576.348980891889,4070.5559995768594,505.7929813150299,4571466500.0,1.1105910980644833,-140.6298828125,-246.7900390625,-334.27978515625,-3.279997266763848,-5.616957850311661
2022-05-06,4123.33984375,4157.68994140625,4067.909912109375,4128.169921875,5116940000,-0.0056742248424840325,-1,0,-23.5302734375,89.780029296875,0.023718604209596875,0.018463285231082562,4304.608984375,4369.69701171875,4489.077141113281,4229.42652204361,4304.948531216709,-75.52200917309892,-59.52641222388863,-15.995596949210295,36.83461103027522,4304.608984375,4558.2122093918015,4051.005759358198,507.2064500336037,4586239000.0,1.1157159493868505,-8.59033203125,-148.43994140625,-376.8701171875,-0.20790119062517246,-3.4748968549843084
2022-05-09,3991.239990234375,4081.27001953125,3975.47998046875,4081.27001953125,5954520000,-0.03203710063235676,-1,0,-132.099853515625,105.7900390625,0.027137125140631053,0.019475031483790137,4279.756994628906,4361.828813476563,4486.974390869141,4192.782440226804,4281.710861514313,-88.92842128750908,-65.40681403661272,-23.521607250896366,28.21055741913389,4279.756994628906,4554.139388303047,4005.3746009547654,548.7647873482815,4679805000.0,1.2723863494312262,-164.139892578125,-304.880126953125,-497.039794921875,-3.9500574485870987,-7.096638795861182
2022-05-10,4001.050048828125,4068.820068359375,3958.169921875,4035.179931640625,5885820000,0.0024578974498534745,1,1,9.81005859375,110.650146484375,0.02688127487105785,0.01936902258468953,4259.1830078125,4354.371015625,4484.868142089844,4163.285149242392,4260.921171685707,-97.63602244331469,-71.85265571795311,-25.783366725361574,28.929556797403322,4259.1830078125,4552.688224968649,3965.677790656352,587.0104343122966,4760781500.0,1.2363138278872912,-174.429931640625,-174.150146484375,-411.479736328125,-4.1774821686737695,-4.17106098720472
2022-05-11,3935.179931640625,4049.090087890625,3928.820068359375,3990.080078125,5816140000,-0.01646320750393837,-1,0,-65.8701171875,120.27001953125,0.01643150337015141,0.019542341722522696,4236.069494628906,4346.949418945313,4482.53674194336,4128.19203884212,4236.792190941627,-108.60015209950689,-79.20215499426388,-29.397997105243007,28.9274272729823,4236.069494628906,4555.399623347674,3916.739365910138,638.6602574375356,4843984000.0,1.2006934787563295,-364.989990234375,-248.780029296875,-462.270263671875,-8.487803897647577,-5.946042304886944
2022-05-12,3930.080078125,3964.800048828125,3858.8701171875,3903.949951171875,6286450000,-0.0012959645058717717,-1,0,-5.099853515625,105.929931640625,0.013921776801051052,0.01918280847826816,4210.244006347656,4337.820219726563,4480.183941650391,4097.713275654871,4214.072775177433,-116.35949952256215,-86.63362389992353,-29.72587562263861,32.406194579466415,4210.244006347656,4541.21937877536,3879.2686339199513,661.9507448554091,4966899000.0,1.2656689817932678,-216.7900390625,-357.419921875,-516.509765625,-5.227799109597671,-8.33632470845481
2022-05-13,4023.889892578125,4038.8798828125,3963.89990234375,3963.89990234375,5183340000,0.02386969542307149,1,1,93.809814453125,74.97998046875,0.02100440653581949,0.020235069284284674,4191.809008789062,4331.028212890625,4478.2076416015625,4086.355832104602,4199.985154244151,-113.629322139549,-92.03276354784863,-21.596558591700372,36.918914644907694,4191.809008789062,4521.088343119445,3862.5296744586794,658.5586686607658,5021911500.0,1.0321448317040234,-99.449951171875,-108.040283203125,-368.699951171875,-2.4118785969732137,-2.614765463278845
2022-05-16,4008.010009765625,4046.4599609375,3983.989990234375,4013.02001953125,4415030000,-0.003946400929555671,-1,0,-15.8798828125,62.469970703125,0.014661359174936257,0.020213685797282027,4172.625012207031,4324.611010742187,4476.271392822266,4074.302628667836,4185.764773171668,-111.46214450383195,-95.9186397390453,-15.543504764786647,41.064213192339466,4172.625012207031,4497.550056325129,3847.699968088934,649.850088236195,5047138500.0,0.8747590342527751,16.77001953125,-147.369873046875,-383.679931640625,0.4201706630591568,-3.546483768100887
2022-05-17,4088.85009765625,4090.719970703125,4033.929931640625,4052.0,4841410000,0.020169632234863677,1,1,80.840087890625,56.7900390625,0.017066838530678474,0.020451857755553606,4153.957019042969,4322.366215820312,4474.779842529297,4076.5407008199,4178.585908318674,-102.04520749877429,-97.1439532909911,-4.901254207783182,45.28032611871912,4153.957019042969,4450.4900614206035,3857.4239766653336,593.0660847552699,5083803000.0,0.9523205364173238,87.800048828125,-86.6298828125,-373.35986328125,2.194425157311914,-2.074728731013451
2022-05-18,3923.679931640625,4051.97998046875,3911.909912109375,4051.97998046875,5103220000,-0.04039526078745259,-1,0,-165.170166015625,140.070068359375,0.025617846371245187,0.021967268929966154,4127.168505859375,4317.425810546875,4472.282492675781,4053.0236594077037,4159.7039841203,-106.68032471259676,-99.05122757531225,-7.629097137284504,32.98665174266695,4127.168505859375,4403.621693013618,3850.715318705132,552.9063743084857,5124441500.0,0.9958587682189366,-11.5,-376.489990234375,-535.770263671875,-0.29223568425765756,-8.755235190106497
2022-05-19,3900.7900390625,3945.9599609375,3876.580078125,3899.0,5113550000,-0.005833781800992588,-1,0,-22.889892578125,69.3798828125,0.025741164624949006,0.021873731926198025,4102.525,4309.884013671875,4469.7731420898435,4029.6031024315184,4140.525173375278,-110.92207094375999,-101.4253962490018,-9.496674694758184,37.6598838497565,4102.525,4366.545970119032,3838.504029880967,528.0419402380649,5148274500.0,0.993255118778146,-29.2900390625,-246.080078125,-492.8701171875,-0.7452784289442257,-5.934115879469527
2022-05-20,3901.360107421875,3943.419921875,3810.320068359375,3927.760009765625,5130730000,0.00014614176965843662,1,1,0.570068359375,133.099853515625,0.02185119924455143,0.021275657147164492,4084.004016113281,4302.720815429688,4467.134442138672,4009.8734108915733,4122.809242563915,-112.93583167234192,-103.72748333366982,-9.208348338672096,36.09877854856479,4084.004016113281,4349.994989435534,3818.013042791028,531.981946644506,5172214000.0,0.9919794501928961,-122.52978515625,-221.979736328125,-370.419677734375,-3.045058101173454,-5.383493593539066
2022-05-23,3973.75,3981.8798828125,3909.0400390625,3919.419921875,4420030000,0.018555039930923556,1,1,72.389892578125,72.83984375,0.024526038852363517,0.02178212653669461,4067.8855102539064,4298.109614257813,4464.8205920410155,4004.3159630621003,4111.76781718881,-107.4518541267098,-104.47235749227784,-2.9794966344319675,39.557945977915,4067.8855102539064,4318.373359768567,3817.397660739246,500.9756990293208,5131213500.0,0.8614005244568366,-34.260009765625,-17.489990234375,-322.3701171875,-0.8547885280263661,-0.4382094355931713
2022-05-24,3941.47998046875,3955.679931640625,3875.1298828125,3942.93994140625,4923190000,-0.008120797617175213,-1,0,-32.27001953125,80.550048828125,0.021341877563491464,0.021045370752382667,4056.199499511719,4293.477016601562,4462.366241455078,3994.6488888169697,4099.153903357695,-104.50501454072491,-104.47888890196727,-0.026125638757648062,29.46893468881028,4056.199499511719,4307.413575748863,3804.9854232745747,502.42815247428825,5142874500.0,0.957283713611911,-147.3701171875,-59.570068359375,-233.72021484375,-3.604194667639523,-1.4888608648327852
2022-05-25,3978.72998046875,3999.330078125,3925.030029296875,3929.590087890625,4802560000,0.009450764734207695,1,1,37.25,74.300048828125,0.01110512422618626,0.02119661635073736,4045.9380004882814,4287.8026123046875,4460.076141357422,3992.1998259941665,4090.2336127733283,-98.0337867791618,-103.18986847740618,5.156081698244378,38.901347820789915,4045.9380004882814,4291.889752755757,3799.986248220805,491.9035045349524,5144518500.0,0.9335295421719253,55.050048828125,43.550048828125,-205.22998046875,1.4030208831306659,1.1066850711949134
2022-05-26,4057.840087890625,4075.139892578125,3984.60009765625,3984.60009765625,4709970000,0.019883256167224195,1,1,79.110107421875,90.539794921875,0.01200299028376025,0.02089579112651551,4034.4550048828123,4281.802216796875,4458.153291015625,4002.298327824391,4087.8340924116465,-85.53576458725547,-99.65904769937603,14.12328311212056,45.97202108042746,4034.4550048828123,4252.817587189967,3816.0924225756585,436.72516461430814,5137308000.0,0.9168167452681443,157.050048828125,127.760009765625,-229.659912109375,4.026108743496222,3.250824594560881
2022-05-27,4158.240234375,4158.490234375,4077.429931640625,4077.429931640625,4375620000,0.02474226295510973,1,1,100.400146484375,81.060302734375,0.012988029772027945,0.020151304258561337,4035.7705078125,4276.733623046875,4456.640341796875,4026.289390370638,4093.0493621867095,-66.75997181607136,-93.0792325227151,26.319260706643746,60.68650949506804,4035.7705078125,4256.905044409508,3814.6359712154917,442.2690731940165,5101887500.0,0.8576472923011337,256.880126953125,134.350341796875,26.31005859375,6.584373651241295,3.338817546789187
2022-05-31,4132.14990234375,4168.33984375,4104.8798828125,4151.08984375,6822640000,-0.006274368617659065,-1,0,-26.09033203125,63.4599609375,0.014893263933406384,0.02016729235886204,4034.6090087890625,4270.11421875,4454.9610913085935,4042.575622981886,4095.9456984946382,-53.37007551275201,-85.13740112072249,31.767325607970477,58.21797997327934,4034.6090087890625,4253.32916118937,3815.888856388755,437.4403048006152,5184830000.0,1.3158849952650329,158.39990234375,124.139892578125,-23.22998046875,3.9861567120163572,3.0972949737065223
2022-06-01,4101.22998046875,4166.5400390625,4073.85009765625,4149.77978515625,4531800000,-0.007482768681131846,-1,0,-30.919921875,92.68994140625,0.014723053512002027,0.02019713916651805,4030.8965087890624,4262.91521484375,4453.06869140625,4051.5993702875576,4096.337126789017,-44.737756501459444,-77.05747219686988,32.31971569541044,60.885812612696824,4030.8965087890624,4241.934529381578,3819.8584881965476,422.07604118503014,5182317500.0,0.8744736307646145,159.75,12.3798828125,-74.25,4.053046083999172,0.3027717455231781
2022-06-02,4176.81982421875,4177.509765625,4074.3701171875,4095.409912109375,4405790000,0.018431018038486124,1,1,75.58984375,103.1396484375,0.015463660960624641,0.019433994775957714,4024.72900390625,4256.2194140625,4451.712390136719,4070.864055507741,4102.298808080108,-31.43475257236696,-67.9329282719693,36.49817569960234,64.80710614978261,4024.72900390625,4208.018047886737,3841.4399599257627,366.57808796097424,5145789000.0,0.8561932873656498,198.08984375,253.139892578125,-123.35009765625,4.97872046412816,6.451593835083244
2022-06-03,4108.5400390625,4142.669921875,4098.669921875,4137.56982421875,3711110000,-0.016347313992415624,-1,0,-68.27978515625,44.0,0.0178907611881733,0.018068270872204077,4022.8125,4249.26541015625,4450.253740234375,4076.6603606700114,4102.761121486211,-26.100760816199454,-59.56649478081533,33.46573396461588,55.240520716355284,4022.8125,4201.467137791826,3844.157862208174,357.3092755836519,5077493000.0,0.7308941637142582,50.699951171875,207.75,-38.330078125,1.2494319656206612,5.325844198728773
2022-06-06,4121.43017578125,4168.77978515625,4109.18017578125,4134.72021484375,4332700000,0.003137400778913113,1,1,12.89013671875,59.599609375,0.01320574820822314,0.018037946615418476,4022.7170166015626,4241.290810546875,4448.831892089844,4083.548024533279,4104.144014396955,-20.59598986367564,-51.7723937973874,31.17640393371176,57.04770397304035,4022.7170166015626,4201.147333187168,3844.2867000159563,356.86063317121216,5038281000.0,0.8599560048357763,-36.81005859375,220.070068359375,-1.90966796875,-0.885231648942541,5.640855042853332
2022-06-07,4160.68017578125,4164.85986328125,4080.18994140625,4096.47021484375,4248210000,0.009523393173235029,1,1,39.25,84.669921875,0.01371970012866134,0.01646198300614479,4031.1890258789062,4233.643212890625,4447.426943359375,4095.4145093406596,4108.331878203199,-12.91736886253966,-44.00138881041785,31.08401994787819,54.70664871561229,4031.1890258789062,4219.1616309338915,3843.216420823921,375.9452101099705,4952965500.0,0.8577103959234119,28.5302734375,186.93017578125,169.440185546875,0.6904462352955217,4.704125216262976
2022-06-08,4115.77001953125,4160.14013671875,4107.2001953125,4147.1201171875,4159470000,-0.010793945785935621,-1,0,-44.91015625,52.93994140625,0.014325355972492293,0.016716223112297753,4036.9250244140626,4224.448212890625,4445.60814453125,4098.5461262930585,4108.882851634907,-10.33672534184825,-37.26845611670393,26.93173077485568,64.94142883783255,4036.9250244140626,4228.000996716424,3845.849052111701,382.1519446047232,4866648000.0,0.8546888946971304,14.5400390625,174.2900390625,114.719970703125,0.35452874215159585,4.421944039451194
2022-06-09,4017.820068359375,4119.10009765625,4017.169921875,4101.64990234375,4134170000,-0.02379869397635359,-1,0,-97.949951171875,101.93017578125,0.01376227871318983,0.017205518088562403,4041.05703125,4212.172612304687,4443.266094970703,4086.1267327647997,4102.137460281164,-16.010727516364113,-33.01691039663597,17.006182880271858,58.15119522975979,4041.05703125,4226.355706219655,3855.7583562803447,370.59734993931033,4782549500.0,0.8644280628982512,-158.999755859375,39.090087890625,82.64013671875,-3.8067180905777995,0.9824765209630949
2022-06-10,3900.860107421875,3974.389892578125,3900.159912109375,3974.389892578125,4889640000,-0.029110303335524668,-1,0,-116.9599609375,74.22998046875,0.016656642550300766,0.018492261696329938,4039.5960327148437,4198.140810546875,4440.289445800781,4057.624175019734,4087.228026736031,-29.60385171629696,-32.334298660568166,2.7304469442712076,49.97003333206521,4039.5960327148437,4228.994358713525,3850.1977067161624,378.79665199736246,4712709000.0,1.0375433747341498,-207.679931640625,-156.97998046875,-29.219970703125,-5.054835286161993,-3.868560048416113
2022-06-13,3749.6298828125,3838.14990234375,3734.300048828125,3838.14990234375,5636890000,-0.038768430665237275,-1,0,-151.230224609375,103.849853515625,0.01868232905400486,0.0194774989493604,4025.8830322265626,4182.525205078125,4436.687595214844,4010.2404377570824,4062.2207568157696,-51.9803190586872,-36.263502740191974,-15.716816318495226,37.727523087864896,4025.8830322265626,4255.511315642266,3796.254748810859,459.2565668314069,4735386500.0,1.190375907014137,-371.80029296875,-408.6103515625,-274.260009765625,-9.021147444242999,-9.82652104091133
2022-06-14,3735.47998046875,3778.179931640625,3705.679931640625,3763.52001953125,5153890000,-0.0037736797459957394,-1,0,-14.14990234375,72.5,0.014052815171156054,0.01947725499168347,4012.2565307617188,4166.317607421875,4432.81814453125,3967.9695981742616,4038.01773634562,-70.04813817135846,-43.02042982642527,-27.02770834493319,38.49136896318443,4012.2565307617188,4276.140202214058,3748.3728593093797,527.7673429046786,4772329500.0,1.0799526730080142,-425.2001953125,-396.669921875,-272.530029296875,-10.219487616172282,-9.599601448389114
2022-06-15,3789.989990234375,3837.56005859375,3722.300048828125,3764.050048828125,5530480000,0.014592504858983224,1,1,54.510009765625,115.260009765625,0.02142625688827098,0.01916040368830085,3997.313525390625,4150.464604492187,4429.12414428711,3940.588120029664,4019.64531070775,-79.05719067808604,-50.22778199675743,-28.829408681328616,39.65514057535093,3997.313525390625,4276.347303628464,3718.2797471527856,558.0675564756784,4806783000.0,1.15055745183421,-325.780029296875,-311.239990234375,-298.860107421875,-7.915408969667808,-7.5889426273725284
2022-06-16,3666.77001953125,3728.179931640625,3639.77001953125,3728.179931640625,5644930000,-0.03251195148816344,-1,0,-123.219970703125,88.409912109375,0.02252768401735815,0.018431080718493663,3984.4680297851564,4133.297602539063,4424.844593505859,3898.4622584145236,3993.5064002502313,-95.0441418357077,-59.19105396454749,-35.85308787116021,29.55403729847589,3984.4680297851564,4299.151246479849,3669.7848130904645,629.3664333893844,4833868500.0,1.1677872494876516,-351.050048828125,-510.0498046875,-256.909912109375,-8.737326282793738,-12.211438993131619
2022-06-17,3674.840087890625,3707.7099609375,3636.8701171875,3665.89990234375,8520740000,0.002200865698254617,1,1,8.070068359375,70.83984375,0.02298468099293134,0.018458601458560413,3973.1705322265625,4117.17140625,4420.598344726563,3864.058847564693,3969.901488223594,-105.84264065890056,-68.5213713034181,-37.32126935548246,22.02611056654837,3973.1705322265625,4315.51109515615,3630.829969296975,684.6811258591752,5004228000.0,1.7027081899545744,-226.02001953125,-433.699951171875,-225.949951171875,-5.794107281653567,-10.556059988424455
2022-06-21,3764.7900390625,3779.64990234375,3715.31005859375,3715.31005859375,5292260000,0.024477242280086964,1,1,89.949951171875,64.33984375,0.02169803008107256,0.019439819547673976,3966.3420288085936,4102.4630078125,4416.737543945313,3848.78672317974,3954.7080475449943,-105.92132436525435,-76.00136191578537,-29.919962449468983,30.20434163483833,3966.3420288085936,4319.9755481534485,3612.708509463738,707.2670386897103,5012304500.0,1.055853649753322,15.16015625,-356.64013671875,-136.570068359375,0.40431073796085604,-8.6533101740865
2022-06-22,3759.889892578125,3801.7900390625,3717.68994140625,3733.889892578125,5058990000,-0.0013015723144006452,-1,0,-4.900146484375,84.10009765625,0.02159004308821027,0.018854564006249422,3955.6490234375,4087.8952099609373,4412.859842529297,3835.1102877025687,3940.277073103004,-105.1667854004354,-81.83444661271538,-23.33233878772002,31.07577410944556,3955.6490234375,4321.075943990984,3590.222102884016,730.8538411069685,5044252500.0,1.0029216420074134,24.409912109375,-400.790283203125,-213.860107421875,0.6534611947327824,-9.632806807311708
2022-06-23,3795.72998046875,3802.580078125,3743.52001953125,3774.7099609375,5098640000,0.009532217409177868,1,1,35.840087890625,59.06005859375,0.020930925186708957,0.018994810544988,3948.3615234375,4075.5592138671873,4409.238343505859,3829.0517788973657,3929.5698810560225,-100.5181021586568,-85.57117772190367,-14.946924436753136,27.897850138366408,3948.3615234375,4320.725563806628,3575.997483068372,744.7280807382563,5053025000.0,1.0090272658457062,5.739990234375,-320.0400390625,-145.75,0.15145132966485844,-7.775945632135922
2022-06-24,3911.739990234375,3913.64990234375,3821.75,3821.75,8120260000,0.03056329358583576,1,1,116.010009765625,91.89990234375,0.013904438093256314,0.020196342708597236,3945.0120239257812,4065.845009765625,4406.226694335937,3841.7730421799824,3928.249148402567,-86.47610622258435,-85.7521634220398,-0.723942800544549,39.184915798317384,3945.0120239257812,4317.431046203309,3572.593001648253,744.8380445550561,5218910000.0,1.5559302612997734,244.969970703125,-106.080078125,-66.989990234375,6.68081088800986,-2.6402396404057096
2022-06-27,3900.110107421875,3927.719970703125,3889.659912109375,3920.760009765625,4325310000,-0.0029730715337762392,-1,0,-11.6298828125,38.06005859375,0.015062157198839394,0.01961126489898255,3937.125524902344,4054.9154150390623,4403.260845947266,3850.74797529412,3926.1647749965896,-75.41679970246969,-83.68509067812577,8.268290975656086,37.82055571006128,3937.125524902344,4306.149195939696,3568.1018538649914,738.0473420747048,5199677000.0,0.8318420548045581,225.27001953125,-0.75,-157.72998046875,6.130063190329352,-0.019226529005052784
2022-06-28,3821.550048828125,3945.860107421875,3820.139892578125,3913.0,4270120000,-0.020143036075892073,-1,0,-78.56005859375,125.72021484375,0.01865539032907948,0.018972224799122687,3920.291015625,4043.494619140625,4400.075695800781,3846.2559866070437,3918.415536021148,-72.15954941410428,-81.37998242532149,9.22043301121721,32.11132142486437,3920.291015625,4277.368537314435,3563.213493935565,714.1550433788702,5194402000.0,0.8220619043347049,56.760009765625,71.920166015625,-336.690185546875,1.5076540571106922,1.9180604023157493
2022-06-29,3818.830078125,3836.5,3799.02001953125,3825.090087890625,4211240000,-0.0007117454091590814,-1,0,-2.719970703125,37.47998046875,0.018622153356760825,0.018978534262593445,3904.6250244140624,4032.037421875,4396.826196289063,3842.0366160713447,3911.0388354362485,-69.0022193649038,-78.90442981323795,9.90221044833416,33.60716145678899,3904.6250244140624,4249.862505363847,3559.3875434642773,690.4749618995697,5063832000.0,0.8316310651696186,58.940185546875,83.35009765625,-313.31982421875,1.5676040317888194,2.2313089105564083
2022-06-30,3785.3798828125,3818.989990234375,3738.669921875,3785.989990234375,4840070000,-0.008759278267998716,-1,0,-33.4501953125,80.320068359375,0.018875303474443265,0.01899384293264575,3888.83251953125,4018.5008203125,4393.537846679687,3833.3201955699838,3901.7307648715264,-68.41056930154264,-76.8056577108989,8.395088409356262,36.184019013471556,3888.83251953125,4224.979477537627,3552.6855615248737,672.293916012753,5079245500.0,0.9529112148644912,-10.35009765625,-4.610107421875,-315.85009765625,-0.27267739563950294,-0.12163903951603598
2022-07-01,3825.330078125,3829.820068359375,3752.10009765625,3781.0,4046950000,0.010553814029047315,1,1,39.9501953125,77.719970703125,0.011248357332146889,0.018585287214253572,3871.2580322265626,4005.81841796875,4390.26099609375,3832.090946732294,3896.071454742154,-63.98050800985993,-74.2406277706911,10.260119760831174,45.05816860349027,3871.2580322265626,4179.613197533133,3562.902866919992,616.7103306131407,5061303500.0,0.7995865096807572,-86.409912109375,158.56005859375,-351.48974609375,-2.2089891538061472,4.324243346301274
2022-07-05,3831.389892578125,3832.18994140625,3742.06005859375,3792.610107421875,5076590000,0.0015841285142366157,1,1,6.059814453125,90.1298828125,0.011573492977725098,0.018401096201109152,3857.400524902344,3994.5730126953126,4387.04919555664,3831.9830922470373,3891.280227915189,-59.29713566815144,-71.25192935018318,11.954793682031735,56.60398492293651,3857.400524902344,4145.073555842727,3569.7274939619615,575.3460618807653,5129577500.0,0.9896702018830985,-68.72021484375,156.5498046875,-277.150146484375,-1.7620070446979446,4.260044000373369
2022-07-06,3845.080078125,3870.909912109375,3809.3701171875,3831.97998046875,4417720000,0.0035731642904301975,1,1,13.690185546875,61.539794921875,0.007001852728015494,0.018409405782947346,3843.5830200195314,3986.0390185546876,4384.109644775391,3833.9980131513394,3887.857994597397,-53.859981446057645,-67.77353976935808,13.913558323300435,58.85928614506336,3843.5830200195314,4103.020301157951,3584.1457388811123,518.8745622768383,5133828500.0,0.8605117993326034,23.530029296875,80.2900390625,-276.35009765625,0.6157195116178176,2.1326564889258384
2022-07-07,3902.6201171875,3910.6298828125,3858.85009765625,3858.85009765625,4057770000,0.014964587965241805,1,1,57.5400390625,51.77978515625,0.009100246463554397,0.018647587916354468,3830.6800170898437,3978.1690185546877,4381.834095458984,3844.5552599261337,3888.951485159627,-44.39622523349317,-63.0980768621851,18.701851628691934,59.05983224896751,3830.6800170898437,4045.556535592978,3615.8034985867093,429.75303700626864,5124306500.0,0.7918671531455037,83.7900390625,142.730224609375,-258.06005859375,2.194128498737496,3.7961277773351516
2022-07-08,3899.3798828125,3918.5,3869.340087890625,3888.260009765625,3521620000,-0.000830271529819071,-1,0,-3.240234375,49.159912109375,0.0065791021901857255,0.018562154839808134,3819.8605102539063,3972.6526123046874,4379.560045166016,3852.989817293267,3889.7239590598397,-36.73414176657252,-57.82528984306259,21.09114807649007,73.18628753654,3819.8605102539063,3991.796078947191,3647.924941560622,343.871137386569,5092414000.0,0.6915423608528293,114.0,103.64990234375,-216.39013671875,3.011586776735843,2.7306974647061133
2022-07-11,3854.429931640625,3880.93994140625,3847.219970703125,3880.93994140625,3423480000,-0.011527461422777274,-1,0,-44.949951171875,33.719970703125,0.009496462217143042,0.018017002809412028,3811.6910034179687,3966.06201171875,4376.853994140625,3853.2113733467068,3887.1095866584164,-33.898213311709696,-53.03987453679202,19.141661225082323,66.6752959887707,3811.6910034179687,3957.5755867633384,3665.806420072599,291.76916669073944,5056879500.0,0.6769945773871021,29.099853515625,-57.31005859375,-163.39013671875,0.7607148382313822,-1.4650784238426906
2022-07-12,3818.800048828125,3873.409912109375,3802.360107421875,3851.949951171875,3817210000,-0.009243878717321574,-1,0,-35.6298828125,71.0498046875,0.010651877305447113,0.016955307595820795,3807.588000488281,3956.6880126953124,4373.703094482422,3847.917323420771,3882.0496208932095,-34.132297472438495,-49.258359123921316,15.126061651482821,55.577579856017884,3807.588000488281,3947.4026877159877,3667.7733132605745,279.6293744554132,5003258000.0,0.762944865125884,-12.58984375,-81.31005859375,-82.06005859375,-0.32859730027445344,-2.0848144373928745
2022-07-13,3801.780029296875,3829.43994140625,3759.070068359375,3779.669921875,4109390000,-0.0044569025122100925,-1,0,-17.02001953125,70.369873046875,0.010466719216151806,0.014479859840626448,3810.1955078125,3950.085009765625,4370.434594726563,3840.819278170941,3876.103725219407,-35.28444704846606,-46.46357670883027,11.179129660364204,54.22032402501763,3810.1955078125,3947.3794445487665,3673.011571076234,274.36787347253266,4926883000.0,0.8340750125383534,-43.300048828125,-19.77001953125,52.150146484375,-1.1261156581487808,-0.5173298603615687
2022-07-14,3790.3798828125,3796.409912109375,3721.56005859375,3763.989990234375,4199690000,-0.00299863390215227,-1,0,-11.400146484375,74.849853515625,0.004444469195851952,0.014468034317274609,3812.9405029296877,3942.785009765625,4367.170944824219,3833.059371192719,3869.7538109670436,-36.694439774324564,-44.50974932192913,7.8153095476045635,49.433072903192425,3812.9405029296877,3945.963534866348,3679.9174709930276,266.04606387332024,4879173000.0,0.8607380799983931,-112.240234375,-28.4501953125,54.89990234375,-2.876022543948965,-0.7449976754783681
2022-07-15,3863.159912109375,3863.6201171875,3817.179931640625,3818.0,4143800000,0.01920124935943668,1,1,72.780029296875,46.440185546875,0.012243192328669758,0.014733059722087959,3816.5989990234375,3936.5386083984376,4364.723594970703,3837.6902236414353,3869.265374014624,-31.575150373188535,-41.92282953218101,10.347679158992477,44.33297448779071,3816.5989990234375,3950.9821312072067,3682.2158668396683,268.7662643675385,4809839000.0,0.8615257184284131,-36.219970703125,77.780029296875,73.169921875,-0.9288648911272701,2.054748313373642
2022-07-18,3830.85009765625,3902.43994140625,3818.6298828125,3883.7900390625,4046870000,-0.008363571580831342,-1,0,-32.309814453125,83.81005859375,0.011684074552726473,0.012683984871635943,3824.8030029296874,3927.1522119140627,4362.080545654297,3836.637896566791,3866.419797988078,-29.781901421286875,-39.49464391000219,9.712742488715314,42.292463056997775,3824.8030029296874,3939.223907937578,3710.3820979217967,228.84181001578145,4729936000.0,0.8555866295019636,-23.579833984375,5.52001953125,164.080078125,-0.6117593107818754,0.144301783598127
2022-07-19,3936.68994140625,3939.81005859375,3860.72998046875,3860.72998046875,4041070000,0.02762829164595959,1,1,105.83984375,79.080078125,0.016112775986865002,0.013893667839322046,3837.8954956054686,3922.9486083984375,4360.226295166016,3852.0305188497846,3871.624993796831,-19.594474947046365,-35.514610117411024,15.92013517036466,62.0797992698019,3837.8954956054686,3939.243489601926,3736.5475016090113,202.69598799291452,4505952500.0,0.8968292497535205,117.889892578125,105.300048828125,261.849853515625,3.0870925701988994,2.7483511670817995
2022-07-20,3959.89990234375,3974.1298828125,3922.030029296875,3935.320068359375,4185300000,0.005895806193263242,1,1,23.2099609375,52.099853515625,0.015029389901577716,0.013013163225422108,3847.650988769531,3919.6798095703125,4358.240594482422,3868.625808618087,3878.1638759114176,-9.538067293330641,-30.319301552594947,20.781234259264306,64.19012770137525,3847.650988769531,3956.64302132573,3738.658956213332,217.98406511239773,4450604500.0,0.940389108940145,158.119873046875,114.81982421875,195.10986328125,4.1591010481508235,2.986149101860586
2022-07-21,3998.949951171875,3999.2900390625,3927.639892578125,3955.469970703125,4132790000,0.00986137270919718,1,1,39.050048828125,71.650146484375,0.013655924037798082,0.013075834950961185,3859.6039916992186,3919.8340087890624,4356.733044433594,3888.675676703285,3887.1109925973774,1.5646841059074177,-23.942504420894476,25.507188526801894,71.24355917640996,3859.6039916992186,3979.9179498097337,3739.2900335887034,240.62791622103032,4404294500.0,0.9383545991304624,208.570068359375,96.329833984375,239.06005859375,5.502616487205866,2.4683374525778077
2022-07-22,3961.6298828125,4012.43994140625,3938.860107421875,3998.429931640625,3979240000,-0.00933246697634671,-1,0,-37.320068359375,73.579833984375,0.015168920428776152,0.013271492212746608,3867.8989868164062,3919.04560546875,4354.812592773437,3899.899400720087,3892.63091039109,7.268490328997359,-17.70030547091611,24.96879579991347,63.628889092865606,3867.8989868164062,3992.4712103985466,3743.326763234266,249.1444471642808,4348324500.0,0.9151202951849615,98.469970703125,62.25,165.89990234375,2.548948864230632,1.5964076820107365
2022-07-25,3966.840087890625,3975.300048828125,3943.4599609375,3965.719970703125,3568340000,0.0013151670479691902,1,1,5.210205078125,31.840087890625,0.013545966256411777,0.011474161229302482,3870.6539916992188,3919.67880859375,4352.829044189453,3910.197967977093,3898.1278865021663,12.07008147492661,-11.746228081747567,23.816309556674177,63.56698639007299,3870.6539916992188,4001.5835762953448,3739.7244071030927,261.859169192252,4120728500.0,0.8659488243401622,135.989990234375,112.41015625,55.10009765625,3.549864567072853,2.9163886292817622
2022-07-26,3921.050048828125,3953.219970703125,3910.739990234375,3953.219970703125,3778950000,-0.01154320266205866,-1,0,-45.7900390625,42.47998046875,0.009369955710796187,0.011777015289117586,3871.7009887695312,3919.4982080078125,4350.4354956054685,3911.8675188772518,3899.8258244522376,12.041694425014157,-6.988643580395222,19.03033800540938,57.14957275758043,3871.7009887695312,4003.9506070917823,3739.45137044728,264.49923664450216,4093410500.0,0.9231788504964259,-15.639892578125,102.25,20.93994140625,-0.3972853542165979,2.677542649329793
2022-07-27,4023.610107421875,4039.56005859375,3951.429931640625,3951.429931640625,4112180000,0.026156273782937722,1,1,102.56005859375,88.130126953125,0.015405355763203437,0.012086579726462883,3881.803991699219,3919.4926123046876,4348.596846923828,3929.0586863456556,3908.9950305981365,20.06365574751908,-1.5781837148123623,21.64183946233144,60.496948402650716,3881.803991699219,4028.05335879391,3735.554624604528,292.49873418938205,4085513500.0,1.0065270864972053,63.710205078125,221.830078125,202.06005859375,1.6088842306447386,5.83490039969584
2022-07-28,4072.429931640625,4078.949951171875,3992.969970703125,4026.1298828125,4413000000,0.012133338697180918,1,1,48.81982421875,85.97998046875,0.015678670117571788,0.01223895518498412,3894.483984375,3920.7810107421874,4347.153046875,3951.11580100642,3921.1013195642468,30.01448144217329,4.740349316584769,25.274132125588523,63.91323857272576,3894.483984375,4060.3971248949224,3728.570843855078,331.8262810398446,4095601500.0,1.0774974078899033,73.47998046875,282.050048828125,253.599853515625,1.8374818731406481,7.44120794084737
2022-07-29,4130.2900390625,4140.14990234375,4079.219970703125,4087.330078125,4616360000,0.014207760082581844,1,1,57.860107421875,60.929931640625,0.014237844250088175,0.012125788349759803,3911.7294921875,3921.6098095703123,4346.051247558594,3978.681068399663,3936.596780267821,42.084288131842186,12.209137079636253,29.875151052205933,71.72811012941222,3911.7294921875,4100.077824633375,3723.381159741625,376.6966648917496,4084416000.0,1.130237468465504,168.66015625,267.130126953125,344.91015625,4.257342589769195,6.914808939588156
2022-08-01,4118.6298828125,4144.9501953125,4096.02001953125,4112.3798828125,4202810000,-0.0028230841271976725,-1,0,-11.66015625,48.93017578125,0.014863112089556972,0.01213966539996832,3926.394482421875,3925.50880859375,4344.825397949218,4000.2116552324073,3950.080713789649,50.130941442758285,19.79349795226066,30.337443490497623,74.54280862091775,3926.394482421875,4131.358341732099,3721.430623111652,409.92771862044674,4092209000.0,1.0270272119532506,151.789794921875,287.77978515625,293.2998046875,3.8264661937151474,7.512165128369716
2022-08-02,4091.18994140625,4140.47021484375,4079.81005859375,4104.2099609375,4727710000,-0.006662395550704803,-1,0,-27.43994140625,60.66015625,0.013375179861120702,0.012355940407745092,3939.384484863281,3929.316806640625,4343.090048828125,4014.208314643768,3960.5332491686568,53.675065475111296,26.56981145683079,27.105254018280505,73.2925391047303,3939.384484863281,4151.791859179119,3726.9771105474433,424.81474863167523,4074765000.0,1.160241142740747,170.139892578125,154.5,259.800048828125,4.339141058119733,3.9246169319804256
2022-08-03,4155.169921875,4167.66015625,4107.9599609375,4107.9599609375,4351760000,0.015638477163140152,1,1,63.97998046875,59.7001953125,0.010426221541553541,0.012657860256428982,3954.8889770507812,3934.3930029296876,4341.509047851562,4035.894715756265,3974.950780480238,60.94393527602733,33.444636220670105,27.499299055357227,77.0683998017397,3954.8889770507812,4183.001363151206,3726.7765909503573,456.2247722008483,4071467000.0,1.068843244953232,131.559814453125,195.27001953125,310.08984375,3.2696958935074814,4.9311857457729005
2022-08-04,4151.93994140625,4161.2900390625,4135.419921875,4154.85009765625,4283320000,-0.0007773401640558397,-1,0,-3.22998046875,25.8701171875,0.010279615062080185,0.012424911989098083,3967.3549682617186,3937.9568017578126,4339.836447753906,4053.7478273947245,3988.06108869698,65.68673869774466,39.89305671608501,25.793681981659645,73.89455345999869,3967.3549682617186,4210.213609577641,3724.496326945796,485.71728263184514,4082744500.0,1.049127615014851,79.510009765625,152.989990234375,249.31982421875,1.952397244403748,3.8257540630020124
2022-08-05,4145.18994140625,4151.580078125,4107.31005859375,4115.8701171875,4085940000,-0.0016257460597355333,-1,0,-6.75,44.27001953125,0.008621981030090846,0.012439669009888714,3979.645471191406,3942.0310009765626,4337.964248046875,4067.8158449349594,3999.700262971741,68.11558196321857,45.537561765511725,22.57802019770685,77.15818764295881,3979.645471191406,4232.685952487776,3726.604989895036,506.08096259274043,4110960500.0,0.9939137094603561,14.89990234375,183.56005859375,245.81005859375,0.3607471195202554,4.633447950050151
2022-08-08,4140.06005859375,4186.6201171875,4128.97021484375,4155.93017578125,4221090000,-0.0012375507238541195,-1,0,-5.1298828125,57.64990234375,0.008485795900759685,0.012006613717995478,3993.9269775390626,3945.2576025390626,4335.983598632813,4078.930339344004,4010.0972848696674,68.83305447433668,50.196660307276716,18.63639416705996,71.27256847793333,3993.9269775390626,4249.440798203528,3738.413156874597,511.02764132893117,4150841000.0,1.0169240402125739,21.43017578125,173.219970703125,285.630126953125,0.5203229324072188,4.366699107229076
2022-08-09,4122.47021484375,4137.2998046875,4112.08984375,4133.10986328125,3913090000,-0.004248692893594086,-1,0,-17.58984375,25.2099609375,0.007990343268882889,0.011774012057339798,4009.110485839844,3946.550205078125,4333.84705078125,4085.6287817285806,4018.4212056084884,67.2075761200922,53.598843469839814,13.608732650252385,67.20720860401775,4009.110485839844,4256.776593342313,3761.444378337374,495.33221500493937,4155635000.0,0.9416346719574746,31.2802734375,201.420166015625,303.670166015625,0.764576416287046,5.13689352360659
2022-08-10,4210.240234375,4211.02978515625,4177.259765625,4181.02001953125,4546010000,0.021290637641290244,1,1,87.77001953125,33.77001953125,0.010490501323840072,0.012211839622836774,4029.53349609375,3947.590205078125,4332.173752441407,4104.799774443414,4032.6300225541563,72.1697518892579,57.31302515372344,14.856726735534458,70.27309393867415,4029.53349609375,4272.533669108478,3786.5333230790216,486.00034602945607,4177466000.0,1.088221902943076,55.0703125,186.630126953125,408.460205078125,1.3253444151605187,4.638375040585334
2022-08-11,4207.27001953125,4257.91015625,4201.41015625,4227.39990234375,4630200000,-0.0007054739583503,-1,0,-2.97021484375,56.5,0.010484627252192612,0.012141513833238825,4050.3780029296877,3949.092607421875,4330.377702636719,4120.564427533851,4045.5663186265333,74.9981089073176,60.85004190444228,14.148067002875322,75.23214814146064,4050.3780029296877,4278.03846160867,3822.717544250705,455.3209173579653,4198991500.0,1.1026933491053745,55.330078125,134.840087890625,416.89013671875,1.3326319480974926,3.31104746193394
2022-08-12,4280.14990234375,4280.47021484375,4219.77978515625,4225.02001953125,3788010000,0.017322368774566943,1,1,72.8798828125,60.6904296875,0.011866005369634723,0.01203509905370382,4071.227502441406,3952.671005859375,4328.904501953125,4145.116039043066,4062.942880383364,82.17315865970204,65.11466525549423,17.05849340420781,78.25513167425896,4071.227502441406,4303.0348547385465,3839.420150144266,463.61470459428074,4181202000.0,0.9059619697876352,134.9599609375,149.85986328125,416.989990234375,3.25582091159169,3.6283133112672505
2022-08-15,4297.14013671875,4301.7900390625,4256.89990234375,4269.3701171875,3696830000,0.0039695418998517695,1,1,16.990234375,44.89013671875,0.011230349955844581,0.011611714937090355,4094.5420043945314,3955.077412109375,4327.631801757812,4168.504361762402,4080.290825297096,88.21353646530633,69.73443949745665,18.479096967849685,85.77516475993053,4094.5420043945314,4318.206924034667,3870.877084754396,447.32983928027124,4163700000.0,0.887871364411461,157.080078125,178.51025390625,466.2900390625,3.7941497442516625,4.334214507868093
2022-08-16,4305.2001953125,4325.27978515625,4277.77001953125,4290.4599609375,4329820000,0.0018756797165810912,1,1,8.06005859375,47.509765625,0.009877602747170696,0.010434672044172746,4112.967517089844,3959.010615234375,4326.175703125,4189.534490000879,4096.950778631571,92.58371136930782,74.30429387182689,18.279417497480935,82.6572037403966,4112.967517089844,4342.517691203067,3883.4173429766192,459.1003482264482,4178137500.0,1.0363038554858475,182.72998046875,214.01025390625,368.51025390625,4.432536099613174,5.231002641561272
2022-08-17,4274.0400390625,4302.18017578125,4253.080078125,4280.39990234375,3885030000,-0.007237794954094601,-1,0,-31.16015625,49.10009765625,0.009025897097559079,0.010752970992043333,4128.674523925782,3962.0628125,4324.51900390625,4202.535343702666,4110.068501626454,92.46684207621183,77.93680351270388,14.530038563507958,74.38023116779593,4128.674523925782,4357.112493368089,3900.236554483474,456.8759388846156,4163124000.0,0.9332006445159933,63.7998046875,118.8701171875,314.14013671875,1.5153483206634863,2.8607763201621474
2022-08-18,4283.740234375,4292.52978515625,4261.97998046875,4273.1298828125,3340330000,0.002269561170191503,1,1,9.7001953125,30.5498046875,0.00881239418058814,0.01066430018750118,4142.914038085937,3964.524013671875,4322.86935546875,4215.028403806102,4122.933074422643,92.0953293834591,80.76850868685493,11.326820696604173,71.0027053181422,4142.914038085937,4372.804257861186,3913.0238183106885,459.78043955049725,4123501000.0,0.8100713447141155,76.47021484375,131.80029296875,284.790283203125,1.8175732598277559,3.17442676986579
2022-08-19,4228.47998046875,4266.31005859375,4218.7001953125,4266.31005859375,3761340000,-0.012900001139847905,-1,0,-55.26025390625,47.60986328125,0.007319690577597965,0.01091706728581743,4156.25654296875,3966.778212890625,4320.858505859375,4217.097877138817,4130.751363759391,86.34651337942614,81.88410962536918,4.4624037540569645,63.432041831801094,4156.25654296875,4372.410642125702,3940.1024438117984,432.30819831390363,4112606000.0,0.9145879765773819,-51.669921875,83.2900390625,266.85009765625,-1.2071988844761319,2.009317793390282
2022-08-22,4137.990234375,4195.080078125,4129.85986328125,4195.080078125,3907430000,-0.0214000649197158,-1,0,-90.48974609375,65.22021484375,0.010072064809255253,0.01223835166108794,4164.814050292969,3969.1816162109376,4318.245607910157,4204.927470559768,4131.287576397584,73.63989416218374,80.2352665327321,-6.595372370548361,54.95807361042858,4164.814050292969,4362.12372952276,3967.5043710631776,394.6193584595826,4129560500.0,0.9462096511238908,-159.14990234375,-2.06982421875,171.150146484375,-3.703623742307719,-0.04999502880286851
2022-08-23,4128.72998046875,4159.77001953125,4124.02978515625,4133.08984375,3823520000,-0.0022378626777133093,-1,0,-9.26025390625,35.740234375,0.00925155548537992,0.011860004308994752,4175.198046875,3973.739013671875,4315.488957519531,4193.204779776534,4131.0981248473,62.10665492923454,76.60954421203259,-14.502889282798051,46.83157228303037,4175.198046875,4337.19050556496,4013.2055881850392,323.98491737992117,4131789000.0,0.9253909142020563,-176.47021484375,6.259765625,207.679931640625,-4.099001366670258,0.15184501764161945
2022-08-24,4140.77001953125,4156.56005859375,4119.97021484375,4126.5498046875,3583630000,0.0029161604463010526,1,1,12.0400390625,36.58984375,0.010564605514704705,0.01049579582274769,4181.056042480469,3981.56181640625,4312.705158691406,4185.137893584952,4131.814561490555,53.32333209439639,71.95230178850535,-18.62896969410896,48.6891325674573,4181.056042480469,4327.7153021503445,4034.396782810593,293.3185193397517,4105361500.0,0.8729146020393088,-133.27001953125,-69.47021484375,117.159912109375,-3.1181275400611934,-1.65002971271217
2022-08-25,4199.1201171875,4200.5400390625,4147.58984375,4153.259765625,3566870000,0.014091605518061545,1,1,58.35009765625,52.9501953125,0.01378561499877993,0.010608852540823182,4187.390551757812,3990.834619140625,4310.192258300781,4187.289004908421,4136.800158208847,50.488846699573514,67.65961077071898,-17.17076407114547,55.64535502423256,4187.390551757812,4324.957084029512,4049.8240194861132,275.13306454339863,4063055000.0,0.8778788374757418,-84.6201171875,-8.14990234375,126.690185546875,-1.9753792844034606,-0.19370999022919894
2022-08-26,4057.659912109375,4203.0400390625,4057.659912109375,4198.740234375,3832750000,-0.03368805871951874,-1,0,-141.460205078125,145.380126953125,0.019234225144045918,0.012791207752024756,4183.759045410156,3996.188017578125,4307.054307861328,4167.346067554721,4130.9379177570345,36.40814979768675,61.40931857611254,-25.001168778425793,43.28968490182582,4183.759045410156,4331.155703125924,4036.362387694389,294.7933154315356,4023874500.0,0.9525023705386438,-170.820068359375,-222.489990234375,-72.630126953125,-4.039751143398783,-5.198182197136194
2022-08-29,4030.610107421875,4062.989990234375,4017.419921875,4034.580078125,3396510000,-0.006666355799502699,-1,0,-27.0498046875,45.570068359375,0.017751743042057545,0.012851791386420057,4179.358056640625,4003.4648193359376,4303.97380859375,4146.309765995822,4123.5062281025785,22.80353789324363,53.68816243953876,-30.88462454629513,42.63281661487734,4179.358056640625,4339.636002850345,4019.080110430906,320.5558924194388,3983559500.0,0.8526319237857499,-107.380126953125,-266.530029296875,-88.019775390625,-2.5949826092169026,-6.202497959500908
2022-08-30,3986.159912109375,4044.97998046875,3965.2099609375,4041.25,3835860000,-0.011028155571448206,-1,0,-44.4501953125,79.77001953125,0.01783043550594703,0.01298935733182183,4174.106555175781,4009.6912158203127,4300.658258056641,4121.671326936368,4113.332426917897,8.338900018471577,44.61830995532533,-36.27940993685375,30.686771229584338,4174.106555175781,4352.416271739174,3995.7968386123885,356.6194331267852,3938967000.0,0.973823847724543,-142.570068359375,-319.040283203125,-105.030029296875,-3.4531216387076125,-7.41057950221446
2022-08-31,3955.0,4015.3701171875,3954.530029296875,4000.669921875,4542490000,-0.007817025105971265,-1,0,-31.159912109375,60.840087890625,0.016982924485070657,0.012434244387216381,4164.098059082031,4013.4954150390627,4297.0190075683595,4096.029584330773,4101.604098998052,-5.574514667278891,34.57974503080448,-40.15425969808337,29.264717804564228,4164.098059082031,4367.577722055697,3960.6183961083643,406.9593259473331,3948503500.0,1.1504333223967005,-185.77001953125,-319.0400390625,-200.169921875,-4.486364097861195,-7.464601083439561
2022-09-01,3966.85009765625,3970.22998046875,3903.64990234375,3936.72998046875,4152250000,0.0029962320243361873,1,1,11.85009765625,66.580078125,0.013594718613521404,0.01248854235260487,4154.843566894531,4017.634619140625,4293.439259033203,4076.1558171500774,4091.622321120881,-15.466503970803842,24.57049523048282,-40.03699920128666,21.37670944441271,4154.843566894531,4376.661367355632,3933.02576643343,443.63560092220223,3941950000.0,1.0533492307106889,-232.27001953125,-316.89013671875,-185.08984375,-5.531397365379977,-7.397510572089683
2022-09-02,3924.260009765625,4018.429931640625,3906.2099609375,3994.659912109375,3665850000,-0.010736500458081055,-1,0,-42.590087890625,112.219970703125,0.005707007511113428,0.012631719307512269,4143.7970703125,4020.2052197265625,4289.556059570313,4052.787231398623,4079.2251128723437,-26.43788147372061,14.368819889642134,-40.80670136336274,17.45571422544269,4143.7970703125,4388.466549386906,3899.1275912380947,489.33895814881134,3920945500.0,0.934940309677857,-133.39990234375,-304.219970703125,-220.929931640625,-3.287606779110328,-7.1945467900595474
2022-09-06,3908.18994140625,3942.550048828125,3886.75,3930.889892578125,4127340000,-0.004095056983834944,-1,0,-16.070068359375,55.800048828125,0.005819938704515427,0.012630960609896394,4132.203564453125,4020.13421875,4285.653659667969,4030.54149447672,4066.5558409118926,-36.01434643517268,4.292186624679171,-40.30653305985185,15.827480845448079,4132.203564453125,4398.625686115527,3865.7814427907238,532.8442433248033,3916258000.0,1.0538989004299513,-122.420166015625,-229.80029296875,-231.8701171875,-3.037261425762895,-5.553427629184797
2022-09-07,3979.8701171875,3987.889892578125,3906.030029296875,3909.429931640625,3890320000,0.018341016392734,1,1,71.68017578125,81.85986328125,0.011599290759743329,0.01347644603277999,4125.073559570313,4021.7294189453123,4282.030310058593,4022.745897970686,4060.1346761915675,-37.38877822088125,-4.044006344432914,-33.344771876448334,26.330491494126434,4125.073559570313,4400.08649687225,3850.060622268376,550.025874603874,3915119500.0,0.9936657105868671,-6.289794921875,-148.85986328125,-142.60009765625,-0.1577908327954309,-3.6054637621118877
2022-09-08,4006.179931640625,4010.5,3944.81005859375,3959.93994140625,3966850000,0.006610721877456038,1,1,26.309814453125,65.68994140625,0.01103070497482441,0.012526233060768471,4114.870544433594,4025.4220166015625,4278.57140991211,4020.1972877660614,4056.138028447053,-35.94074068099144,-10.423353211744619,-25.51738746924682,28.24833268473631,4114.870544433594,4391.714734473189,3838.0263543939977,553.6883800791916,3886161500.0,1.02076303313694,51.179931640625,-134.590087890625,-204.060302734375,1.294056425805942,-3.250363754948677
2022-09-09,4067.360107421875,4076.81005859375,4022.93994140625,4022.93994140625,3901940000,0.015271449816332883,1,1,61.18017578125,53.8701171875,0.012413769149428136,0.013135048051273173,4107.875048828125,4030.3926171875,4275.493510742188,4027.4531061746484,4056.969293556299,-29.516187381650525,-14.2419200457258,-15.274267335924725,37.4895406055776,4107.875048828125,4381.945224572693,3833.8048730835562,548.1403514891372,3849748500.0,1.0135571193806556,100.510009765625,-131.760009765625,-139.909912109375,2.5337486240029525,-3.137800446010476
2022-09-12,4110.41015625,4119.27978515625,4083.669921875,4083.669921875,3814200000,0.0105842727693497,1,1,43.050048828125,35.60986328125,0.008742114907280068,0.012703283000705556,4099.3880615234375,4036.89322265625,4272.592060546875,4040.215729263164,4060.9278759780545,-20.712146714890423,-15.535965379558727,-5.176181335331696,47.688178292352696,4099.3880615234375,4361.2361144495735,3837.540008597301,523.6961058522725,3851058000.0,0.990429123633038,186.150146484375,52.750244140625,-169.73974609375,4.743573209245448,1.3000163957359054
2022-09-13,3932.68994140625,4037.1201171875,3921.280029296875,4037.1201171875,4224550000,-0.0432366134006168,-1,0,-177.72021484375,115.840087890625,0.025412987465686796,0.015601586413087055,4081.1655517578124,4039.040419921875,4268.748210449219,4023.6733003621002,4051.4287697134764,-27.755469351376178,-17.97986617392222,-9.77560317745396,37.18627125568095,4081.1655517578124,4335.691776717929,3826.639326797696,509.05244992023336,3877444000.0,1.0895192812584786,24.5,-97.920166015625,-364.4501953125,0.6268886714135592,-2.4294130021486575
2022-09-14,3946.010009765625,3961.93994140625,3912.179931640625,3940.72998046875,4293240000,0.0033870120853238816,1,1,13.320068359375,49.760009765625,0.02376404869487551,0.015636715429282032,4063.2060424804686,4041.332822265625,4265.50515991211,4011.7251018087964,4043.619972680302,-31.894870871505645,-20.762867113438904,-11.132003758066741,37.291203537460134,4063.2060424804686,4301.333260011458,3825.0788249494785,476.2544350619796,3875615000.0,1.1077570914551627,-33.860107421875,-40.14990234375,-359.190185546875,-0.8507842322704567,-1.0072326055404959
2022-09-15,3901.35009765625,3959.139892578125,3888.280029296875,3932.409912109375,4441830000,-0.011317739184353415,-1,0,-44.659912109375,70.85986328125,0.023590656088427444,0.015704503965212308,4044.5715454101564,4042.45822265625,4261.7355603027345,3994.744331939174,4033.081463419261,-38.33713148008701,-24.277719986768528,-14.059411493318482,30.215951737060934,4044.5715454101564,4271.286390118061,3817.856700702252,453.42968941580875,3903455000.0,1.137922686440602,-104.829833984375,-53.64990234375,-372.68994140625,-2.616703088057373,-1.3565082767067005
2022-09-16,3873.330078125,3880.949951171875,3837.080078125,3880.949951171875,7954650000,-0.007182134089448455,-1,0,-28.02001953125,43.869873046875,0.02071397347579758,0.015634254702470807,4024.0510375976564,4041.872421875,4258.26721069336,3976.0652159677625,4021.248027471538,-45.18281150377561,-28.458738290169947,-16.724073213605664,35.57919120542961,4024.0510375976564,4233.234086307616,3814.8679888876973,418.3660974199188,4134171000.0,1.9241221516961926,-194.030029296875,-93.52001953125,-410.41015625,-4.77041678563992,-2.357538531302325
2022-09-19,3899.889892578125,3900.449951171875,3838.5,3849.909912109375,3766850000,0.006857100716286535,1,1,26.559814453125,61.949951171875,0.019857478291353266,0.01572643152237605,4007.621533203125,4041.8826220703127,4255.201459960937,3964.34593544628,4012.258535997952,-47.91260055167231,-32.34951074247042,-15.563089809201891,39.76542459448197,4007.621533203125,4200.152912642665,3815.090153763585,385.06275887907987,4134446500.0,0.9110893078432627,-210.520263671875,-24.3701171875,-328.590087890625,-5.121636422384095,-0.6210117863458159
2022-09-20,3855.929931640625,3876.010009765625,3827.5400390625,3875.22998046875,4058050000,-0.011272103097361819,-1,0,-43.9599609375,48.469970703125,0.00849939363341024,0.01529088762930564,3993.518518066406,4041.9126220703124,4251.595609130859,3947.66655024541,4000.6786393788907,-53.01208913348091,-36.482026420672526,-16.530062712808387,39.79597380347711,3993.518518066406,4187.160086215647,3799.8769499171644,387.283136298483,4141977500.0,0.9797373356084141,-76.760009765625,-52.260009765625,-282.060302734375,-1.9518449435191727,-1.3371921669400935
2022-09-21,3789.929931640625,3907.070068359375,3789.489990234375,3871.39990234375,4078330000,-0.017116493600784488,-1,0,-66.0,117.580078125,0.009030872841035018,0.01558981827081404,3976.578515625,4041.3352197265626,4247.853107910156,3923.399378152366,3985.067623990871,-61.6682458385053,-41.519270304239086,-20.148975534266214,37.735712158265216,3976.578515625,4179.47227556185,3773.68475568815,405.7875198737006,4154718000.0,0.9816141552808156,-156.080078125,-189.940185546875,-338.800048828125,-3.955389817530403,-4.77252221690848
2022-09-22,3757.989990234375,3790.89990234375,3749.449951171875,3782.360107421875,4284600000,-0.00842758097968943,-1,0,-31.93994140625,41.449951171875,0.008856745328245956,0.015525234300594291,3957.4395141601562,4040.4594189453123,4243.684708251953,3897.9517800111366,3968.2470585274273,-70.29527851629064,-47.2744719466494,-23.020806569641238,34.93203934795818,3957.4395141601562,4167.218337830411,3747.660690489902,419.55764734050854,4189766500.0,1.0226345549328346,-143.360107421875,-248.18994140625,-382.780029296875,-3.6746281116375354,-6.195177092423065
2022-09-23,3693.22998046875,3727.139892578125,3647.469970703125,3727.139892578125,5144270000,-0.017232619015461026,-1,0,-64.760009765625,79.669921875,0.009869530600799554,0.015101611598052574,3932.1450073242186,4038.5164208984374,4238.7171081542965,3866.4561185430775,3947.8754231156736,-81.41930457259605,-54.10343847183873,-27.31586610075732,33.84925431366854,3932.1450073242186,4141.220620883455,3723.069393764982,418.1512271184729,4268636500.0,1.205131896332705,-180.10009765625,-374.130126953125,-505.89013671875,-4.649748253405575,-9.198352667875037
2022-09-26,3655.0400390625,3715.669921875,3644.760009765625,3682.719970703125,4886140000,-0.010340526208282075,-1,0,-38.18994140625,70.909912109375,0.004054363151097298,0.013710425002252594,3912.014013671875,4034.3540234375,4233.486258544922,3833.9305678537576,3926.1839131858087,-92.25334533205114,-61.733419843881215,-30.519925488169925,32.83380560005246,3912.014013671875,4146.226216995923,3677.801810347827,468.424406648096,4321306000.0,1.1307090958150152,-244.849853515625,-455.3701171875,-402.619873046875,-6.278378627601729,-11.078459323459395
2022-09-27,3647.2900390625,3717.530029296875,3623.2900390625,3686.43994140625,4577740000,-0.0021203598092424114,-1,0,-7.75,94.239990234375,0.006366828098847614,0.013721136659224134,3892.848010253906,4030.682822265625,4228.385457763672,3805.2166403474102,3905.5251076951936,-100.30846734778333,-69.44842934466165,-30.860038003121687,25.306635033977102,3892.848010253906,4147.997080168947,3637.698940338865,510.2981398300817,4380367500.0,1.0450584340240858,-208.639892578125,-285.39990234375,-383.320068359375,-5.410883918457323,-7.257116797814393
2022-09-28,3719.0400390625,3736.739990234375,3640.610107421875,3651.93994140625,4684850000,0.019672139926234733,1,1,71.75,96.1298828125,0.014127367538074299,0.014682336603749898,3879.4920166015627,4026.32982421875,4223.420557861328,3791.9587016881933,3891.711398907587,-99.75269721939367,-75.50928291960805,-24.243414299785613,30.028110503452083,3879.4920166015627,4141.93576532774,3617.048267875385,524.8874974523551,4422817000.0,1.059245725066174,-70.889892578125,-226.969970703125,-267.119873046875,-1.8704802953292972,-5.751885325719333
2022-09-29,3640.469970703125,3687.010009765625,3610.39990234375,3687.010009765625,4681810000,-0.021126437880238824,-1,0,-78.570068359375,76.610107421875,0.016183849254106087,0.01518795732221956,3863.765515136719,4019.9412255859374,4218.278056640625,3768.6527430751057,3873.1009227442937,-104.448179669188,-81.29706226952405,-23.151117399663946,21.009158796689306,3863.765515136719,4144.23431509699,3583.296715176448,560.9375999205422,4429783000.0,1.056893757549749,-117.52001953125,-260.880126953125,-314.530029296875,-3.1272041659674725,-6.686919154214068
2022-09-30,3585.6201171875,3671.43994140625,3584.1298828125,3633.47998046875,5645360000,-0.015066695771983274,-1,0,-54.849853515625,87.31005859375,0.01584106471770267,0.015285258271476934,3844.7040161132813,4011.67462890625,4213.035708007813,3740.493877553936,3851.806048258605,-111.31217070466937,-87.30008395655312,-24.012086748116246,14.92278750866511,3844.7040161132813,4146.669391669269,3542.7386405572934,603.930751111976,4504438500.0,1.2532882844332318,-107.60986328125,-287.7099609375,-381.22998046875,-2.9137059931369884,-7.427974253017303
2022-10-03,3678.429931640625,3698.35009765625,3604.929931640625,3609.780029296875,4806680000,0.025883894952576147,1,1,92.809814453125,93.420166015625,0.020762380948910256,0.016682290869611944,3832.4125122070313,4006.0106298828123,4207.878607177734,3730.9455781826573,3838.9633729535694,-108.01779477091213,-91.44362611942493,-16.5741686514872,30.829067906527413,3832.4125122070313,4140.689886230504,3524.1351381835584,616.5547480469459,4561480000.0,1.053754483194051,23.389892578125,-221.4599609375,-245.830078125,0.6399353311632776,-5.678620859500678
2022-10-04,3790.929931640625,3791.919921875,3726.4599609375,3726.4599609375,5146580000,0.030583700679551518,1,1,112.5,65.4599609375,0.024220432245695474,0.018297101394214404,3826.54951171875,4002.4924267578126,4203.4899072265625,3740.173940253114,3835.405340263722,-95.23140001060801,-92.20118089766156,-3.0302191129464546,39.82840452719971,3826.54951171875,4133.21478511536,3519.8842383221404,613.33054679322,4612442000.0,1.1158037325997812,143.639892578125,-65.0,-117.260009765625,3.938263506322251,-1.6857152788651357
2022-10-05,3783.280029296875,3806.909912109375,3722.659912109375,3753.25,4293180000,-0.002017948757084831,-1,0,-7.64990234375,84.25,0.023537642863829245,0.017699799635024896,3816.720007324219,3999.7370263671874,4199.303106689453,3746.8056462598465,3831.5442061180293,-84.73855985818273,-90.7086566897658,5.970096831583078,41.86070934848312,3816.720007324219,4115.186159500252,3518.2538551481857,596.9323043520662,4632585000.0,0.9267352892607476,64.239990234375,-6.64990234375,-196.590087890625,1.7273272016336962,-0.1754624086380225
2022-10-06,3744.52001953125,3797.929931640625,3739.219970703125,3771.969970703125,4252100000,-0.010245080846639998,-1,0,-38.760009765625,58.7099609375,0.021045039729009212,0.01765038245887739,3803.63701171875,3994.155224609375,4195.185606689453,3746.454011378524,3825.097970074564,-78.64395869604004,-88.29571709102065,9.651758394980604,41.24990298050521,3803.63701171875,4089.8221519450744,3517.451871492425,572.3702804526492,4646847500.0,0.9150504723901527,104.050048828125,-13.469970703125,-261.659912109375,2.858148801266685,-0.35843551308354915
2022-10-07,3639.659912109375,3706.739990234375,3620.72998046875,3706.739990234375,4449660000,-0.028003617786773516,-1,0,-104.860107421875,86.010009765625,0.02472893562344982,0.017914372114347384,3782.252001953125,3985.49982421875,4190.137756347656,3730.024149952501,3811.361817632698,-81.33766768019723,-86.90410720885598,5.566439528658748,34.02221985048459,3782.252001953125,4048.70094401412,3515.8030598921296,532.8978841219905,4674233500.0,0.9519550103776373,54.039794921875,-53.570068359375,-427.7001953125,1.5071254944950194,-1.4504937044991661
2022-10-10,3612.389892578125,3652.169921875,3588.10009765625,3647.510009765625,3834320000,-0.00749246363390188,-1,0,-27.27001953125,64.06982421875,0.02136432319514856,0.01751779060207613,3757.3509887695313,3975.1418212890626,4184.716905517578,3711.9265718949046,3796.623156517545,-84.69658462264033,-86.46260269161286,1.766018068972528,34.73408843130569,3757.3509887695313,3984.9196420378375,3529.782335501225,455.1373065366124,4675239500.0,0.8201333856800277,-66.0400390625,-42.650146484375,-498.020263671875,-1.795332255603013,-1.1668858898551098
2022-10-11,3588.840087890625,3640.659912109375,3568.449951171875,3595.860107421875,4759030000,-0.006519175777754405,-1,0,-23.5498046875,72.2099609375,0.010033027812920038,0.015214660544137991,3740.15849609375,3964.546025390625,4179.032155761719,3692.9901897403997,3781.231818100736,-88.24162836033611,-86.81840782535753,-1.423220534978583,36.68648560228465,3740.15849609375,3963.874070254244,3516.4429219332555,447.43114832098854,4701963500.0,1.012136738194586,-202.08984375,-58.449951171875,-343.849853515625,-5.330877842486006,-1.6025583528010015
2022-10-12,3577.030029296875,3608.340087890625,3573.860107421875,3590.830078125,4006830000,-0.0032907731480149582,-1,0,-11.81005859375,34.47998046875,0.009765307877671877,0.015106399065220448,3721.7094970703124,3954.2628271484373,4172.961356201172,3675.1501650567807,3766.10575967082,-90.95559461403946,-87.64584518309391,-3.309749430945544,37.69113144768683,3721.7094970703124,3934.5399785528734,3508.8790155877514,425.66096296512205,4687643000.0,0.8547643239896895,-206.25,-142.010009765625,-368.97998046875,-5.451618659016676,-3.8184587494095132
2022-10-13,3669.909912109375,3685.409912109375,3491.580078125,3520.3701171875,5021680000,0.02596564246086497,1,1,92.8798828125,193.829833984375,0.019320150936771443,0.016494918941677494,3710.137487792969,3944.557626953125,4167.379155273437,3674.3439722956414,3758.980141332935,-84.63616903729371,-87.04390995393388,2.407740916640165,48.472216668559355,3710.137487792969,3906.3618971482406,3513.913078437697,392.4488187105435,4716635500.0,1.0646741729353477,-74.610107421875,29.43994140625,-231.440185546875,-1.992514582181748,0.8086851874392451
2022-10-14,3583.070068359375,3712.0,3579.679931640625,3690.409912109375,4243030000,-0.02366266361565439,-1,0,-86.83984375,132.320068359375,0.018018084578281857,0.017118665915995653,3695.6244873046876,3933.1802294921877,4161.329205322266,3660.3018332285233,3745.949765557116,-85.64793232859256,-86.76471442886562,1.1167821002730562,45.56752928652301,3695.6244873046876,3883.7990162070355,3507.4499584023397,376.3490578046958,4531054500.0,0.9364332298364542,-56.58984375,-2.550048828125,-290.260009765625,-1.5548113042573584,-0.07111876732009233
2022-10-17,3677.949951171875,3689.72998046875,3638.64990234375,3638.64990234375,4352780000,0.026480052302171098,1,1,94.8798828125,51.080078125,0.021889853121104624,0.018281372995023606,3684.527490234375,3923.8354296875,4155.825305175781,3663.0169282967313,3740.9127422693205,-77.89581397258917,-84.99093433761033,7.09512036502116,51.70526250611383,3684.527490234375,3846.3077309526607,3522.747249516089,323.56048143657154,4560351000.0,0.9544835474286957,65.56005859375,-0.47998046875,-221.93994140625,1.8148666268955942,-0.013048514656249625
2022-10-18,3719.97998046875,3762.7900390625,3686.530029296875,3746.260009765625,4483740000,0.011427569666488724,1,1,42.030029296875,76.260009765625,0.021237544638785622,0.018429623355850935,3677.7299926757814,3915.433828125,4150.594304199219,3671.780474784734,3739.36216732113,-67.58169253639608,-81.50908597736748,13.9273934409714,50.05406565283503,3677.7299926757814,3819.3558768289035,3536.1041085226593,283.25176830624423,4581635500.0,0.9786330667291189,131.139892578125,-70.949951171875,-135.949951171875,3.654102422133936,-1.8715711567153535
2022-10-19,3695.159912109375,3728.580078125,3666.510009765625,3703.110107421875,4223800000,-0.0066720972934503076,-1,0,-24.820068359375,62.070068359375,0.02171099603206095,0.01811303390537633,3672.991491699219,3906.8876220703123,4145.087303466797,3675.377311296217,3736.0879261943332,-60.71061489811609,-77.34939176151721,16.63877686340112,53.353115833604264,3672.991491699219,3804.813453373112,3541.1695300253255,263.64392334778677,4588909000.0,0.9204366440912208,118.1298828125,-88.1201171875,-94.77001953125,3.302457117915792,-2.3291989095472054
2022-10-20,3665.780029296875,3736.0,3656.43994140625,3689.050048828125,4496620000,-0.007950909706564868,-1,0,-29.3798828125,79.56005859375,0.019361104249855463,0.0181032097787872,3668.380993652344,3895.99841796875,4139.448503417969,3673.9008063732417,3730.879933831559,-56.97912745831718,-73.27533890087722,16.296211442560036,55.073159742534074,3668.380993652344,3793.989422044394,3542.772565260294,251.21685678409995,4599510000.0,0.9776302258284034,-4.1298828125,-78.739990234375,-92.2099609375,-0.11253362920089348,-2.1028059624109554
2022-10-21,3752.75,3757.889892578125,3647.419921875,3657.10009765625,5078020000,0.02372481982226482,1,1,86.969970703125,110.469970703125,0.0162819382260693,0.01849298593176156,3671.3569946289062,3886.908017578125,4134.709353027344,3686.031451546589,3732.499938732925,-46.468487186336006,-67.91396855796897,21.445481371632965,54.73859469919968,3671.3569946289062,3802.1573990583975,3540.556590199415,261.6008088589824,4596197500.0,1.1048306779680377,169.679931640625,113.090087890625,59.52001953125,4.735601827577948,3.1071608507807897
2022-10-24,3797.340087890625,3810.739990234375,3741.64990234375,3762.010009765625,4747930000,0.011881976654619875,1,1,44.590087890625,69.090087890625,0.0135302660769621,0.018445725713262414,3678.4719970703127,3877.2518212890627,4130.215804443359,3703.155857137979,3737.302912744606,-34.147055606626964,-61.16058596770057,27.013530361073606,50.44745565833038,3678.4719970703127,3820.5317132750965,3536.412280865529,284.1194324095677,4589287000.0,1.0345681148291663,119.39013671875,184.9501953125,142.300048828125,3.2461055289974707,5.119884641812653
2022-10-25,3859.110107421875,3862.85009765625,3799.43994140625,3799.43994140625,4843120000,0.016266654579669915,1,1,61.77001953125,63.41015625,0.014132119683609782,0.01868244051648916,3689.0630004882814,3868.491220703125,4126.126206054688,3727.1488187201167,3746.3256679058854,-19.176849185768788,-52.76383861131421,33.586989425545426,54.921412676773144,3689.0630004882814,3851.462118606879,3526.663882369684,324.79823623719494,4602556000.0,1.0522674792006876,139.130126953125,270.27001953125,211.820068359375,3.7400773037384303,7.530845981217954
2022-10-26,3830.60009765625,3886.14990234375,3824.070068359375,3825.969970703125,4817310000,-0.007387716072364547,-1,0,-28.510009765625,62.079833984375,0.014313360178070044,0.01838840297122988,3694.641003417969,3858.99921875,4121.927756347656,3743.064400094907,3752.5682182577643,-9.503818162857442,-44.11183452162286,34.60801635876542,55.66197351373677,3694.641003417969,3868.6257844441443,3520.6562223917936,347.96956205235074,4609179000.0,1.0451557641827318,135.440185546875,253.570068359375,111.56005859375,3.6653403037585788,7.088843713431682
2022-10-27,3807.300048828125,3859.949951171875,3803.7900390625,3834.68994140625,4687320000,-0.006082610618211248,-1,0,-23.300048828125,56.159912109375,0.01383174794195429,0.017703074508268656,3702.9825073242187,3849.6644189453127,4117.398907470703,3752.946807592325,3756.622427929643,-3.6756203373179233,-36.02459168476188,32.34897134744396,62.35191815635945,3702.9825073242187,3881.957242451201,3524.007772197236,357.94947025396505,4609454500.0,1.0168925628835257,141.52001953125,137.39013671875,166.830078125,3.860570421580769,3.7436923523766144
2022-10-28,3901.06005859375,3905.419921875,3808.260009765625,3808.260009765625,4459410000,0.024626377895927698,1,1,93.760009765625,97.159912109375,0.014096531462302041,0.01786709976120984,3718.754504394531,3842.0108154296877,4113.2724572753905,3775.7334615925442,3767.32151168254,8.411949910004296,-27.137283365808646,35.54923327581294,69.37150687427156,3718.754504394531,3909.3974376394276,3528.1115711496345,381.2858664897931,4550157000.0,0.9800562925630918,148.31005859375,317.989990234375,315.43994140625,3.9520367355605885,8.874791287014295
2022-10-31,3871.97998046875,3893.72998046875,3863.179931640625,3881.85009765625,4820620000,-0.00745440410765752,-1,0,-29.080078125,30.550048828125,0.015317151876332827,0.017301070954887022,3728.4320068359375,3834.8808154296876,4109.337208251953,3790.5406183427294,3775.0739908518885,15.466627490840892,-18.616501194478737,34.08312868531963,68.86040476312058,3728.4320068359375,3929.804326191406,3527.059687480469,402.74463871093667,4550854000.0,1.0592781047249593,74.639892578125,194.030029296875,193.550048828125,1.9655835624558593,5.2754940081512744
2022-11-01,3856.10009765625,3911.7900390625,3843.800048828125,3901.7900390625,4481210000,-0.004101230608784645,-1,0,-15.8798828125,67.989990234375,0.013877961744091782,0.016053254951239864,3731.6905151367187,3829.2430126953127,4105.303458251953,3800.626692083271,3781.075924689249,19.550767394021932,-10.983047476778605,30.533814870800537,68.48906042910718,3731.6905151367187,3939.3324871357086,3524.0485431377288,415.2839439979798,4517585500.0,0.9919480217917293,-3.010009765625,136.1201171875,65.170166015625,-0.0779975093179156,3.6591626272770337
2022-11-02,3759.68994140625,3894.43994140625,3758.679931640625,3852.89990234375,4899000000,-0.02500198485734284,-1,0,-96.41015625,135.760009765625,0.01786088145368517,0.017069283177492563,3730.5110107421874,3821.8622119140623,4101.216358642578,3794.328730440652,3779.491777779397,14.836952661255054,-5.819047449171872,20.656000110426927,55.920447414067624,3730.5110107421874,3937.1848248511005,3523.8371966332743,413.34762821782624,4547876500.0,1.0772060323098043,-70.91015625,64.530029296875,-23.590087890625,-1.851150066366529,1.7463392879264639
2022-11-03,3719.889892578125,3750.590087890625,3698.14990234375,3733.25,4625290000,-0.010585992315429671,-1,0,-39.800048828125,52.440185546875,0.018128734347350114,0.01708003581063784,3729.279504394531,3813.444609375,4097.1520092773435,3782.8766015387246,3775.0768233200433,7.79977821868124,-3.09528231560125,10.89506053428249,59.6192096516505,3729.279504394531,3935.895361786768,3522.6636470022945,413.2317147844733,4566536000.0,1.0128662075586397,-87.41015625,54.10986328125,-24.630126953125,-2.2958567785300916,1.4760804753368872
2022-11-04,3770.550048828125,3796.340087890625,3708.840087890625,3766.97998046875,5400180000,0.013618724670070526,1,1,50.66015625,87.5,0.013876569841316504,0.016015490659699292,3735.824011230469,3804.8732080078125,4093.5911096191408,3780.9802088140173,3774.7415066910125,6.238702123004714,-1.2284854278800574,7.467187550884772,56.94194818933551,3735.824011230469,3938.7463503395547,3532.901672121383,405.8446782181718,4614062000.0,1.1703743902877768,-130.510009765625,17.800048828125,130.89013671875,-3.345501166487324,0.4743201339850776
2022-11-07,3806.800048828125,3813.949951171875,3764.699951171875,3780.7099609375,4341620000,0.009613981920559844,1,1,36.25,49.25,0.015634238039749497,0.015944703928773604,3745.5445190429687,3799.8560107421877,4090.63541015625,3784.9524918931106,3777.116213515984,7.836278377126746,0.5844673331213033,7.251811044005443,56.56553534734389,3745.5445190429687,3942.0962989854047,3548.9927391005326,393.1035598848721,4639427000.0,0.9358095299268638,-65.179931640625,9.4599609375,194.41015625,-1.6833747067239273,0.24912071920202675
2022-11-08,3828.110107421875,3859.39990234375,3786.280029296875,3817.02001953125,4607640000,0.005597892802462701,1,1,21.31005859375,73.119873046875,0.01610329751210576,0.01580375624050293,3757.508020019531,3795.8060107421875,4087.725311279297,3791.592125051382,3780.893538990494,10.69858606088792,2.607291078674627,8.091294982213292,60.10766131936159,3757.508020019531,3942.6981930976344,3572.317846941428,370.38034615620654,4631857500.0,0.9947715360414261,-27.989990234375,-31.0,239.27001953125,-0.7258626468588667,-0.8032940013911632
2022-11-09,3748.570068359375,3818.199951171875,3744.219970703125,3810.93994140625,4645010000,-0.02077788695478977,-1,0,-79.5400390625,73.97998046875,0.014592249929817872,0.016651543147098376,3766.0850219726562,3791.0542138671876,4084.6859106445313,3784.9733470987653,3778.499207832633,6.47413926613217,3.3806607161661355,3.093478549966034,55.8481537102047,3766.0850219726562,3930.8428561075043,3601.327187837808,329.5156682696961,4663766500.0,0.9959782506263982,-11.119873046875,-82.030029296875,171.5400390625,-0.29576569398474906,-2.14144069351079
2022-11-10,3956.3701171875,3958.330078125,3859.889892578125,3859.889892578125,5781260000,0.05543448436034493,1,1,207.800048828125,98.440185546875,0.027421763824420468,0.019838297311724182,3780.4080322265627,3791.0816162109377,4082.7181103515627,3811.3420809585705,3791.6748307478083,19.667250210762177,6.637978615085344,13.029271595676832,62.28609796611507,3780.4080322265627,3959.172933300493,3601.6431311526326,357.5298021478602,4701745500.0,1.229598667133302,236.480224609375,149.070068359375,286.460205078125,6.357183450004722,3.915374844314104
2022-11-11,3992.929931640625,4001.47998046875,3944.820068359375,3963.719970703125,5593310000,0.009240746788147902,1,1,36.559814453125,56.659912109375,0.027454868164924952,0.01876309392355793,3800.901025390625,3791.603212890625,4081.0502111816404,3839.278673371194,3806.582615999128,32.69605737206621,11.849594366481519,20.84646300558469,61.91704881025269,3800.901025390625,3978.380012841762,3623.422037939488,354.95797490227415,4769259500.0,1.1727837413753646,222.3798828125,91.869873046875,409.85986328125,5.897810132015486,2.3549976587643755
2022-11-14,3957.25,4008.969970703125,3956.39990234375,3977.969970703125,4561930000,-0.008935777048800997,-1,0,-35.679931640625,52.570068359375,0.029035601426763005,0.018355063417857583,3814.8660278320312,3792.2630126953127,4078.6772106933595,3857.4281082371645,3817.7431629621556,39.684945275008886,17.416664548186993,22.268280726821892,56.1758915597383,3814.8660278320312,3995.53546516402,3634.1965905000425,361.33887466397755,4779717000.0,0.954435168441981,150.449951171875,85.27001953125,279.300048828125,3.952136945521715,2.202232965081783
2022-11-15,3991.72998046875,4028.840087890625,3953.169921875,4006.409912109375,5015310000,0.008713116550319144,1,1,34.47998046875,75.670166015625,0.02900157304404281,0.01830585209226432,3828.4535278320313,3793.9338134765626,4076.0581115722657,3878.0899347343316,3830.6310753700513,47.458859364280215,23.425103511405638,24.033755852874577,60.0641985549988,3828.4535278320313,4019.644784605193,3637.26227105887,382.382513546323,4806295500.0,1.043487650728092,163.619873046875,135.6298828125,271.75,4.274168413537834,3.5172811747012553
2022-11-16,3958.7900390625,3983.090087890625,3954.340087890625,3976.820068359375,4165320000,-0.008252046497990273,-1,0,-32.93994140625,28.75,0.02622277853983977,0.01835625487600261,3841.6350341796874,3793.5122119140624,4073.1193615722655,3890.505335400204,3840.1243319398623,50.38100346034162,28.816283501192835,21.564719959148782,59.34950088522244,3841.6350341796874,4030.469316939842,3652.800751419533,377.66856552030913,4803371500.0,0.8671659062806197,210.219970703125,199.10009765625,263.630126953125,5.608004302161312,5.295652055333582
2022-11-17,3946.56005859375,3954.330078125,3906.5400390625,3919.260009765625,4051780000,-0.0030893228355314273,-1,0,-12.22998046875,47.7900390625,0.008912330936050542,0.0182268454968169,3855.674035644531,3792.319814453125,4069.905262451172,3899.1291389684416,3848.0084598401504,51.12067912829116,33.2771626266125,17.843516501678657,53.122340361369076,3855.674035644531,4030.7047047794813,3680.643366509581,350.06133826990026,4781129500.0,0.8474524691288952,-9.81005859375,226.670166015625,280.780029296875,-0.2479560380646026,6.093464391724989
2022-11-18,3965.340087890625,3979.889892578125,3935.97998046875,3966.389892578125,4037360000,0.00475858190881473,1,1,18.780029296875,43.909912109375,0.007854743407144081,0.017621854922544637,3866.3035400390627,3790.2794140625,4067.344763183594,3909.3154388026237,3856.699691547593,52.61574725503078,37.14487955229616,15.470867702734623,56.49850335067953,3866.3035400390627,4040.836481000514,3691.770599077611,349.0658819229029,4729096500.0,0.85372755662736,-27.58984375,194.7900390625,212.590087890625,-0.690967390421094,5.166090796833213
2022-11-21,3949.93994140625,3962.0,3933.340087890625,3956.22998046875,3850690000,-0.003883688698329779,-1,0,-15.400146484375,28.659912109375,0.006904181210265782,0.01755159628748784,3873.9335327148438,3787.070009765625,4064.591813964844,3915.5653622801046,3863.606376722308,51.958985557796495,40.10770075339623,11.851284804400265,56.536261586505205,3873.9335327148438,4049.1134730888716,3698.753592340816,350.35988074805573,4684234500.0,0.8220532084804891,-7.31005859375,143.139892578125,152.599853515625,-0.18472572098679638,3.7601106110679177
2022-11-22,4003.580078125,4005.8798828125,3956.8798828125,3965.510009765625,3887990000,0.013579987927526016,1,1,53.64013671875,49.0,0.00862908754788078,0.017447564501816462,3881.15703125,3788.4878125,4062.1903637695314,3929.106087794704,3873.974799048434,55.13128874627,43.11241835197099,12.018870394299014,68.0640543809094,3881.15703125,4065.4411190615265,3696.872943438473,368.5681756230533,4636478000.0,0.8385653938183251,11.85009765625,175.469970703125,144.469970703125,0.2968662137527258,4.583723189229244
2022-11-23,4027.260009765625,4033.780029296875,3998.659912109375,4000.300048828125,3279720000,0.0059146891478476515,1,1,23.679931640625,35.1201171875,0.007192865991888566,0.01732471775404798,3890.990026855469,3790.1128125,4059.718963623047,3944.206691174845,3885.3292591015593,58.877432073285945,46.26542109623398,12.612010977051966,73.32271235170762,3890.990026855469,4084.6632674561706,3697.316786254767,387.34648120140355,4559598500.0,0.7193001752237614,68.469970703125,278.68994140625,196.659912109375,1.7295681263091107,7.434566683402649
2022-11-25,4026.1201171875,4034.02001953125,4020.760009765625,4023.340087890625,1706460000,-0.0002830441976333642,-1,0,-1.139892578125,13.260009765625,0.006642912905402708,0.01721913265385118,3901.9310302734375,3792.608212890625,4056.913663330078,3956.8087567152534,3895.7582115523696,61.050545162883736,49.22244590956393,11.828099253319806,70.9679616220493,3901.9310302734375,4100.362409035534,3703.4996515113403,396.86275752419397,4410555500.0,0.386903645130415,79.56005859375,69.75,218.820068359375,2.0159343177992604,1.7629796488702578
2022-11-28,3963.93994140625,4012.27001953125,3955.77001953125,4005.360107421875,3615430000,-0.015444192913123267,-1,0,-62.18017578125,56.5,0.010875237511600664,0.016890672356235942,3905.0750244140627,3794.42041015625,4054.2129626464844,3957.9058620523297,3900.8087100600646,57.097151992265026,50.797387126104155,6.299764866160871,62.36620703302869,3905.0750244140627,4105.431527652855,3704.7185211752703,400.7130064775847,4368356500.0,0.8276407843544821,-1.400146484375,-28.989990234375,62.8798828125,-0.03530961918375612,-0.7260330316506085
2022-11-29,3957.6298828125,3976.77001953125,3937.64990234375,3964.18994140625,3546040000,-0.0015918653377758885,-1,0,-6.31005859375,39.1201171875,0.010719027927536266,0.016788009230796822,3909.35751953125,3795.5752099609376,4051.907911376953,3957.8634037077404,3905.017685819504,52.84571788823632,51.207053278530594,1.638664609705728,60.43907996670596,3909.35751953125,4110.395822125203,3708.319216937297,402.07660518790635,4304627500.0,0.8237739502430814,7.68994140625,0.3798828125,85.64990234375,0.19468502104647803,0.009599666750900246
2022-11-30,4080.110107421875,4080.110107421875,3938.580078125,3957.179931640625,6579360000,0.030947872397389053,1,1,122.480224609375,141.530029296875,0.017011042288444682,0.017988999595895987,3920.5580200195313,3800.0588134765626,4050.3001123046874,3976.6705888945307,3917.987494827087,58.68309406744356,52.70226143631319,5.980832631130376,74.99170003216928,3920.5580200195313,4133.699418519825,3707.416621519238,426.28279700058647,4409535000.0,1.4920756950562815,76.530029296875,88.380126953125,224.010009765625,1.9115398669062307,2.2140807966862153
2022-12-01,4076.570068359375,4100.509765625,4050.8701171875,4087.139892578125,4527130000,-0.0008676332180498347,-1,0,-3.5400390625,49.6396484375,0.017081360566439455,0.016782242435898875,3936.4020263671873,3805.7916162109377,4048.3276135253905,3992.03973958143,3929.7343521257753,62.305387455654454,54.62288664018145,7.682500815473006,63.092527559143065,3936.4020263671873,4146.278950001373,3726.525102733002,419.7538472683714,4390941500.0,1.0310157855667172,49.31005859375,117.780029296875,316.880126953125,1.2244071272820476,2.9751522090008855
2022-12-02,4071.699951171875,4080.47998046875,4026.6298828125,4040.169921875,4012620000,-0.001194660488065602,-1,0,-4.8701171875,53.85009765625,0.01712400150421829,0.01647577190334314,3953.992529296875,3812.0658154296875,4046.311064453125,4004.295156749191,3940.2503224254865,64.04483432370444,56.50727617688605,7.537558146818384,59.216088865123275,3953.992529296875,4145.644100817139,3762.340957776612,383.3031430405267,4360308000.0,0.9202606788327797,45.579833984375,125.139892578125,351.81005859375,1.132103182659523,3.1708599570309146
2022-12-05,3998.840087890625,4052.449951171875,3984.489990234375,4052.02001953125,4280820000,-0.017894212283564803,-1,0,-72.85986328125,67.9599609375,0.01778354261275036,0.017069571829067785,3965.40703125,3818.178017578125,4044.403966064453,4003.4559153863347,3944.590305052534,58.86561033380076,56.978943008269,1.8866673255317608,54.47657218598457,3965.40703125,4137.2229583892495,3793.5911041107497,343.63185427849976,4304340000.0,0.9945357476407533,34.900146484375,33.5,228.2900390625,0.8804408492625598,0.8448203497677907
2022-12-06,3941.260009765625,4001.510009765625,3918.389892578125,3996.6298828125,4368380000,-0.014399194981406072,-1,0,-57.580078125,83.1201171875,0.019268937420445387,0.017426540420066663,3972.130029296875,3823.9024169921877,4042.3659155273435,3993.8873145216103,3944.3436165127628,49.543698008847514,55.491894008384705,-5.948195999537191,44.824979284897125,3972.130029296875,4127.555635537659,3816.7044230560905,310.85121248156884,4305678000.0,1.0145626310188547,-16.369873046875,-8.679931640625,134.4599609375,-0.41362819494484176,-0.21974844603674626
2022-12-07,3933.919921875,3957.570068359375,3922.679931640625,3933.280029296875,4118050000,-0.0018623708845491027,-1,0,-7.340087890625,34.89013671875,0.008228583261537966,0.017422584004087992,3977.420520019531,3829.6350146484374,4040.511716308594,3984.661561806747,3943.5714909840394,41.09007082270773,52.61152937124932,-11.521458548541588,47.308608078931435,3977.420520019531,4118.771002064641,3836.070037974421,282.7009640902197,4281198500.0,0.96189186275759,-146.190185546875,-69.66015625,105.809814453125,-3.582996088290596,-1.7399466200417304
2022-12-08,3963.510009765625,3974.18994140625,3935.830078125,3947.7900390625,4006900000,0.00752178195750397,1,1,29.590087890625,38.35986328125,0.010417841254883898,0.01664960066940249,3988.167517089844,3834.5244140625,4039.201766357422,3981.4074768773435,3945.048418301194,36.35905857614944,49.361035212229346,-13.00197663607991,51.7678633723521,3988.167517089844,4080.4095537773237,3895.925480402364,184.48407337495973,4249293000.0,0.9429568636476703,-113.06005859375,-63.75,214.93994140625,-2.7734113899151325,-1.5829621093600577
2022-12-09,3934.3798828125,3977.02001953125,3933.0400390625,3954.169921875,3888260000,-0.007349578247904498,-1,0,-29.130126953125,43.97998046875,0.010131940985924365,0.011280302556831438,3987.068005371094,3840.4026123046874,4037.430164794922,3974.1724624058293,3944.258156413143,29.914305992686423,45.47168936832077,-15.557383375634345,46.839124437494114,3987.068005371094,4081.4063380035805,3892.7296727386074,188.67666526497305,4154643000.0,0.9358830590257695,-137.320068359375,-91.740234375,-21.990234375,-3.372548812685791,-2.27862636247143
2022-12-12,3990.56005859375,3990.7099609375,3935.300048828125,3939.2900390625,3904130000,0.014279296218109305,1,1,56.18017578125,55.409912109375,0.011452530052425186,0.01155558442045755,3986.94951171875,3848.5014111328123,4035.4597155761717,3976.693631050125,3947.6879269450396,29.005704105085442,42.17849231567371,-13.172788210588266,53.8283232413597,3986.94951171875,4081.2627928169086,3892.636230620591,188.62656219631754,4070184000.0,0.9592023358157764,-8.280029296875,26.6201171875,-2.369873046875,-0.2070607754970939,0.6715570261151895
2022-12-13,4019.64990234375,4100.9599609375,3993.030029296875,4069.3798828125,5079360000,0.0072896644387934195,1,1,29.08984375,107.929931640625,0.00854497149797761,0.011461935879716468,3990.0695068359373,3855.325810546875,4033.6882653808593,3983.3022881722213,3953.0184436412405,30.283844530980787,39.79956275873512,-9.515718227754334,51.588019239009185,3990.0695068359373,4084.3744917683043,3895.7645219035703,188.609969864734,4096055500.0,1.2400613224112809,78.389892578125,62.02001953125,62.39990234375,1.988955115467924,1.567100041380709
2022-12-14,3995.320068359375,4053.760009765625,3965.64990234375,4015.5400390625,4472340000,-0.006052724634100337,-1,0,-24.329833984375,88.110107421875,0.009421266629304882,0.011403838877023084,3990.2490112304686,3859.41361328125,4032.133566894531,3985.1511774317833,3956.1518973240654,28.999280107717823,37.63950622853166,-8.640226120813836,46.847745525796604,3990.2490112304686,4084.580967256732,3895.917055204205,188.66391205252694,4068907000.0,1.0991502140501122,61.400146484375,-84.7900390625,3.590087890625,1.5607879088476775,-2.0781311491634433
2022-12-15,3895.75,3958.3701171875,3879.449951171875,3958.3701171875,4493900000,-0.024921675023714007,-1,0,-99.570068359375,78.920166015625,0.015104908551684532,0.012593961094759477,3987.0970092773437,3861.6630126953123,4029.679616699219,3971.397150134586,3951.6776827074677,19.71946742711816,34.055498468248956,-14.336031041130795,39.22651443254376,3987.0970092773437,4089.704748827628,3884.4892697270593,205.2154791005687,4085336000.0,1.1000074412484064,-67.760009765625,-180.820068359375,-63.0400390625,-1.7095960297481845,-4.435593288652743
2022-12-16,3852.360107421875,3890.909912109375,3827.909912109375,3890.909912109375,7493660000,-0.011137750774080746,-1,0,-43.389892578125,63.0,0.01544674587637984,0.012800311930964094,3982.38701171875,3863.819814453125,4027.1239660644533,3953.0837589480147,3944.3208252789054,8.762933669109316,28.99698550842103,-20.234051839311714,40.483766656963674,3982.38701171875,4100.3314775401805,3864.442545897319,235.88893164286128,4257430000.0,1.7601369840490624,-82.019775390625,-219.33984375,-94.199951171875,-2.0846938484240365,-5.386935343476669
2022-12-19,3817.659912109375,3854.860107421875,3800.0400390625,3853.7900390625,3969610000,-0.009007516001852345,-1,0,-34.7001953125,54.820068359375,0.011530780448084183,0.012837094875628523,3975.0030029296877,3867.379814453125,4024.5679150390624,3932.249320972839,3934.938535414496,-2.6892144416569863,22.65974551840543,-25.348959960062416,38.613859419790764,3975.0030029296877,4114.045373490314,3835.960632369061,278.08474112125305,4254042500.0,0.9331383031551753,-172.900146484375,-181.18017578125,-147.68017578125,-4.332728838701002,-4.530818232264496
2022-12-20,3821.6201171875,3838.239990234375,3795.6201171875,3810.469970703125,3985370000,0.0010373383615349674,1,1,3.960205078125,42.619873046875,0.009517593605565106,0.01284257431771122,3968.58701171875,3871.5644189453124,4022.67056640625,3915.2294434674022,3926.5445785087923,-11.315135041390022,15.864769406446339,-27.17990444783636,23.94940139782919,3968.58701171875,4123.442164802704,3813.731858634796,309.7103061679077,4260776500.0,0.9353623688076574,-198.02978515625,-119.639892578125,-128.31982421875,-4.926543106174101,-3.0355747218321594
2022-12-21,3878.43994140625,3889.820068359375,3839.489990234375,3839.489990234375,3775200000,0.014867993802734736,1,1,56.81982421875,50.330078125,0.014818300662576032,0.012925514862381427,3962.3300048828123,3877.356416015625,4021.209265136719,3909.569520073379,3922.981272056752,-13.411751983373051,10.00946512848246,-23.421217111855512,31.968840887225966,3962.3300048828123,4121.290138562613,3803.3698712030114,317.92026735960144,4255137000.0,0.8872099770230665,-116.880126953125,-55.47998046875,-125.14013671875,-2.925425872103415,-1.4102976565498293
2022-12-22,3822.389892578125,3853.260009765625,3764.489990234375,3853.260009765625,3956950000,-0.01445169956861636,-1,0,-56.050048828125,88.77001953125,0.011898469756435985,0.013110939971662893,3952.0864990234377,3882.26361328125,4018.931815185547,3896.1572696894937,3915.5300587620386,-19.372789072544947,4.13301428827698,-23.50580336082193,29.244582763215547,3952.0864990234377,4119.602896162452,3784.570101884423,335.03279427802954,4288998500.0,0.9225813438731676,-73.360107421875,-141.1201171875,-204.8701171875,-1.8830804703041777,-3.560483431095078
2022-12-23,3844.820068359375,3845.800048828125,3797.010009765625,3815.110107421875,2819280000,0.005868102525282026,1,1,22.43017578125,48.7900390625,0.01168317734341946,0.013237850204647355,3943.0214965820314,3885.76181640625,4016.8583154296875,3888.259238715629,3910.2922816951746,-22.03304297954537,-1.10019716528749,-20.93284581425788,36.00226851354673,3943.0214965820314,4113.268936237106,3772.7740569269577,340.494879310148,4344639500.0,0.6489099958696228,-7.5400390625,-89.559814453125,-181.300048828125,-0.19572518799510774,-2.2763387654651934
2022-12-27,3829.25,3846.64990234375,3813.219970703125,3843.340087890625,3030300000,-0.004049622110409712,-1,0,-15.570068359375,33.429931640625,0.010950772264886334,0.012879006127127814,3936.286999511719,3890.6854150390627,4014.9830151367187,3879.18089429784,3904.2891497177543,-25.108255419914258,-5.901808816212844,-19.206446603701416,38.97866084362095,3936.286999511719,4113.5612200100395,3759.012779013399,354.5484409966407,4315383000.0,0.7022088190086488,11.590087890625,-161.31005859375,-134.68994140625,0.3035914187605338,-4.042291212892927
2022-12-28,3783.219970703125,3848.320068359375,3780.780029296875,3829.56005859375,3083520000,-0.012020638322615351,-1,0,-46.030029296875,67.5400390625,0.012309407446536665,0.013086048960773033,3927.56650390625,3892.7908154296874,4013.033565673828,3864.4176752832686,3895.3210623833374,-30.903387100068812,-10.902124472984038,-20.001262627084774,36.22085140180699,3927.56650390625,4117.151793543069,3737.981214269431,379.1705792736384,4292257000.0,0.7183912799256894,-38.400146484375,-236.429931640625,-174.409912109375,-1.004813280934772,-5.881853827687059
2022-12-29,3849.280029296875,3858.18994140625,3805.449951171875,3805.449951171875,3003680000,0.01746133164481911,1,1,66.06005859375,52.739990234375,0.013216779579684779,0.011546596631529283,3916.025,3895.37681640625,4010.96771484375,3862.088806669977,3891.910615488044,-29.821808818066984,-14.686061342000627,-15.135747476066356,40.208476335571135,3916.025,4094.275184679368,3737.774815320632,356.50036935873595,4113473000.0,0.730205352022488,-29.159912109375,-146.0400390625,-230.830078125,-0.7518464266537581,-3.655277588873359
2022-12-30,3839.5,3839.85009765625,3800.340087890625,3829.06005859375,2979870000,-0.0025407424823445934,-1,0,-9.780029296875,39.510009765625,0.011205250651349613,0.011537580075628674,3904.171496582031,3898.2636181640623,4008.3759155273438,3858.6136056438268,3888.028347674115,-29.41474203028838,-17.63179747965818,-11.782944550630202,41.58807298065526,3904.171496582031,4068.4521328446067,3739.8908603194554,328.56127252515125,4036110000.0,0.7383024744122435,17.110107421875,-56.25,-237.070068359375,0.4476285230634747,-1.4438811525380222
2023-01-03,3824.139892578125,3878.4599609375,3794.330078125,3853.2900390625,3959140000,-0.004000548879248611,-1,0,-15.360107421875,84.1298828125,0.010988040065329736,0.011532454084704819,3891.793493652344,3901.4308154296873,4005.4382653808593,3853.3099574798725,3883.2958695188563,-29.98591203898377,-20.1026203915233,-9.88329164746047,34.094119656540116,3891.793493652344,4039.383666483881,3744.2033208208068,295.18034566307415,4033436000.0,0.9815799730056458,-20.68017578125,-28.22021484375,-247.56005859375,-0.5378710944482364,-0.732543533232564
2023-01-04,3852.969970703125,3873.159912109375,3815.77001953125,3840.360107421875,4414080000,0.007538970575044379,1,1,28.830078125,57.389892578125,0.011406129507200675,0.011209273403812628,3884.4999877929686,3903.43521484375,4002.3875146484374,3853.257651821911,3881.049506643617,-27.791854821705783,-21.640467277559797,-6.151387544145987,34.061377799795395,3884.4999877929686,4024.012649995035,3744.987325590902,279.02532440413324,4040099000.0,1.0925672860986821,23.719970703125,35.31005859375,-145.8701171875,0.6194416844845596,0.9249136750434144
2023-01-05,3808.10009765625,3839.739990234375,3802.419921875,3839.739990234375,3893450000,-0.011645528874622113,-1,0,-44.869873046875,37.320068359375,0.01129742868156223,0.01106227490337206,3877.8419921875,3903.6504150390624,3999.1221142578124,3846.3103357964246,3875.6458467186267,-29.335510922202047,-23.179476006488247,-6.1560349157138,32.7739367999026,3877.8419921875,4018.6529022416203,3737.03108213338,281.6218201082402,4016352500.0,0.9693994737762683,24.880126953125,-13.52001953125,-133.159912109375,0.6576442064113163,-0.35377717085077476
2023-01-06,3895.080078125,3906.18994140625,3809.56005859375,3823.3701171875,3923560000,0.02284078102943865,1,1,86.97998046875,96.6298828125,0.013293625791731776,0.012343291661320888,3875.9,3904.369814453125,3996.0394653320313,3853.813373077744,3877.085419415395,-23.272046337650863,-23.19799007272077,-0.07405626493009265,49.93689870955101,3875.9,4014.508592875126,3737.2914071248742,277.2171857502517,4006628000.0,0.9792673539944312,45.800048828125,16.64013671875,-38.83984375,1.1898341632601621,0.429042010966827
2023-01-09,3892.090087890625,3950.570068359375,3890.419921875,3910.820068359375,4311770000,-0.0007676325452631305,-1,0,-2.989990234375,60.150146484375,0.013150468501607226,0.012200804637786054,3872.32900390625,3905.5996142578124,3993.2187145996095,3859.702098433572,3878.196876339486,-18.49477790591436,-22.25734763935949,3.7625697334451296,54.05051961266505,3872.32900390625,4004.986211111928,3739.671796700572,265.31441441135576,4021871500.0,1.0720804978478302,52.590087890625,69.7001953125,-71.419921875,1.369711886720276,1.8234716308725016
2023-01-10,3919.25,3919.830078125,3877.2900390625,3888.570068359375,3851030000,0.006978233159061986,1,1,27.159912109375,42.5400390625,0.012639144092395012,0.012218977269533181,3871.572509765625,3907.83861328125,3990.2141638183593,3868.863314059176,3881.2378484624874,-12.374534403311372,-20.28078499214987,7.906250588838496,60.51895957316756,3871.572509765625,4002.9057637385813,3740.2392557926687,262.6665079459126,4020010000.0,0.9579652786933366,95.110107421875,74.429931640625,-15.1298828125,2.487098016640665,1.9358495408703231
2023-01-11,3969.610107421875,3970.070068359375,3928.5400390625,3932.35009765625,4303360000,0.012849424614881588,1,1,50.360107421875,41.530029296875,0.013120937176648669,0.012134170557545223,3870.525012207031,3909.2096142578125,3987.3469140625,3884.36282073036,3887.783941718738,-3.4211209883778793,-16.90885219139547,13.487731203017592,63.98004034183082,3870.525012207031,3998.1440182583256,3742.9060061557366,255.23801210258898,4039971500.0,1.0651956331870163,116.64013671875,140.360107421875,-20.949951171875,3.0272786345506986,3.6654725448031598
2023-01-12,3983.169921875,3997.760009765625,3937.56005859375,3977.570068359375,4440260000,0.0034159058663651987,1,1,13.559814453125,60.199951171875,0.0091793453204497,0.012038984480987353,3868.7010131835937,3911.4334130859374,3984.385163574219,3899.5639132141505,3894.849569878461,4.714343335689591,-12.584213085978458,17.29855642166805,60.7740182240127,3868.7010131835937,3988.1255140800868,3749.2765122871006,238.8490017929862,4008016500.0,1.1078447406591265,175.06982421875,199.949951171875,-36.47998046875,4.597301009143621,5.28517909929286
2023-01-13,3999.090087890625,4003.949951171875,3947.669921875,3960.60009765625,3939700000,0.003996858363534361,1,1,15.920166015625,56.280029296875,0.00504663957507006,0.011999718987160943,3868.889514160156,3914.293212890625,3981.2226135253904,3914.8756323951466,3902.5710897312138,12.304542663932807,-7.606461935996206,19.911004599929015,69.81386415302605,3868.889514160156,3989.1643916483263,3748.614636671986,240.5497549763404,3981384500.0,0.9895301496250865,104.010009765625,149.81005859375,3.77001953125,2.6702919498305406,3.8918981589685724
2023-01-17,3990.969970703125,4015.389892578125,3984.570068359375,3999.280029296875,4235560000,-0.0020304911890052235,-1,0,-8.1201171875,30.81982421875,0.005442001303578769,0.010481595551292711,3873.6505126953125,3918.9188134765627,3978.165212402344,3926.582453673297,3909.1191549883924,17.463298684904657,-2.592509811816034,20.05580849672069,66.9315542421798,3873.6505126953125,4005.3939070284073,3741.9071183622177,263.48678866618957,3968467500.0,1.0673036883885278,98.8798828125,151.469970703125,95.219970703125,2.540534277974264,3.9450441646861565
2023-01-18,3928.860107421875,4014.159912109375,3926.590087890625,4002.25,4298710000,-0.015562598500411085,-1,0,-62.10986328125,87.56982421875,0.010459965954687983,0.010798954428488647,3877.4755126953123,3923.0982177734377,3975.157462158203,3926.932861942309,3910.581447761243,16.351414181066048,1.1962749867603821,15.155139194305665,60.41663156185518,3877.4755126953123,4011.045706941901,3743.905318448724,267.14038849317694,3808720000.0,1.1286495200487303,9.610107421875,104.72021484375,76.5,0.245202715363271,2.738399163874485
2023-01-19,3898.85009765625,3922.93994140625,3885.5400390625,3911.840087890625,3991500000,-0.007638350296294338,-1,0,-30.010009765625,37.39990234375,0.008197621763816476,0.010736071506500163,3881.535021972656,3925.66421875,3971.922413330078,3922.6124366675303,3909.712458864577,12.899977802953345,3.537015549998975,9.36296225295437,62.51110126093418,3881.535021972656,4012.3576091540253,3750.712434791287,261.64517436273854,3809814500.0,1.047688804796139,-70.760009765625,45.880126953125,81.190185546875,-1.7825430672228206,1.1907730219021762
2023-01-20,3972.610107421875,3972.9599609375,3897.860107421875,3909.0400390625,4013360000,0.018918401045981525,1,1,73.760009765625,75.099853515625,0.013014123080570527,0.0114506797274261,3889.084521484375,3928.980419921875,3968.8722631835935,3930.3043860143525,3914.3715439428956,15.93284207145689,6.016180854290559,9.91666121716633,63.125525504302246,3889.084521484375,4022.7448023786887,3755.424240590061,267.32056178862786,3811214000.0,1.0530397925700314,-10.559814453125,164.510009765625,150.989990234375,-0.2651108202824089,4.32000224644502
2023-01-23,4019.81005859375,4039.31005859375,3971.639892578125,3978.139892578125,3945210000,0.01188134498366522,1,1,47.199951171875,67.670166015625,0.014120311718586343,0.011292431970074209,3896.15302734375,3932.8144189453124,3966.345712890625,3944.0744894881063,3922.1818042874033,21.892685200703,9.191481723573048,12.701203477129951,67.77399459187318,3896.15302734375,4041.8532742368416,3750.452780450659,291.4004937861828,3819714500.0,1.0328546806312358,20.719970703125,124.72998046875,141.3701171875,0.5181171278402991,3.2022443176262523
2023-01-24,4016.949951171875,4023.919921875,3989.7900390625,4001.739990234375,3320430000,-0.0007115031258156934,-1,0,-2.860107421875,34.1298828125,0.01405907533202115,0.010647907114489059,3905.8810302734373,3938.1820166015623,3964.0247131347655,3955.286098977917,3929.2016670195862,26.084431958330697,12.570071770524578,13.514360187806119,69.48639320494232,3905.8810302734373,4056.733963307218,3755.0280972396567,301.70586606756115,3787888500.0,0.8765912724199775,25.97998046875,124.85986328125,194.56005859375,0.6509690791828452,3.208041449752763
2023-01-25,4016.219970703125,4019.550048828125,3949.06005859375,3982.7099609375,3724020000,-0.0001817250594663422,-1,0,-0.72998046875,70.489990234375,0.010709594477755043,0.010634281753737042,3914.451025390625,3939.379013671875,3961.6047631835936,3964.660540781795,3935.647467292441,29.013073489354156,15.858672114290494,13.154401375063662,67.49245022801044,3914.451025390625,4070.0965264853285,3758.8055242959217,311.29100218940675,3833125500.0,0.9715361524166115,87.35986328125,96.969970703125,171.39990234375,2.2235422207123503,2.474197121978057
2023-01-26,4060.429931640625,4061.570068359375,4013.2900390625,4036.080078125,3809590000,0.011007853469181317,1,1,44.2099609375,48.280029296875,0.008455578032505455,0.010698630350851307,3926.0100219726564,3940.729013671875,3959.4655139160154,3979.394293221615,3944.890612799714,34.50368042190121,19.58767377581264,14.916006646088569,77.07576129891183,3926.0100219726564,4089.1693873054273,3762.8506566398855,326.3187306655418,3872090000.0,0.9838588462561563,161.579833984375,90.81982421875,231.179931640625,4.144294598079236,2.2878776948130644
2023-01-27,4070.56005859375,4094.2099609375,4048.699951171875,4053.719970703125,3907760000,0.002494840970949097,1,1,10.130126953125,45.510009765625,0.006106200163795197,0.010102525907455882,3940.3770263671877,3942.99521484375,3957.755665283203,3993.4197955865593,3954.199460636309,39.22033495025016,23.514206010700143,15.70612893955002,72.5483048444131,3940.3770263671877,4101.182332573937,3779.571720160439,321.6106124134981,3913302000.0,0.9985838046744157,97.949951171875,87.39013671875,287.340087890625,2.4656321290850785,2.1939846512401053
2023-01-30,4017.77001953125,4063.85009765625,4015.550048828125,4049.27001953125,3802000000,-0.012968740984683369,-1,0,-52.7900390625,48.300048828125,0.008603760184158891,0.010214180957091142,3948.8015258789064,3943.516015625,3955.857264404297,3997.165983885742,3958.9083909248234,38.25759296091883,26.46288340074388,11.794709560174947,64.31694660802518,3948.8015258789064,4107.1473928719015,3790.455658885912,316.6917339859897,3953218000.0,0.9617481251982563,-2.0400390625,18.679931640625,168.489990234375,-0.05074963823573462,0.46710454703654813
2023-01-31,4076.60009765625,4077.159912109375,4020.43994140625,4020.85009765625,4679320000,0.014642470285510134,1,1,58.830078125,56.719970703125,0.010782533034341138,0.010513281983911613,3960.656530761719,3945.872216796875,3954.007315673828,4009.3866167735123,3967.626295127151,41.76032164636126,29.52237104986736,12.237950596493903,66.71837338615373,3960.656530761719,4120.045854279105,3801.2672072443333,318.77864703477144,4038190500.0,1.1587665316928462,59.650146484375,85.630126953125,237.10009765625,1.4849611573321473,2.1455968744871003
2023-02-01,4119.2099609375,4148.9501953125,4037.199951171875,4070.070068359375,4856930000,0.010452303944590291,1,1,42.60986328125,111.750244140625,0.011043907477125591,0.010499645868750017,3975.4100341796875,3949.32521484375,3952.6404162597655,4026.282515875664,3978.854714816807,47.42780105885731,33.10345705166535,14.32434400719196,66.16107349272838,3975.4100341796875,4136.212380065491,3814.6076882938846,321.6046917716062,4083080000.0,1.1895260440647746,102.989990234375,190.349853515625,295.070068359375,2.564351329998103,4.84491298522036
2023-02-02,4179.759765625,4195.43994140625,4141.8798828125,4158.68017578125,5624360000,0.014699373244309921,1,1,60.5498046875,53.56005859375,0.011642607735756006,0.010753730921855498,3991.7495239257814,3953.6136083984375,3951.5807653808592,4049.894400452485,3993.7365704322287,56.15783002025637,37.71433164538355,18.443498374872817,69.27993778564397,3991.7495239257814,4166.015073678641,3817.4839741729215,348.53109950571934,4143594000.0,1.357362714590281,119.329833984375,280.90966796875,326.789794921875,2.9388472647811343,7.2049363513004945
2023-02-03,4136.47998046875,4182.35986328125,4123.35986328125,4136.68994140625,4694510000,-0.010354610691310495,-1,0,-43.27978515625,59.0,0.013791962786687104,0.01065748060531232,4008.1685180664062,3957.3444091796873,3949.9521154785157,4063.215258916526,4004.3101563608598,58.90510255566642,41.95248582744013,16.95261672822629,62.78783763700792,4008.1685180664062,4171.088204192893,3845.2488319399195,325.83937225297313,4183647000.0,1.1221094896390638,65.919921875,163.869873046875,328.3798828125,1.6194312558005408,4.124992602237083
2023-02-06,4111.080078125,4124.6298828125,4093.3798828125,4119.56982421875,4114240000,-0.006140463017754394,-1,0,-25.39990234375,31.25,0.012000812978336882,0.009935044485947347,4018.9685180664064,3959.4944091796874,3948.210264892578,4070.5790772562914,4012.2190394544996,58.360037801791805,45.233996222310466,13.126041579481338,60.83108369618869,4018.9685180664064,4178.933914687175,3859.0031214456376,319.9307932415377,4193181000.0,0.9811739583862467,93.31005859375,91.27001953125,216.0,2.322434040279797,2.270505775170357
2023-02-07,4164.0,4176.5400390625,4088.389892578125,4105.35009765625,4355860000,0.01287251059802652,1,1,52.919921875,88.150146484375,0.011653824036206073,0.010146847933630241,4032.564013671875,3962.229208984375,3947.061964111328,4084.95152690917,4023.462073568981,61.4894533401889,48.48508764588615,13.004365694302749,71.56140794684492,4032.564013671875,4193.342811203081,3871.7852161406695,321.5575950624111,4195385500.0,1.0382502394595206,87.39990234375,147.050048828125,271.909912109375,2.1439410354230874,3.660738884367372
2023-02-08,4117.85986328125,4156.85009765625,4111.669921875,4153.47021484375,4029820000,-0.011080724476164705,-1,0,-46.14013671875,45.18017578125,0.01274243700558392,0.010607630811836468,4042.4945068359375,3964.06400390625,3946.292364501953,4090.0143478894897,4030.454502436556,59.55984545293359,50.70003920729564,8.859806245637948,69.50534325650327,4042.4945068359375,4198.260644376555,3886.72836929532,311.5322750812352,4204325000.0,0.958493931843994,-1.35009765625,101.639892578125,198.60986328125,-0.032775645549825975,2.5307352017457045
2023-02-09,4081.5,4156.22998046875,4069.669921875,4144.25,4270200000,-0.00882979617773516,-1,0,-36.35986328125,86.56005859375,0.010007638668747074,0.010605082207596234,4048.089001464844,3966.415205078125,3945.2192639160157,4088.7044482141837,4034.2356504042186,54.468797809965054,51.45379092782953,3.0150068821355234,60.39006812983759,4048.089001464844,4200.841295641085,3895.336707288603,305.50458835248173,4202667000.0,1.0160690818473126,-98.259765625,21.070068359375,111.889892578125,-2.3508472049782316,0.5189122510202163
2023-02-10,4090.4599609375,4094.360107421875,4060.7900390625,4068.919921875,3891520000,0.0021952617756952897,1,1,8.9599609375,33.570068359375,0.009808765962221591,0.010596646529844158,4053.453503417969,3969.071806640625,3944.7955627441406,4088.974527094694,4038.4004141474243,50.574112947269896,51.2778553317176,-0.7037423844477075,57.271956946532974,4053.453503417969,4204.12795536076,3902.7790514751778,301.34890388558233,4175230000.0,0.9320492523765158,-46.02001953125,19.89990234375,107.2900390625,-1.1125406081630538,0.4888738172954212
2023-02-13,4137.2900390625,4138.89990234375,4092.669921875,4096.6201171875,3448620000,0.011448609342766147,1,1,46.830078125,46.22998046875,0.011108686180471259,0.010821994152918608,4060.3635009765626,3970.2154052734377,3944.5622131347654,4096.407682782049,4045.7255715485408,50.682111233508294,51.15870651207574,-0.4765952785674443,61.35842120956967,4060.3635009765626,4213.200860118557,3907.526141834568,305.674718283989,4150676000.0,0.830857431415991,26.2099609375,119.52001953125,138.199951171875,0.6375444029164704,2.9747849914314983
2023-02-14,4136.1298828125,4159.77001953125,4095.010009765625,4126.7001953125,3929200000,-0.0002804145319874607,-1,0,-1.16015625,64.760009765625,0.009057364521941044,0.010796814777974999,4067.6214965820313,3971.4066015625,3943.8053625488283,4102.518790479042,4052.422187197723,50.09660328131895,50.94628586592438,-0.8496825846054321,61.30863543741294,4067.6214965820313,4220.3703373760745,3914.872655787988,305.4976815880864,4135358000.0,0.9501474842081387,-27.8701171875,59.52978515625,145.159912109375,-0.6693111716498559,1.4602802269095594
2023-02-15,4147.60009765625,4148.10986328125,4103.97998046875,4119.5,4075980000,0.002773175690496066,1,1,11.47021484375,44.1298828125,0.007261995174387804,0.00998932562330968,4078.55849609375,3972.9246044921874,3943.8837121582033,4109.454376198612,4059.4724027872435,49.98197341136893,50.7534233750133,-0.7714499636443719,58.76205476097107,4078.55849609375,4220.409035725312,3936.707956462188,283.7010792631236,4124221500.0,0.9883028833441657,29.740234375,28.39013671875,218.739990234375,0.7222255094252279,0.6892131498023623
2023-02-16,4090.409912109375,4136.5400390625,4089.489990234375,4114.75,4143660000,-0.013788741489130674,-1,0,-57.190185546875,47.050048828125,0.009119838807387806,0.01041201123096672,4088.1364868164064,3974.7560009765625,3943.5588623046874,4106.524458646422,4061.7640701444384,44.760388501983925,49.554816400407425,-4.7944278984235,51.822793244287254,4088.1364868164064,4202.004437611983,3974.2685360208293,227.73590159115383,4131829500.0,1.0028632594834805,8.909912109375,-89.349853515625,191.559814453125,0.21829994142778392,-2.137679161621972
2023-02-17,4079.090087890625,4081.510009765625,4047.949951171875,4077.389892578125,4045480000,-0.002767405825327751,-1,0,-11.31982421875,33.56005859375,0.00915505743978359,0.009712705035383039,4093.460485839844,3977.5126025390623,3943.076912841797,4102.303786222454,4063.047478866378,39.25630735607592,47.495114591541125,-8.238807235465202,56.095194598637434,4093.460485839844,4193.7302978711905,3993.1906738084967,200.53962406269375,4133435500.0,0.9787209695179712,-11.369873046875,-57.389892578125,106.47998046875,-0.2779607466019327,-1.3874089285842868
2023-02-21,3997.340087890625,4052.35009765625,3995.18994140625,4052.35009765625,4121590000,-0.020041234255327334,-1,0,-81.75,57.16015625,0.00967707479527871,0.010486281842979894,4092.3369873046877,3978.781005859375,3941.562763671875,4086.1555249406338,4058.180264720026,27.97526022060765,43.591143717354434,-15.615883496746783,42.46491468720654,4092.3369873046877,4196.509079447825,3988.1648951615502,208.3441842862744,4142254500.0,0.9950112915563252,-139.949951171875,-113.739990234375,-22.469970703125,-3.382647816578683,-2.766669295487186
2023-02-22,3991.050048828125,4017.3701171875,3976.89990234375,4001.830078125,4079320000,-0.0015735561458868341,-1,0,-6.2900390625,40.47021484375,0.009473717174496991,0.01049014502394081,4091.0419921875,3979.331806640625,3940.783663330078,4071.523913231017,4053.2076561354406,18.316257095576475,38.536166392998844,-20.21990929742237,36.912304916072586,4091.0419921875,4199.707065406486,3982.376918968514,217.33014643797242,4180199000.0,0.9758674168382893,-145.079833984375,-172.949951171875,-25.89990234375,-3.507622780107744,-4.153457040631004
2023-02-23,4012.320068359375,4028.300048828125,3969.18994140625,4018.60009765625,3952940000,0.005329429416074394,1,1,21.27001953125,59.110107421875,0.010180925310349842,0.010564733953741074,4090.8469970703127,3980.8906103515624,3940.228564453125,4062.4156294046106,4050.178945929806,12.236683474804522,33.27626980935998,-21.03958633455546,31.409638874266577,4090.8469970703127,4200.089857450577,3981.604136690048,218.48572076052915,4191645000.0,0.9430521907270296,-135.280029296875,-105.539794921875,-3.89990234375,-3.261645918402785,-2.5629768478273887
2023-02-24,3970.0400390625,3978.25,3943.080078125,3973.239990234375,3877700000,-0.010537551485558128,-1,0,-42.280029296875,35.169921875,0.009696792076028237,0.010481837949201945,4086.327502441406,3980.4802099609374,3940.1225646972657,4048.204000121209,4044.242730606302,3.961269514907144,27.413269750469414,-23.45200023556227,31.479523476798136,4086.327502441406,4207.677035595174,3964.977969287638,242.69906630753576,4195050500.0,0.9243512086445682,-120.369873046875,-111.4599609375,-90.389892578125,-2.942733751219611,-2.730857795847115
2023-02-27,3982.239990234375,4018.050048828125,3973.550048828125,3992.360107421875,3836950000,0.0030730045671669703,1,1,12.199951171875,44.5,0.010490492012025088,0.010492986344932693,4081.9114990234375,3979.73201171875,3940.028514404297,4038.05569090785,4039.649935023196,-1.5942441153461004,21.611766977306313,-23.206011092652414,35.229516281345326,4081.9114990234375,4211.804325187518,3952.018672859357,259.7856523281607,4191510000.0,0.9154099596565438,-96.85009765625,-108.219970703125,-88.320068359375,-2.3743064156333213,-2.645667522395742
2023-02-28,3970.14990234375,3997.5,3968.97998046875,3977.18994140625,5043400000,-0.0030360018281855305,-1,0,-12.090087890625,28.52001953125,0.006153889478820846,0.010127568587403062,4079.5304931640626,3979.2286083984377,3940.2033642578126,4027.608646513373,4034.501784454348,-6.893137940975066,15.910785993650038,-22.803923934625104,25.481289433248193,4079.5304931640626,4215.955399205627,3943.105587122498,272.8498120831291,4253580000.0,1.1856835888827764,-27.190185546875,-167.14013671875,-47.6201171875,-0.6802069613552225,-4.039845772007407
2023-03-01,3951.389892578125,3971.72998046875,3939.050048828125,3963.340087890625,4249480000,-0.004725264845680033,-1,0,-18.760009765625,32.679931640625,0.006341212764360844,0.009505564158163214,4073.269982910156,3980.34140625,3940.309913330078,4015.8826843694887,4028.3453480190724,-12.462663649583646,10.236096065003302,-22.69875971458695,27.377520084032113,4073.269982910156,4221.262431311413,3925.2775345088994,295.9848968025135,4232088000.0,1.0041095553778654,-39.66015625,-184.739990234375,-125.210205078125,-0.9937273590854929,-4.466493931973791
2023-03-02,3981.35009765625,3990.840087890625,3928.159912109375,3938.679931640625,4244900000,0.0075821940867943916,1,1,29.960205078125,62.68017578125,0.00703266426548527,0.00933551926110649,4066.376989746094,3982.9212060546874,3940.0972143554686,4010.569978721298,4024.864218362567,-14.294239641269087,5.330028923748824,-19.62426856501791,36.14918660480947,4066.376989746094,4218.153764442415,3914.600215049772,303.55354939264316,4201486500.0,1.0103328905138693,-30.969970703125,-166.25,-137.85986328125,-0.7718718889689307,-4.0083420794098625
2023-03-03,4045.639892578125,4048.2900390625,3995.169921875,3998.02001953125,4084730000,0.0161477371607488,1,1,64.289794921875,53.1201171875,0.008466268981684769,0.00947369050065431,4059.67099609375,3987.4808056640627,3940.285363769531,4015.9653500838867,4026.403157193349,-10.437807109462483,2.1764617171065628,-12.614268826569045,44.62409390316968,4059.67099609375,4201.9064315094,3917.4355606781005,284.47087083129964,4124505000.0,0.9903564185277991,75.599853515625,-44.77001953125,-134.119873046875,1.9042592208585742,-1.0945118091639534
2023-03-06,4048.419921875,4078.489990234375,4044.610107421875,4055.14990234375,4000870000,0.0006871667698291617,1,1,2.780029296875,33.8798828125,0.008584482689217346,0.009255051018508226,4055.2679931640623,3992.0168017578126,3940.083212890625,4020.9583611286735,4028.0340286512496,-7.075667522576168,0.3260358691700165,-7.401703391746185,38.08106182450663,4055.2679931640623,4192.8685619831185,3917.667424345006,275.2011376381124,4089823000.0,0.9782501589922107,66.179931640625,-30.670166015625,-88.06005859375,1.6618770290820664,-0.751887439472687
2023-03-07,3986.3701171875,4050.0,3980.31005859375,4048.260009765625,3922500000,-0.015326919115337678,-1,0,-62.0498046875,69.68994140625,0.011959759228743313,0.009737189581825168,4049.0324951171874,3994.1754052734377,3940.3966638183592,4015.6370928300316,4024.947812987268,-9.310720157236574,-1.6013153361113015,-7.709404821125272,32.734643972538265,4049.0324951171874,4187.285050689152,3910.7799395452234,276.5051111439284,4080236000.0,0.961341451817983,16.22021484375,-10.969970703125,-124.7099609375,0.40855421691192345,-0.27443175866764424
2023-03-08,3992.010009765625,4000.409912109375,3969.760009765625,3987.550048828125,3535570000,0.0014147940136839399,1,1,5.639892578125,30.64990234375,0.011549420778000684,0.009167868791374866,4040.432995605469,3997.5678076171876,3940.852763671875,4012.0021569739692,4022.507975711591,-10.505818737621667,-3.3822160164133743,-7.123602721208292,31.818059918233672,4040.432995605469,4169.678101101718,3911.18789010922,258.4902109924983,4039221500.0,0.8753097595662926,40.6201171875,0.9599609375,-171.989990234375,1.0279956747319863,0.024052841376466055
2023-03-09,3918.320068359375,4017.81005859375,3908.699951171875,3998.659912109375,4445260000,-0.01845935787384867,-1,0,-73.68994140625,109.110107421875,0.014058881007057556,0.009683652197747663,4030.456005859375,3999.0378076171874,3940.9375634765624,3997.589527956339,4014.7903529447603,-17.200824988421118,-6.145937810814924,-11.054887177606194,30.636633046505253,4030.456005859375,4165.223839616976,3895.688172101775,269.5356675152011,4059993500.0,1.094893378523882,-63.030029296875,-94.0,-199.539794921875,-1.5831320469400483,-2.3427841846733903
2023-03-10,3861.590087890625,3934.050048828125,3846.320068359375,3912.77001953125,5518190000,-0.01447813845705137,-1,0,-56.72998046875,87.72998046875,0.009507342321037381,0.009958412089544722,4019.4605102539062,3999.684609375,3940.3767639160155,3976.6665371769986,4003.4421851629727,-26.775647985974047,-10.27187984584675,-16.5037681401273,27.796143635183626,4019.4605102539062,4171.473974523257,3867.4470459845547,304.0269285387026,4122393000.0,1.338589018562762,-184.0498046875,-108.449951171875,-219.909912109375,-4.54933730076041,-2.731709254939524
2023-03-13,3855.760009765625,3905.050048828125,3808.860107421875,3835.1201171875,6558020000,-0.001509761003189447,-1,0,-5.830078125,96.18994140625,0.008969864580068574,0.00989646828453933,4007.7255126953123,4001.13541015625,3939.9481640625,3958.0655329598644,3992.502764763169,-34.43723180330471,-15.104950237338343,-19.33228156596637,32.89516685642148,4007.7255126953123,4172.372613313761,3843.078412076864,329.2942012368967,4255718000.0,1.5409902629826506,-192.659912109375,-126.47998046875,-234.699951171875,-4.758891513905647,-3.176101409732114
2023-03-14,3919.2900390625,3937.2900390625,3873.6298828125,3894.010009765625,5665870000,0.016476655480623936,1,1,63.530029296875,63.66015625,0.013886203835695023,0.010334418833902322,3996.8255126953127,4002.5356103515624,3939.6509643554687,3952.1000723602697,3987.079599896453,-34.97952753618347,-19.07986569710737,-15.8996618390761,42.383779231716005,3996.8255126953127,4154.054034467519,3839.596990923106,314.45704354441295,4366580500.0,1.2975530853032482,-67.080078125,-50.85986328125,-218.0,-1.6827358261537178,-1.2810564974190328
2023-03-15,3891.929931640625,3894.260009765625,3838.239990234375,3876.739990234375,6594010000,-0.00698088356543769,-1,0,-27.360107421875,56.02001953125,0.013677914231001502,0.010362061149350938,3984.615515136719,4003.584208984375,3938.8214135742187,3942.8431276341707,3980.0314763219476,-37.18834868777685,-22.701562295241267,-14.486786392535585,37.38551190287378,3984.615515136719,4134.028072110696,3835.2029581627417,298.8251139479539,4499821000.0,1.4653938456663054,-100.080078125,-59.4599609375,-244.199951171875,-2.5070096988778796,-1.504785975415469
2023-03-16,3960.280029296875,3964.4599609375,3864.110107421875,3878.929931640625,5695790000,0.017562006217166637,1,1,68.35009765625,100.349853515625,0.014283070417966906,0.011281613931881195,3975.24951171875,4006.30701171875,3937.831612548828,3945.525727889971,3978.568406171942,-33.04267828197089,-24.769785492587193,-8.2728927893837,49.03032134719284,3975.24951171875,4103.651294124497,3846.8477293130027,256.80356481149465,4580811500.0,1.24340196054782,41.9599609375,-21.070068359375,-187.320068359375,1.0708660907088403,-0.5292191804930336
2023-03-17,3916.639892578125,3958.909912109375,3901.27001953125,3958.68994140625,9354280000,-0.011019457310067593,-1,0,-43.64013671875,57.639892578125,0.013324122683735172,0.011148720683564655,3966.5610107421876,4007.58041015625,3936.7540625,3941.08175322661,3973.9811088686965,-32.89935564208645,-26.395699522487043,-6.503656119599405,43.865712203647995,3966.5610107421876,4085.305941135386,3847.816080348989,237.489860786397,4841342500.0,1.9321665426480361,55.0498046875,-129.0,-173.77001953125,1.4255734926430448,-3.1886179547679276
2023-03-20,3951.570068359375,3956.6201171875,3916.889892578125,3917.469970703125,5347140000,0.008918403718310097,1,1,34.93017578125,39.730224609375,0.0132762543464384,0.011415434346100588,3960.185009765625,4010.4498095703125,3936.0057629394532,3942.695340170112,3972.321031793932,-29.625691623819876,-27.04169794275361,-2.5839936810662643,48.33376757302342,3960.185009765625,4066.5365323860465,3853.833487145204,212.70304524084258,4906425500.0,1.0898239461701804,95.81005859375,-96.849853515625,-127.52001953125,2.484855342425056,-2.392287741504088
2023-03-21,4002.8701171875,4009.080078125,3971.18994140625,3975.889892578125,4920240000,0.012982193897784988,1,1,51.300048828125,37.89013671875,0.012594986841629328,0.01097605121301686,3960.4615112304687,4012.6056103515625,3935.136014404297,3951.952998172787,3974.58392700827,-22.630928835483246,-26.15954412129954,3.5286152858162936,54.362137040235105,3960.4615112304687,4067.247632673907,3853.6753897870303,213.57224288687667,4946358000.0,0.9947197513807129,83.580078125,16.5,5.530029296875,2.1325310781284377,0.41391038751919074
2023-03-22,3936.969970703125,4039.489990234375,3936.169921875,4002.0400390625,4533010000,-0.01646322377571363,-1,0,-65.900146484375,103.320068359375,0.015167908658947887,0.011585469609453197,3957.7575073242188,4013.5032080078126,3934.2781640625,3949.6479170236084,3971.797708022704,-22.14979099909533,-25.357593496858698,3.2078024977633675,46.45537616523651,3957.7575073242188,4064.019864706328,3851.4951499421095,212.52471476421852,4969042500.0,0.9122501970953156,45.0400390625,-55.0400390625,-54.080078125,1.157267470216597,-1.378755036381571
2023-03-23,3948.719970703125,4007.659912109375,3919.050048828125,3959.2099609375,4991600000,0.0029845287333754023,1,1,11.75,88.60986328125,0.012728898355894585,0.011533862471361265,3954.577502441406,4014.092607421875,3933.4146130371096,3949.5051560512265,3970.088245999031,-20.583089947804638,-24.40269278704789,3.8196028392432524,41.549849806894585,3954.577502441406,4057.7257107971836,3851.4292940856285,206.29641671155514,5020975500.0,0.9941494436688647,-11.56005859375,30.39990234375,-63.60009765625,-0.29190003000374753,0.7758402022650137
2023-03-24,3970.989990234375,3972.739990234375,3909.159912109375,3939.2099609375,4583970000,0.005639807253104534,1,1,22.27001953125,63.580078125,0.011404840215158732,0.011376442027284172,3954.625,4014.120205078125,3932.466162109375,3952.8105151563263,3970.155041868316,-17.3445267119896,-22.991059572036235,5.646532860046634,43.47101272353053,3954.625,4057.804058268641,3851.445941731359,206.3581165372816,5056289000.0,0.9065878156885415,54.35009765625,109.39990234375,0.949951171875,1.3876715538551616,2.833027324334913
2023-03-27,3977.530029296875,4003.830078125,3970.489990234375,3982.929931640625,4233540000,0.0016469543057482383,1,1,6.5400390625,33.340087890625,0.010883253928488396,0.011361111433475051,3954.389501953125,4014.0074072265625,3931.774962158203,3956.6135173317953,3970.7013372333945,-14.087819901599232,-21.210411637948834,7.122591736349602,49.17760610219043,3954.389501953125,4057.3243861270903,3851.45461777916,205.8697683479304,5076118500.0,0.8340112627394337,25.9599609375,121.77001953125,-4.7099609375,0.6569530715237484,3.158132747443788
2023-03-28,3971.27001953125,3979.199951171875,3951.530029296875,3974.1298828125,4014600000,-0.0015738434957162095,-1,0,-6.260009765625,27.669921875,0.008730414625288655,0.011345225374703009,3954.4455078125,4013.451005859375,3931.5422119140626,3958.868363824019,3970.7434618480506,-11.875098024031558,-19.34334891516538,7.46825089113382,48.07278109274181,3954.4455078125,4057.41770970742,3851.4733059175805,205.94440378983927,5024678500.0,0.7989764917297694,-31.60009765625,51.97998046875,1.1201171875,-0.7894359979497133,1.3262601121805133
2023-03-29,4027.81005859375,4030.590087890625,3999.530029296875,3999.530029296875,4145250000,0.014237268879836451,1,1,56.5400390625,31.06005859375,0.005987567702592255,0.011709434940760082,3958.2665161132813,4014.1878076171874,3932.176961669922,3969.474778403978,3974.9706171625467,-5.49583875856888,-16.57384688384608,11.0780081252772,60.50907025386963,3958.2665161132813,4066.3080009944915,3850.225031232071,216.08296976242036,5019467000.0,0.8258346951977172,90.840087890625,135.880126953125,76.420166015625,2.3073604463993758,3.4913302484827975
2023-03-30,4050.830078125,4057.85009765625,4032.10009765625,4046.739990234375,3930860000,0.005715269388667954,1,1,23.02001953125,25.75,0.005929120240092951,0.011661741491349827,3961.740515136719,4016.62720703125,3933.682962646484,3981.9909783610583,3980.589836493099,1.401141867959268,-12.978849133485012,14.37999100144428,69.42034628195125,3961.740515136719,4077.1257824203076,3846.35524785313,230.7705345671775,5003765000.0,0.7855804579151898,102.110107421875,90.550048828125,69.47998046875,2.5859039936856516,2.2864557091484676
2023-03-31,4109.31005859375,4110.75,4056.179931640625,4056.179931640625,4525120000,0.014436542471763847,1,1,58.47998046875,54.570068359375,0.007270467667646052,0.011549957938058832,3964.9240234375,4020.83640625,3935.5521130371094,4001.5785291660877,3990.1246677598137,11.453861406273973,-8.092307025533216,19.54616843180719,73.48247261466162,3964.9240234375,4092.8839922378106,3836.9640546371897,255.91993760062087,5025784500.0,0.9003808261177931,138.320068359375,192.670166015625,63.670166015625,3.483264090303363,4.9192719090853165
2023-04-03,4124.509765625,4127.66015625,4098.7900390625,4102.2001953125,4234700000,0.0036988464765423945,1,1,15.19970703125,28.8701171875,0.00695127100767645,0.011567418095236265,3968.728515625,4023.8743994140623,3937.2247119140625,4020.491027082843,4000.0791194535313,20.411907629311827,-2.391464094564207,22.803371723876033,70.87515831822584,3968.728515625,4110.878836735097,3826.578194514903,284.3006422201943,5037476000.0,0.8406392407626359,146.979736328125,172.939697265625,76.08984375,3.6952514561934615,4.376480595659199
2023-04-04,4100.60009765625,4133.1298828125,4086.8701171875,4128.02978515625,4227800000,-0.005796972083329965,-1,0,-23.90966796875,46.259765625,0.008404211470838264,0.01104412514960694,3974.4400146484377,4025.4902001953124,3939.3938623046874,4032.815499478752,4007.525117838918,25.290381639833868,3.1449050523154076,22.14547658751846,71.37619377986482,3974.4400146484377,4128.274070237695,3820.605959059181,307.6681111785142,5052741000.0,0.8367339628134511,129.330078125,97.72998046875,114.22998046875,3.2566427739473007,2.4414976656154193
2023-04-05,4090.3798828125,4099.68994140625,4072.56005859375,4094.5,3968020000,-0.002492370531228194,-1,0,-10.22021484375,27.1298828125,0.00784451105516468,0.011079681976982102,3979.358508300781,4026.958798828125,3941.471561279297,4041.671558453175,4013.662507836961,28.0090506162137,8.117734165095065,19.891316451118634,65.12929010395106,3979.358508300781,4141.61747664314,3817.0995399584212,324.5179366847192,5074363500.0,0.7819739362385055,62.56982421875,153.409912109375,98.369873046875,1.5534452545807316,3.8966492823407717
2023-04-06,4105.02001953125,4107.31982421875,4069.840087890625,4081.14990234375,3486690000,0.0035791630944272956,1,1,14.64013671875,37.479736328125,0.0077245578969663,0.010062837421876516,3988.693505859375,4028.7347998046876,3943.172711181641,4051.4174755421095,4020.429730925427,30.98774461668245,12.691736255412543,18.296008361269905,73.49112512505076,3988.693505859375,4157.516148080898,3819.8708636378515,337.6452844430469,5026435000.0,0.6936705637295618,54.18994140625,156.300048828125,186.699951171875,1.337749062812647,3.958245962939063
2023-04-10,4109.10986328125,4109.5,4072.550048828125,4085.199951171875,3423650000,0.0009963029974375814,1,1,4.08984375,36.949951171875,0.004101866782198567,0.009261565691846723,4001.0694946289063,4029.7083984375,3944.918811035156,4060.2932275019775,4026.9986296184507,33.294597883526876,16.81230858103541,16.482289302491466,71.2822664215497,4001.0694946289063,4166.924009072684,3835.2149801851283,331.7090288875561,4921708000.0,0.695622332734896,-0.2001953125,138.119873046875,247.519775390625,-0.004871749993197373,3.478222644392083
2023-04-11,4108.93994140625,4124.259765625,4102.60986328125,4110.2900390625,3665830000,-4.1352477946232646e-05,-1,0,-0.169921875,21.64990234375,0.0035637475141003985,0.00922842699903333,4013.7284912109376,4030.47599609375,3946.484860839844,4067.777337333404,4033.068356417547,34.708980915856955,20.39164304799972,14.317337867857233,66.62589871894761,4013.7284912109376,4171.327484544615,3856.12949787726,315.19798666735505,4777098500.0,0.7673758454007176,-15.56982421875,131.409912109375,253.179931640625,-0.3774951473873079,3.3038069138752646
2023-04-12,4091.949951171875,4134.3701171875,4086.93994140625,4121.72021484375,3633120000,-0.004134884052006904,-1,0,-16.989990234375,47.43017578125,0.0030098865141240673,0.008812208072984131,4022.3614868164063,4031.9595947265625,3947.385910644531,4071.4962010008608,4037.4299560289787,34.06624497188204,23.126563432776187,10.939681539105855,78.6915387716656,4022.3614868164063,4177.06817439733,3867.654799235482,309.41337516184785,4675461000.0,0.7770613421863641,-8.650146484375,120.679931640625,172.659912109375,-0.21094830703728218,3.038824634112124
2023-04-13,4146.22021484375,4150.259765625,4099.39990234375,4100.0400390625,3596590000,0.01326268999363811,1,1,54.270263671875,50.85986328125,0.006509057937771413,0.008865259098907563,4035.0760009765627,4033.3519970703123,3948.6164611816407,4082.992203130536,4045.4884937189618,37.503709411574164,26.001992628535785,11.501716783038379,81.58994508785864,4035.0760009765627,4186.4087974582835,3883.743204494842,302.66559296344167,4525590000.0,0.7947228980088784,55.84033203125,118.41015625,254.290283203125,1.3651624942193585,2.9398148007838567
2023-04-14,4137.64013671875,4163.18994140625,4113.2001953125,4140.10986328125,3575690000,-0.0020693734728036706,-1,0,-8.580078125,49.98974609375,0.0068086339831764505,0.008258213598118345,4043.9440063476563,4033.7206005859375,3950.196911621094,4091.3995775287226,4052.3145413485754,39.0850361801472,28.61860133885807,10.466434841289129,77.8763165310148,4043.9440063476563,4197.590769245678,3890.297243449635,307.29352579604256,4419585000.0,0.8090556013743372,32.6201171875,86.81005859375,177.360107421875,0.7946396614948756,2.143019008931908
2023-04-17,4151.31982421875,4151.72021484375,4123.18017578125,4137.169921875,3611180000,0.00330615690296554,1,1,13.6796875,28.5400390625,0.00683551494150192,0.00764765712806895,4055.6780029296874,4033.1518017578123,3951.8593603515624,4100.618077019496,4059.6482660056254,40.96981101387064,31.08884327386059,9.88096774001005,78.392426803576,4055.6780029296874,4204.146891872113,3907.2091139872614,296.9377778848516,4132430000.0,0.8738635621172046,42.2099609375,42.009765625,234.679931640625,1.0272288242932024,1.0223070302798274
2023-04-18,4154.8701171875,4169.47998046875,4140.35986328125,4164.259765625,3536640000,0.0008552202959737354,1,1,3.55029296875,29.1201171875,0.006777974771019557,0.007527586703244189,4065.8430053710936,4033.5196044921877,3953.7068115234374,4108.964544737651,4066.701736463542,42.262808274108465,33.32363627391017,8.939172000198297,80.26310282660486,4065.8430053710936,4212.12202510703,3919.563985635157,292.5580394718727,4041905000.0,0.8749933509075547,45.93017578125,30.3603515625,203.300048828125,1.117810832872159,0.736096003833789
2023-04-19,4154.52001953125,4162.56982421875,4134.490234375,4139.330078125,3572560000,-8.42619976980652e-05,-1,0,-0.35009765625,28.07958984375,0.006025222210580562,0.007129984091673328,4073.425500488281,4034.3884033203126,3955.352761230469,4115.973079321281,4073.2067944685573,42.76628485272386,35.212165989672904,7.554118863050952,75.6342324508113,4073.425500488281,4221.668908948073,3925.182092028489,296.48681691958427,3974521000.0,0.8988655488296577,62.570068359375,53.919921875,151.64990234375,1.5291015067634404,1.3149275859847591
2023-04-20,4129.7900390625,4148.56982421875,4114.56982421875,4130.47998046875,3772080000,-0.00595254815297297,-1,0,-24.72998046875,34.0,0.0034739031306266614,0.006004999342823317,4083.06650390625,4033.7042041015625,3956.8447619628905,4118.098765435315,4077.3981459199604,40.70061951535445,36.30985669480921,4.390762820545234,65.86434226403617,4083.06650390625,4218.467961087689,3947.665046724811,270.80291436287825,3936474500.0,0.9582381392283883,-16.43017578125,39.41015625,192.820068359375,-0.3962687684177713,0.9634840131988429
2023-04-21,4133.52001953125,4138.02001953125,4113.85986328125,4132.14013671875,3611750000,0.0009031888869577287,1,1,3.72998046875,24.16015625,0.0034542981660753004,0.006012560793211944,4092.306506347656,4034.0174072265627,3958.2869616699218,4120.471266065459,4081.5553217430192,38.91594432243937,36.831074220335246,2.0848701021041265,56.23614908800941,4092.306506347656,4213.592074314076,3971.0209383812357,242.5711359328402,3867482000.0,0.9338763567613243,-4.1201171875,28.5,184.800048828125,-0.099576498954966,0.6942718881856854
2023-04-24,4137.0400390625,4142.41015625,4117.77001953125,4132.06982421875,3290940000,0.0008515791660903549,1,1,3.52001953125,24.64013671875,0.0029733670754694603,0.005968016613369165,4100.6090087890625,4035.1282080078126,3959.4590612792967,4123.0203080650035,4085.6653008037215,37.355007261282026,36.9358608285246,0.41914643275742236,53.43426557142742,4100.6090087890625,4208.973072231114,3992.244945347011,216.7281268841034,3802830500.0,0.8653922387547907,-14.27978515625,27.93017578125,166.050048828125,-0.34398181207195616,0.679713531897317
2023-04-25,4071.6298828125,4126.43017578125,4071.3798828125,4126.43017578125,3978640000,-0.015810858882773227,-1,0,-65.41015625,55.05029296875,0.007180166980800619,0.007185277731098841,4105.314001464843,4034.7516064453125,3960.3203112792967,4115.114088795388,4084.6256402117792,30.488448583608715,35.64637837954143,-5.157929795932716,43.53143193563158,4105.314001464843,4198.250622873868,4012.377380055819,185.87324281804968,3790085500.0,1.0497494053894034,-83.240234375,-37.31005859375,94.099853515625,-2.003437701473727,-0.9080215122584865
2023-04-26,4055.989990234375,4089.669921875,4049.35009765625,4087.780029296875,3837030000,-0.003841187197329843,-1,0,-15.639892578125,40.31982421875,0.006854722873455286,0.007248856615002447,4109.55,4033.12560546875,3961.3281115722657,4106.018073632155,4082.5044809541937,23.513592677961697,33.21982123922548,-9.706228561263785,42.502759684443255,4109.55,4182.290301454224,4036.8096985457764,145.48060290844796,3781207000.0,1.0147632753245195,-98.530029296875,-35.9599609375,84.719970703125,-2.3716344808465273,-0.8787976726646324
2023-04-27,4135.35009765625,4138.240234375,4075.2900390625,4075.2900390625,3750550000,0.01956614972249704,1,1,79.360107421875,62.9501953125,0.012733382340854417,0.007832344763072565,4114.927001953125,4033.110009765625,3962.9108618164064,4110.530692712785,4086.418971080272,24.111721632512854,31.398201317882958,-7.286479685370104,55.156943226800564,4114.927001953125,4177.40049685042,4052.4535070558304,124.94698979458917,3761472000.0,0.9970963495142328,5.56005859375,-10.8701171875,107.5400390625,0.1346329605417951,-0.2621693162505996
2023-04-28,4169.47998046875,4170.06005859375,4127.18017578125,4129.6298828125,4087800000,0.008253202753460531,1,1,34.1298828125,42.8798828125,0.013230123545048766,0.007926825926680682,4120.8594970703125,4033.547607421875,3964.7493615722656,4119.59981390601,4092.5716384423813,27.02817546362894,30.524196147032157,-3.4960206834032164,59.31320411342346,4120.8594970703125,4180.158339318051,4061.5606548225746,118.59768449547619,3769319000.0,1.084492981358171,35.9599609375,31.83984375,118.64990234375,0.8699597623232979,0.7695169878946935
2023-05-01,4167.8701171875,4186.919921875,4164.1201171875,4166.7900390625,3321370000,-0.0003861064902076494,-1,0,-1.60986328125,22.7998046875,0.013263928642904408,0.00732088403103959,4123.7875,4035.0968115234373,3966.6368127441406,4127.026014410855,4098.149303534612,28.876710876243123,30.19469909287435,-1.3179882166312282,59.050855897541275,4123.7875,4186.376922577341,4061.198077422659,125.17884515468222,3709131500.0,0.8954576024063854,30.830078125,16.55029296875,58.56005859375,0.7452206851734131,0.3986754494846624
2023-05-02,4119.580078125,4164.10009765625,4089.719970703125,4164.10009765625,4486130000,-0.011586262936400304,-1,0,-48.2900390625,74.380126953125,0.011950596533049373,0.00777851877908537,4123.541015625,4035.906611328125,3967.9189135742185,4125.880485751492,4099.736768319085,26.143717432407357,29.384502760780954,-3.2407853283735975,53.87138860705541,4123.541015625,4186.157283527103,4060.9247477228973,125.23253580420533,3721703000.0,1.2053970991237075,47.9501953125,-35.2900390625,-4.9296875,1.1776658658222183,-0.849365637604778
2023-05-03,4090.75,4148.2998046875,4088.860107421875,4122.25,4246510000,-0.006998305064656485,-1,0,-28.830078125,59.439697265625,0.012436404133316724,0.007829855735764774,4123.048510742187,4037.7748095703123,3969.2184130859373,4120.475795635878,4099.07108177693,21.404713858947616,27.788544980414287,-6.38383112146667,41.63118362584128,4123.048510742187,4186.572894035402,4059.524127448972,127.04876658642979,3722638500.0,1.1407258588229827,34.760009765625,-63.77001953125,-9.85009765625,0.8570043281496461,-1.5349551628456253
2023-05-04,4061.219970703125,4082.610107421875,4048.280029296875,4082.550048828125,4920090000,-0.007218732334382416,-1,0,-29.530029296875,34.330078125,0.0077338672365856705,0.007976100537347382,4121.590515136719,4039.1782080078124,3969.8410632324217,4111.359514876993,4096.267295771464,15.092219105528784,25.24927980543719,-10.157060699908406,39.155956590152755,4121.590515136719,4189.461776607183,4053.719253666254,135.74252294092912,3770242000.0,1.304979892537402,-74.130126953125,-68.570068359375,-29.159912109375,-1.7925961575814096,-1.6603766223171248
2023-05-05,4136.25,4147.02001953125,4084.72998046875,4084.72998046875,4186270000,0.018474751389515376,1,1,75.030029296875,62.2900390625,0.011883709380401609,0.008990973413969256,4123.152014160156,4041.656806640625,3970.722813720703,4115.188820280532,4099.22897756617,15.959842714361912,23.391392387222133,-7.431549672860221,48.178699106197605,4123.152014160156,4190.854874587024,4055.449153733288,135.40572085373606,3805221000.0,1.100138467647477,-33.22998046875,2.72998046875,31.22998046875,-0.796981413135701,0.06604493158012056
2023-05-08,4138.1201171875,4142.2998046875,4123.81005859375,4136.97998046875,3641640000,0.0004521286642489297,1,1,1.8701171875,18.48974609375,0.011909992518681911,0.008989952238115002,4124.602526855469,4045.018408203125,3971.418664550781,4118.716712112373,4102.109802723306,16.60690938906737,22.034495787591183,-5.427586398523815,47.9673823648615,4124.602526855469,4192.281723049138,4056.923330661799,135.35839238733934,3816120500.0,0.9542780423207287,-29.75,1.080078125,29.01025390625,-0.7137938362646351,0.026107509591441078
2023-05-09,4119.169921875,4130.35009765625,4116.64990234375,4124.25,3810140000,-0.004579421277258522,-1,0,-18.9501953125,13.7001953125,0.010765395102066002,0.00905842296384938,4125.114025878906,4047.7570068359373,3972.2063647460936,4118.786436691239,4103.373515253061,15.412921438178273,20.710180917708602,-5.297259479530329,45.89554058083909,4125.114025878906,4192.448561596825,4057.779490160988,134.66907143583694,3823336000.0,0.9965485638719694,-0.41015625,47.5400390625,10.22998046875,-0.009956263556519575,1.1675923507482822
2023-05-10,4137.64013671875,4154.27978515625,4098.919921875,4143.740234375,4057160000,0.004483965263404999,1,1,18.47021484375,55.35986328125,0.010096250266031729,0.009048197018348648,4127.39853515625,4051.1068115234375,3973.0603649902346,4121.687005926241,4105.911783509779,15.775222416462384,19.72318921745936,-3.9479668009969764,50.92491062706605,4127.39853515625,4193.075386041529,4061.72168427097,131.35370177055893,3844538000.0,1.055304954717576,46.89013671875,81.650146484375,45.690185546875,1.1462479183218237,2.0130756407428128
2023-05-11,4130.6201171875,4132.7998046875,4109.2900390625,4132.240234375,3752900000,-0.0016966239932159066,-1,0,-7.02001953125,23.509765625,0.009038198954960096,0.008550446801381081,4126.6185302734375,4054.691416015625,3974.1082153320312,4123.061330735665,4107.74203044887,15.319300286795624,18.842411431326614,-3.52311114453099,49.66095753948455,4126.6185302734375,4191.722231094213,4061.514829452661,130.20740164155222,3852353500.0,0.9741837035464165,69.400146484375,-4.72998046875,-15.60009765625,1.7088497295151353,-0.11437920265640296
2023-05-12,4124.080078125,4143.740234375,4099.1201171875,4138.5400390625,3533740000,-0.0015833068345566526,-1,0,-6.5400390625,44.6201171875,0.0033525277731677175,0.008545405012284608,4125.94052734375,4057.546015625,3974.610565185547,4123.218061103255,4108.952256202657,14.265804900598596,17.92709012518101,-3.6612852245824143,48.495409474011204,4125.94052734375,4190.843062382856,4061.037992304643,129.80507007821325,3850256000.0,0.917793518145287,-12.169921875,-45.39990234375,-13.56005859375,-0.2942259746146872,-1.088862461420092
2023-05-15,4136.27978515625,4141.25,4110.27001953125,4126.64990234375,3562170000,0.0029581644391338813,1,1,12.19970703125,30.97998046875,0.003714106863266607,0.008538392625087928,4125.188525390625,4059.3588134765623,3974.929814453125,4125.227557111409,4110.976517606627,14.251039504782057,17.19188000110122,-2.940840496319165,58.56357664809543,4125.188525390625,4189.195255155845,4061.181795625404,128.0134595304412,3847805500.0,0.9257666480283372,-1.84033203125,-31.59033203125,-15.0400390625,-0.0444726585776537,-0.7579490517465385
2023-05-16,4109.89990234375,4135.5400390625,4109.85986328125,4127.9501953125,3654200000,-0.006377683373153031,-1,0,-26.3798828125,25.68017578125,0.004299280339043704,0.008646205680453808,4122.940014648438,4060.5884130859376,3974.827863769531,4122.869456377923,4110.896768327895,11.9726880500275,16.14804161088648,-4.17535356085898,56.94339193099341,4122.940014648438,4185.703934898176,4060.176094398699,125.52784049947695,3853683500.0,0.9482356296255258,-9.27001953125,-9.68017578125,-44.97021484375,-0.2250458152265394,-0.2349796726285721
2023-05-17,4158.77001953125,4164.669921875,4113.6201171875,4122.85009765625,4039080000,0.011890829058788244,1,1,48.8701171875,51.0498046875,0.006906748646579528,0.0090808544118606,4123.152514648437,4064.0364111328126,3975.028564453125,4128.392619939973,4114.442935083699,13.949684856273961,15.708370259963978,-1.7586854036900164,53.27349712193784,4123.152514648437,4186.393591274318,4059.911438022556,126.48215325176216,3877009500.0,1.0418029669517188,21.1298828125,68.02001953125,4.25,0.5106747352189144,1.6627762520625804
2023-05-18,4198.0498046875,4202.2001953125,4153.5,4157.68017578125,3980500000,0.009445048649426635,1,1,39.27978515625,48.7001953125,0.007569337572605999,0.009193596648599813,4126.565502929688,4068.15720703125,3975.5628637695313,4139.109109901131,4120.636036535832,18.47307336529866,16.261310881030916,2.2117624842677444,53.93664604296798,4126.565502929688,4198.134222891314,4054.9967829680613,143.13743992325226,3887430500.0,1.0239411354106525,67.4296875,136.829833984375,68.259765625,1.6324349755482293,3.3691805657275307
2023-05-19,4191.97998046875,4212.91015625,4180.2001953125,4204.14990234375,4041900000,-0.0014458676054706077,-1,0,-6.06982421875,32.7099609375,0.007547540311539153,0.009208010089272581,4129.488500976562,4073.6304052734376,3975.7469140625,4147.243089988457,4125.920773123456,21.322316865001085,17.27351207782495,4.048804787176135,53.28177090810483,4129.488500976562,4206.7981288707415,4052.1788730823823,154.61925578835917,3908938000.0,1.0340148654186891,67.89990234375,55.72998046875,58.4599609375,1.6464254102122207,1.3473552243880327
2023-05-22,4192.6298828125,4209.22021484375,4179.68017578125,4190.77978515625,3728520000,0.0001550346964389604,1,1,0.64990234375,29.5400390625,0.0076816472862798225,0.00920889331798883,4132.267993164062,4080.251201171875,3975.950363769531,4154.225673499848,4130.862188655978,23.363484843870538,18.491506631034067,4.871978212836471,61.425102142120735,4132.267993164062,4214.557590921558,4049.978395406567,164.57919551499072,3930817000.0,0.9485356352127305,56.35009765625,54.509765625,55.58984375,1.3623376701564531,1.317259143798076
2023-05-23,4145.580078125,4185.68017578125,4142.5400390625,4176.7998046875,4155320000,-0.011222026747550129,-1,0,-47.0498046875,43.14013671875,0.009261210549920535,0.00882482416355992,4135.965502929687,4086.0476025390626,3975.952314453125,4152.895581903717,4131.95240269072,20.943179212997165,18.981841147426685,1.9613380655704802,58.11312657234635,4135.965502929687,4213.277985247725,4058.6530206116495,154.62496463607567,3939651000.0,1.0547431739511952,35.68017578125,26.41015625,73.9501953125,0.8681519411434494,0.6411523863035588
2023-05-24,4115.240234375,4132.9599609375,4103.97998046875,4132.9599609375,0,-0.007318600335353365,-1,0,-30.33984375,28.97998046875,0.007893728522629222,0.008957188988790013,4138.928015136718,4089.9666064453127,3975.828215332031,4147.102451514684,4130.714464296963,16.387987217720365,18.46307036148542,-2.075083143765056,57.974189037728976,4138.928015136718,4207.368875792339,4070.4871544810976,136.88172131124156,3747799500.0,0.0,-43.52978515625,-22.39990234375,59.250244140625,-1.046698541920248,-0.541369031708825
2023-05-25,4151.27978515625,4165.740234375,4129.72998046875,4155.7099609375,4147760000,0.008757581265902425,1,1,36.03955078125,36.01025390625,0.007644923735756158,0.008042367874837749,4139.724499511719,4095.153603515625,3975.972263183594,4147.7451182287705,4132.237821397651,15.507296831119675,17.871915655412273,-2.3646188242925987,52.50722902361345,4139.724499511719,4208.360528360339,4071.0884706630986,137.2720576972406,3767660000.0,1.1008848993805174,-46.77001953125,20.65966796875,15.9296875,-1.1140892011101695,0.5001589926603314
2023-05-26,4205.4501953125,4212.8701171875,4156.16015625,4156.16015625,3715460000,0.01304908677799732,1,1,54.17041015625,56.7099609375,0.01029748724915772,0.008359644068593764,4141.523010253906,4100.0570068359375,3975.948312988281,4156.622822395498,4137.660960206158,18.961862189339627,18.089904962197743,0.8719572271418841,59.56313561437869,4141.523010253906,4215.145921147664,4067.9000993601485,147.24582178751552,3749043000.0,0.9910422473148481,13.47021484375,81.3701171875,35.97021484375,0.3213329955417333,1.9730489138439489
2023-05-30,4205.52001953125,4231.10009765625,4192.18017578125,4226.7099609375,4228510000,1.660326849850513e-05,1,1,0.06982421875,38.919921875,0.010299451631045464,0.008357976855303333,4143.405505371094,4105.834609375,3975.939562988281,4164.14546810869,4142.687557193202,21.457910915487446,18.763506152855683,2.6944047626317627,62.95968423937657,4143.405505371094,4221.645558629044,4065.165452113143,156.48010651590084,3794400000.0,1.1144080750579801,12.89013671875,69.240234375,37.64990234375,0.30744752289231503,1.673973666469093
2023-05-31,4179.830078125,4195.43994140625,4166.14990234375,4190.740234375,5980670000,-0.006108624209833935,-1,0,-25.68994140625,29.2900390625,0.008996563946575204,0.008024777199693182,4146.418005371093,4110.399809570313,3975.4379638671876,4166.558485034277,4145.438855040003,21.119629994273964,19.23473092113934,1.8848990731346227,56.19768317612882,4146.418005371093,4225.431326802794,4067.404683939393,158.0266428634004,3869127000.0,1.5457414553722326,34.25,69.93017578125,60.25,0.8261811219309723,1.7015055705218263
2023-06-01,4221.02001953125,4232.43017578125,4171.64013671875,4183.02978515625,4391860000,0.009854453563032717,1,1,41.18994140625,60.7900390625,0.007915869093639566,0.008052368637470964,4152.931506347656,4114.762807617188,3975.05736328125,4174.937182649195,4151.037459817132,23.899722832063162,20.16772930332411,3.7319935287390535,62.06816981833115,4152.931506347656,4234.071759675168,4071.791253020144,162.2805066550245,3876394500.0,1.132975500816545,105.77978515625,62.25,130.27001953125,2.57044009904115,1.496836798083305
2023-06-02,4282.3701171875,4290.669921875,4241.009765625,4241.009765625,4454200000,0.014534424705965554,1,1,61.35009765625,49.66015625,0.008936447075453165,0.00826492361126259,4163.989013671875,4121.670810546875,3974.943212890625,4191.465326424319,4160.765804807529,30.699521616789752,22.27408776601724,8.425433850772514,68.43374206476471,4163.989013671875,4252.450420319804,4075.527607023946,176.92281329585785,3853100000.0,1.1560042563130986,131.09033203125,84.3203125,221.150146484375,3.1578293638504036,2.0085591268080902
2023-06-05,4273.7900390625,4299.27978515625,4266.81982421875,4282.990234375,3813290000,-0.0020035816359177394,-1,0,-8.580078125,32.4599609375,0.008610974027123415,0.007432681992568581,4170.866015625,4128.172211914062,3974.941962890625,4204.130666830193,4169.137970307897,34.99269652229577,24.817809517272945,10.174887005022828,66.1499748248925,4170.866015625,4270.878326861059,4070.853704388941,200.0246224721177,3834451000.0,0.9944813481773531,68.33984375,81.81005859375,137.5400390625,1.6250303909477588,1.951585145323188
2023-06-06,4283.85009765625,4288.330078125,4263.08984375,4271.33984375,3996560000,0.0023538963079141606,1,1,10.06005859375,25.240234375,0.008452966864468425,0.007428538361062188,4178.152514648437,4134.4294140625,3974.942512207031,4216.395194649586,4177.635164926294,38.760029723292064,27.606253558476773,11.15377616481529,71.24405166553365,4178.152514648437,4288.789849131105,4067.5151801657694,221.27466896533588,3852197000.0,1.0374754977484277,78.330078125,91.22021484375,145.72998046875,1.8625539234439485,2.1757278222364254
2023-06-07,4267.52001953125,4299.18994140625,4263.9599609375,4285.47021484375,4537800000,-0.0038120096998572883,-1,0,-16.330078125,35.22998046875,0.0078239526779901,0.007395990584531626,4185.57001953125,4140.229213867187,3975.137712402344,4224.260552323689,4184.293302304439,39.96725001925006,30.078452850631432,9.888797168618627,64.42808501375954,4185.57001953125,4299.402917437059,4071.737121625442,227.66579581161704,3888580000.0,1.1669555467548565,87.68994140625,121.93994140625,148.35009765625,2.0979307715204105,2.9414446014368654
2023-06-08,4293.93017578125,4298.009765625,4261.06982421875,4268.68994140625,3826740000,0.0061886426142414575,1,1,26.41015625,36.93994140625,0.007315127979215136,0.00743829309296023,4193.384521484375,4146.682416992187,3975.917412109375,4234.9789559325445,4192.41455219161,42.56440374093472,32.57564302869209,9.98876071224263,63.1703983119397,4193.384521484375,4314.583342086035,4072.1857008827146,242.39764120332075,3877059000.0,0.9870213478825058,72.91015625,178.68994140625,156.2900390625,1.7273113113094585,4.34215091293178
2023-06-09,4298.85986328125,4322.6201171875,4291.7001953125,4304.8798828125,3786510000,0.001148059539441082,1,1,4.9296875,30.919921875,0.0038955354965609654,0.007393328013574227,4201.7965087890625,4152.103413085937,3976.7680615234376,4244.806787832345,4200.2993900501015,44.50739778224397,34.961993979402465,9.545403802841506,64.72745231020971,4201.7965087890625,4327.907511455678,4075.6855061224474,252.22200533323075,3878739500.0,0.9762217854537537,16.48974609375,147.580078125,168.23974609375,0.38506120775426683,3.5550501474919316
2023-06-12,4338.93017578125,4340.1298828125,4304.3701171875,4308.31982421875,3945670000,0.009321148810237156,1,1,40.0703125,35.759765625,0.005009166462204738,0.007514389382426558,4212.539013671875,4157.865415039062,3977.7588623046877,4259.287309055254,4210.568337141298,48.71897191395601,37.713389566313175,11.005582347642836,68.18389816827676,4212.539013671875,4347.096142626099,4077.981884717651,269.11425790844805,3899336000.0,1.0118825358984196,65.14013671875,133.47998046875,214.85009765625,1.524177278793957,3.173976013734038
2023-06-13,4369.009765625,4375.3701171875,4349.31005859375,4352.60986328125,4275400000,0.006932489951473775,1,1,30.07958984375,26.06005859375,0.005264397187719606,0.007577501046828289,4224.175512695312,4163.0594091796875,3978.608310546875,4276.167686989062,4222.304739251202,53.86294773785994,40.94330120062253,12.919646537237412,78.99352945201834,4224.175512695312,4370.686632170177,4077.664393220447,293.0222389497303,3934997500.0,1.086506408199751,85.15966796875,163.48974609375,232.72998046875,1.9879236207481201,3.8875036935853813
2023-06-14,4372.58984375,4391.81982421875,4337.85009765625,4366.2900390625,4252110000,0.0008194255259321714,1,1,3.580078125,53.9697265625,0.0037438178652046007,0.007285588540048186,4237.310009765625,4168.021010742187,3980.182960205078,4291.001864952283,4233.436969214075,57.56489573820727,44.267620108139475,13.297275630067794,85.88756792090534,4237.310009765625,4387.733105620955,4086.8869139102953,300.8461917106597,3964893000.0,1.072440038104433,105.06982421875,192.759765625,262.68994140625,2.46208157754093,4.611665116096507
2023-06-15,4425.83984375,4439.2001953125,4362.60009765625,4365.330078125,4176690000,0.01217813742034668,1,1,53.25,76.60009765625,0.005010407795764888,0.00730403640583804,4250.663500976562,4174.525805664062,3982.159108886719,4311.746169382701,4247.689033994514,64.05713538818691,48.22552316414897,15.83161222403794,86.53394095564072,4250.663500976562,4418.17621256183,4083.1507893912953,335.0254231705344,3971773500.0,1.0515931988568834,131.90966796875,204.81982421875,267.06982421875,3.0720030966677276,4.852377464949704
2023-06-16,4409.58984375,4448.47021484375,4407.43994140625,4440.9501953125,6848600000,-0.0036716195284263176,-1,0,-16.25,41.0302734375,0.006452509324994588,0.007297184051774685,4261.240502929688,4180.910004882812,3984.276258544922,4326.799042362285,4259.681686568994,67.1173557932907,52.00388968997731,15.113466103313385,80.21248858209904,4261.240502929688,4441.029465509589,4081.4515403497867,359.5779251598019,4115178500.0,1.6642291458317058,110.72998046875,127.2197265625,211.5400390625,2.5757987929439414,2.9707784026396378
2023-06-20,4388.7099609375,4400.14990234375,4367.18994140625,4396.10986328125,4055790000,-0.0047351076976228645,-1,0,-20.8798828125,32.9599609375,0.007183010060396873,0.0074263933798177735,4271.077001953125,4186.583803710938,3986.4448083496095,4336.323799066164,4269.239336522217,67.08446254394676,55.02000426077121,12.064458283175547,75.53882493890526,4271.077001953125,4456.353833835568,4085.800170070681,370.55366376488746,4115873000.0,0.9854021248954961,49.77978515625,114.919921875,196.72998046875,1.1472824668649306,2.6889463643424296
2023-06-21,4365.68994140625,4386.22021484375,4360.14013671875,4380.009765625,3709330000,-0.005245281583003636,-1,0,-23.02001953125,26.080078125,0.0072853936595514675,0.0076053426475157825,4279.730004882813,4191.715405273438,3988.4390075683596,4340.841667118484,4276.383825772886,64.45784134559835,56.90757167773664,7.550269667861713,76.10538140888036,4279.730004882813,4465.744047742825,4093.7159620228003,372.02808572002505,4114913500.0,0.9014357166924651,-3.31982421875,81.83984375,173.06005859375,-0.0759857358266877,1.9104273465305344
2023-06-22,4381.89013671875,4382.25,4351.81982421875,4355.39990234375,3511000000,0.003710798414438443,1,1,16.2001953125,30.43017578125,0.007491516888326932,0.00693727610238344,4291.5455078125,4197.174409179687,3990.727158203125,4347.156816287756,4284.199108065172,62.95770822258328,58.11759898670597,4.840109235877307,74.30133890373938,4291.5455078125,4471.606422749834,4111.484592875166,360.12182987466804,4082697500.0,0.8599706444085069,9.30029296875,114.3701171875,236.31005859375,0.2126952973200415,2.680013606592584
2023-06-23,4348.330078125,4366.5498046875,4341.33984375,4354.169921875,6053620000,-0.007658808766684566,-1,0,-33.56005859375,25.2099609375,0.004297972064131516,0.00696375576390548,4303.2,4202.30201171875,3992.9278588867187,4347.33731810887,4288.949550291826,58.38776781704382,58.17163275277355,0.21613506427027573,60.87729525858598,4303.2,4464.398521861491,4142.001478138509,322.39704372298183,4385378500.0,1.3804099235676008,-77.509765625,54.39990234375,233.08984375,-1.7513007330000046,1.2669023509179984
2023-06-26,4328.81982421875,4362.06005859375,4328.080078125,4344.83984375,3415030000,-0.004486838293256468,-1,0,-19.51025390625,33.97998046875,0.004320564797713378,0.006995216699608773,4312.077001953125,4205.95400390625,3994.672607421875,4344.4884728950055,4291.902903916043,52.58556897896233,57.05441999801131,-4.468851019048984,58.75906792530843,4312.077001953125,4456.757540658507,4167.396463247742,289.3610774107656,4348742000.0,0.7852914704988248,-80.77001953125,29.9599609375,177.5400390625,-1.8316900753418286,0.6969280667509837
2023-06-27,4378.41015625,4384.419921875,4335.0,4337.35986328125,3573500000,0.011455854954693034,1,1,49.59033203125,49.419921875,0.007910739630342518,0.006872186753011304,4320.725,4210.769404296875,3996.533758544922,4349.707193411159,4298.310848533373,51.39634487778585,55.92280497396622,-4.526460096180372,63.368756187033775,4320.725,4459.1098416482855,4182.340158351715,276.7696832965703,4341644000.0,0.8230753143279366,-10.2998046875,39.47998046875,172.9599609375,-0.23468866202540745,0.9099012629683859
2023-06-28,4376.85986328125,4390.35009765625,4360.22021484375,4367.47998046875,3739330000,-0.00035407668843834283,-1,0,-1.55029296875,30.1298828125,0.007458193058491367,0.006878426874497613,4329.2919921875,4215.280205078125,3998.0812573242188,4353.884527237327,4304.129294070253,49.75523316707404,54.68929061258778,-4.934057445513744,66.13249033180217,4329.2919921875,4458.561436730029,4200.022547644971,258.53888908505724,4317185000.0,0.8661500491639808,11.169921875,7.85009765625,171.33984375,0.2558569670525436,0.17967681642677719
2023-06-29,4396.43994140625,4398.39013671875,4371.97021484375,4374.93994140625,3696660000,0.004473544672805918,1,1,19.580078125,26.419921875,0.0075467065540398585,0.006622394127006162,4340.122485351562,4220.1116015625,3999.51140625,4360.431514032546,4310.9671197988455,49.46439423370066,53.64431133681036,-4.179917103109702,65.43585671431092,4340.122485351562,4451.760331060574,4228.484639642551,223.2756914180227,4202984500.0,0.8795321514985364,14.5498046875,23.85009765625,216.60986328125,0.3320440319938097,0.5454455713549339
2023-06-30,4450.3798828125,4458.47998046875,4422.43994140625,4422.43994140625,3923450000,0.012269004495714109,1,1,53.93994140625,36.0400390625,0.0072958946396294525,0.0067826311515722625,4351.590478515625,4226.028798828125,4002.099855957031,4374.269724614078,4321.2939911331905,52.97573348088736,53.510595765625766,-0.5348622847384092,69.88133206392,4351.590478515625,4458.74534903417,4244.43560799708,214.30974103709013,4179564000.0,0.9387223164904281,102.0498046875,24.5400390625,229.35986328125,2.346873463007755,0.554471917847513
2023-07-03,4455.58984375,4456.4599609375,4442.2900390625,4450.47998046875,2034280000,0.0011706778016009611,1,1,5.2099609375,14.169921875,0.005807310845853497,0.006184257268930661,4360.25146484375,4232.544794921875,4004.647755126953,4386.780512173451,4331.241832067769,55.53868010568203,53.916212633637016,1.6224674720450167,66.84856118101209,4360.25146484375,4471.76209277576,4248.74083691174,223.02125586401962,4058568000.0,0.501230976048695,126.77001953125,46.0,173.2197265625,2.9285122661377803,1.043180922261938
2023-07-05,4446.81982421875,4454.06005859375,4436.60986328125,4442.0400390625,3482620000,-0.0019683184132291975,-1,0,-8.77001953125,17.4501953125,0.005641285309609593,0.006183059848266837,4368.9029541015625,4238.810791015625,4007.375103759766,4396.017329411189,4339.803164819693,56.21416459149623,54.37580302520887,1.838361566287361,61.974790231703224,4368.9029541015625,4479.0091067502435,4258.7968014528815,220.21230529736204,4042034500.0,0.8616007607060256,68.40966796875,58.10986328125,173.02978515625,1.562431693867191,1.3240761818043856
2023-07-06,4411.58984375,4422.6201171875,4385.0498046875,4422.6201171875,3682020000,-0.007922511336500904,-1,0,-35.22998046875,37.5703125,0.007511328970147156,0.006567532624002578,4375.28994140625,4244.301787109375,4010.0664025878905,4398.413100847929,4345.120696592308,53.29240425562057,54.15912327129121,-0.8667190156706397,55.46921648434119,4375.28994140625,4479.272017862215,4271.307864950286,207.96415291192898,4026307500.0,0.9144905102255603,34.72998046875,45.89990234375,127.73974609375,0.7934908028495476,1.051377971404103
2023-07-07,4398.9501953125,4440.39013671875,4397.39990234375,4404.5400390625,3630480000,-0.0028651005386203243,-1,0,-12.6396484375,42.990234375,0.007527528127119397,0.006530602944279499,4381.8614501953125,4250.848193359375,4012.5617041015626,4398.495730765555,4349.108066867878,49.38766389767716,53.204831396568395,-3.817167498891237,45.744375032842576,4381.8614501953125,4472.983173370088,4290.739727020537,182.24344634955014,3980941500.0,0.9119651720579165,2.51025390625,17.06005859375,131.43017578125,0.05709742290820576,0.3893310434872045
2023-07-10,4409.52978515625,4412.60009765625,4389.919921875,4394.22998046875,3429600000,0.002405026057131332,1,1,10.57958984375,22.68017578125,0.004035733816174677,0.006443006151768165,4387.641430664063,4257.918989257812,4015.3297033691406,4400.193277594893,4353.583749704054,46.60952789083876,51.88577069542247,-5.27624280458371,49.990321255624295,4387.641430664063,4469.469896073066,4305.81296525506,163.656930818006,3961084500.0,0.8658234884915987,-40.85009765625,61.19970703125,115.599609375,-0.9179013641962183,1.4074301152786293
2023-07-11,4439.259765625,4443.64013671875,4408.4599609375,4415.5498046875,3624220000,0.0067422110558885695,1,1,29.72998046875,35.18017578125,0.0055562192928313315,0.006554298767329348,4394.66142578125,4263.997182617188,4018.5763525390626,4406.203506522601,4359.930121253753,46.27338526884796,50.763293610107574,-4.489908341259614,57.92042696828646,4394.66142578125,4468.0776056793575,4321.245245883142,146.83235979621531,3952970000.0,0.9168346837947163,-16.330078125,110.43994140625,140.39990234375,-0.3665076611103854,2.551271383215443
2023-07-12,4472.16015625,4488.33984375,4463.22998046875,4467.68994140625,3920290000,0.007411233485312474,1,1,32.900390625,25.10986328125,0.006528444817185923,0.006449392919878035,4401.322924804687,4270.050786132812,4022.1472033691407,4416.350683403739,4368.243457179401,48.107226224337865,50.232080132953634,-2.124853908615769,66.18134000620387,4401.322924804687,4477.570117124859,4325.075732484515,152.49438464034392,3951701000.0,0.9920512710855401,25.34033203125,93.75,133.22998046875,0.5698529068625346,2.1411881631549696
2023-07-13,4510.0400390625,4517.3798828125,4489.35986328125,4491.5,3839530000,0.008470153458069118,1,1,37.8798828125,28.02001953125,0.004687106991162727,0.006525859425704156,4408.374438476562,4276.894184570312,4026.2312536621093,4430.764430428164,4378.74690768926,52.01752273890361,50.58916865414363,1.428354084759981,68.27212941728526,4408.374438476562,4497.102950329709,4319.645926623416,177.4570237062926,3929907500.0,0.9770026393750998,98.4501953125,133.18017578125,141.0302734375,2.2316262118514176,3.042824763445986
2023-07-14,4505.419921875,4527.759765625,4499.56005859375,4514.60986328125,3647450000,-0.0010244071333035398,-1,0,-4.6201171875,28.19970703125,0.003991251858477678,0.006550591762958933,4415.015942382813,4284.610981445312,4030.4831530761717,4442.249890650754,4388.1300939252405,54.11979672551388,51.295294268417685,2.8245024570961945,74.41326809368285,4415.015942382813,4511.970249602363,4318.0616351632625,193.90861443910035,3899674500.0,0.9353216531277162,106.4697265625,108.97998046875,132.830078125,2.4203439874348573,2.478823364385402
2023-07-17,4522.7900390625,4532.85009765625,4504.89990234375,4508.85986328125,3538240000,0.0038553825145495324,1,1,17.3701171875,27.9501953125,0.0038227481741095557,0.006085581291546593,4419.863452148437,4293.251782226563,4034.8606530761717,4454.6406827141,4398.104904676149,56.53577803795088,52.343391022324326,4.192387015626551,80.3466962862918,4419.863452148437,4528.130943576667,4311.595960720208,216.53498285645946,3867752000.0,0.9148052925833922,113.26025390625,72.41015625,96.9501953125,2.5685335948408086,1.627055625737708
2023-07-18,4554.97998046875,4562.2998046875,4514.58984375,4521.77978515625,4090010000,0.007117275205842377,1,1,32.18994140625,47.7099609375,0.003866679358632811,0.00611829268415964,4427.132958984375,4303.126982421875,4039.040352783203,4470.0774977532765,4409.725280660787,60.35221709248981,53.94515623635742,6.407060856132389,79.2150399508794,4427.132958984375,4550.909328363164,4303.356589605587,247.55273875757666,3729822500.0,1.0965696088754895,115.72021484375,99.39013671875,145.39013671875,2.606745740355607,2.23068415640115
2023-07-19,4565.72021484375,4578.43017578125,4557.47998046875,4563.8701171875,4115670000,0.002357910335732072,1,1,10.740234375,20.9501953125,0.003792795261012133,0.00593198184262297,4435.983471679688,4311.71638671875,4043.6666040039063,4484.791761921042,4421.280460970635,63.51130095040662,55.858385179167264,7.652915771239357,80.32635728690023,4435.983471679688,4572.817039342741,4299.1499040166345,273.6671353261063,3732816500.0,1.1025642433803,93.56005859375,118.900390625,177.01025390625,2.092055188654113,2.6738297328223615
2023-07-20,4534.8701171875,4564.740234375,4527.56005859375,4554.3798828125,3761770000,-0.006756896218903741,-1,0,-30.85009765625,37.18017578125,0.005282648733767576,0.006037782790714984,4444.44248046875,4319.65138671875,4048.4128540039064,4492.496124269728,4429.694509579293,62.8016146904356,57.247031081420936,5.554583609014664,71.45207154499104,4444.44248046875,4583.871814809437,4305.0131461280625,278.8586686813742,3735438500.0,1.007049105479852,24.830078125,123.2802734375,169.18017578125,0.5505511682810119,2.7944636243134426
2023-07-21,4536.33984375,4555.0,4535.7900390625,4550.16015625,3570190000,0.0003240945218980773,1,1,1.4697265625,19.2099609375,0.005179868952582104,0.006032407143741801,4452.164965820312,4327.99478515625,4052.702403564453,4499.241311882078,4437.594163962308,61.64714791976985,58.12705444909072,3.5200934706791287,65.90792441372929,4452.164965820312,4594.093157911717,4310.236773728908,283.85638418280905,3738398000.0,0.9550053258106814,30.919921875,137.3896484375,154.44970703125,0.6862827974119713,3.123237189270789
2023-07-24,4554.64013671875,4563.41015625,4541.2900390625,4543.39013671875,3856250000,0.004034153877153557,1,1,18.30029296875,22.1201171875,0.005201801408126802,0.005625347570747487,4462.48046875,4336.33478515625,4056.5209545898438,4507.764208010796,4446.264236018341,61.49997199245536,58.80163795776365,2.6983340346917046,67.48337030735843,4462.48046875,4602.610814355878,4322.350123144122,280.26069121175533,3628529500.0,1.0627583432903054,31.85009765625,145.1103515625,206.31005859375,0.7042134916979698,3.290835046652442
2023-07-25,4567.4599609375,4580.6201171875,4552.419921875,4555.18994140625,3812470000,0.002814673351556163,1,1,12.81982421875,28.2001953125,0.004300530910965642,0.005391353026166407,4474.4124755859375,4345.07158203125,4060.441854248047,4516.948169999519,4455.241697123464,61.70647287605516,59.38260494142195,2.3238679346332063,70.99405027947202,4474.4124755859375,4607.062795877563,4341.762155294312,265.30064058325115,3648401500.0,1.0449699683546343,12.47998046875,128.2001953125,238.64013671875,0.27398540766946894,2.887873250968696
2023-07-26,4566.75,4582.47021484375,4547.580078125,4558.9599609375,3990290000,-0.00015543889679858758,-1,0,-0.7099609375,34.89013671875,0.004182345260868633,0.005010651643510303,4483.8294677734375,4353.92498046875,4064.5530041503907,4524.609989999593,4463.501571410615,61.108418588978566,59.727767670933275,1.3806509180452906,80.68834575283833,4483.8294677734375,4614.510025469504,4353.148910077371,261.3611153921338,3669241000.0,1.087497387061793,1.02978515625,94.58984375,188.33984375,0.02255471443261097,2.115081760160297
2023-07-27,4537.41015625,4607.06982421875,4528.56005859375,4598.259765625,4553210000,-0.006424666064487883,-1,0,-29.33984375,78.509765625,0.00404759279638237,0.005341361805988908,4491.856982421875,4361.947587890625,4069.0417553710936,4526.579246345809,4468.976281398717,57.602964947092005,59.30280712616503,-1.6998421790730234,75.68830444109462,4491.856982421875,4614.33771158075,4369.376253263,244.96145831774993,3709935000.0,1.2273018260427744,2.5400390625,27.3701171875,160.55029296875,0.056011285811098765,0.6068708248805129
2023-07-28,4582.22998046875,4590.16015625,4564.009765625,4565.75,3981010000,0.009877842794752345,1,1,44.81982421875,26.150390625,0.005968217921561046,0.005612668433353267,4501.146484375,4371.394189453125,4073.890955810547,4535.140897749338,4477.365444292794,57.77545345654471,58.99733639224097,-1.2218829356962573,78.42892968523937,4501.146484375,4621.3167433733215,4380.9762253766785,240.34051799664303,3724152500.0,1.0689707255543375,45.89013671875,76.81005859375,185.7900390625,1.0116115260186187,1.7048368393102926
2023-07-31,4588.9599609375,4594.22021484375,4573.14013671875,4584.81982421875,4503600000,0.0014687129405193122,1,1,6.72998046875,21.080078125,0.005862104757356465,0.005075261593065661,4508.07548828125,4379.99798828125,4078.8915551757814,4543.42075362444,4485.631704784994,57.78904883944597,58.75567888168197,-0.9666300422360052,76.66169237298159,4508.07548828125,4631.847749335526,4384.303227226974,247.54452210855197,3753160000.0,1.1999488431082075,34.31982421875,66.169921875,138.580078125,0.7535134102487987,1.463033245043494
2023-08-01,4576.72998046875,4584.6201171875,4567.52978515625,4578.830078125,4042370000,-0.002665087639215691,-1,0,-12.22998046875,17.09033203125,0.006067308670039883,0.005161949184801037,4514.132495117187,4387.571591796875,4083.8900549316404,4548.545250062027,4492.379725206013,56.16552485601369,58.237648076548325,-2.0721232205346354,70.10418250807794,4514.132495117187,4638.942177316057,4389.322812918318,249.61936439773854,3853564500.0,1.0489950278501892,9.27001953125,21.75,121.14013671875,0.20295787178279434,0.4774993544046646
2023-08-02,4513.39013671875,4550.93017578125,4505.75,4550.93017578125,4270710000,-0.013839541336347905,-1,0,-63.33984375,45.18017578125,0.00884320157782724,0.006151797140974814,4517.461010742188,4393.999794921875,4088.1074560546876,4543.136771086138,4493.936051984734,49.20071910140359,56.430262281519376,-7.229543180115783,50.58664591759083,4517.461010742188,4638.196384503816,4396.725636980559,241.47074752325716,3892969000.0,1.0970315972205276,-53.35986328125,-52.330078125,66.5703125,-1.1684428374938414,-1.1461516620065355
2023-08-03,4501.89013671875,4519.490234375,4485.5400390625,4494.27001953125,4149120000,-0.0025479738404268204,-1,0,-11.5,33.9501953125,0.00855832972714462,0.005863116249912921,4521.976025390625,4400.185,4092.701556396484,4536.791135029616,4494.525243446513,42.26589158310344,53.59738814183619,-11.331496558732752,49.39643152349066,4521.976025390625,4632.350446282725,4411.601604498525,220.7488417841996,3916324000.0,1.0594424771801312,-35.52001953125,-32.97998046875,90.30029296875,-0.7828258479635873,-0.7272530329755947
2023-08-04,4478.02978515625,4540.33984375,4474.5498046875,4513.9599609375,4143310000,-0.005300074155050516,-1,0,-23.8603515625,65.7900390625,0.00571490395845181,0.005972515908083519,4525.930004882813,4406.833994140625,4096.7019555664065,4527.750927356791,4493.303357647234,34.447569709556774,49.76742445538031,-15.319854745823534,42.512501082256385,4525.930004882813,4622.557530466853,4429.302479298773,193.25505116808017,3941965500.0,1.0510771847191458,-104.2001953125,-58.31005859375,79.07958984375,-2.2740062318269016,-1.2853988149518258
2023-08-07,4518.43994140625,4519.83984375,4491.14990234375,4491.580078125,3493920000,0.00902409277936278,1,1,40.41015625,28.68994140625,0.008180154416207243,0.006237341781812741,4531.375512695313,4414.89798828125,4100.694255371094,4526.318467979785,4495.165326814569,31.153141165215857,46.04456779734742,-14.891426632131562,44.05118111488087,4531.375512695313,4611.196618754087,4451.554406636539,159.6422121175474,3945181500.0,0.885617049557796,-70.52001953125,-36.2001953125,108.91015625,-1.5367320728778626,-0.794798144877793
2023-08-08,4499.3798828125,4503.31005859375,4464.39013671875,4498.02978515625,3884910000,-0.004218283044793103,-1,0,-19.06005859375,38.919921875,0.008190621572925317,0.0062098317802223735,4534.381518554687,4421.859990234375,4104.715355224609,4522.174070261742,4495.47751614775,26.696554113991624,42.174965060676264,-15.47841094668464,39.48447496288821,4534.381518554687,4603.392395909161,4465.370641200214,138.0217547089469,3958216000.0,0.9814800405030953,-77.35009765625,-68.080078125,60.1201171875,-1.6900734364129513,-1.490545701708267
2023-08-09,4467.7099609375,4502.43994140625,4461.330078125,4501.56982421875,3803100000,-0.007038730380597102,-1,0,-31.669921875,41.10986328125,0.006384153403106767,0.006227400770060773,4534.159008789063,4427.105185546875,4108.725004882813,4513.794976519551,4493.4206602062495,20.37431631330128,37.81483531120127,-17.440518997899993,39.382121352477995,4534.159008789063,4604.037834923265,4464.28018265486,139.75765226840485,3952356500.0,0.9622360735930577,-45.68017578125,-99.0400390625,-4.4501953125,-1.0121034166671805,-2.168720404280944
2023-08-10,4468.830078125,4527.3701171875,4457.919921875,4487.16015625,4504370000,0.00025071394456976925,1,1,1.1201171875,69.4501953125,0.006448240231716102,0.00589940266862892,4532.0985107421875,4432.37138671875,4112.305405273438,4506.877299843466,4491.599135607638,15.278164235827717,33.30750109612656,-18.02933686029884,39.31503715702397,4532.0985107421875,4607.206461910052,4456.990559574323,150.21590233572897,3985598500.0,1.1301615052293903,-33.06005859375,-68.580078125,-41.2099609375,-0.7343595154422442,-1.5114366073019696
2023-08-11,4464.0498046875,4476.22998046875,4443.97998046875,4450.68994140625,3753290000,-0.0010696923700230787,-1,0,-4.7802734375,32.25,0.006085149327815457,0.0058996465277861045,4530.030004882812,4438.05578125,4115.638953857422,4500.288454434856,4489.558444428369,10.730010006487646,28.792002878198776,-18.06199287171113,35.0209512429456,4530.030004882812,4610.330788811581,4449.729220954043,160.6015678575386,3990890500.0,0.9404642898621247,-13.97998046875,-118.18017578125,-41.3701171875,-0.3121904306016625,-2.5790974325815155
2023-08-14,4489.72021484375,4490.330078125,4453.43994140625,4458.1298828125,3896410000,0.005750475751703066,1,1,25.67041015625,36.89013671875,0.004837620206569373,0.0059869164815221695,4528.376513671875,4443.42978515625,4118.792004394531,4498.662571420839,4489.570427422101,9.09214399873872,24.852031102306764,-15.759887103568044,37.6697805031807,4528.376513671875,4610.642842305036,4446.110185038714,164.53265726632162,4008799000.0,0.9719644212643238,-28.7197265625,-99.23974609375,-33.06982421875,-0.6356115591869904,-2.1625759853759075
2023-08-15,4437.85986328125,4478.8701171875,4432.18994140625,4478.8701171875,3832250000,-0.011550909428841738,-1,0,-51.8603515625,46.68017578125,0.006706961558806407,0.0062124746154840465,4522.5205078125,4446.539580078125,4121.828303222656,4489.308308630133,4485.740015263519,3.5682933666139434,20.5952835551682,-17.026990188554258,32.410853859900925,4522.5205078125,4613.070256147792,4431.970759477208,181.0994966705839,3995911000.0,0.959042881585701,-61.52001953125,-138.8701171875,-117.1201171875,-1.3672999642962953,-3.034265027216591
2023-08-16,4404.330078125,4449.9501953125,4403.5498046875,4433.7900390625,3753910000,-0.007555395210577687,-1,0,-33.52978515625,46.400390625,0.006793333930545965,0.006301505356391721,4514.451000976563,4449.150380859375,4124.813453369141,4476.234734706267,4479.709649549554,-3.474914843287479,15.781243875477067,-19.256158718764546,32.04440345213783,4514.451000976563,4616.788826013008,4412.113175940118,204.67565007288977,3977823000.0,0.94370966229518,-63.3798828125,-109.06005859375,-161.39013671875,-1.4186212481707392,-2.4163667507156172
2023-08-17,4370.35986328125,4421.169921875,4364.830078125,4416.31982421875,3943700000,-0.007712913029036983,-1,0,-33.97021484375,56.33984375,0.006822512209923655,0.006344731747744689,4506.22548828125,4450.880576171875,4127.159952392578,4459.946292948572,4471.609665381532,-11.663372432960387,10.292320613789576,-21.955693046749964,20.551626783217728,4506.22548828125,4626.522514565651,4385.928461996849,240.594052568802,3986919500.0,0.9891596757847757,-98.47021484375,-131.5302734375,-164.51025390625,-2.2034897976041514,-2.9216677760458905
2023-08-18,4369.7099609375,4381.81982421875,4335.31005859375,4344.8798828125,3940400000,-0.00014870682600087726,-1,0,-0.64990234375,46.509765625,0.006947132352192991,0.006337172570620351,4497.893994140625,4452.924375,4129.648602294922,4446.063780331484,4464.061539126418,-17.99775879493427,4.634304732044807,-22.632063526979078,19.001957811779462,4497.893994140625,4631.728430696803,4364.059557584447,267.66887311235587,4005430000.0,0.9837645396374421,-94.33984375,-108.31982421875,-166.6298828125,-2.113324175974424,-2.418917010731103
2023-08-21,4399.77001953125,4407.5498046875,4360.2998046875,4380.27978515625,3726850000,0.006879188518795987,1,1,30.06005859375,47.25,0.007359185053252677,0.006505900323353059,4490.15048828125,4455.041171875,4132.366951904297,4438.9416632852935,4459.299204341591,-20.357541056297123,-0.364064425623579,-19.993476630673545,26.181857375321044,4490.15048828125,4628.020999593577,4352.279976968923,275.74102262465385,3998960000.0,0.931954808250145,-89.9501953125,-118.669921875,-154.8701171875,-2.003469949310203,-2.6263472219145396
2023-08-22,4387.5498046875,4418.58984375,4382.77001953125,4415.330078125,3522760000,-0.002777466728829614,-1,0,-12.22021484375,35.81982421875,0.006042051009915757,0.006420906097653406,4481.15498046875,4456.814970703125,4135.506251220703,4431.035223501018,4453.984433996843,-22.949210495825355,-4.881093639663934,-18.06811685616142,30.35965499214298,4481.15498046875,4621.2459903389545,4341.063970598546,280.1820197404086,3984474500.0,0.8841216075043271,-50.31005859375,-111.830078125,-179.91015625,-1.13365586439568,-2.48545535246285
2023-08-23,4436.009765625,4443.18017578125,4396.43994140625,4396.43994140625,3837270000,0.011044879965972587,1,1,48.4599609375,46.740234375,0.007515382199594325,0.007047026638211997,4474.61796875,4458.7565625,4139.086850585937,4431.800537673938,4452.652977080411,-20.852439406472513,-8.07536279302565,-12.777076613446862,40.781366366263775,4474.61796875,4610.014474248843,4339.221463251157,270.793010997686,3976823500.0,0.9649082992996798,31.6796875,-31.7001953125,-130.740234375,0.7192850430839324,-0.7095401355429094
2023-08-24,4376.31005859375,4458.2998046875,4375.5498046875,4455.16015625,3723470000,-0.013457974663146133,-1,0,-59.69970703125,82.75,0.009456371587955762,0.007472179628764513,4466.562963867187,4458.902568359375,4142.115650634765,4423.263540892371,4446.997946081398,-23.73440518902771,-11.207171272226063,-12.527233916801649,37.06386287031449,4466.562963867187,4605.3562136622295,4327.769714072145,277.5864995900847,3935336500.0,0.9461630536550051,5.9501953125,-92.52001953125,-161.10009765625,0.13614886413570107,-2.070340959799234
2023-08-25,4405.7099609375,4418.4599609375,4356.2900390625,4389.3798828125,3296180000,0.006717966037625089,1,1,29.39990234375,62.169921875,0.00986332750234562,0.007242604011784278,4457.736962890625,4459.564970703125,4145.110200195312,4420.562990130083,4443.93957681148,-23.376586681397384,-13.641054354060328,-9.735532327337056,35.250592541957076,4457.736962890625,4587.731458942102,4327.742466839149,259.9889921029535,3901095000.0,0.8449371266272675,36.0,-58.33984375,-176.52001953125,0.8238533065539292,-1.306881560522464
2023-08-28,4433.31005859375,4439.56005859375,4414.97998046875,4426.02978515625,2957230000,0.006264619755036449,1,1,27.60009765625,24.580078125,0.009785884943863366,0.00743806644603094,4449.9544677734375,4459.714375,4148.136199951172,4422.524077586031,4443.152205091648,-20.628127505617158,-15.038468984371695,-5.589658521245463,41.54448936741924,4449.9544677734375,4564.601804923964,4335.307130622911,229.2946743010525,3823776500.0,0.7733794064585103,33.5400390625,-56.41015625,-155.64990234375,0.7623134598765539,-1.2564292105218224
2023-08-29,4497.6298828125,4500.14013671875,4431.68017578125,4432.75,3354820000,0.01450830719454621,1,1,64.31982421875,68.4599609375,0.010865021492048271,0.008265715167723984,4445.999462890625,4461.47517578125,4151.881499023438,4434.078816851642,4447.187588626527,-13.1087717748851,-14.652529542474376,1.5437577675892769,53.53378654259159,4445.999462890625,4546.861150267194,4345.137775514057,201.72337475313725,3789399000.0,0.8853171703481212,110.080078125,59.77001953125,-79.10009765625,2.508919169587418,1.3468207958927625
2023-08-30,4514.8701171875,4521.64990234375,4493.58984375,4500.33984375,3064110000,0.003833182103508026,1,1,17.240234375,28.06005859375,0.010330033448446848,0.007730027866697074,4446.073461914062,4463.99837890625,4154.673999023437,4446.508247672543,4452.201109260674,-5.692861588130654,-12.860595951605633,7.167734363474979,55.23824020906295,4446.073461914062,4547.145280563547,4345.001643264577,202.14363729897013,3729069000.0,0.8216823019364887,78.8603515625,110.5400390625,1.47998046875,1.7777316942265382,2.5098036954932046
2023-08-31,4507.66015625,4532.259765625,4507.39013671875,4517.009765625,3946360000,-0.0015969365120942491,-1,0,-7.2099609375,24.86962890625,0.005817440237273308,0.007716151721968604,4446.361962890625,4466.837783203125,4157.247650146484,4455.916233607536,4456.309186815439,-0.3929532079027922,-10.367067402865064,9.974114194962272,54.93451875817687,4446.361962890625,4548.135126110549,4344.5887996707015,203.5463264398477,3718931000.0,1.0611544016277796,131.35009765625,137.30029296875,5.77001953125,3.001389204549575,3.141624425995562
2023-09-01,4515.77001953125,4541.25,4501.35009765625,4530.60009765625,3246260000,0.0017991292600010311,1,1,8.10986328125,39.89990234375,0.0060647841683182085,0.007617695255713689,4448.248974609375,4469.515380859375,4160.04025024414,4465.124508365031,4460.713692942536,4.410815422495034,-7.411490837793044,11.822306260288078,53.06952135029021,4448.248974609375,4553.8229453508175,4342.675003867933,211.14794148288456,3674078500.0,0.8835576049885706,110.06005859375,146.06005859375,37.740234375,2.498123107730181,3.342557284108932
2023-09-05,4496.830078125,4514.2900390625,4496.009765625,4510.06005859375,3526250000,-0.004194177587506065,-1,0,-18.93994140625,18.2802734375,0.007200361188904162,0.007404840332964961,4447.168481445313,4472.485380859375,4162.565750732422,4470.0022883281035,4463.38898073383,6.613307594273465,-4.606531151379743,11.219838745653208,57.53305547481497,4447.168481445313,4550.127699897557,4344.2092629930685,205.91843690448877,3675695000.0,0.95934238286909,63.52001953125,97.06005859375,-21.60986328125,1.4327899175046332,2.206025727774079
2023-09-06,4465.47998046875,4490.35009765625,4442.3798828125,4490.35009765625,3418850000,-0.006971599351452862,-1,0,-31.35009765625,47.97021484375,0.004373389810067233,0.00750808469183169,4445.473486328125,4475.218583984375,4165.099200439453,4469.306548657434,4463.543869603084,5.762679054349974,-2.5326891102337994,8.295368164583774,57.855240527734665,4445.473486328125,4545.898555069083,4345.048417587166,200.85013748191705,3652392000.0,0.9360577944536074,-32.14990234375,77.93017578125,-33.89990234375,-0.714818764136406,1.7761661804497855
2023-09-07,4451.14013671875,4457.81005859375,4430.4599609375,4434.5498046875,3763760000,-0.0032112659361860363,-1,0,-14.33984375,27.35009765625,0.003244547316557899,0.007376279906964341,4444.644995117187,4476.67318359375,4167.622100830078,4466.511716051483,4462.625074574615,3.886641476868135,-1.2488229928134125,5.135464469681548,60.92807884376569,4444.644995117187,4544.569804449098,4344.720185785276,199.84961866382218,3650425000.0,1.0310470698617284,-63.72998046875,15.13037109375,-16.56982421875,-1.4115573386294897,0.3410806534060514
2023-09-08,4457.490234375,4473.52978515625,4448.3798828125,4451.2998046875,3259290000,0.0014266227216406246,1,1,6.35009765625,25.14990234375,0.003771883244196479,0.007384407399314471,4444.0780029296875,4478.285791015625,4170.0828515625,4465.123795793562,4462.24471604131,2.8790797522515277,-0.42324244380042453,3.302322196051952,61.69468679987614,4444.0780029296875,4543.5526736530965,4344.6033322062785,198.94934144681793,3588171000.0,0.9083429970310779,-50.169921875,81.18017578125,-11.33984375,-1.1129925534745109,1.85499141272764
2023-09-11,4487.4599609375,4490.77001953125,4467.89013671875,4480.97998046875,3369920000,0.006723453106275201,1,1,29.9697265625,22.8798828125,0.005384969879357282,0.007534692385460375,4445.248510742187,4480.10619140625,4172.770451660156,4468.560128892629,4464.112511959547,4.4476169330819175,0.5509294315760439,3.8966875015058737,61.68546475991927,4445.248510742187,4546.251864196809,4344.245157287565,202.0067069092438,3569002500.0,0.9442190079721154,-28.31005859375,81.75,23.41015625,-0.626915420211959,1.8555465685399828
2023-09-12,4461.89990234375,4487.10986328125,4456.830078125,4473.27001953125,3435740000,-0.005695885604828921,-1,0,-25.56005859375,30.27978515625,0.00562699141781978,0.007532698819180735,4443.857495117188,4480.336591796875,4175.06205078125,4467.53547865434,4463.948614950969,3.586863703370909,1.1581162859350171,2.428747417435892,59.56765261407806,4443.857495117188,4543.031776142609,4344.683214091767,198.3485620508418,3545969000.0,0.9689142798484702,-34.93017578125,28.58984375,-27.8203125,-0.7767733086284305,0.6448870792283075
2023-09-13,4467.43994140625,4479.39013671875,4453.52001953125,4462.64990234375,3529430000,0.0012416323054647016,1,1,5.5400390625,25.8701171875,0.004782523067432864,0.007053502528487783,4445.336499023438,4480.57359375,4177.262950439454,4467.5207806161725,4464.207231725434,3.313548890738275,1.5892028068956687,1.7243460838426063,54.54680306110484,4445.336499023438,4545.0151582128665,4345.657839834009,199.3573183788576,3530828000.0,0.9996040588779742,1.9599609375,-30.18994140625,29.580078125,0.04389138336914589,-0.6712411246114219
2023-09-14,4505.10009765625,4511.990234375,4478.68994140625,4487.77978515625,3648720000,0.00842991886716793,1,1,37.66015625,33.30029296875,0.005542599771210759,0.007015444911123646,4450.375,4481.73919921875,4179.657850341797,4473.302214006953,4467.236332905495,6.065881101458217,2.4845384658081784,3.5813426356500386,69.90019797438404,4450.375,4551.503004387757,4349.246995612243,202.2560087755137,3525568500.0,1.0349309621980114,53.9599609375,-9.77001953125,100.77001953125,1.2122727948367338,-0.21639646939248278
2023-09-15,4450.31982421875,4497.97998046875,4447.2099609375,4497.97998046875,6932230000,-0.012159612938677844,-1,0,-54.7802734375,50.77001953125,0.0086267417879471,0.007372652652416386,4454.372998046875,4482.513798828125,4182.089749755859,4469.766461731845,4465.983258187958,3.7832035438868843,2.7442714814239197,1.0389320624629645,56.391643381545315,4454.372998046875,4548.243624820871,4360.502371272879,187.74125354799253,3674995000.0,1.8863236548621154,-7.17041015625,-57.34033203125,79.9599609375,-0.16086204970127965,-1.272064220541249
2023-09-18,4453.52978515625,4466.35986328125,4442.10986328125,4445.1298828125,3161230000,0.0007212876971294246,1,1,3.2099609375,24.25,0.007782777148800387,0.007368501363861463,4458.563989257813,4483.605390625,4184.569249267578,4467.268511489446,4465.060778704128,2.207732785317603,2.6369637422026564,-0.4292309568850534,53.11475163221711,4458.563989257813,4543.586762950971,4373.5412155646545,170.04554738631668,3636036500.0,0.8694164648787217,-33.93017578125,-62.240234375,83.81982421875,-0.7561109419717577,-1.3782861860945859
2023-09-19,4443.9501953125,4449.85009765625,4416.60986328125,4445.41015625,3614880000,-0.002151010615372817,-1,0,-9.57958984375,33.240234375,0.007458864942979677,0.0072636786671563605,4460.772998046875,4484.293798828125,4186.388449707031,4463.681078231454,4463.49703178623,0.18404644522433955,2.146380282806993,-1.9623338375826536,40.0534171021584,4460.772998046875,4541.5538971980395,4379.99209889571,161.5617983023294,3630438000.0,0.9957145666721205,-17.94970703125,-52.8798828125,44.18017578125,-0.4022884292366435,-1.1759368687230631
2023-09-20,4402.2001953125,4461.02978515625,4401.3798828125,4452.81005859375,3308450000,-0.0093947947580596,-1,0,-41.75,59.64990234375,0.008215290228607112,0.007566417684308964,4461.505517578125,4483.552607421875,4188.016600341797,4454.222480859307,4458.956525380769,-4.734044521461328,0.770295321953329,-5.504339843414657,30.861207508609425,4461.505517578125,4539.715471714516,4383.295563441735,156.41990827278096,3619722500.0,0.9140065295060602,-65.23974609375,-63.27978515625,14.650390625,-1.4603385148858652,-1.4170880942927753
2023-09-21,4330.0,4375.7001953125,4329.169921875,4374.35986328125,3662340000,-0.01640093410321941,-1,0,-72.2001953125,46.5302734375,0.007071411331211985,0.00797279341317107,4456.205029296875,4480.709404296875,4189.308100585938,4435.111329957876,4449.404190167378,-14.292860209502578,-2.242335784337852,-12.050524425164726,25.27964692198151,4456.205029296875,4553.685445320889,4358.7246132728615,194.96083204802744,3610976000.0,1.0142244091348156,-175.10009765625,-121.14013671875,-106.009765625,-3.8867082608740415,-2.7215529728985564
2023-09-22,4320.06005859375,4357.39990234375,4316.490234375,4341.740234375,3349570000,-0.002295598477193961,-1,0,-9.93994140625,40.90966796875,0.006952898700007358,0.007440902567306691,4453.392529296875,4476.9098046875,4190.914200439453,4417.411134363395,4439.8231433841465,-22.41200902075161,-6.276270431620604,-16.13573858913101,22.906110242863093,4453.392529296875,4563.062458239779,4343.722600353972,219.33985788580685,3592281000.0,0.9324354080318327,-130.259765625,-137.43017578125,-56.25,-2.9269753808731487,-3.083129037982504
2023-09-25,4337.43994140625,4338.509765625,4302.7001953125,4310.6201171875,3195650000,0.0040230650909416354,1,1,17.3798828125,35.8095703125,0.007839713417501452,0.007324512692178191,4449.979028320313,4473.550205078125,4192.895100097656,4405.10787390845,4432.239202496895,-27.131328588445285,-10.447282062985542,-16.684046525459742,27.838464264522784,4449.979028320313,4569.688262698292,4330.269793942333,239.4184687559591,3587254500.0,0.8908344807986163,-116.08984375,-150.02001953125,-68.27001953125,-2.606692878465324,-3.3430943303594063
2023-09-26,4273.52978515625,4313.009765625,4265.97998046875,4312.8798828125,3472340000,-0.014734533990868215,-1,0,-63.91015625,47.02978515625,0.008583162672391618,0.007757590741978507,4441.990014648438,4468.565,4194.593149414062,4384.865091023496,4420.482949360551,-35.61785833705562,-15.481397317799559,-20.136461019256064,25.527165062179094,4441.990014648438,4585.369469133754,4298.610560163122,286.75890897063255,3613010000.0,0.96106570421892,-170.42041015625,-188.3701171875,-159.7802734375,-3.8348856910235014,-4.221746818850706
2023-09-27,4274.509765625,4292.06982421875,4238.6298828125,4282.6298828125,3875880000,0.00022931406074522265,1,1,0.97998046875,53.43994140625,0.009183209971369026,0.006771629606017708,4430.834008789063,4462.955595703125,4196.14814819336,4367.887348654496,4409.670120935695,-41.78277228119896,-20.741672310479437,-21.04109997071952,26.686156150466033,4430.834008789063,4589.853128724774,4271.8148888533515,318.0382398714228,3639063000.0,1.0650763671857288,-127.6904296875,-192.93017578125,-223.1201171875,-2.900604789020405,-4.318584655007581
2023-09-28,4299.7001953125,4317.27001953125,4264.3798828125,4269.64990234375,3846230000,0.005893173970516585,1,1,25.1904296875,52.89013671875,0.008121944269290334,0.006888000242266604,4420.075512695313,4457.6351953125,4197.974749755859,4357.397017371112,4401.524200519162,-44.12718314804988,-25.41877447799353,-18.70840867005635,30.159702746111194,4420.075512695313,4584.188911973487,4255.962113417138,328.2267985563485,3678169000.0,1.045691483996521,-30.2998046875,-205.39990234375,-215.169921875,-0.6997645424364896,-4.559274997032985
2023-09-29,4288.0498046875,4333.14990234375,4274.85986328125,4328.18017578125,3865960000,-0.002709582086142026,-1,0,-11.650390625,58.2900390625,0.008135749195367754,0.0068855300778894665,4409.094995117188,4452.6987890625,4199.462198486328,4346.728215419787,4393.118689716816,-46.39047429702896,-29.61311444180062,-16.77735985522834,23.71555086436598,4409.094995117188,4577.855815975848,4240.334174258528,337.52164171731965,3674149000.0,1.0522055583483414,-32.01025390625,-162.27001953125,-219.6103515625,-0.7409677984122717,-3.6462552342456953
2023-10-02,4288.39013671875,4300.580078125,4260.2099609375,4284.52001953125,3938660000,7.936755559079245e-05,1,1,0.34033203125,40.3701171875,0.0076478596093609635,0.006839977285759561,4397.726000976562,4447.739794921875,4200.805899658203,4337.753126388859,4385.361019124367,-47.60789273550836,-33.212070100542164,-14.395822634966194,25.50067565704201,4397.726000976562,4566.863777934052,4228.588224019072,338.27555391498026,3708769000.0,1.061985796365317,-49.0498046875,-165.1396484375,-227.3798828125,-1.130846890103508,-3.7080620632181573
2023-10-03,4229.4501953125,4281.14990234375,4216.4501953125,4269.75,3953830000,-0.013744071674259506,-1,0,-58.93994140625,64.69970703125,0.0072458583291523625,0.0072794593376102525,4384.357006835938,4441.23599609375,4201.976550292969,4321.091136992496,4373.812069212377,-52.720932219880524,-37.11384252440983,-15.607089695470691,20.79960890648384,4384.357006835938,4562.53880025277,4206.175213419106,356.36358683366416,3730148000.0,1.0599659852638554,-44.07958984375,-214.5,-267.3798828125,-1.031456244832007,-4.826786767913278
2023-10-04,4263.75,4268.5,4220.47998046875,4233.830078125,3777600000,0.008109754957160709,1,1,34.2998046875,48.02001953125,0.008596810430653875,0.007623226326030961,4374.2705078125,4435.161796875,4203.816550292969,4312.269423609035,4365.659323344793,-53.38989973575826,-40.36905396667952,-13.02084576907874,20.141089596363912,4374.2705078125,4555.92195754133,4192.61905808367,363.3028994576598,3748085500.0,1.0078745535554086,-10.759765625,-138.4501953125,-201.72998046875,-0.2517192898125653,-3.145022697057779
2023-10-05,4258.18994140625,4267.1298828125,4225.91015625,4259.31005859375,3581470000,-0.001304030159777203,-1,0,-5.56005859375,41.2197265625,0.007832700478105449,0.007622905763952857,4364.622998046875,4428.990595703125,4205.8456994628905,4303.949503270144,4357.698628386383,-53.74912511623825,-43.045068196591274,-10.704056919646973,22.93416682945889,4364.622998046875,4549.550410720484,4179.695585373266,369.85482534721814,3738971000.0,0.9578758433804381,-41.51025390625,-71.81005859375,-192.9501953125,-0.9654220531818511,-1.6584309144053118
2023-10-06,4308.5,4324.10009765625,4219.5498046875,4234.7900390625,3902030000,0.011814893014644445,1,1,50.31005859375,104.55029296875,0.00988754148359365,0.00821306878734901,4357.173486328125,4424.412392578125,4208.299899902344,4304.649579690123,4354.054285542947,-49.40470585282401,-44.31699572783782,-5.087710124986188,31.96284974112143,4357.173486328125,4538.314179324266,4176.032793331985,362.2813859922808,3771108000.0,1.0347171176216645,20.4501953125,-11.56005859375,-148.990234375,0.47691132901825867,-0.2675902287690182
2023-10-09,4335.66015625,4341.72998046875,4283.7900390625,4289.02001953125,3174630000,0.00630385429964031,1,1,27.16015625,57.93994140625,0.010132844263833297,0.00819101611271172,4349.58349609375,4419.48099609375,4210.870100097656,4309.420437622412,4352.691757447173,-43.27131982476112,-44.10786054722249,0.8365407224613648,37.09638756103352,4349.58349609375,4520.150886387739,4179.016105799761,341.13478058797773,3761343500.0,0.8440149111613975,47.27001953125,-1.77978515625,-151.7998046875,1.1022788977734783,-0.04103307896576828
2023-10-10,4358.240234375,4385.4599609375,4339.64013671875,4339.75,3520240000,0.005207990781392224,1,1,22.580078125,45.81982421875,0.004804399027977103,0.00827262860814771,4344.4005126953125,4414.8666015625,4213.2691015625,4316.931175584348,4353.102755738123,-36.17158015377481,-42.52060446853295,6.3490243147581396,44.5110620116473,4344.4005126953125,4506.696903138794,4182.104122251831,324.59278088696374,3765568500.0,0.9348495452944223,128.7900390625,84.71044921875,-103.65966796875,3.045077565997538,1.982212678451071
2023-10-11,4376.9501953125,4378.64013671875,4345.33984375,4366.58984375,3601660000,0.00429300817103373,1,1,18.7099609375,33.30029296875,0.004692559933758668,0.008346708579865712,4339.876025390625,4410.871005859375,4216.041903076172,4326.164870927141,4354.869232743633,-28.704361816491655,-39.75735593812469,11.052994121633034,56.766109919555944,4339.876025390625,4492.486243218321,4187.265807562929,305.22043565539207,3769180000.0,0.9555553197247146,113.2001953125,102.4404296875,-90.48974609375,2.654944481090589,2.3965421838853045
2023-10-12,4349.60986328125,4385.85009765625,4325.43017578125,4380.93994140625,3713140000,-0.00624643434611849,-1,0,-27.34033203125,60.419921875,0.006567678674074786,0.008116991989586259,4332.101513671875,4407.595400390625,4218.565852050781,4329.771792827773,4354.479649820493,-24.707856992719826,-36.74745614904372,12.039599156323895,54.055122542187526,4332.101513671875,4463.6620390068565,4200.540988336894,263.12105066996264,3772401000.0,0.9842909065075531,91.419921875,49.90966796875,-155.490234375,2.1469197741989157,1.1607708840528261
2023-10-13,4327.77978515625,4377.10009765625,4311.97021484375,4360.490234375,3566560000,-0.005018858888767519,-1,0,-21.830078125,65.1298828125,0.006028619902650267,0.007783989615494178,4325.97451171875,4404.113193359375,4221.058500976563,4329.4653301090775,4352.501882067587,-23.036551958509335,-34.005275310936845,10.96872335242751,48.690332130288915,4325.97451171875,4445.18782915356,4206.76119428394,238.4266348696201,3604117500.0,0.9895792798098286,19.27978515625,39.72998046875,-122.5400390625,0.44748253815132877,0.9265279620894096
2023-10-16,4373.6298828125,4383.330078125,4342.3701171875,4342.3701171875,3409960000,0.01059436938392988,1,1,45.85009765625,40.9599609375,0.007183428692222426,0.008223980525784547,4321.979516601563,4402.0251953125,4224.010550537109,4336.259876678835,4354.066919159803,-17.80704248096754,-30.765628744942987,12.958586263975448,64.2697742924801,4321.979516601563,4427.797243102075,4216.16179010105,211.63545300102487,3616554000.0,0.9428754554750185,37.9697265625,85.23974609375,-79.89990234375,0.8757542149092419,1.9876863665900266
2023-10-17,4373.2001953125,4393.56982421875,4337.5400390625,4345.22998046875,3794850000,-9.824505308242415e-05,-1,0,-0.4296875,56.02978515625,0.0069354818116689355,0.008219993802764208,4318.4420166015625,4399.120400390625,4226.630151367188,4341.943002622475,4355.484198874818,-13.54119625234216,-27.320742246422824,13.779545994080664,64.09092683688607,4318.4420166015625,4410.989633632109,4225.894399571016,185.09523406109292,3625552500.0,1.046695641560838,14.9599609375,143.75,-70.75,0.34325691409815906,3.3987869193806355
2023-10-18,4314.60009765625,4364.2001953125,4303.83984375,4357.35009765625,3686030000,-0.013399820506516447,-1,0,-58.60009765625,60.3603515625,0.008886230060364446,0.008485658545407046,4314.06201171875,4395.4248046875,4229.005651855468,4337.736401858441,4352.455746932702,-14.719345074260673,-24.800462811990393,10.08111773772972,51.9421090483252,4314.06201171875,4397.790496113433,4230.333527324067,167.45696878936542,3644431500.0,1.0114142631024894,-62.35009765625,50.85009765625,-87.60009765625,-1.424510101189269,1.192614427587218
2023-10-19,4278.0,4339.5400390625,4269.68994140625,4321.35986328125,3969730000,-0.008482848196321058,-1,0,-36.60009765625,69.85009765625,0.009153219531646044,0.007891763200219204,4311.46201171875,4391.63060546875,4231.274952392578,4328.546186187912,4346.940506419169,-18.394320231256643,-23.519234295843646,5.124914064587003,48.77006664180746,4311.46201171875,4396.328383385154,4226.5956400523455,169.73274333280824,3659801000.0,1.084684659083923,-71.60986328125,19.81005859375,-52.0,-1.6463514092555669,0.4652225209852383
2023-10-20,4224.16015625,4276.56005859375,4223.02978515625,4273.85009765625,4004030000,-0.012585283719027562,-1,0,-53.83984375,53.5302734375,0.010089894396692676,0.008332960465406006,4306.667016601563,4386.73720703125,4233.130903320312,4312.486796966695,4337.845665665896,-25.358868699201594,-23.887161176515235,-1.4717075226863585,43.0494600429683,4306.667016601563,4399.91120979894,4213.422823404186,186.48838639475434,3692524000.0,1.0843612661691568,-103.61962890625,-84.33984375,-95.89990234375,-2.394290699856137,-1.9575221944992456
2023-10-23,4217.0400390625,4255.83984375,4189.22021484375,4210.39990234375,3776100000,-0.0016855698941634634,-1,0,-7.1201171875,66.61962890625,0.006122008246867067,0.00824596403423827,4300.647021484375,4381.79701171875,4235.175603027344,4297.80268036605,4328.897100732312,-31.094420366262057,-25.3286130144646,-5.765807351797456,48.48741656271722,4300.647021484375,4400.815293918342,4200.478749050408,200.3365448679342,3721546500.0,1.014658825302868,-156.58984375,-118.6201171875,-120.39990234375,-3.5803176753791424,-2.7359182434191736
2023-10-24,4247.68017578125,4259.3798828125,4219.43017578125,4235.7900390625,3821820000,0.007265792222727274,1,1,30.64013671875,39.94970703125,0.008640543413471823,0.007826647372922213,4299.354541015625,4376.9562109375,4236.938603515625,4290.0915258145415,4322.881032217419,-32.78950640287712,-26.820791692147107,-5.968714710730016,48.02373606418969,4299.354541015625,4401.640749823991,4197.068332207258,204.57241761673322,3739020500.0,1.0221447034056113,-125.52001953125,-110.56005859375,-25.849609375,-2.8702097760306304,-2.5368050554378176
2023-10-25,4186.77001953125,4232.419921875,4181.419921875,4232.419921875,3869370000,-0.014339628627712542,-1,0,-60.91015625,51.0,0.008855358607863437,0.008431903549523391,4294.967553710938,4371.9344140625,4238.412003173828,4274.195909463266,4312.798734981406,-38.60282551813998,-29.177198457345686,-9.425627060794294,42.26924760098688,4294.967553710938,4408.633568532082,4181.301538889794,227.33202964228803,3738695000.0,1.0349520354027275,-127.830078125,-190.18017578125,-87.73974609375,-2.9627329354217338,-4.345038606674659
2023-10-26,4137.22998046875,4183.60009765625,4127.89990234375,4175.990234375,4277640000,-0.011832519778109618,-1,0,-49.5400390625,55.7001953125,0.009212902261055936,0.008598861936644123,4286.84404296875,4366.592412109375,4239.501903076172,4253.124228079494,4299.793642054543,-46.66941397504888,-32.675641560886326,-13.993772414162557,31.430153625916816,4286.84404296875,4420.543422548864,4153.144663388635,267.398759160229,3760265500.0,1.1375898856078115,-140.77001953125,-212.3798828125,-162.47021484375,-3.290556791286816,-4.882734072436678
2023-10-27,4117.3701171875,4156.7001953125,4103.77978515625,4152.93017578125,4019500000,-0.004800280229768528,-1,0,-19.85986328125,52.92041015625,0.008592965408236486,0.008622040908292704,4278.31005859375,4361.5326171875,4240.240703125,4232.2389802499565,4286.280788360687,-54.041808110730926,-36.94887487085525,-17.092933239875677,25.951332241690565,4278.31005859375,4431.98238212846,4124.63773505904,307.3446470694198,3767942500.0,1.0667625633883744,-106.7900390625,-210.40966796875,-170.6796875,-2.5280774192355175,-4.861838596557735
2023-10-30,4166.81982421875,4177.47021484375,4132.93994140625,4139.39013671875,3911140000,0.012010022325859904,1,1,49.44970703125,44.5302734375,0.011601146284266518,0.009168410621983234,4272.23154296875,4357.474814453125,4241.158952636719,4222.174494706694,4277.431828053877,-55.2573333471837,-40.610566566120944,-14.646766781062759,30.09024748226284,4272.23154296875,4433.647394723782,4110.815691213717,322.8317035100645,3766566500.0,1.0383833658585346,-50.22021484375,-206.81005859375,-121.5703125,-1.1908877880826234,-4.728567897491112
2023-10-31,4193.7998046875,4195.5498046875,4153.1201171875,4171.330078125,4249470000,0.006474957307233353,1,1,26.97998046875,42.4296875,0.011441750255582805,0.008844290919691094,4270.4490234375,4353.35541015625,4242.1325012207035,4217.809157780664,4271.236863360072,-53.42770557940821,-43.173994368778395,-10.253711210629817,31.272592196131214,4270.4490234375,4434.617975585495,4106.280071289505,328.3379042959896,3781348500.0,1.1237975023989457,-53.88037109375,-179.400390625,-35.650390625,-1.268465818141313,-4.102267964254044
2023-11-01,4237.85986328125,4245.64013671875,4197.740234375,4201.27001953125,4224900000,0.010505999486313922,1,1,44.06005859375,47.89990234375,0.010356737299913758,0.008980618275464067,4269.154516601562,4350.361611328125,4243.366950683594,4220.893881703831,4268.7644929838625,-47.87061128003188,-44.11331775102909,-3.757293529002787,38.95117669890913,4269.154516601562,4433.952973748286,4104.356059454838,329.5969142934482,3803713500.0,1.1107303428609963,51.08984375,-76.740234375,-25.89013671875,1.220268691895334,-1.7786175459618228
2023-11-02,4317.77978515625,4319.72021484375,4268.259765625,4268.259765625,4669780000,0.01885855702012762,1,1,79.919921875,51.46044921875,0.008726137603392544,0.009938570726717258,4272.134008789062,4347.99701171875,4245.311549072266,4235.7994053118955,4272.395255367002,-36.595850055106894,-42.60982421184465,6.01397415673776,49.113160388061615,4272.134008789062,4438.24726874276,4106.020748835364,332.2265199073954,3858129000.0,1.210374251353441,180.5498046875,39.77978515625,59.58984375,4.364026306003024,0.9298687507304816
2023-11-03,4358.33984375,4373.6201171875,4334.22998046875,4334.22998046875,4570960000,0.009393730253031363,1,1,40.56005859375,39.39013671875,0.004611690717476228,0.009810517819802786,4274.626000976563,4347.637607421875,4247.608997802734,4254.651780456219,4278.76152117315,-24.1097407169309,-38.9098075128619,14.800066795931002,48.63117531656857,4274.626000976563,4444.489371485067,4104.762630468059,339.72674101700795,3891575500.0,1.1745782652809897,240.9697265625,134.1796875,49.83984375,5.8525155549315055,3.1764820114945183
2023-11-06,4365.97998046875,4372.2099609375,4347.52978515625,4364.27001953125,3656340000,0.0017529924220356374,1,1,7.64013671875,24.68017578125,0.006279333898622325,0.009724168060432177,4276.1419921875,4346.8430078125,4249.575847167969,4271.779195842762,4285.222147787639,-13.442951944876768,-33.81643639926488,20.373484454388112,49.36185638639905,4276.1419921875,4448.816830457222,4103.467153917779,345.34967653944295,3915661000.0,0.9337733782367779,199.16015625,148.93994140625,30.31982421875,4.779668059857643,3.5318597885392897
2023-11-07,4378.3798828125,4386.259765625,4355.41015625,4366.2099609375,3791230000,0.0028401189192852616,1,1,12.39990234375,30.849609375,0.006883565220930788,0.009676763368637969,4277.148974609375,4345.744404296875,4251.368696289062,4288.179301530415,4292.1227207524435,-3.9434192220287514,-27.841832963817655,23.898413741788904,56.13833757684612,4277.148974609375,4452.060100042725,4102.237849176025,349.8222508667004,3929210500.0,0.9648834034216288,184.580078125,130.69970703125,20.1396484375,4.401261069226311,3.076966758854701
2023-11-08,4382.77978515625,4391.2001953125,4359.759765625,4384.3701171875,3729510000,0.0010049156221052513,1,1,4.39990234375,31.4404296875,0.00753106399322076,0.009632737669674108,4277.440454101563,4343.44740234375,4253.197845458984,4302.733222088235,4298.838058856429,3.8951632318066913,-21.49443372469279,25.38959695649948,60.75061796677659,4277.440454101563,4453.069799946297,4101.811108256828,351.25869168946883,3935603000.0,0.9476336917112829,144.919921875,196.009765625,5.82958984375,3.4196487507916977,4.681646345765732
2023-11-09,4347.35009765625,4393.39990234375,4343.93994140625,4391.41015625,3900780000,-0.008083839306732843,-1,0,-35.4296875,49.4599609375,0.0062489173732181895,0.009705048078649001,4277.327465820313,4340.097001953125,4254.85349609375,4309.597356791007,4302.431543211971,7.165813579035785,-15.762384263947077,22.92819784298286,63.13578603954695,4277.327465820313,4452.764122940617,4101.890808700008,350.87331424060903,3944985000.0,0.98879463420013,29.5703125,210.1201171875,-2.259765625,0.6848499453737177,5.078763283149498
2023-11-10,4415.240234375,4418.02978515625,4353.33984375,4364.14990234375,3665080000,0.015616441094852496,1,1,67.89013671875,64.68994140625,0.008468886016455,0.010224304882439125,4281.70048828125,4338.248603515625,4256.627547607422,4325.850107188544,4310.787742557381,15.062364631163291,-9.597434484925003,24.659799116088294,68.70943892977772,4281.70048828125,4466.540462789793,4096.860513772706,369.679949017087,3949911000.0,0.9278892613023433,56.900390625,297.8701171875,87.46044921875,1.3055519455784752,7.2344751312026725
2023-11-13,4411.5498046875,4421.759765625,4393.81982421875,4406.66015625,3326240000,-0.0008358389332403515,-1,0,-3.6904296875,27.93994140625,0.008613514810209858,0.009979273219309704,4283.596484375,4336.16419921875,4258.332496337891,4339.034676034537,4318.251599011463,20.78307702307393,-3.5213321833252174,24.304409206399146,66.29797657516431,4283.596484375,4473.125297463533,4094.0676712864674,379.05762617706523,3945725000.0,0.8429984350151113,45.56982421875,244.72998046875,37.919921875,1.0437478967518634,5.873303641455991
2023-11-14,4495.7001953125,4508.669921875,4458.97021484375,4458.97021484375,4700350000,0.019075017703661823,1,1,84.150390625,49.69970703125,0.011525929260376575,0.010807479414205047,4289.721484375,4336.1416015625,4260.722147216797,4363.137063615763,4331.395939478207,31.741124137555744,3.5311590808509754,28.209965056704768,79.36764925681427,4289.721484375,4498.393682046871,4081.049286703129,417.3443953437418,3991000000.0,1.1777374091706339,117.3203125,301.900390625,122.5,2.679537080840003,7.198731572440808
2023-11-15,4502.8798828125,4521.169921875,4495.31005859375,4505.2998046875,4347170000,0.0015970120755575135,1,1,7.1796875,25.85986328125,0.011472978068522738,0.010228598601187718,4299.135473632812,4336.889599609375,4262.853546142578,4384.635958876799,4344.098453799265,40.53750507753375,10.932428280187532,29.60507679734622,87.80422300145491,4299.135473632812,4528.495912765749,4069.7750344998744,458.72087826587494,4024057000.0,1.0802953337887609,120.10009765625,265.02001953125,188.27978515625,2.740272236880556,6.253628672989031
2023-11-16,4508.240234375,4511.990234375,4487.830078125,4497.080078125,3964520000,0.0011904273935798848,1,1,5.3603515625,24.16015625,0.009271636385478848,0.009921586809767352,4310.647485351563,4338.0316015625,4264.798697509766,4403.652001261137,4356.257104212283,47.394897048854546,18.224922033920933,29.169975014933613,91.66078577093859,4310.647485351563,4557.951716008787,4063.343254694339,494.60846131444805,4023796500.0,0.9852685144489787,160.89013671875,190.46044921875,230.240234375,3.7008783075807337,4.4110737160222655
2023-11-17,4514.02001953125,4520.1201171875,4499.66015625,4509.5498046875,3777240000,0.0012820490603360213,1,1,5.77978515625,20.4599609375,0.008225430300595384,0.009261906888283034,4325.140478515625,4339.162197265625,4266.4699987792965,4420.631696379616,4367.9432460877615,52.68845029185468,25.117627685507685,27.570822606346994,90.8047955817845,4325.140478515625,4584.770360595173,4065.5105964360764,519.2597641590964,4012457000.0,0.9413783125900166,98.77978515625,155.68017578125,289.85986328125,2.2372459914456453,3.5720063455928153
2023-11-20,4547.3798828125,4557.10986328125,4510.35986328125,4511.7001953125,3644790000,0.007390278097329839,1,1,33.35986328125,46.75,0.007707287374155059,0.009223711646527718,4341.657470703125,4340.360595703125,4268.524498291015,4440.131417369291,4381.2348488081125,58.896568561178356,31.87341586064182,27.023152700536535,90.94064914153384,4341.657470703125,4614.048399766048,4069.266541640202,544.7818581258457,4005891500.0,0.9098573937911199,135.830078125,181.39990234375,330.33984375,3.078965083442411,4.154849613494429
2023-11-21,4538.18994140625,4542.14013671875,4525.509765625,4538.77001953125,3511080000,-0.0020209310950652926,-1,0,-9.18994140625,16.63037109375,0.0034092984743856664,0.009274639216852381,4356.182958984375,4341.886396484375,4270.660047607422,4455.217344144207,4392.861151963531,62.35619218067677,37.96997112464881,24.386221056027964,87.82969270094003,4356.182958984375,4638.28348996525,4074.082428003499,564.2010619617508,3990354500.0,0.8798917489661633,42.48974609375,159.81005859375,290.509765625,0.9451196531755494,3.6499815655806978
2023-11-22,4556.6201171875,4568.43017578125,4545.0498046875,4553.0400390625,3042810000,0.00406112922094648,1,1,18.43017578125,23.38037109375,0.0035326284152808122,0.008287170865258823,4374.675463867187,4343.67,4272.623148193359,4470.817770766253,4404.991445683824,65.82632508242841,43.54124191620473,22.28508316622368,85.59888096905053,4374.675463867187,4658.5001785290115,4090.8507492053627,567.6494293236487,3949026500.0,0.7705215449934306,53.740234375,173.84033203125,369.85009765625,1.1934636449026002,3.9664400347016846
2023-11-24,4559.33984375,4560.31005859375,4552.7998046875,4555.83984375,1639500000,0.0005968736678840791,1,1,2.7197265625,7.51025390625,0.003592093763951745,0.007438319380919724,4395.78095703125,4344.754794921875,4274.830548095703,4484.436551225291,4416.424660355393,68.0118908698978,48.43537170694335,19.576519162954447,83.76787864668611,4395.78095703125,4667.79294007934,4123.76897398316,544.0239660961797,3817119500.0,0.42951235873018906,51.099609375,211.98974609375,422.10986328125,1.1334713040660354,4.876298005261601
2023-11-27,4550.43017578125,4560.52001953125,4546.31982421875,4554.85986328125,3403990000,-0.001954157460090089,-1,0,-8.90966796875,14.2001953125,0.004072248940840933,0.007268345377702027,4417.4339599609375,4346.757001953125,4277.175198974609,4494.589416541592,4426.350994831382,68.23842171020988,52.39598170759666,15.842440002613216,80.8559022162104,4417.4339599609375,4663.87460052527,4170.993319396605,492.88128112866434,3786344000.0,0.8990176275584046,36.41015625,135.18994140625,433.06005859375,0.8066015678366653,3.061893220525674
2023-11-28,4554.89013671875,4568.14013671875,4540.509765625,4545.5498046875,3586240000,0.0009801185306033133,1,1,4.4599609375,27.63037109375,0.002507958296451153,0.00712858490257217,4436.837475585938,4348.784208984375,4279.4973498535155,4503.866450415001,4435.872412748965,67.99403766603609,55.515592899284556,12.478444766751537,80.33346479487804,4436.837475585938,4660.226928478003,4213.448022693872,446.778905784131,3770099000.0,0.9512323151195764,7.51025390625,143.34033203125,388.0703125,0.16515563027043603,3.249205797902213
2023-11-29,4550.580078125,4587.64013671875,4547.14990234375,4571.83984375,4418760000,-0.0009462486392383118,-1,0,-4.31005859375,40.490234375,0.002292638321342751,0.007212276569487237,4454.676489257812,4350.916806640625,4281.563800048828,4511.0531623703855,4444.369276850894,66.68388551949192,57.74925142332603,8.934634096165894,78.84555659824638,4454.676489257812,4651.783987783839,4257.568990731786,394.21499705205315,3778563500.0,1.1694285407668814,12.39013671875,54.8798828125,356.7802734375,0.27301935085843204,1.2207193635759168
2023-11-30,4567.7998046875,4569.89013671875,4537.240234375,4554.8701171875,5399300000,0.0037840728581564065,1,1,17.2197265625,32.64990234375,0.002187421271183983,0.0070536675002017876,4471.173486328125,4354.228798828125,4283.722149658203,4519.783415034557,4453.5122789128645,66.2711361216925,59.453628362999325,6.817507758693182,90.42724848536946,4471.173486328125,4645.8240579693165,4296.522914686934,349.3011432823823,3837283500.0,1.4070630955466283,11.1796875,64.919921875,329.93994140625,0.24535043985410135,1.441742253058969
2023-12-01,4594.6298828125,4599.39013671875,4554.7099609375,4559.43017578125,4397120000,0.005873742123607695,1,1,26.830078125,44.68017578125,0.0032604040408007622,0.006129731008692211,4485.0159912109375,4359.521396484375,4285.957298583984,4531.298256231164,4463.965434757281,67.33282147388218,61.0294669851759,6.303354488706276,88.73003356553713,4485.0159912109375,4652.201964416581,4317.830018005294,334.37194641128735,3823650500.0,1.1499795810312685,35.2900390625,86.3896484375,276.85009765625,0.7740164206201041,1.9162609787026275
2023-12-04,4569.77978515625,4572.3701171875,4546.72021484375,4564.3701171875,4369910000,-0.005408509126972105,-1,0,-24.85009765625,25.64990234375,0.004366317808915402,0.006226479305549589,4495.58798828125,4364.515791015625,4288.354147949219,4537.218491450408,4471.8035347868345,65.41495666357332,61.90656492085539,3.508391742717933,81.30173811073911,4495.58798828125,4655.634476765575,4335.541499796925,320.09297696864996,3813598000.0,1.145875889383202,19.349609375,55.759765625,211.43994140625,0.4252259374945342,1.2352573844098784
2023-12-05,4567.18017578125,4578.56005859375,4551.68017578125,4557.25,3909950000,-0.0005688697261614362,-1,0,-2.599609375,26.8798828125,0.004410098295791771,0.006260529735490308,4505.647998046875,4369.110595703125,4290.794598388672,4541.82798134746,4478.868471156791,62.95951019066888,62.11715397481809,0.842356215850792,70.87631732812343,4505.647998046875,4656.41711568182,4354.8788804119295,301.5382352698907,3826278500.0,1.0218675927536378,12.2900390625,19.80029296875,201.2001953125,0.26982075733122934,0.4354220117740362
2023-12-06,4549.33984375,4590.740234375,4546.5,4586.22998046875,4245680000,-0.003906202808869552,-1,0,-17.84033203125,44.240234375,0.004838487985352207,0.006408403244668361,4514.19599609375,4374.626796875,4293.5545971679685,4542.983652486312,4484.088572830362,58.89507965595021,61.47273911104452,-2.577659455094306,62.77359524014091,4514.19599609375,4653.535975067892,4374.856017119609,278.6799579482831,3849001000.0,1.1030602486203562,-1.240234375,11.14990234375,170.9599609375,-0.027254423693407907,0.24569051731437616
2023-12-07,4585.58984375,4590.919921875,4565.22021484375,4568.83984375,3818880000,0.007968189065892917,1,1,36.25,25.69970703125,0.005909593502390481,0.006542878128809805,4524.336499023438,4380.8483984375,4296.527296142578,4549.538451142264,4491.607185491076,57.93126565118837,60.76444441907329,-2.833178767884924,68.17860503545937,4524.336499023438,4652.476641269172,4396.196356777703,256.2802844914695,3853469500.0,0.9910238033543538,17.7900390625,28.9697265625,202.81005859375,0.38946625997583717,0.6357722570118726
2023-12-08,4604.3701171875,4609.22998046875,4574.06005859375,4576.2001953125,3707010000,0.00409549786994079,1,1,18.7802734375,35.169921875,0.0055710989068001775,0.006077288836701853,4537.1875,4386.941796875,4299.487546386718,4557.974092072301,4499.959995246367,58.01409682593385,60.21437490044541,-2.2002780745115587,70.01113910908757,4537.1875,4639.551901198676,4434.823098801324,204.7288023973524,3843781000.0,0.964417587786609,9.740234375,45.0302734375,257.02001953125,0.21199170822085311,0.9876489794729397
2023-12-11,4622.43994140625,4623.7099609375,4593.39013671875,4593.39013671875,3823210000,0.003924494286698943,1,1,18.06982421875,30.31982421875,0.004602675689697894,0.005301886937993294,4547.5474853515625,4393.629599609375,4302.749545898438,4567.891915046755,4509.032583850802,58.85933119595211,59.94336615954675,-1.0840349635946396,67.83242579827896,4547.5474853515625,4639.3401496018005,4455.7548211013245,183.58532850047595,3851687500.0,0.9926064874162299,52.66015625,72.009765625,207.19970703125,1.1523565407036225,1.5824825971016434
2023-12-12,4643.7001953125,4643.93017578125,4608.08984375,4618.2998046875,3808380000,0.00459935752021523,1,1,21.26025390625,35.84033203125,0.004371095728585293,0.005271421276812677,4559.155004882812,4400.73580078125,4306.056846923828,4579.554727395331,4519.007962477595,60.546764917735345,60.06404591118447,0.4827190065508731,73.70699585949038,4559.155004882812,4636.039439063641,4482.270570701983,153.76886836165795,3875794500.0,0.9826062759519371,76.52001953125,88.81005859375,232.150390625,1.6754324678719443,1.949773889776559
2023-12-13,4707.08984375,4709.68994140625,4643.22998046875,4646.2001953125,5063650000,0.013650676351045998,1,1,63.3896484375,66.4599609375,0.00414459814327074,0.004454330190958705,4569.7244873046875,4410.28859375,4309.741546630859,4599.175514526818,4532.939953682959,66.23556084385928,61.298348897719436,4.93721194613984,78.12631202333621,4569.7244873046875,4665.643533831524,4473.805440777851,191.83809305367322,3893959500.0,1.3003858925600023,157.75,156.509765625,211.3896484375,3.4675360693644595,3.439336588698985
2023-12-14,4719.5498046875,4738.56982421875,4694.33984375,4721.0400390625,6314040000,0.0026470624846992585,1,1,12.4599609375,44.22998046875,0.004456376073604198,0.004451678428172841,4580.5579833984375,4419.40458984375,4313.582346191406,4617.69463609,4546.762905609221,70.93173048077915,63.22502521433138,7.70670526644777,78.89482638974508,4580.5579833984375,4692.323088006562,4468.792878790313,223.5302092162492,3992303000.0,1.5815533039451164,133.9599609375,151.75,216.669921875,2.92132452971307,3.3221683630765377
2023-12-15,4719.18994140625,4725.52978515625,4704.68994140625,4714.22998046875,8218980000,-7.62494933082003e-05,-1,0,-0.35986328125,20.83984375,0.0051827377395944,0.004478154636716206,4591.10546875,4428.62458984375,4317.271545410156,4633.3092984463465,4559.535278631223,73.77401981512321,65.33482413448975,8.43919568063346,81.40538222209298,4591.10546875,4713.449511171139,4468.761426328861,244.68808484227884,4205026000.0,1.9545610419531294,114.81982421875,124.56005859375,210.94970703125,2.4937140433203426,2.710992218539774
2023-12-18,4740.56005859375,4749.52001953125,4725.580078125,4725.580078125,4060340000,0.004528344366900416,1,1,21.3701171875,23.93994140625,0.005159879158702242,0.004498156648804831,4602.432470703125,4437.265791015625,4320.746146240234,4649.809415392101,4572.94452159141,76.86489380069088,67.64083806772999,9.224055732960892,82.50639438661761,4602.432470703125,4736.146065555725,4468.7188758505245,267.42718970520036,4219181000.0,0.9623526461652154,118.1201171875,170.7802734375,226.5400390625,2.55536294002265,3.7371663727043396
2023-12-19,4768.3701171875,4768.68994140625,4743.72021484375,4743.72021484375,4026970000,0.005866407818910568,1,1,27.81005859375,24.9697265625,0.005162109535091562,0.0044225353490741645,4613.481982421875,4445.919990234375,4324.345897216797,4668.049523360624,4587.420491635565,80.62903172505958,70.23847679919591,10.390554925863668,85.23086304295626,4613.481982421875,4763.562295505648,4463.401669338102,300.16062616754607,4238290000.0,0.9501402688348367,124.669921875,201.18994140625,220.990234375,2.6847108260960906,4.405123810816923
2023-12-20,4698.35009765625,4778.009765625,4697.81982421875,4764.72998046875,4201320000,-0.014684266911006771,-1,0,-70.02001953125,80.18994140625,0.008321212423226948,0.005783554780251406,4621.489990234375,4452.7221875,4327.9057971191405,4672.711150175336,4595.637499488949,77.07365068638683,71.60551157663409,5.468139109752741,68.03728255105909,4621.489990234375,4771.746345590582,4471.233634878168,300.51271071241354,4272802000.0,0.9832704628016932,-8.73974609375,149.01025390625,160.16015625,-0.1856719625896773,3.2754258645012886
2023-12-21,4746.75,4748.7099609375,4708.35009765625,4724.2900390625,3431180000,0.010301467821202559,1,1,48.39990234375,40.35986328125,0.009612854361756636,0.006075664013972173,4630.996484375,4460.11818359375,4331.679497070312,4684.101742456053,4606.831018045324,77.2707244107296,72.7385541434532,4.532170267276399,69.83520219628537,4630.996484375,4787.884053601046,4474.108915148955,313.7751384520907,4292220500.0,0.7993950916547741,27.2001953125,161.16015625,190.1298828125,0.5763302950100138,3.5144913030033793
2023-12-22,4754.6298828125,4772.93994140625,4736.77001953125,4753.919921875,3046770000,0.0016600585268868873,1,1,7.8798828125,36.169921875,0.009587132251516731,0.0060668002217753115,4640.760986328125,4468.218583984375,4335.861046142578,4694.952225587815,4617.779082102152,77.17314348566288,73.62547201189514,3.5476714737677355,75.21899993471636,4640.760986328125,4803.085387087879,4478.436585568371,324.6488015195082,4362584000.0,0.6983865525569249,35.43994140625,150.259765625,195.2900390625,0.7509751005209468,3.263416315384819
2023-12-26,4774.75,4784.72021484375,4758.4501953125,4758.85986328125,2513910000,0.0042316894655107795,1,1,20.1201171875,26.27001953125,0.009564863921850136,0.006005710830303652,4651.976977539062,4477.15798828125,4340.426845703125,4707.228806266612,4629.406557501992,77.82224876461987,74.46482736244009,3.3574214021797815,77.02659917375863,4651.976977539062,4818.9539276744135,4485.000027403711,333.95390027070243,4318080000.0,0.582182358826145,34.18994140625,152.31005859375,224.31982421875,0.7212215641961971,3.295014332785768
2023-12-27,4781.580078125,4785.39013671875,4768.89990234375,4773.4501953125,2748450000,0.0014304577464787638,1,1,6.830078125,16.490234375,0.009256472210092953,0.006000846617315062,4663.311474609375,4485.3169921875,4345.055946044922,4718.667463475595,4640.678670140734,77.98879333486093,75.16962055692426,2.8191727779366715,81.13139870978551,4663.311474609375,4833.288486341564,4493.3344628771865,339.9540234643773,4276190500.0,0.6427332926351152,13.2099609375,137.8798828125,226.68994140625,0.27703304510455146,2.969181407354428
2023-12-28,4783.35009765625,4793.2998046875,4780.97998046875,4786.43994140625,2698860000,0.0003701746080437829,1,1,1.77001953125,12.31982421875,0.004006580635088825,0.005968784402984923,4674.949975585938,4493.519990234375,4349.376246337891,4728.618637964926,4651.246924030772,77.37171393415429,75.61003923237027,1.7616747017840169,79.20953599436888,4674.949975585938,4844.301485223025,4505.59846594885,338.70301927417495,4190195500.0,0.6440892793665594,85.0,76.26025390625,232.77001953125,1.8091457263349073,1.6201146873690369
2023-12-29,4769.830078125,4788.43017578125,4751.990234375,4782.8798828125,3126060000,-0.0028264750133749628,-1,0,-13.52001953125,36.43994140625,0.002554397321694635,0.006076828291022755,4685.051489257812,4502.62458984375,4353.7657470703125,4734.958859528015,4660.030861371085,74.92799815692979,75.47363101728217,-0.5456328603523843,74.82447297938803,4685.051489257812,4851.569987545988,4518.532990969637,333.03699657635116,4076533500.0,0.7668427108473412,23.080078125,50.2802734375,202.0302734375,0.48622906462316323,1.0653616450357442
2024-01-02,4742.830078125,4754.330078125,4722.669921875,4745.2001953125,3743050000,-0.005660579005492328,-1,0,-27.0,31.66015625,0.003837851221141204,0.006252985762690637,4692.461499023438,4511.92119140625,4357.678497314453,4736.169816235243,4666.1641366861895,70.00567954905364,74.38004072363647,-4.37436117458283,67.59112734640877,4692.461499023438,4855.184435858128,4529.738562188747,325.4458736693814,4043830000.0,0.9256200186456899,-11.7998046875,23.64013671875,148.2001953125,-0.24817504155591766,0.5009363261972367
2024-01-03,4704.81005859375,4729.2900390625,4699.7099609375,4725.06982421875,3950760000,-0.008016314922730805,-1,0,-38.02001953125,29.580078125,0.003976228319467917,0.00643161716631146,4699.2130126953125,4521.534189453125,4361.619348144532,4731.345238136551,4669.026797568232,62.3184405683196,71.9677206925731,-9.649280124253494,58.51231552557442,4699.2130126953125,4851.365365418597,4547.060659972028,304.30470544656964,4022872500.0,0.9820743759589696,-69.93994140625,-35.75,135.0302734375,-1.4647875052358763,-0.7541303043970918
2024-01-04,4688.68017578125,4726.77978515625,4687.52978515625,4697.419921875,3715480000,-0.0034283812973570083,-1,0,-16.1298828125,39.25,0.003148499640573833,0.006510781252755601,4705.288012695312,4530.9669921875,4365.30489868164,4724.781382389582,4670.482603361788,54.2987790277939,68.43393235961726,-14.13515333182336,47.04679787135716,4705.288012695312,4844.38605893096,4566.189966459665,278.19609247129483,4013149000.0,0.9258265765861173,-92.89990234375,-79.68994140625,121.5,-1.942870365567083,-1.671219713398696
2024-01-05,4697.240234375,4721.490234375,4682.10986328125,4690.56982421875,3844370000,0.0018256861788026324,1,1,8.56005859375,39.38037109375,0.003667882148205845,0.006393076485186971,4712.683032226562,4539.958193359375,4368.776749267578,4720.544282695031,4672.464650103508,48.07963259152348,64.36307240599851,-16.28343981447503,46.37584595322628,4712.683032226562,4831.053969962561,4594.312094490564,236.74187547199654,3993083500.0,0.9627572275911586,-86.10986328125,-1.10986328125,147.900390625,-1.8001998917754773,-0.02362240484811147
2024-01-08,4763.5400390625,4764.5400390625,4699.81982421875,4703.7001953125,3742320000,0.014114629309846638,1,1,66.2998046875,64.72021484375,0.008808259224699166,0.006845974412244485,4721.580541992187,4551.49359375,4372.909599609375,4727.159014443872,4679.210975211581,47.948039232291194,61.080065771257054,-13.13202653896586,55.93344125090312,4721.580541992187,4825.6108187226755,4617.550265261699,208.06055346097673,3989255500.0,0.9380998534688991,-6.2900390625,16.7900390625,177.9501953125,-0.13187134467005138,0.35371652314741664
2024-01-09,4756.5,4765.47021484375,4730.35009765625,4741.93017578125,3529960000,-0.0014779006799081618,-1,0,-7.0400390625,35.1201171875,0.008350656548468472,0.00686649160029576,4729.187036132813,4563.878994140625,4376.948499755859,4731.673012221738,4684.936088158871,46.73692406286682,58.211437429579014,-11.474513366712195,52.21757731461542,4729.187036132813,4818.3112280950645,4640.062844170561,178.2483839245033,3980403000.0,0.8868348255189236,13.669921875,1.8701171875,152.1298828125,0.2882228890731034,0.039332550242454876
2024-01-10,4783.4501953125,4790.7998046875,4756.2001953125,4759.93994140625,3498680000,0.00566597189372442,1,1,26.9501953125,34.599609375,0.006942965517556702,0.0069077832673722864,4737.237548828125,4577.200595703125,4381.01080078125,4739.63873269724,4692.233429429511,47.40530326772932,56.05021059720908,-8.644907329479757,52.102983834724704,4737.237548828125,4813.99164789211,4660.48344976414,153.5081981279709,3964176500.0,0.8825742244322371,78.64013671875,8.7001953125,161.01025390625,1.6714837738264665,0.18221258311953506
2024-01-11,4780.240234375,4798.5,4739.580078125,4792.1298828125,3759890000,-0.0006710555783868699,-1,0,-3.2099609375,58.919921875,0.006355629142596055,0.006893319110332071,4744.06455078125,4589.46900390625,4385.024351806641,4745.885117570741,4698.752452018065,47.13266555267637,54.26670158830254,-7.134036035626167,64.03526243466123,4744.06455078125,4809.197606554175,4678.931495008324,130.26611154585044,3961752000.0,0.9490472901887852,91.56005859375,-1.33984375,136.5400390625,1.9527895945364588,-0.028020941364750553
2024-01-12,4783.830078125,4802.39990234375,4768.97998046875,4791.18017578125,3486340000,0.0007509755941104146,1,1,3.58984375,33.419921875,0.006460269360246081,0.00626911155345517,4747.9015625,4601.269609375,4389.08715209961,4751.722803809858,4705.054498396356,46.66830541350191,52.747022353342416,-6.078716939840504,57.508522974458764,4747.9015625,4812.904738226953,4682.898386773048,130.00635145390515,3882886500.0,0.897873270310631,86.58984375,0.47998046875,76.740234375,1.8434195278394436,0.010034399718832649
2024-01-16,4765.97998046875,4782.33984375,4747.1201171875,4772.35009765625,4260550000,-0.0037313402367431525,-1,0,-17.85009765625,35.2197265625,0.003505959531893335,0.006333588554246065,4750.223071289062,4611.83201171875,4392.778001708984,4753.916215603534,4709.567497068386,44.34871853514778,51.067361589703495,-6.718643054555713,52.20913457426284,4750.223071289062,4814.272279383657,4686.173863194467,128.09841618919017,3780212000.0,1.1270664184971637,2.43994140625,-3.85009765625,46.43017578125,0.05122117975794738,-0.08071771097060668
2024-01-17,4739.2099609375,4744.22998046875,4714.81982421875,4739.1298828125,3928600000,-0.005616897183990499,-1,0,-26.77001953125,29.41015625,0.004358743303236047,0.0064800015589883565,4751.224072265625,4620.260615234375,4396.219901123047,4751.653714885682,4711.763235132765,39.8904797529176,48.83198522234632,-8.94150546942872,43.25718414762937,4751.224072265625,4813.840907757835,4688.607236773415,125.23367098442031,3565693000.0,1.1017774104500864,-17.2900390625,-3.6201171875,20.02001953125,-0.36350339666771786,-0.07632820758636906
2024-01-18,4780.93994140625,4785.7900390625,4740.56982421875,4760.10009765625,4019000000,0.008805260963896,1,1,41.72998046875,45.22021484375,0.005567235630428724,0.006696223421909199,4753.24306640625,4628.7126171875,4399.578050537109,4756.159288196539,4716.887435597468,39.27185259907128,46.919958697691314,-7.648106098620033,49.892752840699934,4753.24306640625,4817.005633147691,4689.48049966481,127.52513348288085,3563626000.0,1.127783892024584,-2.51025390625,76.1298828125,40.3798828125,-0.0524778936490214,1.6181287207002557
2024-01-19,4839.81005859375,4842.06982421875,4785.8701171875,4796.27978515625,4287200000,0.012313502764936146,1,1,58.8701171875,56.19970703125,0.0078075887328898355,0.007113123632443034,4756.8150634765625,4638.18921875,4403.154552001954,4769.028637488417,4725.9928150786745,43.03582240974265,46.143131440101584,-3.107309030358934,57.94002851076569,4756.8150634765625,4831.255773289015,4682.37435366411,148.8814196249059,3576637500.0,1.1986677430966934,59.56982421875,151.1298828125,71.43994140625,1.246168001984079,3.223292635593726
2024-01-22,4850.43017578125,4868.41015625,4844.0498046875,4853.419921875,4297610000,0.0021943252026270788,1,1,10.6201171875,24.3603515625,0.0077530486338247846,0.006114508915724491,4764.4190673828125,4647.630224609375,4406.903702392578,4781.55195107193,4735.210397352939,46.341553718990326,46.18281589587934,0.1587378231109895,61.428094715227076,4764.4190673828125,4844.564935822651,4684.273198942974,160.29173687967705,3581452000.0,1.1999630317536016,66.60009765625,153.18994140625,152.080078125,1.3921919585060514,3.261275424773606
2024-01-23,4864.60009765625,4866.47998046875,4844.3701171875,4856.7998046875,3912800000,0.002921374261968035,1,1,14.169921875,22.10986328125,0.00687453980282656,0.005775802456092734,4770.311572265625,4657.266630859375,4410.774803466797,4794.328589007979,4744.79481959763,49.53376941034912,46.85300659877329,2.680762811575832,67.91736537099224,4770.311572265625,4861.549343404641,4679.0738011266085,182.47554227803266,3605533000.0,1.0852209645564193,98.6201171875,101.06005859375,117.85009765625,2.0692516039020457,2.1215326787436717
2024-01-24,4868.5498046875,4903.68017578125,4865.93994140625,4888.56005859375,4330030000,0.0008119284117831249,1,1,3.94970703125,37.740234375,0.0049209305428735755,0.005775690866009847,4776.007568359375,4667.690625,4414.592452392578,4805.747237574059,4753.961855530213,51.78538204384586,47.83948168778781,3.945900356058047,76.77763493064816,4776.007568359375,4876.842523855177,4675.172612863573,201.6699109916044,3669696000.0,1.179942425748618,129.33984375,112.0498046875,113.919921875,2.729143566460902,2.35571964022916
2024-01-25,4894.16015625,4898.14990234375,4869.33984375,4886.66015625,4020430000,0.005260365527706368,1,1,25.6103515625,28.81005859375,0.004550781521065764,0.0058085929525550145,4781.978076171875,4677.2690234375,4418.517703857422,4819.349225062665,4764.34691484279,55.002310219874744,49.272047394205195,5.7302628256695485,82.59308426183952,4781.978076171875,4895.803457175578,4668.152695168172,227.65076200740623,3745022000.0,1.0735397549066468,113.22021484375,110.7099609375,119.41015625,2.3681580658059422,2.3144374126857064
2024-01-26,4890.97021484375,4906.68994140625,4881.47021484375,4888.91015625,3353400000,-0.0006517852510764532,-1,0,-3.18994140625,25.2197265625,0.0022306193909496248,0.005823862709919567,4787.447583007813,4686.857431640625,4422.42785522461,4830.36783887514,4773.726418546566,56.641420328573986,50.74592198107896,5.895498347495028,81.26188791518075,4787.447583007813,4911.266508737697,4663.628657277928,247.63785145976908,3775269500.0,0.8882544676611829,51.16015625,110.72998046875,109.39013671875,1.0570695054273482,2.3164103693467943
2024-01-29,4927.93017578125,4929.31005859375,4887.39990234375,4892.9501953125,3525160000,0.007556774896180896,1,1,36.9599609375,41.91015625,0.0033106384350333755,0.005992626515843855,4794.676586914063,4695.50203125,4426.6077563476565,4845.377429168388,4785.148919082469,60.22851008591897,52.64243960204696,7.586070483872007,79.30198351567056,4794.676586914063,4933.46552154723,4655.887652280895,277.57786926633526,3816584500.0,0.9236425919562373,77.5,144.10009765625,144.580078125,1.5977964261183746,3.0122327779821427
2024-01-30,4924.97021484375,4931.08984375,4916.27001953125,4925.89013671875,3836130000,-0.0006006499345398986,-1,0,-2.9599609375,14.81982421875,0.0037277644882132066,0.0059282345452498775,4802.43359375,4703.943837890625,4430.501506347657,4857.622473118444,4795.506052101823,62.116421016620734,54.53723588496172,7.579185131659017,80.47247182179326,4802.43359375,4952.276955591564,4652.590231908436,299.68672368312764,3852088000.0,0.9958573116709691,60.3701171875,158.990234375,155.14013671875,1.2410088388680942,3.3359400380729833
2024-01-31,4845.64990234375,4906.75,4845.14990234375,4899.18994140625,4696120000,-0.016105744611597972,-1,0,-79.3203125,61.60009765625,0.009230827406711701,0.006971520340477125,4807.5745849609375,4710.69203125,4434.0415551757815,4855.7805391531065,4799.220411379003,56.56012777410342,54.94181426279006,1.6183135113133602,59.45858449054995,4807.5745849609375,4955.854818664347,4659.294351257528,296.56046740681813,3899741500.0,1.2042131510511658,-22.89990234375,106.43994140625,102.81982421875,-0.4703639330484345,2.245942726394724
2024-02-01,4906.18994140625,4906.97021484375,4853.52001953125,4861.10986328125,4386090000,0.012493688211609788,1,1,60.5400390625,53.4501953125,0.010861952263831015,0.007068381544731258,4817.643579101563,4718.5354296875,4437.815905761719,4863.535831807436,4807.14408026991,56.391751537526034,55.231801717737255,1.1599498197887783,66.30922046801004,4817.643579101563,4963.877083359713,4671.410074843413,292.46700851629976,3921508000.0,1.1184702415499344,12.02978515625,125.25,201.3798828125,0.24579876367322342,2.6197777327267446
2024-02-02,4958.60986328125,4975.2900390625,4907.990234375,4916.06005859375,3974350000,0.01068444607751462,1,1,52.419921875,67.2998046875,0.01170203428025856,0.007188593215066158,4831.140063476562,4726.760029296875,4441.834604492187,4878.16260588033,4818.36376790038,59.798837979950804,56.145208970179965,3.653629009770839,70.09145721986665,4831.140063476562,4977.083067106828,4685.197059846297,291.8860072605312,3934451500.0,1.0101408036164634,67.6396484375,118.7998046875,269.9296875,1.3829495062598915,2.454637749193371
2024-02-05,4942.81005859375,4957.18994140625,4918.08984375,4957.18994140625,4023640000,-0.0031863375266721894,-1,0,-15.7998046875,39.10009765625,0.011597406997249322,0.0073116523359951485,4843.4185546875,4734.852431640625,4445.7760546875,4888.108367836241,4827.582011655444,60.52635618079694,57.02143841230336,3.504917768493577,70.42341529438303,4843.4185546875,4983.11578979834,4703.721319576659,279.39447022168133,3943415000.0,1.020344041902767,14.8798828125,92.3798828125,245.56982421875,0.30194995224624943,1.9045709239102804
2024-02-06,4954.22998046875,4957.77001953125,4934.8798828125,4950.16015625,4440880000,0.0023104108269635937,1,1,11.419921875,22.89013671875,0.011591550337879498,0.006789008698601818,4852.953051757812,4742.80462890625,4449.898254394531,4898.280923625857,4836.963342678652,61.31758094720499,57.88066691928369,3.436914027921297,75.74719673325436,4852.953051757812,4995.691841713972,4710.214261801652,285.4775799123199,3978343000.0,1.1162637309050527,29.259765625,89.6298828125,190.68994140625,0.5941105092739793,1.8424923120748078
2024-02-07,4995.06005859375,4999.89013671875,4969.0498046875,4973.0498046875,4895590000,0.008241457963390042,1,1,40.830078125,30.84033203125,0.006462950301863809,0.006875294766865034,4864.8810546875,4751.519033203125,4454.205954589844,4913.170021313225,4848.674210524216,64.49581078900974,59.2036956932289,5.2921150957808365,75.69481554399287,4864.8810546875,5013.434702889343,4716.327406485658,297.1072964036848,4046624500.0,1.2097959669843348,149.41015625,126.51025390625,238.56005859375,3.0833873528034514,2.598520277731253
2024-02-08,4997.91015625,5000.39990234375,4987.08984375,4995.16015625,4341860000,0.0005705832608251526,1,1,2.85009765625,13.31005859375,0.005669000621795822,0.006845063777216462,4875.604052734375,4760.4686328125,4458.5103051757815,4926.206965149652,4859.728725022422,66.47824012723049,60.65860458002922,5.819635547201273,71.91937080197295,4875.604052734375,5030.2445449011875,4720.963560567562,309.2809843336254,4088783500.0,1.0618953045569666,91.72021484375,103.75,214.4599609375,1.8694794930312144,2.119873414185433
2024-02-09,5026.60986328125,5030.06005859375,5000.33984375,5004.169921875,3912990000,0.0057423415255595245,1,1,28.69970703125,29.72021484375,0.0044523138326190695,0.006852838106828675,4887.922534179687,4769.90302734375,4463.285205078125,4941.653564862206,4872.090290819372,69.56327404283365,62.439538472590115,7.123735570243539,73.2599037154888,4887.922534179687,5049.665400872172,4726.179667487203,323.4857333849686,4096438500.0,0.9552175627682437,68.0,135.6396484375,246.36962890625,1.3713520900997545,2.7732667033187655
2024-02-12,5021.83984375,5048.39013671875,5016.830078125,5026.830078125,3805740000,-0.0009489536011326738,-1,0,-4.77001953125,31.56005859375,0.0037682024732174487,0.006886631248749623,4899.823022460938,4779.32822265625,4468.114454345703,4953.989915460328,4883.182850295715,70.80706516461305,64.1130438109947,6.6940213536183535,71.28774787900582,4899.823022460938,5064.3189093821275,4735.327135539748,328.9917738423792,4112408500.0,0.9254284928163143,79.02978515625,93.90966796875,238.009765625,1.5988837163355272,1.905661497199725
2024-02-13,4953.169921875,4971.2998046875,4920.31005859375,4967.93994140625,4302190000,-0.013674255653625456,-1,0,-68.669921875,50.98974609375,0.008501566238292001,0.007670833571660831,4909.18251953125,4787.035625,4472.203553466797,4953.863762601047,4888.367077820107,65.49668478094009,64.38977200498377,1.1069127759563173,59.74796212007011,4909.18251953125,5062.5377575936855,4755.827281468815,306.7104761248702,4114490500.0,1.045619135589206,-1.06005859375,28.19970703125,187.18994140625,-0.021397040467017264,0.5725863467408739
2024-02-14,5000.6201171875,5002.52001953125,4956.4501953125,4976.43994140625,3845600000,0.009579763275017639,1,1,47.4501953125,46.06982421875,0.00884074913665085,0.007633773109810339,4922.25302734375,4795.1554296875,4476.35925415039,4961.05704792204,4896.682117773247,64.37493014879237,64.3868036337455,-0.0118734849531279,61.67631704657674,4922.25302734375,5058.181095043924,4786.324959643575,271.85613540034865,4110340500.0,0.9355915890666479,5.56005859375,154.97021484375,261.41015625,0.11131114598280352,3.19813065258375
2024-02-15,5029.72998046875,5032.72021484375,4999.43994140625,5003.14013671875,4137970000,0.005821250684729495,1,1,29.10986328125,33.2802734375,0.009192614282404341,0.0075370424333204575,4934.692529296875,4804.35443359375,4480.668553466797,4971.622114467687,4906.537515009951,65.08459945773666,64.52636279854374,0.5582366591929144,64.4001475586941,4934.692529296875,5061.3916516012805,4807.99340699247,253.39824460881027,4116289000.0,1.0052671228866583,31.81982421875,123.5400390625,248.7900390625,0.6366625894416807,2.518044359022309
2024-02-16,5005.56982421875,5038.7001953125,4999.52001953125,5031.1298828125,3833270000,-0.0048034698371121065,-1,0,-24.16015625,39.18017578125,0.009129303520566161,0.007341316741018963,4942.980517578125,4813.1222265625,4485.098502197266,4976.844839044774,4913.87324161801,62.971597426763765,64.21540972418775,-1.243812297423986,58.277148021055446,4942.980517578125,5065.1514623184785,4820.809572837771,244.34188948070732,4093592500.0,0.9364073243733957,-21.0400390625,46.9599609375,165.759765625,-0.4185731464101646,0.9470388320976977
2024-02-20,4975.509765625,4993.7099609375,4955.02001953125,4989.31982421875,4034880000,-0.006005322001165325,-1,0,-30.06005859375,38.68994140625,0.009424497862199645,0.007539188742264241,4949.2344970703125,4821.645625,4489.52230102539,4976.6394431340395,4918.438910062972,58.200533071067184,63.01243439356364,-4.811901322496453,55.093684824898894,4949.2344970703125,5064.041066459706,4834.427927680919,229.61313877878638,4080456000.0,0.9888306601026944,-46.330078125,32.69970703125,125.07958984375,-0.9225717977179366,0.6615610683723744
2024-02-21,4981.7998046875,4983.2099609375,4946.0,4963.02978515625,3788390000,0.001264199922982101,1,1,6.2900390625,37.2099609375,0.0066995280499128175,0.0075295419848768015,4955.094482421875,4829.56982421875,4494.125200195313,4977.433344911495,4923.132309664789,54.301035246705396,61.27015456419199,-6.969119317486594,66.09071299225457,4955.094482421875,5063.497564443199,4846.691400400551,216.80616404264765,4074235500.0,0.9298407026299781,28.6298828125,27.56982421875,117.19970703125,0.5780113192979717,0.5564906015150602
2024-02-22,5087.02978515625,5094.39013671875,5038.830078125,5038.830078125,4051710000,0.02112288421741404,1,1,105.22998046875,55.56005859375,0.010957301152946937,0.008743711776463272,4966.018481445312,4839.223017578125,4498.8790991210935,4994.29433571838,4935.272863404897,59.02147231348317,60.82041811405023,-1.7989458005670542,69.33041884313946,4966.018481445312,5081.502453156915,4850.5345097337095,230.96794342320572,4060319500.0,0.9978796003614987,86.40966796875,91.9697265625,218.47998046875,1.7279790494733562,1.8412136287384713
2024-02-23,5088.7998046875,5111.06005859375,5081.4599609375,5100.919921875,3672790000,0.0003479475462115911,1,1,1.77001953125,29.60009765625,0.01093830062249383,0.008723184555908944,4975.750463867187,4848.55021484375,4503.632497558594,5008.833638636706,4946.645229425831,62.18840921087576,61.09401633341534,1.0943928774604217,65.60619310007363,4975.750463867187,5098.3246145557805,4853.176313178594,245.14830137718673,4042937500.0,0.9084459010311191,59.06982421875,90.8896484375,194.6396484375,1.1744134267272324,1.8185530671022652
2024-02-26,5069.52978515625,5097.66015625,5068.91015625,5093.0,3683930000,-0.003786751350190576,-1,0,-19.27001953125,28.75,0.010779550670536868,0.008800934974553478,4984.678442382812,4857.066806640625,4508.384296875,5018.171507332021,4955.747789109565,62.423718222456046,61.35995671122348,1.0637615112325634,65.0648750563071,4984.678442382812,5107.263494232189,4862.093390533435,245.17010369875425,4059464000.0,0.9074917279719688,63.9599609375,42.919921875,178.5595703125,1.277775821406759,0.8538542485368639
2024-02-27,5078.18017578125,5080.68994140625,5057.2900390625,5074.60009765625,3925950000,0.0017063496993998672,1,1,8.650390625,23.39990234375,0.009744535305800462,0.008697231357539905,4992.190942382813,4864.48861328125,4513.0869970703125,5027.403610170363,4964.816854788949,62.58675538141415,61.605316445261614,0.9814389361525357,64.83330138977837,4992.190942382813,5118.492299804841,4865.889584960784,252.60271484405712,4079503500.0,0.9623597577499321,102.67041015625,56.34033203125,150.25,2.0635153982730254,1.121906189449055
2024-02-28,5069.759765625,5077.3701171875,5058.35009765625,5067.2001953125,3789370000,-0.001658155060430544,-1,0,-8.42041015625,19.02001953125,0.01004254926225907,0.00871412031272212,4999.430419921875,4871.4928125,4517.7826953125,5033.919941778769,4972.590403739768,61.32953803900091,61.550160764009476,-0.2206227250085675,59.691169781870286,4999.430419921875,5126.106344306729,4872.754495537021,253.35184876970743,4077165500.0,0.9294128482152613,87.9599609375,116.58984375,144.78955078125,1.765626166967534,2.353843005367065
2024-02-29,5096.27001953125,5104.990234375,5061.89013671875,5085.35986328125,5219740000,0.005229094697149161,1,1,26.51025390625,43.10009765625,0.0034201274218047407,0.007693374788031015,5011.96142578125,4879.0344140625,4522.6436450195315,5043.512261432996,4981.751856761359,61.760404671636934,61.59220954553497,0.1681951261019634,62.02263902301025,5011.96142578125,5123.232730019843,4900.690121542657,222.54260847718615,4103346500.0,1.272069029510425,9.240234375,95.64990234375,250.6201171875,0.18164301695190846,1.912760819703025
2024-03-01,5137.080078125,5140.330078125,5094.16015625,5098.509765625,4748110000,0.00800782894888763,1,1,40.81005859375,46.169921875,0.004832844768610633,0.0074498324506258075,5023.505932617188,4886.964814453125,4527.647646484375,5057.907310154842,4993.2576509364435,64.64965921839848,62.20369948010767,2.44595973829081,63.11463911454174,5023.505932617188,5136.468662794955,4910.54320243942,225.9254603555346,4121447500.0,1.1520491283705543,48.2802734375,107.35009765625,230.89013671875,0.9487556062438747,2.1343113461976624
2024-03-04,5130.9501953125,5149.669921875,5127.18017578125,5130.990234375,4758440000,-0.0011932620709189656,-1,0,-6.1298828125,22.48974609375,0.004162665623038922,0.007218475843810842,5032.12294921875,4894.216416015625,4532.752897949219,5069.144677102174,5003.457098668003,65.68757843417097,62.90047527092034,2.7871031632506345,62.911512646993565,5032.12294921875,5150.409361404928,4913.836537032573,236.57282437235517,4160652000.0,1.1436765199300494,61.42041015625,125.38037109375,172.34033203125,1.2115602976846291,2.504817143636966
2024-03-05,5078.64990234375,5114.5400390625,5056.81982421875,5110.52001953125,4418410000,-0.010193100883444606,-1,0,-52.30029296875,57.72021484375,0.007062825391360784,0.007628264902692917,5038.91494140625,4901.822412109375,4537.352297363282,5070.607019447031,5009.026935977317,61.58008346971383,62.63639691067904,-1.0563134409652122,65.44705037995044,5038.91494140625,5151.048132408101,4926.7817504044,224.26638200370144,4180390500.0,1.0569371449868141,0.4697265625,103.14013671875,135.83984375,0.009249899496284318,2.07295617086974
2024-03-06,5104.759765625,5127.97021484375,5092.22021484375,5108.02978515625,4559050000,0.005141103203274655,1,1,26.10986328125,35.75,0.0073048991293359926,0.007672489444369171,5046.441430664063,4908.982607421875,4541.885847167969,5075.861288089795,5016.118256691961,59.743031397834784,62.0577238081102,-2.3146924102754127,63.53091050279529,5046.441430664063,5154.7847805405445,4938.098080787581,216.68669975296325,4186299000.0,1.089040701583905,35.0,122.9599609375,150.52978515625,0.6903680177769764,2.468183503114756
2024-03-07,5157.35986328125,5165.6201171875,5128.2099609375,5132.3798828125,4137980000,0.010304127925951478,1,1,52.60009765625,37.41015625,0.008260349009431045,0.007780616810952762,5054.556420898438,4917.03720703125,4546.712746582031,5088.399530426943,5026.580597920797,61.81893250614576,62.00996554771731,-0.19103304157155065,65.62898369093375,5054.556420898438,5170.725652185809,4938.387189611067,232.33846257474215,4148418500.0,0.9974837398878633,61.08984375,70.330078125,162.2998046875,1.1987167774838388,1.3825371797550774
2024-03-08,5123.68994140625,5189.259765625,5117.5,5164.4599609375,4208870000,-0.0065285190034379825,-1,0,-33.669921875,71.759765625,0.00835659768964454,0.007990530100812578,5060.84541015625,4924.016005859375,4551.368046875,5093.828824423759,5033.773882623424,60.054941800335655,61.61896079824098,-1.5640189979053218,64.13524397626266,5060.84541015625,5177.718932038491,4943.971888274009,233.74704376448244,4141769000.0,1.0162010483926072,-13.39013671875,34.89013671875,125.77978515625,-0.2606565697850151,0.6856260426399813
2024-03-11,5117.93994140625,5124.66015625,5091.14013671875,5111.9599609375,3896430000,-0.001122238087346461,-1,0,-5.75,33.52001953125,0.008355172000560341,0.007935726182149279,5065.4119140625,4930.743203125,4556.229846191406,5097.538227036451,5040.008405496225,57.529821540225385,60.801132946637864,-3.2713114064124795,68.09734573668806,5065.4119140625,5183.780561428807,4947.043266696192,236.73729473261483,4140941000.0,0.940952793097028,-13.01025390625,48.41015625,91.330078125,-0.2535642212652117,0.954923992985435
2024-03-12,5175.27001953125,5179.8701171875,5114.47998046875,5134.2998046875,4080510000,0.011201787981366396,1,1,57.330078125,65.39013671875,0.007579502506735977,0.008243413960202818,5073.083422851562,4938.5816015625,4561.529995117187,5109.496964343343,5050.027784313635,59.469180029708696,60.534742363252036,-1.0655623335433404,71.76016897305811,5073.083422851562,5199.196268151371,4946.970577551753,252.22569059961825,4154679500.0,0.9821479611122832,96.6201171875,97.08984375,153.43017578125,1.9024764267155079,1.9119023033692037
2024-03-13,5165.31005859375,5179.14013671875,5151.8798828125,5173.490234375,4282890000,-0.0019245297153407392,-1,0,-9.9599609375,27.26025390625,0.007917889830503644,0.007486112413543684,5083.6904296875,4946.491201171875,4566.600146484375,5118.083594228021,5058.567212038088,59.51638218993321,60.331070328588275,-0.8146881386550646,61.20590833855238,5083.6904296875,5202.829860655612,4964.550998719388,238.27886193622362,4153714500.0,1.031098791214466,60.55029296875,95.55029296875,212.14013671875,1.1861536242408568,1.8847104672812944
2024-03-14,5150.47998046875,5176.85009765625,5123.2998046875,5175.14013671875,4687970000,-0.0028710915621273925,-1,0,-14.830078125,53.55029296875,0.0067267788171519695,0.00735006491916595,5091.183422851563,4954.64419921875,4571.325295410156,5123.067653649671,5065.375565255174,57.69208839449766,59.80327394177016,-2.1111855472724983,58.51133645521005,5091.183422851563,5207.132356618255,4975.234489084871,231.89786753338376,4195833000.0,1.1172918464581407,-6.8798828125,54.2099609375,149.85986328125,-0.13339931660543142,1.0637183808892092
2024-03-15,5117.08984375,5136.85986328125,5104.35009765625,5123.31005859375,7753670000,-0.006482917484461503,-1,0,-33.39013671875,32.509765625,0.006716158834050442,0.007483327995230726,5095.551416015625,4962.889794921875,4575.88314453125,5122.147990588183,5069.206252551086,52.94173803709691,58.43096676083552,-5.489228723738606,56.31672401694957,5095.551416015625,5208.290301265613,4982.812530765637,225.47777049997603,4376618000.0,1.7716122357491562,-6.60009765625,-19.990234375,87.35986328125,-0.12881532121825728,-0.38913612540562736
2024-03-18,5149.419921875,5175.60009765625,5145.47021484375,5154.77001953125,4036220000,0.006318059504952345,1,1,32.330078125,30.1298828125,0.007272935161656705,0.007451303459238469,5102.743920898438,4972.10458984375,4580.73109375,5126.343672324616,5075.1480058343395,51.19566649027638,56.983906706723694,-5.7882402164473135,58.90182784637744,5102.743920898438,5209.508052177216,4995.97978961966,213.52826255755645,4386765500.0,0.9200902122531965,31.47998046875,18.4697265625,143.85009765625,0.6150908535300297,0.35996698193199095
2024-03-19,5178.509765625,5180.31005859375,5131.58984375,5139.08984375,4031760000,0.0056491496501236416,1,1,29.08984375,48.72021484375,0.005606048403046597,0.0072920974139670846,5112.8939208984375,4981.72998046875,4585.518542480469,5134.36922514006,5082.8044324855,51.564792654559824,55.90008389629092,-4.335291241731099,62.9214917268107,5112.8939208984375,5206.51660895575,5019.271232841125,187.24537611462438,4386609500.0,0.9191062026378232,3.23974609375,99.85986328125,203.0,0.06260052290070538,1.9662679098073996
2024-03-20,5224.6201171875,5226.18994140625,5171.5498046875,5181.68994140625,4064850000,0.008904173912846591,1,1,46.1103515625,54.64013671875,0.006611665556930681,0.007448490989910041,5125.034936523438,4990.95158203125,4590.229792480469,5148.253977762743,5093.309298018981,54.9446797437613,55.709003065785,-0.7643233220236993,64.571638906782,5125.034936523438,5209.619029951007,5040.450843095869,169.16818685513863,4400432500.0,0.9237387461346129,59.31005859375,119.8603515625,242.8203125,1.148238110025424,2.348011602223262
2024-03-21,5241.52978515625,5261.10009765625,5240.66015625,5253.43017578125,4207730000,0.0032365354015160275,1,1,16.90966796875,20.43994140625,0.005947485378698523,0.0060200769729890505,5132.759936523437,5000.652177734375,4595.068491210937,5162.604101977129,5104.288593362483,58.315508614646205,56.230304175557244,2.0852044390889617,62.53867174357249,5132.759936523437,5230.002847581117,5035.517025465758,194.48582211535904,4408233500.0,0.9545161344107566,91.0498046875,84.169921875,154.5,1.7677926141402744,1.6320350742685785
2024-03-22,5234.18017578125,5246.08984375,5229.8701171875,5242.47998046875,3374700000,-0.0014021878490156903,-1,0,-7.349609375,16.2197265625,0.003887361969111182,0.00605056548857605,5140.028955078125,5009.66677734375,4599.820141601563,5173.6158056393015,5113.91019206017,59.70561357913175,56.92536605627215,2.7802475228595966,62.3560655561413,5140.028955078125,5244.873373088037,5035.184537068214,209.6888360198227,4393329000.0,0.7681418805648291,117.09033203125,110.490234375,145.38037109375,2.2882211492585736,2.1564582486167145
2024-03-25,5218.18994140625,5229.08984375,5216.08984375,5219.52001953125,3331360000,-0.0030549644525015296,-1,0,-15.990234375,13.0,0.004935055506850551,0.006019511568295573,5147.461962890625,5018.425771484375,4604.573491210937,5180.473364988063,5121.634617937657,58.8387470504058,57.30804225509888,1.5307047953069173,68.29218022705044,5147.461962890625,5252.3405259137435,5042.583399867506,209.75712604623732,4375700500.0,0.7613318141860943,68.77001953125,100.25,148.66015625,1.3354906100998178,1.958795944222324
2024-03-26,5203.580078125,5235.16015625,5203.419921875,5228.85009765625,3871790000,-0.002799795225030266,-1,0,-14.60986328125,31.740234375,0.005102132899766661,0.006093810805099634,5153.731958007813,5026.820771484375,4609.121740722656,5184.028243932207,5127.704652025608,56.32359190659918,57.11115218539895,-0.7875602787997735,63.356987101304654,5153.731958007813,5256.135398246612,5051.328517769014,204.8068804775976,4372992500.0,0.8853868375031514,25.0703125,28.31005859375,125.39990234375,0.4841221439113041,0.5470257298055761
2024-03-27,5248.490234375,5249.259765625,5213.919921875,5226.31005859375,3850500000,0.008630626525532925,1,1,44.91015625,35.33984375,0.0049962448933385615,0.006268237401590527,5162.668481445313,5036.4709765625,4613.869892578125,5193.945473231099,5136.651732199637,57.29374103146165,57.14766995461149,0.14607107685016274,62.57907627853183,5162.668481445313,5265.411164159838,5059.925798730787,205.48536542905094,4376049000.0,0.8799033100406325,23.8701171875,83.18017578125,178.73046875,0.45687756529846385,1.6103617176448013
2024-03-28,5254.35009765625,5264.85009765625,5245.81982421875,5248.02978515625,3998270000,0.0011164855071790214,1,1,5.85986328125,19.0302734375,0.0048381779145016705,0.0062154191948753665,5170.572485351562,5046.773779296875,4618.4469921875,5203.23849237343,5145.370129640867,57.86836273256267,57.291808510201726,0.5765542223609472,69.53534279857263,5170.572485351562,5276.092328330116,5065.052642373008,211.0396859571083,4314975500.0,0.9266031753830352,12.8203125,103.8701171875,158.080078125,0.2445910454674222,2.0167075220443182
2024-04-01,5243.77001953125,5263.9501953125,5229.2001953125,5257.97021484375,3325930000,-0.0020135845401164643,-1,0,-10.580078125,34.75,0.004905468484730184,0.006069373335916824,5175.906982421875,5056.030380859375,4622.820793457031,5209.4741119361715,5152.659010373489,56.815101562682685,57.19646712069792,-0.38136555801523286,68.5453320744289,5175.906982421875,5285.023605193189,5066.790359650561,218.23324554262763,4243866500.0,0.7837027861267549,9.58984375,126.68017578125,106.68994140625,0.1832157745423547,2.4756293059027845
2024-04-02,5205.81005859375,5208.33984375,5184.0498046875,5204.2900390625,3886590000,-0.0072390590731691296,-1,0,-37.9599609375,24.2900390625,0.005894249316960669,0.006331651416560073,5179.649975585938,5063.350380859375,4626.98689453125,5208.910411421953,5156.596125056471,52.314286365482076,56.22003096965476,-3.905744604172682,54.77367297905403,5179.649975585938,5287.400622216945,5071.899328954931,215.50129326201386,4200274000.0,0.92531820543136,-12.3798828125,56.39013671875,74.85986328125,-0.23724477168348812,1.0950774567675439
2024-04-03,5211.490234375,5228.75,5194.3701171875,5194.3701171875,3703250000,0.001091122364688113,1,1,5.68017578125,34.3798828125,0.005763689822149065,0.005784967959696437,5186.2919921875,5070.57158203125,4630.915146484375,5209.307307260883,5160.662355376362,48.644951884521106,54.70501515262803,-6.060063268106923,57.31624865204402,5186.2919921875,5283.71015582271,5088.87382855229,194.83632727041913,4164516000.0,0.8892389895968703,7.91015625,32.98046875,132.84033203125,0.15201373153173914,0.6368718075791744
2024-04-04,5147.2099609375,5256.58984375,5146.06005859375,5244.0498046875,4075680000,-0.012334336350379616,-1,0,-64.2802734375,110.52978515625,0.005829224381024123,0.00645629988505603,5188.414501953125,5076.223779296875,4634.603247070312,5199.7538693649785,5159.665881714224,40.08798765075426,51.78160965225328,-11.693622001499023,49.552113832774005,5188.414501953125,5280.030081670541,5096.798922235709,183.23115943483208,4140347500.0,0.9843811419210585,-101.2802734375,-77.41015625,42.4501953125,-1.9297029986673997,-1.4816418134467386
2024-04-05,5204.33984375,5222.18017578125,5157.2099609375,5158.9501953125,3386780000,0.011099194174331695,1,1,57.1298828125,64.97021484375,0.008878591594396327,0.006522381639159956,5190.763500976563,5082.939580078125,4638.681396484375,5200.45940388575,5162.975064087244,37.48433979850597,48.922155681503824,-11.437815882997853,61.2207092818515,5190.763500976563,5281.430722028536,5100.096279924589,181.33444210394737,4102787500.0,0.825482674888719,-50.01025390625,-37.18994140625,46.97998046875,-0.9517876231459629,-0.7095245649766229
2024-04-08,5202.39013671875,5219.56982421875,5197.35009765625,5211.3701171875,3278180000,-0.00037463099831791524,-1,0,-1.94970703125,22.2197265625,0.008902617938884253,0.006316573499316853,5194.698510742188,5089.1041796875,4642.864897460938,5200.756439706212,5165.894699096986,34.86174060922622,46.11007266704831,-11.24833205782209,57.38961858143409,5194.698510742188,5279.767175083974,5109.629846400402,170.13732868357147,4056253000.0,0.808179371454394,-41.3798828125,-31.7900390625,78.7001953125,-0.7891246690524963,-0.6073546953846509
2024-04-09,5209.91015625,5224.81005859375,5160.77978515625,5217.02978515625,3400680000,0.0014454931932483817,1,1,7.52001953125,64.0302734375,0.008345305628530884,0.00630192320567385,5199.297021484375,5095.482978515625,4647.0049975585935,5202.164703789872,5169.155103330542,33.009600459329704,43.489978225504586,-10.480377766174882,54.661026776913175,5199.297021484375,5276.471886526643,5122.122156442108,154.34973008453562,4031465500.0,0.8435344417557338,4.10009765625,-8.27978515625,91.97021484375,0.07876003177414358,-0.15867159396690494
2024-04-10,5160.64013671875,5178.43017578125,5138.7001953125,5167.8798828125,3845930000,-0.009456980649108493,-1,0,-49.27001953125,39.72998046875,0.009333789627679326,0.00621871286859217,5198.56552734375,5100.137177734375,4651.066547851562,5195.776308855853,5168.524365063002,27.251943792851307,40.24237133897393,-12.990427546122625,40.5911658306035,5198.56552734375,5276.966877045155,5120.164177642344,156.8026994028114,4019736500.0,0.9567617180877404,-50.85009765625,-42.93994140625,-14.6298828125,-0.9757304603747053,-0.8251999731254737
2024-04-11,5199.06005859375,5211.77978515625,5138.77001953125,5172.9501953125,3509380000,0.007444797710585593,1,1,38.419921875,73.009765625,0.007900077969525111,0.006425341590857046,5200.25302734375,5105.618974609375,4655.417749023438,5196.2815011232215,5170.786268287501,25.495232835720344,37.292943638323216,-11.797710802602872,44.12606095314247,5200.25302734375,5277.077544401694,5123.428510285806,153.64903411588784,3981061000.0,0.881518771000997,51.85009765625,-49.43017578125,33.75,1.007343746412982,-0.9417979947358374
2024-04-12,5123.41015625,5175.02978515625,5107.93994140625,5171.509765625,3963220000,-0.01455068829580164,-1,0,-75.64990234375,67.08984375,0.008814921383257132,0.007215261694551529,5198.8995361328125,5111.1741796875,4659.142749023437,5185.07052498888,5167.276926655094,17.793598333785667,33.39307457741571,-15.599476243630043,37.114073145046135,5198.8995361328125,5280.237508587171,5117.561563678454,162.6759449087167,3944823500.0,1.004663453257161,-80.9296875,-130.93994140625,-27.06982421875,-1.5550423287055348,-2.492029251432198
2024-04-15,5061.81982421875,5168.43017578125,5052.47021484375,5149.669921875,3950210000,-0.01202135494776202,-1,0,-61.59033203125,115.9599609375,0.009432421289555511,0.007565320076383133,5196.13603515625,5114.28677734375,4662.567548828125,5166.108878716553,5159.465289437588,6.64358927896501,28.04317751772557,-21.39958823876056,33.5541884063925,5196.13603515625,5291.690533545946,5100.581536766554,191.10899677939233,3754650500.0,1.0520846081412905,-140.5703125,-181.9501953125,-55.27001953125,-2.702033273280432,-3.4698355312074667
2024-04-16,5051.41015625,5079.83984375,5039.830078125,5064.58984375,4006200000,-0.0020565070133361507,-1,0,-10.40966796875,40.009765625,0.008910012844492545,0.007397069689419071,5191.235546875,5116.142783203125,4665.8423999023435,5148.462921414007,5151.461205497766,-2.998284083759245,21.83488519742861,-24.833169281187853,33.85327831650153,5191.235546875,5305.163995657183,5077.307098092818,227.85689756436477,3753149500.0,1.067423506577609,-158.5,-154.39990234375,-98.009765625,-3.042278950047873,-2.965915018141445
2024-04-17,5022.2099609375,5077.9599609375,5007.25,5068.97021484375,3596130000,-0.005780602724641426,-1,0,-29.2001953125,70.7099609375,0.008716217865759796,0.007302589499765893,5183.420556640625,5117.73078125,4668.701550292969,5129.039389033006,5141.887039234043,-12.84765020103714,14.898378117735458,-27.7460283187726,25.161331126509324,5183.420556640625,5320.17985813891,5046.66125514234,273.5186029965698,3731368000.0,0.9637564560772349,-138.43017578125,-189.2802734375,-156.2998046875,-2.6824225699501496,-3.631979816233885
2024-04-18,5011.1201171875,5056.66015625,5001.89013671875,5031.52001953125,3619760000,-0.002208160119998248,-1,0,-11.08984375,54.77001953125,0.005713810921311605,0.006879334868815103,5172.745556640625,5118.868583984375,4671.479201660156,5110.897962595236,5132.200600563929,-21.30263796869258,7.6581749004498505,-28.96081286914243,23.603847070980052,5172.745556640625,5328.038611517291,5017.452501763959,310.5861097533325,3709113500.0,0.9759097423144372,-187.93994140625,-136.08984375,-213.5,-3.6148830613255947,-2.643953613371018
2024-04-19,4967.22998046875,5019.02001953125,4953.56005859375,5005.43994140625,3878750000,-0.00875854812743615,-1,0,-43.89013671875,65.4599609375,0.004292651944901132,0.006915918221361514,5159.03056640625,5118.311982421875,4674.081252441406,5088.795196114238,5119.980554630953,-31.185358516714587,-0.11053178298303656,-31.07482673373155,22.012385920454165,5159.03056640625,5335.721819015274,4982.339313797225,353.3825052180491,3692664500.0,1.0503932864737644,-156.18017578125,-237.10986328125,-274.2998046875,-3.0483637073390906,-4.556002690062606
2024-04-22,5010.60009765625,5038.83984375,4969.39990234375,4987.330078125,3820250000,0.008731248071466746,1,1,43.3701171875,69.43994140625,0.0066177051408214055,0.007369341482994354,5147.8515625,5118.56578125,4677.076303710937,5076.765180966855,5111.878298558753,-35.11311759189812,-7.111048944766053,-28.002068647132063,30.457514806320233,5147.8515625,5332.62954122497,4963.07358377503,369.55595744994025,3714942000.0,1.0283471451236654,-51.2197265625,-191.7900390625,-223.580078125,-1.0118836375296179,-3.6865754782371196
2024-04-23,5070.5498046875,5076.1201171875,5027.9599609375,5028.85009765625,3751400000,0.011964576270872662,1,1,59.94970703125,48.16015625,0.009100427612704211,0.008010175108923167,5140.469555664063,5119.444580078125,4680.434301757812,5075.808969231569,5108.816928642364,-33.00795941079468,-12.29043103797178,-20.717528372822905,37.2733060674522,5140.469555664063,5325.212321617861,4955.726789710265,369.48553190759594,3735944000.0,1.0041371069801903,19.1396484375,-139.3603515625,-147.64013671875,0.3788971365514425,-2.6749089213240693
2024-04-24,5071.6298828125,5089.47998046875,5047.02001953125,5084.85986328125,3656740000,0.0002130100613548791,1,1,1.080078125,42.4599609375,0.008385256606509071,0.008010864422280188,5133.872045898437,5120.440380859375,4683.744802246094,5075.166032859404,5106.062332654967,-30.8962997955623,-16.011604789489887,-14.884695006072413,42.29591552324146,5133.872045898437,5318.5495145489995,4949.194577247875,369.35493730112466,3725191500.0,0.9816247030521786,49.419921875,-89.01025390625,-131.9501953125,0.9840273954969168,-1.7247909474045346
2024-04-25,5048.419921875,5057.75,4990.580078125,5019.8798828125,3958050000,-0.004576430353515626,-1,0,-23.2099609375,67.169921875,0.008740914896147166,0.007691230824617828,5123.8685302734375,5122.345380859375,4686.790603027343,5071.0512465541115,5101.792524449043,-30.741277894931955,-18.957539410578303,-11.783738484353652,32.925968542940126,5123.8685302734375,5304.023858080703,4943.713202466172,360.31065561453033,3730569000.0,1.0609775613317969,37.2998046875,-150.64013671875,-200.0703125,0.7443406626707361,-2.8974494431883016
2024-04-26,5099.9599609375,5114.6201171875,5073.14013671875,5084.64990234375,3604140000,0.01020914263474304,1,1,51.5400390625,41.47998046875,0.007136363211482068,0.008135642327262023,5116.1490234375,5124.332177734375,4689.929602050781,5075.498741074633,5101.656779003744,-26.158037929111742,-20.397639114284992,-5.76039881482675,39.88223911594451,5116.1490234375,5285.6809423061395,4946.61710456886,339.06383773727975,3710862500.0,0.9712405134924832,132.72998046875,-23.4501953125,-154.39013671875,2.6721126460954494,-0.45770677336643306
2024-04-29,5116.169921875,5123.490234375,5088.64990234375,5114.1298828125,3447450000,0.0031784486665891176,1,1,16.2099609375,34.84033203125,0.00689861943061605,0.008199587128930706,5109.769018554687,5126.0609765625,4692.960251464844,5081.75584581315,5102.731826623837,-20.97598081068736,-20.513307453565467,-0.4626733571218935,40.896883185360664,5109.769018554687,5268.327579706668,4951.210457402706,317.1171223039619,3716938500.0,0.9274971861923462,105.56982421875,54.35009765625,-127.60009765625,2.106929752149471,1.0737264372036097
2024-04-30,5035.68994140625,5110.830078125,5035.31005859375,5103.77978515625,4082470000,-0.01573051358686217,-1,0,-80.47998046875,75.52001953125,0.00966659543068373,0.008731396646858352,5101.263012695313,5126.66337890625,4695.6116015625,5074.668783596703,5097.765761052165,-23.096977455461456,-21.030041453944666,-2.0669360015167904,38.55955693531426,5101.263012695313,5256.342393271891,4946.183632118735,310.15876115315587,3726732500.0,1.0954556035347318,-34.85986328125,-15.72021484375,-170.1201171875,-0.6874967138479459,-0.31120448265915845
2024-05-01,5018.39013671875,5096.1201171875,5013.4501953125,5029.02978515625,4544170000,-0.0034354388154940185,-1,0,-17.2998046875,82.669921875,0.009657636879580002,0.008715977893005041,5091.6080078125,5127.520986328125,4698.089602050782,5066.010530230865,5091.886085175616,-25.875554944751457,-21.999144152106023,-3.8764107926454336,32.79234851712059,5091.6080078125,5241.758219350099,4941.4577962749,300.30042307519943,3768778500.0,1.205740799041387,-53.23974609375,-3.81982421875,-193.10009765625,-1.0497561400167792,-0.0760586325235385
2024-05-02,5064.2001953125,5073.2099609375,5011.0498046875,5049.31982421875,4381660000,0.009128437077573048,1,1,45.81005859375,62.16015625,0.010661428005825452,0.00867836296947882,5087.45751953125,5129.168994140625,4700.635703125,5065.7320171665015,5089.835278519089,-24.10326135258765,-22.41996759220235,-1.6832937603853004,44.02076475356648,5087.45751953125,5235.713513323637,4939.201525738863,296.51198758477403,3784077500.0,1.157920259297015,15.7802734375,53.080078125,-83.009765625,0.3125784637906895,1.0592457750701711
2024-05-03,5127.7900390625,5139.1201171875,5101.22021484375,5122.77978515625,3924990000,0.012556739721478527,1,1,63.58984375,37.89990234375,0.011223426545985635,0.008788759097339366,5083.630029296875,5129.98419921875,4703.446052246094,5075.279405150502,5092.646742263046,-17.36733711254419,-21.40944149627072,4.042104383726528,56.63511507964181,5083.630029296875,5222.858338079004,4944.401720514747,278.4566175642576,3810988000.0,1.0299140275435137,27.830078125,160.56005859375,-76.5498046875,0.5456920904901406,3.23238624394432
2024-05-06,5180.740234375,5181.0,5142.419921875,5142.419921875,3683250000,0.01032612390701182,1,1,52.9501953125,38.580078125,0.011977892279193613,0.009128991136005423,5082.547534179687,5131.8230078125,4706.675402832031,5091.504148108116,5099.172186123191,-7.668038015074671,-18.661160800031514,10.993122784956842,61.98233150326986,5082.547534179687,5218.17820315514,4946.916865204234,271.2613379509057,3831241500.0,0.9613724428491391,64.5703125,170.14013671875,-21.64990234375,1.2620830325419674,3.395603987600896
2024-05-07,5187.7001953125,5200.22998046875,5178.9599609375,5187.2001953125,3987890000,0.0013434298232750663,1,1,6.9599609375,21.27001953125,0.006749132371434112,0.009128069685316252,5081.437036132813,5134.186416015625,4709.932204589843,5106.3035399857135,5105.729816433511,0.5737235522028641,-14.81418392958464,15.387907481787504,65.99156739291269,5081.437036132813,5212.979026840128,4949.895045425497,263.0839814146311,3860602000.0,1.0329710236900878,152.01025390625,117.150390625,-22.2099609375,3.0186579331729093,2.3104080452320894
2024-05-08,5187.669921875,5191.9501953125,5165.85986328125,5168.97998046875,3842100000,-5.835618166138978e-06,-1,0,-0.0302734375,26.09033203125,0.005634802353240457,0.008862989636226185,5082.788525390625,5136.3762109375,4713.097353515625,5118.821444891757,5111.799453873621,7.02199101813585,-10.446948940040542,17.468939958176392,67.43288147295299,5082.788525390625,5218.253741102854,4947.323309678396,270.9304314244582,3860410500.0,0.9952568515705777,169.27978515625,116.0400390625,27.02978515625,3.373189021667669,2.2880226227815617
2024-05-09,5214.080078125,5215.2998046875,5180.41015625,5189.02978515625,3727370000,0.005090947698625836,1,1,26.41015625,34.8896484375,0.005481592714158038,0.008778324127372474,5083.539526367187,5139.2626171875,4716.330454101562,5133.476619235333,5119.375796410761,14.100822824571878,-5.537394587118059,19.638217411689936,75.24596827755789,5083.539526367187,5221.855365936193,4945.223686798181,276.63167913801226,3871310000.0,0.9628187874388773,149.8798828125,165.66015625,15.02001953125,2.959596323842629,3.2814258483567915
2024-05-10,5222.68017578125,5239.66015625,5209.68017578125,5225.490234375,3617900000,0.001649398844549843,1,1,8.60009765625,29.97998046875,0.004163232474254023,0.008065962042584631,5088.50302734375,5141.7908203125,4719.610104980468,5147.20024331932,5127.027972660427,20.172270658893467,-0.3954615379157538,20.56773219680922,73.35065879028599,5088.50302734375,5239.395994542499,4937.610060145001,301.78593439749784,3854044000.0,0.9387282553079311,94.89013671875,122.72021484375,99.27001953125,1.8505074504980807,2.40629761377952
2024-05-13,5221.419921875,5237.259765625,5211.16015625,5233.080078125,4255710000,-0.00024130405535727206,-1,0,-1.26025390625,26.099609375,0.002134171705766869,0.007474152183993458,5096.4830322265625,5143.4776171875,4723.030153808594,5158.61865540481,5134.019968898543,24.59868650626686,4.603368070920769,19.99531843534609,69.07668409393438,5096.4830322265625,5257.945143686955,4935.02092076617,322.9242229207848,3869319000.0,1.099860207959075,40.6796875,105.25,159.60009765625,0.7852099441327723,2.057202978149472
2024-05-14,5246.68017578125,5250.3701171875,5217.97998046875,5221.10009765625,4763580000,0.004837813139759728,1,1,25.26025390625,32.39013671875,0.002570143955335886,0.00745657574198503,5106.246533203125,5145.792216796875,4726.352404785156,5172.16658161657,5142.365169408374,29.80141220819587,9.64297689837579,20.158435309820078,70.85864762620685,5106.246533203125,5279.4234507021665,4933.069615704084,346.3538349980827,3907188000.0,1.2191837198517195,58.97998046875,210.990234375,195.27001953125,1.1369196030650173,4.189897250029647
2024-05-15,5308.14990234375,5311.759765625,5263.259765625,5263.259765625,4360810000,0.011715927882596233,1,1,61.4697265625,48.5,0.004557349264586269,0.0075309976741748715,5120.543530273438,5150.382216796875,4729.948354492188,5193.087092497674,5154.645519996179,38.4415725014951,15.402696018999654,23.038876482495446,78.36281444654529,5120.543530273438,5310.872002613863,4930.215057933013,380.65694468084985,3945422000.0,1.105283541278981,120.47998046875,289.759765625,285.93994140625,2.3224295740312724,5.773958535126127
2024-05-16,5297.10009765625,5325.490234375,5296.18994140625,5310.06982421875,3817470000,-0.0020816677921287052,-1,0,-11.0498046875,29.30029296875,0.005416261160910153,0.007526622731154142,5134.842529296875,5154.2290234375,4733.550205078125,5209.089093291302,5165.197710933962,43.89138235733935,21.100433286667595,22.790949070671758,73.61636415748805,5134.842529296875,5333.35166511449,4936.33339347926,397.0182716352301,3955307500.0,0.9651512556229825,83.02001953125,232.89990234375,285.97998046875,1.592227550925997,4.598947382833042
2024-05-17,5303.27001953125,5305.4501953125,5283.58984375,5303.10009765625,3578120000,0.0011647735102702228,1,1,6.169921875,21.8603515625,0.0054546109161324715,0.00703519962112897,5151.64453125,5157.1472265625,4737.499604492187,5223.578466558986,5175.425289348576,48.15317721040992,26.510982071416063,21.64219513899386,72.96606583532419,5151.64453125,5347.284169529347,4956.004892970653,391.2792765586946,3940276000.0,0.9080886719610505,80.58984375,175.47998046875,336.0400390625,1.5430744567456638,3.422136615032555
2024-05-20,5308.1298828125,5325.31982421875,5302.39990234375,5305.35009765625,3420100000,0.0009163899374069473,1,1,4.85986328125,22.919921875,0.00530083205418889,0.006934074993242812,5166.521020507813,5160.836025390625,4741.530803222657,5236.586376751834,5185.255259234793,51.33111751704109,31.47500916054107,19.856108356500023,91.06471797845923,5166.521020507813,5362.25099436651,4970.791046649116,391.45994771739424,3920268500.0,0.872414733837746,86.7099609375,127.3896484375,297.52978515625,1.6606586375907235,2.458908238483958
2024-05-21,5321.41015625,5324.31982421875,5297.8701171875,5298.68994140625,3662240000,0.002501874243978186,1,1,13.2802734375,26.44970703125,0.005235117913718564,0.006598537653143471,5179.064038085938,5164.9054296875,4745.747705078125,5249.636188982321,5195.340807161845,54.295381820475995,36.03908369252806,18.256298127947936,96.23426722949768,5179.064038085938,5380.9536285334625,4977.174447638413,403.77918089504965,3915810500.0,0.9352444404549198,74.72998046875,133.7099609375,250.8603515625,1.4243288701625965,2.5774419473646066
2024-05-22,5307.009765625,5323.18017578125,5286.009765625,5319.27978515625,3847130000,-0.002706123039226127,-1,0,-14.400390625,37.17041015625,0.0022418686687031304,0.006682101027075501,5190.833032226563,5167.540224609375,4749.690554199219,5258.462893081195,5203.61258186282,54.85031121837528,39.801329197697505,15.048982020677776,90.97484525481045,5190.833032226563,5393.792716575383,4987.873347877743,405.9193686976396,3925330000.0,0.9800781080826325,-1.14013671875,119.33984375,235.3798828125,-0.021478984951924327,2.3004517547806227
2024-05-23,5267.83984375,5341.8798828125,5256.93017578125,5340.259765625,3869520000,-0.0073807894850155265,-1,0,-39.169921875,84.94970703125,0.004006134991212506,0.006860849672637187,5201.804028320313,5169.5908203125,4753.532854003906,5259.905500876396,5208.370156817426,51.53534405897062,42.148132169952135,9.387211889018488,75.75665598643658,5201.804028320313,5395.877432177467,5007.730624463158,388.14680771430903,3920903500.0,0.9868949847911329,-29.26025390625,53.759765625,219.419921875,-0.5523824992319187,1.0310498653548141
2024-05-24,5304.72021484375,5311.64990234375,5278.39013671875,5281.4501953125,3005510000,0.0070010425881694704,1,1,36.88037109375,33.259765625,0.005428876511537542,0.006698131176010859,5212.042041015625,5172.675625,4757.717905273437,5266.800072255989,5215.507198152709,51.292874103280155,43.977080556617736,7.3157935466624195,74.23365229889994,5212.042041015625,5405.0948007586,5018.989281272649,386.10551948595094,3890972000.0,0.7724316700300079,1.4501953125,82.0400390625,204.76025390625,0.027345304070113728,1.5708417192180029
2024-05-28,5306.0400390625,5315.91015625,5280.89013671875,5315.91015625,3751540000,0.0002488018529340774,1,1,1.31982421875,35.02001953125,0.005410927803058366,0.006702839840520124,5221.535546875,5176.45462890625,4761.903955078125,5272.836990226222,5222.213334516397,50.62365570982547,45.30639558725928,5.317260122566189,73.65272383034372,5221.535546875,5413.407832001861,5029.66326174814,383.74457025372067,3906176500.0,0.960412311118046,-2.08984375,84.6201171875,189.8701171875,-0.039370621973038485,1.6206342039832167
2024-05-29,5266.9501953125,5282.27001953125,5262.7001953125,5278.72998046875,3552750000,-0.007367046509680453,-1,0,-39.08984375,19.56982421875,0.0060067511676454854,0.005740433219130165,5233.098559570312,5178.805234375,4765.91845703125,5271.931329470265,5225.527176056849,46.40415341341577,45.52594715249058,0.8782062609251895,63.70584342353172,5233.098559570312,5404.606399819445,5061.59071932118,343.0156804982653,3879690500.0,0.9157302625041869,-54.4599609375,20.27001953125,231.26025390625,-1.0234122035028015,0.38633991118453714
2024-05-30,5235.47998046875,5260.2099609375,5222.10009765625,5259.77001953125,3818750000,-0.005975035585443322,-1,0,-31.47021484375,38.10986328125,0.00626941954192653,0.00589902013573726,5243.953051757812,5179.944638671875,4769.647255859375,5266.323429623879,5226.264420828101,40.05900879577803,44.432559481148076,-4.3735506853700485,53.63596692810696,5243.953051757812,5382.570682463744,5105.335421051881,277.23526141186267,3843419500.0,0.9935813668010999,-71.52978515625,-72.669921875,217.08984375,-1.3478359436903358,-1.3690254271627382
2024-05-31,5277.509765625,5280.330078125,5191.68017578125,5243.2099609375,5437160000,0.00802787620486467,1,1,42.02978515625,88.64990234375,0.007119487011843144,0.005835148619886341,5254.6185302734375,5181.002431640625,4773.845505371094,5268.044404393282,5230.060372294538,37.98403209874414,43.14285400466729,-5.158821905923155,58.365554100344035,5254.6185302734375,5364.939059291068,5144.298001255807,220.64105803526036,3896194500.0,1.395505280858027,9.669921875,-19.59033203125,213.3095703125,0.1835652214535874,-0.36983125993631727
2024-06-03,5283.39990234375,5302.10986328125,5234.31982421875,5297.14990234375,4046920000,0.0011160825806737495,1,1,5.89013671875,67.7900390625,0.0061767575551223385,0.005289411260077342,5262.3990234375,5181.839833984375,4778.240854492187,5270.4067886933535,5234.01144859448,36.39534009887393,41.79335122350862,-5.398011124634692,59.3247756132894,5262.3990234375,5355.692697336929,5169.10534953807,186.5873477988589,3902291000.0,1.0370625870802561,-21.3203125,-19.8701171875,155.60986328125,-0.40191210160982993,-0.374676701625996
2024-06-04,5291.33984375,5298.7998046875,5257.6298828125,5278.240234375,3707900000,0.0015028090913065117,1,1,7.93994140625,41.169921875,0.006254445471592098,0.004866360052050163,5267.92900390625,5182.98302734375,4782.8457543945315,5273.6272587020685,5238.257996383778,35.369262318290566,40.508533442465016,-5.139271124174449,57.08838568977356,5267.92900390625,5353.64631177021,5182.21169604229,171.43461572791966,3903523500.0,0.949885404814394,-14.7001953125,-16.7900390625,110.599609375,-0.277046445263864,-0.31630799232824797
2024-06-05,5354.02978515625,5354.16015625,5297.64013671875,5314.47998046875,3591460000,0.011847649793331305,1,1,62.68994140625,56.52001953125,0.0068818734882456906,0.005431663823199009,5276.2454833984375,5185.69982421875,4787.767353515625,5285.996878156558,5246.833684440998,39.16319371555983,40.23946549708398,-1.0762717815241487,57.25396041132693,5276.2454833984375,5361.4620203418335,5191.0289464550415,170.43307388679204,3883702000.0,0.924751693101067,87.07958984375,32.61962890625,166.32958984375,1.6533209279489562,0.6129884363064595
2024-06-06,5352.9599609375,5362.35009765625,5335.35986328125,5357.7998046875,3609990000,-0.00019981663563317653,-1,0,-1.06982421875,26.990234375,0.0052189021141382415,0.0054348416436899895,5284.509985351562,5188.687421875,4792.533303222656,5296.298890892087,5254.694890107406,41.604000784681375,40.51237255460346,1.0916282300779159,59.11967233239958,5284.509985351562,5365.51325678024,5203.506713922884,162.00654285735618,3872096500.0,0.9323088926115348,117.47998046875,45.9501953125,165.2900390625,2.243919963537548,0.8658396600310101
2024-06-07,5346.990234375,5375.080078125,5331.330078125,5343.81005859375,3692760000,-0.0011152197300303701,-1,0,-5.9697265625,43.75,0.005257425833383659,0.005401108062063347,5291.155493164062,5190.657421875,4797.330505371094,5304.097559120227,5261.5315822753755,42.56597684485132,40.92309341265303,1.642883432198289,57.142424111893384,5291.155493164062,5369.597455107871,5212.713531220254,156.88392388761713,3870366000.0,0.9541113166041661,69.48046875,79.150390625,132.91015625,1.316538894964444,1.5025208239560957
2024-06-10,5360.7900390625,5365.7900390625,5331.52001953125,5341.22021484375,3622280000,0.0025808546645145203,1,1,13.7998046875,34.27001953125,0.0051923641432126315,0.005408533728594302,5298.060986328125,5192.786220703125,4801.954406738281,5312.819479111346,5268.8840605559035,43.935418555442084,41.52555844121085,2.409860114231236,58.358754960317455,5298.060986328125,5375.430646905188,5220.691325751062,154.73932115412572,3870585000.0,0.935848198657309,77.39013671875,56.06982421875,138.10986328125,1.464779084475874,1.0569798584636858
2024-06-11,5375.31982421875,5375.9501953125,5327.25,5353.0,3568030000,0.0027103813151374556,1,1,14.52978515625,48.7001953125,0.005137571970766495,0.005403964820399857,5305.7559814453125,5195.417216796875,4806.949455566406,5322.434916820177,5276.768191197596,45.666725622581,42.35379187748488,3.3129337450961174,58.52328082275325,5305.7559814453125,5381.6293136569,5229.882649233725,151.7466644231754,3836201000.0,0.930094643111766,83.97998046875,69.27978515625,153.89990234375,1.5871212764371028,1.3056777680948433
2024-06-12,5421.02978515625,5447.25,5409.1298828125,5409.1298828125,3962840000,0.008503672791998707,1,1,45.7099609375,38.1201171875,0.0037567814451449242,0.005583490347814345,5314.473461914063,5199.721611328125,4812.0260546875,5337.6033581026495,5287.454235194534,50.149122908115714,43.91285808361105,6.236264824504666,66.40296936924787,5314.473461914063,5401.073366814819,5227.873557013307,173.19980980151195,3796164000.0,1.0439064276464347,67.0,154.07958984375,174.349609375,1.251393860111757,2.9254043446410094
2024-06-13,5433.740234375,5441.93017578125,5402.509765625,5441.93017578125,3530380000,0.0023446558536817097,1,1,12.71044921875,39.42041015625,0.0034610102151689417,0.005063347063129317,5320.752978515625,5204.166611328125,4817.0282055664065,5352.393646759934,5298.290235133828,54.10341162610621,45.95096879211008,8.152442833996126,75.83316606144656,5320.752978515625,5422.339095257212,5219.166861774038,203.17223348317384,3754642500.0,0.9402706116494447,80.7802734375,198.26025390625,125.59033203125,1.5090767356188557,3.7868591732920556
2024-06-14,5431.60009765625,5432.39013671875,5403.75,5424.080078125,3438650000,-0.000393860697500914,-1,0,-2.14013671875,28.64013671875,0.003255246822854374,0.0050199673109336184,5327.477978515625,5209.8544140625,4821.698056640625,5364.579254590137,5308.165039765119,56.41421482501755,48.04361799869158,8.370596826325972,72.15396000436515,5327.477978515625,5439.720079016796,5215.235878014454,224.48420100234216,3735701500.0,0.9204830739286851,84.60986328125,154.09033203125,134.5,1.5823829775731748,2.919754559904666
2024-06-17,5473.22998046875,5488.5,5420.39990234375,5431.10986328125,3447840000,0.007664386564552705,1,1,41.6298828125,68.10009765625,0.0037842622637823072,0.00521945947822046,5335.9759765625,5215.232216796875,4826.489855957031,5381.294750879154,5320.3920724098325,60.90267846932147,50.61543009281756,10.28724837650391,75.590080401304,5335.9759765625,5464.984482787482,5206.9674703375185,258.01701244996366,3729187500.0,0.9245552818140681,112.43994140625,189.830078125,169.9599609375,2.0974509463518105,3.5929530535969874
2024-06-18,5487.02978515625,5490.3798828125,5471.31982421875,5476.14990234375,3544330000,0.0025213273947457537,1,1,13.7998046875,19.06005859375,0.0038033366825145154,0.005220872223945169,5344.920971679688,5220.925009765625,4831.386704101563,5397.561679229477,5332.735606687345,64.82607254213144,53.457558582680335,11.368513959451107,86.51204990076552,5344.920971679688,5489.650675554854,5200.191267804521,289.4594077503334,3735399000.0,0.9488491055440128,111.7099609375,195.68994140625,178.89990234375,2.0782011971489704,3.698306046953195
2024-06-20,5473.169921875,5505.52978515625,5455.56005859375,5499.990234375,3847060000,-0.0025259318472709014,-1,0,-13.85986328125,49.9697265625,0.00382949550120627,0.00529925203880512,5352.508959960937,5226.190205078125,4836.173703613281,5409.193716559557,5343.138148553097,66.05556800645991,55.977160467436256,10.078407539023651,91.88087941509983,5352.508959960937,5507.5914491037165,5197.426470818158,310.1649782855584,3744640000.0,1.0273510938301145,52.14013671875,119.14013671875,151.759765625,0.9618124006903453,2.2252423221301347
2024-06-21,5464.6201171875,5478.31005859375,5452.02978515625,5466.77001953125,6773800000,-0.001562130321101196,-1,0,-8.5498046875,26.2802734375,0.00411001751094472,0.0052583842383049605,5360.389477539063,5232.2698046875,4841.012653808593,5417.720855117702,5352.136812896386,65.58404222131594,57.89853681821219,7.685505403103747,87.37885101601273,5360.389477539063,5521.632629218948,5199.1463258591775,322.4863033597703,3890973500.0,1.7409010881210063,30.8798828125,111.66015625,157.6103515625,0.5682988416919026,2.085951642919522
2024-06-24,5447.8701171875,5490.66015625,5447.58984375,5459.580078125,3696750000,-0.003065171894990004,-1,0,-16.75,43.0703125,0.004513219138307102,0.0049555761465684455,5369.3909912109375,5237.246005859375,4845.924604492187,5422.35920312844,5359.228168769802,63.13103435863741,58.94503632629724,4.185998032340166,81.48973604844878,5369.3909912109375,5528.971898892677,5209.810083529198,319.16181536347904,3882335000.0,0.9521975821251901,16.27001953125,100.8798828125,180.0302734375,0.2995437668224242,1.8866666739721785
2024-06-25,5469.2998046875,5472.8798828125,5446.56005859375,5460.72998046875,3591960000,0.003933590015736899,1,1,21.4296875,26.31982421875,0.0031602434477761756,0.004828495801289741,5377.619970703125,5244.163798828125,4851.015402832031,5429.580834137526,5367.381623282225,62.19921085530132,59.59587123209806,2.6033396232032544,82.39892614585926,5377.619970703125,5540.106539270764,5215.133402135485,324.9731371352791,3911657500.0,0.9182705796711497,-3.93017578125,108.509765625,164.57958984375,-0.07180724718812936,2.0241375773779846
2024-06-26,5477.89990234375,5483.14013671875,5451.8701171875,5460.7099609375,3563920000,0.0015724312002203256,1,1,8.60009765625,31.27001953125,0.0029840773214423657,0.004818929795132626,5386.212963867188,5252.485400390625,4856.117451171875,5437.014536938484,5375.568162471967,61.44637446651632,59.96597187898172,1.4804025875345985,78.08224333826303,5386.212963867188,5550.922942492475,5221.5029852419,329.41995725057495,3902276500.0,0.9132925357800761,-9.1298828125,102.580078125,171.85986328125,-0.16639025429019091,1.9083530186021818
2024-06-27,5482.8701171875,5490.81005859375,5467.5400390625,5473.58984375,3589530000,0.0009073212238914774,1,1,4.97021484375,23.27001953125,0.002737080746178681,0.004339340773754915,5397.008959960937,5261.114599609375,4861.094501953125,5444.0692415921785,5383.516455413858,60.552786178320275,60.08333473884943,0.4694514394708449,78.9397657460102,5397.008959960937,5557.043474475486,5236.974445446389,320.0690290290968,3904115500.0,0.9194220816469185,9.7001953125,61.84033203125,215.919921875,0.17723175876068734,1.1407487964847547
2024-06-28,5460.47998046875,5523.64013671875,5451.1201171875,5488.47998046875,7199220000,-0.004083652583445674,-1,0,-22.39013671875,72.52001953125,0.003344107223794798,0.004173371625680897,5408.258959960937,5269.88,4866.08740234375,5446.593970650112,5389.217457269776,57.37651338033629,59.541970467146804,-2.1654570868105125,73.55833456652226,5408.258959960937,5551.204055750653,5265.313864171221,285.8901915794322,4073139000.0,1.7674869431168443,-4.14013671875,26.73974609375,225.0,-0.0757625714133048,0.49210571246282003
2024-07-01,5475.08984375,5479.5498046875,5446.52978515625,5471.080078125,3488760000,0.0026755639309195,1,1,14.60986328125,33.02001953125,0.003065666720725783,0.003939252713244246,5418.137963867188,5279.15939453125,4871.125651855469,5450.977951127018,5395.578374786829,55.399576340189014,58.71349164175525,-3.313915301566233,73.6469613706158,5418.137963867188,5549.909135376148,5286.366792358228,263.54234301791985,3975719000.0,0.8775167460275739,27.2197265625,43.48974609375,197.580078125,0.4996397854020861,0.800680192058247
2024-07-02,5509.009765625,5509.68994140625,5458.43017578125,5461.83984375,3329950000,0.006195317856513505,1,1,33.919921875,51.259765625,0.003706440050778764,0.0040517883765039345,5429.41845703125,5289.994990234375,4876.145200195312,5459.905922588246,5403.980700034101,55.925222554144966,58.155837824233195,-2.2306152700882294,75.6042500902424,5429.41845703125,5550.844758183873,5307.992155878627,242.85260230524545,3939870500.0,0.8451927544319033,39.7099609375,35.77978515625,225.60986328125,0.726052005842984,0.6537234006963046
2024-07-03,5537.02001953125,5539.27001953125,5507.419921875,5507.43994140625,2179470000,0.005084444409779065,1,1,28.01025390625,31.85009765625,0.004051366588305412,0.004102801223744557,5441.702465820313,5300.523388671875,4881.578701171875,5471.7696298102455,5413.835464441297,57.934165368948925,58.111503333176344,-0.17733796422741932,73.83000750368163,5441.702465820313,5553.651798131438,5329.753133509187,223.8986646222511,3863449000.0,0.5641254744141828,59.1201171875,49.990234375,245.68017578125,1.0792478548614066,0.9110618373210903
2024-07-05,5567.18994140625,5570.330078125,5531.6298828125,5537.91015625,3253080000,0.005448765178485582,1,1,30.169921875,38.7001953125,0.004207560816046686,0.0035264247938333712,5452.3604736328125,5310.45619140625,4887.147001953125,5486.449677748093,5425.19505532759,61.25462242050253,58.740127150641584,2.5144952698609444,75.58178063907417,5452.3604736328125,5569.626564892494,5335.094382373131,234.53218251936232,3846530000.0,0.8457180887709183,84.31982421875,94.02001953125,213.16015625,1.5378774695834452,1.7178348356310595
2024-07-08,5572.85009765625,5583.10986328125,5562.509765625,5572.75,3185670000,0.0010166989647510949,1,1,5.66015625,20.60009765625,0.002162935723575944,0.003497586775324447,5463.35498046875,5320.480595703125,4892.791501464843,5499.742050041656,5436.132465870453,63.60958417120219,59.71401855475371,3.8955656164484793,76.71651384958662,5463.35498046875,5582.596928861787,5344.113032075713,238.48389678607418,3825314000.0,0.8327865372620391,112.3701171875,108.22998046875,219.89013671875,2.0578798491969508,1.9805581750932981
2024-07-09,5576.97998046875,5590.75,5574.56982421875,5584.240234375,3232920000,0.0007410719362856977,1,1,4.1298828125,16.18017578125,0.0026056093031771744,0.003434043338890372,5474.854467773437,5331.051796875,4898.665400390625,5511.6248085689,5446.565615099957,65.0591934689437,60.783053537591705,4.276139931351999,72.86757298940137,5474.854467773437,5591.169532684329,5358.539402862545,232.63012982178407,3802322000.0,0.8502488742405299,101.89013671875,129.10986328125,229.98974609375,1.8609765250712922,2.369914489589628
2024-07-10,5633.91015625,5635.39013671875,5586.43994140625,5591.259765625,3336100000,0.010208065293514812,1,1,56.93017578125,48.9501953125,0.0038757794743536395,0.0038828602494266444,5488.510473632812,5341.73080078125,4905.184951171875,5530.437938981377,5460.442988518478,69.99495046289849,62.62543292265306,7.369517540245425,77.20208565811629,5488.510473632812,5612.328643597604,5364.69230366802,247.6363399295842,3788013000.0,0.8806991950661204,124.900390625,164.6103515625,273.1201171875,2.267202200372756,3.0097152732680628
2024-07-11,5584.5400390625,5642.4501953125,5576.52978515625,5635.2099609375,4020950000,-0.008763028841120457,-1,0,-49.3701171875,65.92041015625,0.007023126732836111,0.004625824731892903,5498.971484375,5351.098203125,4911.507351074219,5538.761338993857,5469.63536263285,69.1259763610069,63.92554161032383,5.200434750683073,68.2280977680598,5498.971484375,5617.775046850973,5380.167921899027,237.6071249519464,3810659000.0,1.055184943076775,47.52001953125,106.64013671875,209.22021484375,0.8582237261853521,1.9467339422015257
2024-07-12,5615.35009765625,5655.56005859375,5590.43994140625,5590.759765625,3700280000,0.0055170270744306915,1,1,30.81005859375,65.1201171875,0.00703222264218027,0.004446889615292328,5508.6875,5362.69140625,4917.896901855469,5550.544224941917,5480.429046708658,70.11517823325903,65.16346893491087,4.951709298348163,72.99462332751817,5508.6875,5632.337187364468,5385.037812635532,247.29937472893653,3797531000.0,0.974390992463261,48.16015625,132.47998046875,194.3203125,0.8650711895386659,2.4162523940418836
2024-07-15,5631.22021484375,5666.93994140625,5614.75,5638.16015625,3620470000,0.0028262026252154904,1,1,15.8701171875,52.18994140625,0.007031999644923729,0.004451455596186918,5518.561499023437,5374.9480078125,4924.6853540039065,5562.955915696045,5491.598762866813,71.35715282923229,66.40220571377515,4.954947115457145,78.04628109543776,5518.561499023437,5648.3963504619915,5388.726647584883,259.66970287710865,3802035500.0,0.952245185506553,58.3701171875,170.740234375,197.47998046875,1.0474015300007526,3.1268356442237697
2024-07-16,5667.2001953125,5669.669921875,5639.02001953125,5644.08984375,4041760000,0.006389375498743188,1,1,35.97998046875,30.64990234375,0.007209389397054375,0.004533487883440397,5530.34150390625,5387.0080078125,4931.648806152344,5578.993497175499,5504.606276381308,74.38722079419131,67.99920872985838,6.388012064332926,78.98188006807487,5530.34150390625,5669.381049575307,5391.3019582371935,278.07909133811336,3832191000.0,1.0546864704812469,90.22021484375,192.1103515625,235.60009765625,1.6177252771161448,3.508807289834713
2024-07-17,5588.27001953125,5622.490234375,5584.81005859375,5610.06982421875,4246450000,-0.013927543241993745,-1,0,-78.93017578125,37.68017578125,0.009183550731102651,0.005594273186302311,5536.093505859375,5396.217607421875,4938.091655273438,5580.420654461,5510.803590688711,69.61706377228893,68.3227797383445,1.294284033944436,63.402532534218146,5536.093505859375,5674.702576549201,5397.484435169549,277.21814137965157,3872121500.0,1.0966727154610205,-45.64013671875,79.26025390625,115.0400390625,-0.8100969921950023,1.438738671345555
2024-07-18,5544.58984375,5614.0498046875,5522.81005859375,5608.56005859375,4007510000,-0.007816403936922511,-1,0,-43.68017578125,91.23974609375,0.009006802655102815,0.005919816353215946,5538.971508789063,5403.494599609375,4944.37435546875,5574.908222043923,5513.306276100659,61.60194594326458,66.97861297932852,-5.376667036063935,56.85073015487608,5538.971508789063,5675.668280259168,5402.274737318958,273.39354294020995,3895280500.0,1.0288116606750144,-39.9501953125,7.56982421875,57.56005859375,-0.71537127557611,0.136712964591933
2024-07-19,5505.0,5557.5,5497.0400390625,5543.3701171875,3760570000,-0.007140265531926926,-1,0,-39.58984375,60.4599609375,0.008329113493784816,0.006131666339560126,5540.563012695313,5409.840595703125,4950.4574047851565,5564.153110960243,5512.690996389499,51.462114570744234,63.87531329761167,-12.413198726867435,54.75986380849662,5540.563012695313,5674.7522676534045,5406.373757737221,268.37850991618325,3890956000.0,0.9664899834385174,-110.35009765625,-62.18994140625,31.830078125,-1.965150805152972,-1.1170795690606716
2024-07-22,5564.41015625,5570.35986328125,5529.0400390625,5544.5400390625,3375180000,0.01079203564940956,1,1,59.41015625,41.31982421875,0.010439792418531137,0.0065419235973255135,5545.552514648438,5417.375400390625,4957.132204589844,5564.192656389436,5516.522045268054,47.670611121381626,60.63437286236566,-12.963761740984033,58.714841070203526,5545.552514648438,5675.196197976234,5415.908831320642,259.28736665559154,3721025000.0,0.9070565234041695,-66.81005859375,-8.43994140625,99.7900390625,-1.1864224101490548,-0.15144748662447516
2024-07-23,5555.740234375,5585.33984375,5550.89990234375,5565.2998046875,3500210000,-0.001558102589770738,-1,0,-8.669921875,34.43994140625,0.00932369350356159,0.006502094809971345,5550.946020507812,5424.208603515625,4963.5921557617185,5562.89228377183,5519.427096313013,43.46518745881713,57.20053578165596,-13.735348322838831,54.79571220114491,5550.946020507812,5672.18149623275,5429.710544782874,242.47095144987543,3711198000.0,0.9431482771870431,-111.4599609375,-21.23974609375,107.8701171875,-1.9667553129619746,-0.38084673368264055
2024-07-24,5427.1298828125,5508.0400390625,5419.97998046875,5505.83984375,3945550000,-0.02314909375473495,-1,0,-128.6103515625,88.06005859375,0.012248870414984125,0.008401810321123986,5548.8375244140625,5428.29759765625,4969.43685546875,5542.005760547318,5512.590265683345,29.415494863972526,51.64352759811928,-22.22803273414675,40.65259665552728,5548.8375244140625,5677.303050412824,5420.371998415301,256.93105199752245,3728877500.0,1.05810662860338,-161.14013671875,-206.7802734375,-42.169921875,-2.883542422888624,-3.6702799246471387
2024-07-25,5399.22021484375,5491.58984375,5390.9501953125,5428.7001953125,4592120000,-0.005142620237842288,-1,0,-27.90966796875,100.6396484375,0.012195682287862327,0.008454814780145588,5544.903540039062,5431.853603515625,4974.890456542968,5520.038753515999,5504.192484139671,15.846269376327655,44.48407595376096,-28.637806577433302,35.65711703057352,5544.903540039062,5686.648141677637,5403.158938400487,283.4892032771495,3780287500.0,1.2147541688297516,-145.36962890625,-185.31982421875,-78.6796875,-2.6218283588661526,-3.3184438274680255
2024-07-26,5459.10009765625,5488.31982421875,5430.7001953125,5433.669921875,3638770000,0.011090468702846357,1,1,59.8798828125,57.61962890625,0.014067033135393186,0.008853234861341864,5543.7150390625,5436.102001953125,4980.50765625,5510.663575691422,5500.852307363121,9.811268328300685,37.5495144286689,-27.738246100368215,41.11009349360808,5543.7150390625,5688.025094099421,5399.404984025579,288.6201100738417,3782749500.0,0.9619378708529338,-45.89990234375,-156.25,-23.77001953125,-0.8337856919845595,-2.7825513508982467
2024-07-29,5463.5400390625,5487.740234375,5444.43994140625,5476.5498046875,3379970000,0.0008133101292933098,1,1,4.43994140625,43.30029296875,0.012490022853114187,0.008807181918000163,5543.8680419921875,5439.2098046875,4986.034155273437,5503.413800825434,5498.08843563715,5.325365188284195,31.104684580591957,-25.779319392307762,41.13862009253291,5543.8680419921875,5687.812548386744,5399.923535597631,287.8890127891136,3591787000.0,0.9410274050215116,-100.8701171875,-167.68017578125,3.06005859375,-1.8127728610048939,-2.9776881276858864
2024-07-30,5436.43994140625,5489.4599609375,5401.7001953125,5478.72998046875,3777740000,-0.004960171878030217,-1,0,-27.10009765625,87.759765625,0.0124442961253923,0.008853443228580267,5541.935546875,5441.9966015625,4991.331604003906,5493.11013014556,5493.521880508935,-0.4117503633751767,24.801397591798533,-25.21314795517371,33.82056068484941,5541.935546875,5690.724174673365,5393.146919076635,297.57725559673054,3606236000.0,1.0475576196344332,-119.30029296875,-230.76025390625,-38.64990234375,-2.1473338913616584,-4.071856400928244
2024-07-31,5522.2998046875,5551.509765625,5493.75,5505.58984375,4546910000,0.0157933986591674,1,1,85.85986328125,57.759765625,0.009516154412957608,0.009464084064063757,5542.600048828125,5446.377197265625,4997.195053710938,5497.600849305858,5495.653578596237,1.9472707096210797,20.230572215363043,-18.283301505741964,45.18815816096953,5542.600048828125,5690.887386480748,5394.312711175502,296.5746753052463,3667084000.0,1.2399252376002294,95.169921875,-65.97021484375,13.2900390625,1.753595803490889,-1.1805122983173897
2024-08-01,5446.68017578125,5566.16015625,5410.419921875,5537.83984375,4703620000,-0.013693502993456064,-1,0,-75.61962890625,155.740234375,0.011925285656820299,0.009872788693300496,5538.083056640625,5449.148203125,5002.789555664062,5489.766899532841,5492.02591912846,-2.2590195956190655,15.732653853166623,-17.99167344878569,37.80493315653389,5538.083056640625,5692.4645457569495,5383.7015675243,308.7629782326494,3793291500.0,1.2399837977123562,47.4599609375,-97.90966796875,-90.33984375,0.8790150993845592,-1.7658595266359731
2024-08-02,5346.56005859375,5383.89013671875,5302.02978515625,5376.6298828125,5156450000,-0.018381860868696753,-1,0,-100.1201171875,81.8603515625,0.0133850070856969,0.010500136403516271,5527.0515625,5449.651201171875,5007.6542065429685,5467.735077849904,5481.250670199963,-13.515592350058796,9.883004612521539,-23.398596962580335,31.653762057554005,5527.0515625,5702.736556104156,5351.366568895844,351.3699872083125,3888460000.0,1.3260905345560967,-112.5400390625,-158.43994140625,-220.6298828125,-2.0615126495082348,-2.878109743982743
2024-08-05,5186.330078125,5250.89013671875,5119.259765625,5151.14013671875,5333250000,-0.02996879838863975,-1,0,-160.22998046875,131.63037109375,0.01712495601467631,0.012187099136159866,5507.725561523437,5447.237607421875,5011.7198559570315,5424.44200096915,5459.404700416632,-34.96269944748201,0.9138638005208293,-35.87656324800284,23.286471777277953,5507.725561523437,5738.574575046341,5276.876548000533,461.698027045808,3995839000.0,1.3347009226347708,-277.2099609375,-378.080078125,-386.52001953125,-5.073815858500911,-6.794611962605537
2024-08-06,5240.02978515625,5312.33984375,5193.56005859375,5206.419921875,4690190000,0.010354085880061037,1,1,53.69970703125,118.77978515625,0.01950934360479826,0.012548072767815138,5490.8780517578125,5446.68140625,5016.347004394531,5396.070890844089,5443.154706693641,-47.083815849551684,-8.685672129493675,-38.39814372005801,30.096448485457373,5490.8780517578125,5748.1191227589825,5233.6369807566425,514.48214200234,4068702500.0,1.1527483270157992,-196.41015625,-315.71044921875,-336.9501953125,-3.61284514069688,-5.682599183909941
2024-08-07,5199.5,5330.64013671875,5195.5400390625,5293.1298828125,4558260000,-0.007734647858502863,-1,0,-40.52978515625,135.10009765625,0.014868641599432119,0.012187586601609245,5469.157543945313,5444.577001953125,5020.954504394531,5365.829215329614,5425.106209901519,-59.27699457190465,-18.80393661797587,-40.47305795392878,30.205223232641217,5469.157543945313,5748.000634262864,5190.314453627761,557.6861806351026,4129810500.0,1.1037455592696082,-322.7998046875,-227.6298828125,-434.41015625,-5.845387177521537,-4.194295838273461
2024-08-08,5319.31005859375,5328.02978515625,5233.85009765625,5252.56982421875,4016830000,0.023042611519136447,1,1,119.81005859375,94.1796875,0.02139544870532512,0.013525770741339618,5455.896044921875,5444.84240234375,5026.43025390625,5358.672421985635,5417.269457952795,-58.59703596716008,-26.762556487812716,-31.834479479347365,40.24624141240512,5455.896044921875,5736.8540973797935,5174.937992463956,561.9161049158374,4129604500.0,0.9726912105021195,-127.3701171875,-79.91015625,-265.22998046875,-2.3384908435390286,-1.4800314317669028
2024-08-09,5344.16015625,5358.669921875,5300.83984375,5314.66015625,3516400000,0.004671676849538509,1,1,24.85009765625,57.830078125,0.02011169202531659,0.01350121516745475,5442.3365478515625,5446.3866015625,5032.065854492187,5356.439765718614,5411.853954122958,-55.41418840434471,-32.492882871119114,-22.9213055332256,37.99503909639164,5442.3365478515625,5716.998021425423,5167.675074277702,549.3229471477207,4120410500.0,0.8534101153271015,-2.39990234375,-114.93994140625,-271.18994140625,-0.04488684906648596,-2.1054741505032495
2024-08-12,5344.39013671875,5371.2001953125,5324.3701171875,5351.8798828125,3360160000,4.303397765514916e-05,1,1,0.22998046875,46.830078125,0.01156795919716043,0.013458952932401668,5427.995043945312,5448.5648046875,5037.549404296875,5354.585976641712,5406.85663431524,-52.27065767352815,-36.44843783160093,-15.822219841927222,38.37316435703138,5427.995043945312,5690.828903485559,5165.161184405066,525.667719080493,4107395000.0,0.8180756903097949,158.06005859375,-119.14990234375,-286.830078125,3.0476282113322997,-2.180818690663337
2024-08-13,5434.43017578125,5436.5,5376.97998046875,5376.97998046875,3648980000,0.016847579753558328,1,1,90.0400390625,59.52001953125,0.012495708799566381,0.014015159380559096,5416.35654296875,5451.703212890625,5043.787705078125,5366.869699586256,5408.899118868278,-42.02941928202199,-37.564634121685145,-4.464785160336845,50.41940335937854,5416.35654296875,5653.998906530125,5178.714179407374,475.28472712275106,4087756000.0,0.89266091224623,194.400390625,-2.009765625,-232.77001953125,3.7099100309637505,-0.03696841401102891
2024-08-14,5455.2099609375,5463.22021484375,5415.91015625,5442.35986328125,3380050000,0.0038237284285767004,1,1,20.77978515625,47.31005859375,0.009774760275923269,0.013780243945399801,5409.703540039062,5455.1394140625,5050.377604980469,5380.460509024909,5412.329551614146,-31.869042589237324,-36.42551581519558,4.556473225958257,53.243191721286955,5409.703540039062,5634.165979639862,5185.241100438263,448.92487920159874,4044436000.0,0.8357283932790629,255.7099609375,-67.08984375,-133.06005859375,4.917972130733724,-1.2148895591118043
2024-08-15,5543.22021484375,5546.22998046875,5501.1298828125,5501.1298828125,3723310000,0.016133247764330783,1,1,88.01025390625,45.10009765625,0.007677890984811053,0.014201293328216125,5409.63505859375,5460.177021484375,5057.50685546875,5405.50046376627,5422.025156297821,-16.52469253155141,-32.44535115846675,15.92065862691534,54.71885405128239,5409.63505859375,5633.924993599296,5185.345123588204,448.57987001109177,4030226000.0,0.9238464542683215,223.91015625,96.5400390625,-1.36962890625,4.209383431000719,1.7724565413582904
2024-08-16,5554.25,5561.97998046875,5525.169921875,5530.5,3357690000,0.001989779357261412,1,1,11.02978515625,36.81005859375,0.008078309683148589,0.014103257475230852,5412.09755859375,5464.18142578125,5064.444006347656,5428.385007802228,5431.819589164649,-3.4345813624213406,-26.64319719925767,23.20861583683633,55.051176833333514,5412.09755859375,5641.81184891351,5182.38326827399,459.4285806395201,4010082000.0,0.8373120549654596,210.08984375,207.68994140625,49.25,3.9312041107955893,3.8845526680733955
2024-08-19,5608.25,5608.2998046875,5550.740234375,5557.22998046875,3222050000,0.009722284736913167,1,1,54.0,57.5595703125,0.006827391237433033,0.014064305538426592,5414.28955078125,5469.2872265625,5071.516257324219,5456.056545063424,5444.888508485787,11.168036577637395,-19.08095044387866,30.248987021516054,59.2889474126047,5414.28955078125,5650.857853307675,5177.721248254825,473.1366050528504,4002425500.0,0.8050243533577327,263.85986328125,421.919921875,43.83984375,4.937137007801788,8.135230799415982
2024-08-20,5597.1201171875,5620.509765625,5585.5,5602.8798828125,2994420000,-0.0019845553982971165,-1,0,-11.1298828125,35.009765625,0.007090298943334217,0.014067891792929598,5416.358544921875,5474.28982421875,5078.31255859375,5477.7586330825125,5456.1649239451735,21.59370913733892,-10.946018527635145,32.539727664974066,54.40078531294767,5416.358544921875,5658.786949436791,5173.93014040696,484.8568090298304,3977136000.0,0.7529086257045271,162.68994140625,357.09033203125,41.3798828125,2.9936890555937965,6.814662257126885
2024-08-21,5620.85009765625,5632.68017578125,5591.56982421875,5603.08984375,3119670000,0.004239676828782013,1,1,23.72998046875,41.1103515625,0.007061689399957713,0.012935659139780311,5426.0445556640625,5479.491025390625,5084.82791015625,5499.772704555395,5468.36382570155,31.408878853844726,-2.475039051339172,33.8839179051839,60.91031215666315,5426.0445556640625,5685.188559966133,5166.900551361992,518.2880086041405,3935842000.0,0.7926309033746781,165.64013671875,421.35009765625,193.72021484375,3.036365931005964,8.103665692013655
2024-08-22,5570.64013671875,5643.22021484375,5560.9501953125,5637.77001953125,2981530000,-0.008932805548120926,-1,0,-50.2099609375,82.27001953125,0.006984292747811216,0.013070323887326906,5434.615551757813,5483.397431640625,5090.889411621094,5510.67538642668,5475.939848739861,34.73553768681904,4.967076296292472,29.76846139052657,64.97302404735865,5434.615551757813,5701.254779103025,5167.976324412601,533.278454690424,3855312500.0,0.7733562454405447,27.419921875,251.330078125,171.419921875,0.49465691082548663,4.724862347870794
2024-08-23,5634.60986328125,5641.81982421875,5585.16015625,5602.490234375,3291940000,0.01148337085011919,1,1,63.9697265625,56.65966796875,0.008454090286450285,0.013085553648989934,5443.391040039062,5487.669033203125,5097.232561035156,5529.742229019691,5487.693183150334,42.04904586935663,12.383470210905305,29.665575658451328,84.37628010948563,5443.391040039062,5724.5788649491205,5162.203215129004,562.3756498201165,3837971000.0,0.8577292532955564,80.35986328125,290.44970703125,175.509765625,1.4468175411846784,5.4348990026350315
2024-08-26,5616.83984375,5651.6201171875,5602.33984375,5639.66015625,2938570000,-0.0031537266931381813,-1,0,-17.77001953125,49.2802734375,0.0077938491524408285,0.013129137996173325,5451.0560302734375,5491.331025390625,5103.424860839844,5543.141862055123,5497.259602454013,45.88225960111049,19.083228088946342,26.79903151216415,80.58079605246994,5451.0560302734375,5742.719058625311,5159.393001921564,583.3260567037469,3815901000.0,0.7700854922598883,8.58984375,272.44970703125,153.2998046875,0.15316442294833504,5.097863368158292
2024-08-27,5625.7998046875,5631.18017578125,5593.47998046875,5602.89013671875,2798990000,0.0015951960865450143,1,1,8.9599609375,37.7001953125,0.007691783963579007,0.013041782948622536,5460.5240234375,5495.21501953125,5109.6399609375,5555.85846861395,5506.781098915752,49.0773696981978,25.082056410796632,23.995313287401167,86.46583064349058,5460.5240234375,5762.3077308424745,5158.740316032525,603.5674148099497,3766963500.0,0.7430361350727184,28.6796875,191.36962890625,189.35986328125,0.5124007864675105,3.521429528326561
2024-08-28,5592.18017578125,5627.02978515625,5560.9501953125,5624.509765625,3053450000,-0.00597597320797616,-1,0,-33.61962890625,66.07958984375,0.007982759404091851,0.012716316218984818,5464.018041992187,5497.5940234375,5115.864111328125,5561.446423562766,5513.106956461344,48.33946710142118,29.733538548921544,18.605928552499634,77.37850512160756,5464.018041992187,5770.396415129369,5157.639668855005,612.7567462743646,3692290500.0,0.8269798922917901,-28.669921875,136.97021484375,69.88037109375,-0.5100638048852187,2.510814722522818
2024-08-29,5591.9599609375,5646.9501953125,5583.7099609375,5607.2998046875,3065640000,-3.937906806072977e-05,-1,0,-0.22021484375,63.240234375,0.006652357400778274,0.012260928243166536,5471.28203125,5499.692626953125,5121.747709960938,5566.140813928109,5518.947919755875,47.192894172234446,33.225409673584124,13.967484498650322,76.15581732870443,5471.28203125,5782.77582876172,5159.78823373828,622.98759502344,3610391500.0,0.8491156706966544,21.31982421875,48.73974609375,145.27978515625,0.38271767149740754,0.8792677217339065
2024-08-30,5648.39990234375,5651.3701171875,5581.7900390625,5612.740234375,4185850000,0.010093051774424433,1,1,56.43994140625,69.580078125,0.006099280712574118,0.011472220455953638,5486.3740234375,5503.1972265625,5127.931960449218,5578.796058299747,5528.536955503125,50.259102796621846,36.632148298191666,13.62695449843018,78.6850820176659,5486.3740234375,5801.649888674031,5171.098158200969,630.551730473062,3561861500.0,1.1751860649270052,13.7900390625,94.14990234375,301.83984375,0.24473813444236456,1.6950965898861234
2024-09-03,5528.93017578125,5623.89013671875,5504.330078125,5623.89013671875,3866350000,-0.02115107439771169,-1,0,-119.4697265625,119.56005859375,0.011614444621619256,0.0102504871733532,5503.5040283203125,5504.483427734375,5133.098110351562,5571.124384066132,5528.566082931134,42.558301134998146,37.81737886555296,4.740922269445186,58.447473038586644,5503.5040283203125,5785.624030350416,5221.384026290209,564.2400040602079,3488516500.0,1.1083077864186681,-87.90966796875,-79.31982421875,342.60009765625,-1.5651090366510862,-1.41434180392725
2024-09-04,5520.06982421875,5552.990234375,5503.66015625,5506.68017578125,3478140000,-0.0016025435809103872,-1,0,-8.8603515625,49.330078125,0.011377187795154283,0.010162854589706827,5517.506030273437,5505.927421875,5138.184060058594,5563.269836397304,5527.93673043392,35.33310596338379,37.32052428511913,-1.9874183217353405,55.92414694299871,5517.506030273437,5770.901988970878,5264.110071575997,506.79191739488124,3427914000.0,1.0146520595324153,-105.72998046875,-77.05029296875,280.0400390625,-1.8793768733230465,-1.3766060287351318
2024-09-05,5503.41015625,5546.2998046875,5480.5400390625,5520.080078125,3521650000,-0.003018017615584734,-1,0,-16.65966796875,65.759765625,0.011308237017741885,0.00996179465807267,5532.7015380859375,5506.60962890625,5143.159909667968,5554.06065483618,5526.119947161037,27.94070767514313,35.444560963123934,-7.503853287980803,45.81887590526662,5532.7015380859375,5737.613827753874,5327.789248418001,409.82457933587284,3376083500.0,1.043116972669663,-88.77001953125,-117.43994140625,303.91015625,-1.5873955548803196,-2.0893626295997367
2024-09-06,5408.419921875,5522.47021484375,5402.6201171875,5507.330078125,3822800000,-0.01726024985928465,-1,0,-94.990234375,119.85009765625,0.01266725198033221,0.009744925703266046,5537.15703125,5505.220029296875,5147.631909179688,5531.654388226768,5517.401426769479,14.25296145728862,31.206241061956874,-16.953279604668253,36.9801384553682,5537.15703125,5725.759056629524,5348.555005870476,377.2040507590482,3366382000.0,1.1355811669620381,-183.5400390625,-162.22021484375,89.10986328125,-3.282213040590678,-2.9120569784158032
2024-09-09,5471.0498046875,5484.2001953125,5434.490234375,5442.06982421875,3825940000,0.0115800702824842,1,1,62.6298828125,49.7099609375,0.01316449241213073,0.010005494947723934,5543.501513671875,5504.983623046875,5152.250258789062,5522.330606143803,5513.967973281925,8.36263286187841,26.63751942194118,-18.27488656006277,37.936518022280346,5543.501513671875,5712.260614099841,5374.742413243908,337.5182008559332,3381859000.0,1.1313126892635086,-177.35009765625,-163.56005859375,126.8896484375,-3.13982899090874,-2.902775215363406
2024-09-10,5495.52001953125,5497.91015625,5441.72021484375,5490.509765625,3848180000,0.004472672652839682,1,1,24.47021484375,56.18994140625,0.010687637183505763,0.010027036390598185,5551.0580078125,5505.684423828125,5157.036909179687,5518.205900511102,5512.601458189282,5.604442321819988,22.430904001916943,-16.826461680096955,41.27146195052583,5551.0580078125,5693.807794550892,5408.308221074109,285.49957347678355,3406260000.0,1.1297376007703464,-33.41015625,-121.31982421875,151.1298828125,-0.6042788602458535,-2.1599302738486594
2024-09-11,5554.1298828125,5560.41015625,5406.9599609375,5496.419921875,3839450000,0.010665025888896507,1,1,58.60986328125,153.4501953125,0.011901437157175718,0.0096139225927463,5557.042993164063,5507.265224609375,5162.024458007812,5523.73266701901,5515.677637791003,8.055029228006788,19.555729047134914,-11.500699819128126,44.592118375549816,5557.042993164063,5688.81961187471,5425.266374453416,263.5532374212944,3415783500.0,1.124032011982024,34.06005859375,-71.669921875,119.69970703125,0.6170222420795282,-1.2739508045644203
2024-09-12,5595.759765625,5600.7099609375,5535.5,5557.47998046875,3655070000,0.007495302358939249,1,1,41.6298828125,65.2099609375,0.011879201973476207,0.009702631850583787,5564.070483398437,5509.000224609375,5167.206557617187,5534.8137591122395,5521.609647260188,13.204111852051938,18.28540560811832,-5.081293756066383,52.06474249014887,5564.070483398437,5687.721457831616,5440.4195089652585,247.30194886635763,3429534500.0,1.06576271502736,92.349609375,3.57958984375,140.5498046875,1.6780433722556967,0.06401063147522633
2024-09-13,5626.02001953125,5636.27001953125,5601.64990234375,5603.33984375,3500790000,0.005407711405364557,1,1,30.26025390625,34.6201171875,0.003134773641260361,0.009119537367476366,5568.210473632813,5510.780224609375,5172.584506835938,5548.845491484395,5529.343748909896,19.501742574499076,18.528673001394473,0.9730695731046026,49.25252387912574,5568.210473632813,5694.439711606519,5441.9812356591065,252.4584759474128,3418408500.0,1.024099372558897,217.60009765625,34.06005859375,82.7998046875,4.023358038012922,0.6090898152289306
2024-09-16,5633.08984375,5636.0498046875,5604.52978515625,5615.2099609375,3437070000,0.0012566297656613212,1,1,7.06982421875,31.52001953125,0.003502953962036901,0.009115896760820431,5572.1524658203125,5512.09822265625,5177.975505371094,5561.806161063719,5537.0286448239785,24.77751623974018,19.778441649063616,4.999074590676564,51.44088475866046,5572.1524658203125,5701.433310057623,5442.871621583002,258.5616884746214,3422377500.0,1.004293068196013,162.0400390625,-15.31005859375,78.83984375,2.9617723261021482,-0.27105125094625887
2024-09-17,5634.580078125,5670.81005859375,5614.0498046875,5655.509765625,3443600000,0.00026455008109871336,1,1,1.490234375,56.76025390625,0.0043278457515364245,0.008867598380893339,5573.468969726562,5513.332822265625,5183.395505371093,5573.002148303915,5544.25467692035,28.747471383565426,21.57224759596398,7.175223787601446,50.788997040932024,5573.468969726562,5704.817289624769,5442.120649828355,262.69663979641336,3433455000.0,1.0029547496617839,139.06005859375,105.64990234375,26.330078125,2.530425839584356,1.9108561509156956
2024-09-18,5618.259765625,5689.75,5615.080078125,5641.68017578125,3691390000,-0.002896455862498093,-1,0,-16.3203125,74.669921875,0.004149810665934997,0.008882142788882698,5574.525952148438,5514.15841796875,5188.647805175781,5579.964858661006,5549.736535342917,30.22832331808877,23.303462740388937,6.924860577699832,52.418715736256694,5574.525952148438,5707.010950146885,5442.04095414999,264.9699959968948,3468303500.0,1.0643215047356727,64.1298828125,98.18994140625,21.1396484375,1.1546341941147749,1.778780785986647
2024-09-19,5713.64013671875,5733.56982421875,5686.419921875,5702.6298828125,4024530000,0.01697685316676334,1,1,95.38037109375,47.14990234375,0.007733327334290916,0.00961173237275174,5579.165454101562,5515.753017578125,5194.242856445312,5600.530286054504,5561.877542852239,38.65274320226581,26.373318832764312,12.279424369501498,59.59198064367629,5579.165454101562,5724.369220272636,5433.961687930489,290.40753234214753,3513546500.0,1.1454323999981215,117.88037109375,210.22998046875,92.7900390625,2.1066017132810875,3.8199947759663218
2024-09-20,5702.5498046875,5715.14013671875,5674.490234375,5709.64013671875,7867260000,-0.0019410273951238066,-1,0,-11.09033203125,40.64990234375,0.008134764417985845,0.009360563844766814,5585.7609375,5518.113212890625,5199.906706542969,5616.225596613426,5572.297710395591,43.927886217835294,29.88423230977851,14.043653908056783,54.597303278002144,5585.7609375,5740.972605558142,5430.549269441858,310.4233361162842,3757833000.0,2.093562965677293,76.52978515625,294.1298828125,131.90966796875,1.3602828445432074,5.438369931721769
2024-09-23,5718.56982421875,5725.35986328125,5704.22021484375,5711.89990234375,3529550000,0.0028092730585327352,1,1,16.02001953125,21.1396484375,0.008093891843124847,0.009055622199924795,5589.958935546875,5520.177607421875,5205.663654785156,5631.97086239886,5583.132681789899,48.83818060896101,33.67502196961501,15.163158639346001,69.53109127738452,5589.958935546875,5754.966216484202,5424.951654609548,330.01456187465374,3769713500.0,0.9362913123238675,85.47998046875,247.52001953125,83.9599609375,1.5174616922467756,4.52417777880909
2024-09-24,5732.93017578125,5735.31982421875,5698.990234375,5727.66015625,3872710000,0.0025111788443470395,1,1,14.3603515625,36.32958984375,0.00796240456963282,0.009014643985869758,5595.763452148438,5522.211806640625,5211.581606445313,5647.503064457689,5594.228792455925,53.274272001764075,37.59487197604483,15.679400025719247,71.67702604596582,5595.763452148438,5772.5026338585085,5419.024270438367,353.47836342014125,3816420500.0,1.0147492919084782,98.35009765625,237.41015625,116.09033203125,1.7454734211351846,4.320067171191023
2024-09-25,5722.259765625,5741.02978515625,5712.06005859375,5733.64990234375,3624910000,-0.0018612489301417234,-1,0,-10.67041015625,28.9697265625,0.007765793504675299,0.009036991287691492,5600.586450195313,5523.312998046875,5217.264956054688,5659.004095406506,5603.7125682462265,55.29152716027966,41.134203012891795,14.157324147387861,72.56217883664362,5600.586450195313,5785.836446752424,5415.336453638201,370.4999931142229,3857716500.0,0.9396517343874284,104.0,168.1298828125,96.4599609375,1.851107003565731,3.0271147121133293
2024-09-26,5745.3701171875,5767.3701171875,5721.009765625,5762.22021484375,4391180000,0.00403867571712313,1,1,23.1103515625,46.3603515625,0.0028091391706344883,0.008913173576233837,5608.245947265625,5526.455,5222.969956054688,5672.291175680505,5614.205720019654,58.08545566085104,44.52445354248365,13.56100211836739,90.78191226564735,5608.245947265625,5804.380542666319,5412.11135186493,392.2691908013894,3924603000.0,1.118885145835133,31.72998046875,149.6103515625,153.18994140625,0.5553373980422226,2.673637858464958
2024-09-27,5738.169921875,5763.77978515625,5727.33984375,5755.35986328125,3898530000,-0.0012532169669905446,-1,0,-7.2001953125,36.43994140625,0.00263365602316683,0.00892754024963852,5615.5564453125,5530.3266015625,5228.548605957031,5682.426367402735,5623.38825349042,59.038113912315566,47.42718561645003,11.610928295865534,87.34038283547248,5615.5564453125,5819.864180632722,5411.248709992277,408.615470640445,3966247500.0,0.9829265571550944,35.6201171875,112.14990234375,146.2099609375,0.6246349160899961,1.9934145622378026
2024-09-30,5762.47998046875,5765.14013671875,5703.52978515625,5726.52001953125,4425730000,0.004236552581176722,1,1,24.31005859375,61.6103515625,0.002908107733596726,0.00871856170573564,5621.26044921875,5535.476201171875,5234.142504882812,5694.74230787443,5633.691344377704,61.05096349672567,50.15194119250516,10.899022304220509,87.33471181607362,5621.26044921875,5835.554865572693,5406.966032864807,428.58883270788647,3978241500.0,1.1124839957554111,43.91015625,129.39013671875,114.080078125,0.7678520609127798,2.2969656140370343
2024-10-01,5708.75,5757.72998046875,5681.27978515625,5757.72998046875,4025180000,-0.009324107094664358,-1,0,-53.72998046875,76.4501953125,0.005539999209676095,0.007442099760506144,5630.251440429687,5538.362998046875,5239.150805664062,5696.8973374322095,5639.251244794171,57.64609263803868,51.65077148161187,5.995321156426812,71.92306414183093,5630.251440429687,5843.3206131985935,5417.182267660781,426.1383455378127,3986183000.0,1.009783043076547,-24.18017578125,74.169921875,179.81982421875,-0.42177691058228994,1.3163345066821956
2024-10-02,5709.5400390625,5719.6298828125,5674.0,5698.14013671875,3829050000,0.00013839090212397487,1,1,0.7900390625,45.6298828125,0.005519321368989907,0.007412448710097675,5639.724951171875,5541.438994140625,5244.100756835937,5698.842368452254,5644.45782214738,54.384546304873766,52.197526446264256,2.18701985860951,68.24555414268086,5639.724951171875,5848.981524498887,5430.4683778448625,418.51314665402424,4003728500.0,0.9563710426418774,-12.7197265625,91.2802734375,189.47021484375,-0.22228502520823112,1.6247072446879924
2024-10-03,5699.93994140625,5718.77978515625,5677.3701171875,5698.18994140625,3597450000,-0.001681413492255035,-1,0,-9.60009765625,41.40966796875,0.004921213398044233,0.007373453654553433,5649.551440429687,5546.8951953125,5249.004506835938,5699.011225829791,5648.567608759148,50.443617070643086,51.84674457114002,-1.403127500496936,62.6947975715292,5649.551440429687,5850.133442531639,5448.969438327736,401.16400420390346,4007518500.0,0.8976752072385942,-45.43017578125,-13.7001953125,196.52978515625,-0.7907267043657266,-0.23978050742915355
2024-10-04,5751.06982421875,5753.2099609375,5702.830078125,5737.47998046875,3479400000,0.008970249395274354,1,1,51.1298828125,50.3798828125,0.006839302142516319,0.006016044027850275,5666.683935546875,5553.9321875,5254.057055664062,5707.0202409665535,5656.16036545986,50.85987550669324,51.64937075825067,-0.7894952515574261,67.59830734382625,5666.683935546875,5836.760412568968,5496.607458524782,340.1529540441861,3990348500.0,0.871953915804597,12.89990234375,48.52001953125,342.64990234375,0.2248086501337841,0.8508477995469064
2024-10-07,5695.93994140625,5739.33984375,5686.85009765625,5737.7998046875,3637790000,-0.009586022165882668,-1,0,-55.1298828125,52.48974609375,0.007677419193723847,0.006299548815296829,5677.928442382812,5558.668984375,5258.694904785156,5705.315579495738,5659.107000715148,46.20857878058996,50.56121236271853,-4.352633582128568,57.89007081066216,5677.928442382812,5821.163957101342,5534.692927664282,286.47102943705977,3980941000.0,0.9138015358680271,-66.5400390625,-22.6298828125,224.89013671875,-1.1547118478160385,-0.3957262656243183
2024-10-08,5751.1298828125,5757.60009765625,5714.56005859375,5719.14013671875,3393400000,0.009689347495581924,1,1,55.18994140625,43.0400390625,0.008027221037677876,0.006510268469388683,5690.708935546875,5564.42078125,5263.958803710938,5712.363933852163,5665.923510500137,46.4404233520263,49.737054560580084,-3.2966312085537837,65.53266495729228,5690.708935546875,5808.827304596243,5572.590566497507,236.23673809873617,3958202000.0,0.8573084445917616,42.3798828125,18.19970703125,255.60986328125,0.7423671173636961,0.31745907368861076
2024-10-09,5792.0400390625,5796.7998046875,5745.02001953125,5751.7998046875,3650340000,0.007113411987488272,1,1,40.91015625,51.77978515625,0.008330457679723605,0.006315491183513806,5702.604443359375,5571.532783203125,5269.18525390625,5724.621796192215,5675.265475578831,49.356320613384014,49.66090777114088,-0.3045871577568633,60.50256476002716,5702.604443359375,5810.264582128726,5594.944304590024,215.3202775387017,3948746500.0,0.92443006913713,82.5,69.7802734375,237.91015625,1.444950021114948,1.219453088388035
2024-10-10,5780.0498046875,5795.02978515625,5764.759765625,5778.35986328125,3208790000,-0.002070122839989974,-1,0,-11.990234375,30.27001953125,0.008385545891979108,0.0062486954707037705,5711.8189453125,5576.687783203125,5274.312353515625,5733.149182114566,5683.027277735028,50.12190437953814,49.75310709282033,0.36879728671780754,60.35704124806523,5711.8189453125,5812.280730595229,5611.35716002977,200.92357056545916,3926432500.0,0.8172278525098802,80.10986328125,34.6796875,184.2900390625,1.4054510065852701,0.6036110257936971
2024-10-11,5815.02978515625,5822.1298828125,5775.08984375,5775.08984375,3208720000,0.006051847587953629,1,1,34.97998046875,47.0400390625,0.007940482718862336,0.006270758209295643,5721.26943359375,5584.054775390625,5279.513752441406,5745.7461979671325,5692.805241247712,52.94095671942068,50.39067701814041,2.5502797012802745,62.269088975892835,5721.26943359375,5823.29574202382,5619.243125163681,204.0526168601391,3911829000.0,0.8202608038337054,63.9599609375,76.85986328125,189.009765625,1.1121402259481104,1.339449063511443
2024-10-14,5859.85009765625,5871.41015625,5829.56982421875,5829.81005859375,3005250000,0.0077076668832223305,1,1,44.8203125,41.84033203125,0.004539877381426105,0.006412568053430286,5732.607446289063,5594.320576171875,5284.905102539063,5763.300644073151,5705.178934315011,58.12170975813933,51.936883566140196,6.184826191999136,64.9824659290291,5732.607446289063,5843.396431021566,5621.81846155656,221.5779694650064,3890238000.0,0.7725105764737273,163.91015625,97.3701171875,226.76025390625,2.8776665122198044,1.6897259082465292
2024-10-15,5815.259765625,5870.35986328125,5804.47998046875,5866.740234375,3882120000,-0.007609466332438197,-1,0,-44.59033203125,65.8798828125,0.006777994626560688,0.00675685398131246,5741.641430664063,5606.899169921875,5290.064650878906,5771.294355081128,5713.333069967603,57.961285113525264,53.141763875617215,4.819521237908049,60.16434665852654,5741.641430664063,5848.15777921351,5635.125082114615,213.03269709889537,3912164000.0,0.9923203628477743,64.1298828125,106.509765625,180.6796875,1.1150831944198465,1.8657283227501642
2024-10-16,5842.47021484375,5846.52001953125,5808.33984375,5816.580078125,3467230000,0.004679145956573816,1,1,27.21044921875,38.18017578125,0.0064181873507916905,0.006703591132032267,5752.851953125,5618.947978515625,5295.4278515625,5782.2444873523,5722.8987844028725,59.345702949427505,54.38255169037928,4.9631512590482245,60.51819544513545,5752.851953125,5851.604297895412,5654.099608354589,197.50468954082316,3900956000.0,0.8888154595950326,50.43017578125,132.93017578125,224.21044921875,0.8706807176942898,2.3282116400234054
2024-10-17,5841.47021484375,5878.4599609375,5840.25,5875.6201171875,3480010000,-0.00017116047891174713,-1,0,-1.0,38.2099609375,0.0061875264151727335,0.005707044592711184,5759.24345703125,5631.7873828125,5300.9210522460935,5791.3561377356,5731.681853324419,59.67428441118136,55.4408982345397,4.233386176641659,61.342174366650546,5759.24345703125,5863.692613546309,5654.794300516191,208.89831303011852,3873730000.0,0.8983615275199872,61.42041015625,141.5302734375,127.830078125,1.0626276975405875,2.4830134157971955
2024-10-18,5864.669921875,5872.169921875,5846.10986328125,5859.43017578125,3374490000,0.00397155273894878,1,1,23.19970703125,26.06005859375,0.005922278280476198,0.005693125966736967,5767.349462890625,5642.694580078125,5306.7203515625,5802.635181449354,5741.532821365202,61.10236008415177,56.57319060446212,4.529169479689649,61.247685003552434,5767.349462890625,5878.23788244915,5656.4610433320995,221.77683911705026,3649091500.0,0.9247479817921803,49.64013671875,113.60009765625,162.1201171875,0.8536523208438935,1.9752863576418485
2024-10-21,5853.97998046875,5866.919921875,5824.7900390625,5857.81982421875,3407010000,-0.0018227694906369774,-1,0,-10.68994140625,42.1298828125,0.004968447289781215,0.0057276631828722625,5774.119970703125,5652.8909765625,5312.546850585937,5810.534381298491,5749.862240558057,60.67214074043386,57.39298063165647,3.27916010877739,67.65795813588443,5774.119970703125,5888.93400383497,5659.305937571279,229.62806626369093,3642964500.0,0.935230085278075,-5.8701171875,158.0400390625,135.41015625,-0.10017521079332484,2.7746085929319344
2024-10-22,5851.2001953125,5863.0400390625,5821.169921875,5832.7001953125,3342080000,-0.0004748538883844189,-1,0,-2.77978515625,41.8701171875,0.002898348433598483,0.005730231179846149,5780.033471679688,5663.027177734375,5318.316650390625,5816.790660377569,5757.368755725053,59.42190465251588,57.79876543582836,1.6231392166875196,67.14098001124928,5780.033471679688,5898.053200104647,5662.013743254729,236.03945684991777,3616433000.0,0.9241371262788499,35.9404296875,100.0703125,118.27001953125,0.6180365303704928,1.740011346275876
2024-10-23,5797.419921875,5834.85009765625,5762.41015625,5834.5,3532650000,-0.009191323428069387,-1,0,-53.7802734375,72.43994140625,0.004796044048324235,0.006144785956940284,5783.791479492187,5670.28697265625,5323.486049804687,5813.81054676179,5760.335508773198,53.475037988591794,56.93401994638105,-3.4589819577892555,60.655858456355276,5783.791479492187,5898.813813705892,5668.769145278482,230.04466842741022,3611820000.0,0.9780803030051332,-45.05029296875,5.3798828125,75.16015625,-0.7710829719643648,0.09288407497560718
2024-10-24,5809.85986328125,5817.7998046875,5784.919921875,5817.7998046875,3543030000,0.002145772011323821,1,1,12.43994140625,32.8798828125,0.005065449268555792,0.006104625561903506,5787.015966796875,5677.379970703125,5328.752849121094,5813.202749303246,5764.003979477498,49.19876982574715,55.386969922254266,-6.188200096507117,57.0203610411419,5787.015966796875,5901.115245527302,5672.916688066447,228.19855746085523,3569412500.0,0.9926087276267453,-31.6103515625,29.81005859375,64.48974609375,-0.5411369124535633,0.5157405143736766
2024-10-25,5808.1201171875,5862.81982421875,5799.97998046875,5826.75,3501280000,-0.00029944716993013376,-1,0,-1.73974609375,62.83984375,0.004304833784484823,0.006093298952774487,5790.5134765625,5682.67796875,5333.876198730469,5812.420805900823,5767.2718415300915,45.148964370731846,53.33936881194978,-8.190404441217936,65.35365294576016,5790.5134765625,5902.578648625625,5678.448304499375,224.13034412624984,3549550000.0,0.986401093096308,-56.5498046875,-6.90966796875,69.9501953125,-0.9642453103212397,-0.11882429194753191
2024-10-28,5823.52001953125,5842.919921875,5823.080078125,5833.93017578125,3691280000,0.0026514435020339455,1,1,15.39990234375,19.83984375,0.004771990703281648,0.006054014949329133,5793.565478515625,5688.063369140625,5339.09259765625,5814.1283772285815,5771.438373233881,42.69000399470042,51.20949584849991,-8.519491853799494,61.118785877030746,5793.565478515625,5905.740739797505,5681.390217233745,224.35052256376002,3512827500.0,1.0508002456710441,-30.4599609375,-36.330078125,61.0400390625,-0.5203290930123912,-0.6199830630399719
2024-10-29,5832.919921875,5847.18994140625,5802.169921875,5819.68017578125,3879100000,0.001614127248163344,1,1,9.39990234375,45.02001953125,0.0049222306109438655,0.0055920306230745525,5799.773974609375,5692.556767578125,5344.338046875,5817.0193840972615,5775.992562022112,41.02682207514954,49.17296109382984,-8.146139018680302,56.95187609814101,5799.773974609375,5905.757908097571,5693.790041121179,211.96786697639254,3505523500.0,1.1065679633869234,-18.2802734375,17.66015625,124.169921875,-0.3124192102014327,0.30368645532212024
2024-10-30,5813.669921875,5850.93994140625,5811.27978515625,5832.64990234375,3851120000,-0.003300233889343751,-1,0,-19.25,39.66015625,0.002431050234398998,0.005675115486261747,5804.98046875,5696.887763671875,5349.576496582031,5816.504082216914,5778.783477566771,37.72060465014329,46.88248980509253,-9.161885154949246,55.57954173433038,5804.98046875,5902.16570138406,5707.79523611594,194.37046526812082,3506627000.0,1.0982405599454974,16.25,-28.80029296875,104.1298828125,0.2802971014517166,-0.49294719373285206
2024-10-31,5705.4501953125,5775.33984375,5702.85986328125,5775.33984375,4425660000,-0.018614700871699585,-1,0,-108.2197265625,72.47998046875,0.008699021435367094,0.0071539882666406505,5805.2559814453125,5698.579765625,5354.407697753906,5799.418868847004,5773.351382584972,26.067486262031707,42.719489096480366,-16.65200283444866,35.370663231714545,5805.2559814453125,5901.210849840092,5709.301113050533,191.90973678955925,3548037500.0,1.2473543472976258,-104.40966796875,-136.02001953125,5.51025390625,-1.7971116416873827,-2.3285237196897755
2024-11-01,5728.7998046875,5772.52001953125,5723.22021484375,5723.22021484375,3796450000,0.004092509543626166,1,1,23.349609375,49.2998046875,0.009314305736883344,0.006913809624442986,5804.14248046875,5701.742958984375,5359.146997070313,5788.55439743785,5770.051265703678,18.503131734171802,37.87621762401866,-19.373085889846855,31.440228478172173,5804.14248046875,5903.211259651994,5705.073701285507,198.1375583664867,3563890000.0,1.0652545392815154,-79.3203125,-135.8701171875,-22.27001953125,-1.3656796157723017,-2.316756424444444
2024-11-04,5712.68994140625,5741.43017578125,5696.509765625,5725.14990234375,3602060000,-0.002812083478299976,-1,0,-16.10986328125,44.92041015625,0.008836083759392334,0.00658648973316834,5804.97998046875,5703.304560546875,5363.511396484375,5776.882942663758,5765.802278718683,11.080663945074775,32.51710688822988,-21.436442943155107,34.1990651660782,5804.97998046875,5900.41384691533,5709.54611402217,190.8677328931608,3562103500.0,1.0112171080935746,-110.830078125,-141.2900390625,16.75,-1.9031458250901832,-2.4135722966921795
2024-11-05,5782.759765625,5783.43994140625,5722.10009765625,5722.43017578125,3768310000,0.012265644545291332,1,1,70.06982421875,61.33984375,0.011385226598520036,0.006804110903872629,5806.561474609375,5706.622958984375,5368.1730444335935,5777.787069273179,5767.058388859892,10.728680413287293,28.159421593241365,-17.430741179954072,41.87454235454682,5806.561474609375,5899.246670229888,5713.876278988862,185.37039124102557,3580849000.0,1.0523509927394314,-50.16015625,-68.4404296875,31.6298828125,-0.8599493379274089,-1.1696819011991564
2024-11-06,5929.0400390625,5936.14013671875,5864.89013671875,5864.89013671875,6329530000,0.025295927786425976,1,1,146.2802734375,71.25,0.01642912674222367,0.00871054718340524,5813.411474609375,5712.687763671875,5373.495244140625,5801.056756933075,5779.057029615641,21.999727317434008,26.927482738079895,-4.927755420645887,58.53992325911619,5813.411474609375,5920.6807057149545,5706.142243503795,214.53846221115964,3714808500.0,1.7038644118532624,115.3701171875,131.6201171875,137.0,1.9844628046975759,2.2703222978702478
2024-11-07,5973.10009765625,5983.83984375,5947.2099609375,5947.2099609375,4925740000,0.007431229727488331,1,1,44.06005859375,36.6298828125,0.010511509092309388,0.008781307093100358,5823.063989257813,5720.306162109375,5379.017995605469,5827.524963198179,5793.430590211242,34.09437298693683,28.360860787851284,5.733512199085549,60.16084205979598,5823.063989257813,5950.533946299734,5695.594032215891,254.93991408384318,3800656000.0,1.2960236338147941,267.64990234375,163.240234375,193.05029296875,4.6911267854664045,2.8097103581910905
2024-11-08,5995.5400390625,6012.4501953125,5976.759765625,5976.759765625,4666740000,0.0037568333092317108,1,1,22.43994140625,35.6904296875,0.010553708462202674,0.00873605670074921,5832.089501953125,5728.377763671875,5384.524895019531,5853.373436408075,5808.40166049652,44.97177591155469,31.68304381259197,13.288732098962718,62.97956775216621,5832.089501953125,5980.934206603518,5683.244797302733,297.689409300785,3873557000.0,1.2047686402962445,266.740234375,187.419921875,180.51025390625,4.656127696358738,3.2268602937529374
2024-11-11,6001.35009765625,6017.31005859375,5986.68994140625,6008.85986328125,4333000000,0.0009690634297987444,1,1,5.81005859375,30.6201171875,0.00956838874049057,0.00861583013261239,5839.164501953125,5735.436767578125,5390.076794433594,5876.139076600102,5822.694137323167,53.444939276935656,36.035422905460706,17.40951637147495,63.69108625944886,5839.164501953125,6005.937231057062,5672.391772849189,333.5454582078728,3939944500.0,1.099761684460276,288.66015625,177.830078125,141.5,5.052963826336121,3.0536527311417054
2024-11-12,5983.990234375,6009.919921875,5960.080078125,6003.60009765625,4243400000,-0.00289265965137242,-1,0,-17.35986328125,49.83984375,0.01095038039451709,0.008423577631426439,5847.601025390625,5744.53796875,5395.3570947265625,5892.731562411625,5834.641996364043,58.08956604758259,40.44625153388509,17.643314513697504,68.22229428764915,5847.601025390625,6025.9513535411,5669.250697240151,356.70065630094905,3958008500.0,1.0721048224125844,201.23046875,151.0703125,168.73046875,3.479834489168876,2.5899603375908895
2024-11-13,5985.3798828125,6008.18994140625,5965.91015625,5985.75,4220180000,0.00023222772482434095,1,1,1.3896484375,42.27978515625,0.0038942272611127097,0.008392898379347159,5854.746508789062,5753.844169921875,5400.659143066407,5906.985150165607,5845.807765730596,61.177384435010936,44.59247811411026,16.58490632090068,67.52122004408271,5854.746508789062,6043.385689596581,5666.107327981544,377.2783616150373,3995656000.0,1.056192024538649,56.33984375,171.7099609375,142.90966796875,0.950235508257901,2.953555383173884
2024-11-14,5949.169921875,5993.8798828125,5942.27978515625,5989.68017578125,4184570000,-0.006049734794859041,-1,0,-36.2099609375,51.60009765625,0.0037715613361313746,0.008546537576008697,5860.131494140625,5762.759365234375,5406.176743164063,5913.475115043975,5853.464221741293,60.010893302682234,47.67616115182466,12.334732150857576,63.17364013301788,5860.131494140625,6053.270155623902,5666.992832657349,386.2773229665527,4030884000.0,1.0381271205025995,-23.93017578125,243.7197265625,107.69970703125,-0.4006324252064656,4.2717001852498155
2024-11-15,5870.6201171875,5915.31982421875,5853.009765625,5912.7900390625,4590960000,-0.013203489851361216,-1,0,-78.5498046875,62.31005859375,0.005756664235128676,0.009073417267326519,5860.42900390625,5772.003369140625,5410.9988940429685,5906.882038450672,5854.735028811383,52.147009639288626,48.57033084931745,3.576678789971176,53.93485488180464,5860.42900390625,6053.615426445274,5667.242581367225,386.37284507804907,4091707500.0,1.1220156866051643,-124.919921875,141.8203125,5.9501953125,-2.08354745462651,2.475567611630586
2024-11-18,5893.6201171875,5908.1201171875,5865.9501953125,5874.169921875,3983860000,0.003917814394541086,1,1,23.0,42.169921875,0.006517899343486972,0.009100493391809924,5862.4110107421875,5780.454775390625,5415.6739453125,5904.841742871722,5857.615405728133,47.22633714358926,48.30153210817182,-1.0751949645825576,54.95836716981312,5862.4110107421875,6056.131489717965,5668.69053176641,387.4409579515559,4120550000.0,0.9668272439358824,-107.72998046875,180.93017578125,39.64013671875,-1.7950957487186516,3.167162538786619
2024-11-19,5916.97998046875,5923.509765625,5855.2900390625,5870.0498046875,4036940000,0.003963584828470035,1,1,23.35986328125,68.2197265625,0.0073693030879024065,0.009132694886668555,5865.7,5788.883974609375,5420.544794921875,5906.709164040495,5862.012781634845,44.69638240565018,47.5805021676675,-2.8841197620173133,58.382719424403426,5865.7,6060.847423326453,5670.552576673546,390.2948466529069,4155293000.0,0.9715175319766861,-67.01025390625,134.22021484375,65.77978515625,-1.119825589308451,2.3210408227851307
2024-11-20,5917.10986328125,5920.669921875,5860.56005859375,5914.33984375,3772620000,2.195086225209586e-05,1,1,0.1298828125,60.10986328125,0.007352334000100381,0.00884058059273617,5871.684497070312,5796.14357421875,5425.359194335938,5908.309271615996,5866.094046941986,42.21522467401064,46.50744666893613,-4.292221994925491,70.82777979045326,5871.684497070312,6065.35077314291,5678.018220997715,387.3325521451952,4167291500.0,0.9052930422553834,-68.27001953125,-11.93017578125,119.68994140625,-1.1406129747468972,-0.20121597598683783
2024-11-21,5948.7099609375,5963.31982421875,5887.259765625,5940.580078125,4230120000,0.0053404615405816536,1,1,31.60009765625,76.06005859375,0.007647092661842537,0.008889968119944577,5878.627001953125,5803.202578125,5430.127443847657,5914.524762280844,5872.213744274987,42.31101800585657,45.66816093632022,-3.3571429304636524,71.29389025686415,5878.627001953125,6072.915525913064,5684.338477993186,388.57704791987817,4201646000.0,1.006776867922714,-0.4599609375,-24.39013671875,138.85009765625,-0.007731514539679413,-0.40833296479193953
2024-11-22,5969.33984375,5972.89990234375,5944.35986328125,5944.35986328125,4141420000,0.003467959094991535,1,1,20.6298828125,28.5400390625,0.0019843367776600862,0.008896011588323023,5886.68798828125,5810.068974609375,5434.984592285156,5922.957851737638,5879.4082701620255,43.54958157561214,45.244445064178606,-1.6948634885664688,74.63574998054897,5886.68798828125,6082.034457236387,5691.341519326113,390.69293791027485,4233653000.0,0.9782143222413363,98.7197265625,-26.2001953125,161.2197265625,1.6815894163118614,-0.4369947517954834
2024-11-25,5987.3701171875,6020.75,5963.91015625,5992.27978515625,5633150000,0.003020480305938378,1,1,18.0302734375,56.83984375,0.0019597051030295306,0.008899109950927455,5894.8804931640625,5817.154580078125,5439.788393554688,5932.867431037616,5887.405444015764,45.46198702185211,45.28795345571331,0.17403356613880305,71.82046731736173,5894.8804931640625,6092.798876136697,5696.962110191428,395.8367659452688,4330746500.0,1.300734180585264,93.75,-13.97998046875,163.85009765625,1.5907031355244274,-0.23294725755475756
2024-11-26,6021.6298828125,6025.419921875,5992.27001953125,6000.02978515625,3835170000,0.005722005647630368,1,1,34.259765625,33.14990234375,0.0022721871456803425,0.008950938817165131,5904.315991210938,5824.895576171875,5444.78734375,5946.523192849138,5897.347995037745,49.175197811392536,46.06540232684916,3.109795484543376,62.97397596560416,5904.315991210938,6107.714088250536,5700.917894171339,406.79619407919745,4328550000.0,0.8860172575111758,104.64990234375,37.6396484375,188.7099609375,1.7686370866419512,0.6290058466552843
2024-11-27,5998.740234375,6020.16015625,5984.8701171875,6014.10986328125,3363340000,-0.003801238017440034,-1,0,-22.8896484375,35.2900390625,0.003842221133665118,0.008966154607320542,5913.569506835937,5832.505185546875,5450.0151953125,5954.5565838531165,5904.858531284948,49.69805256816835,46.79193237511301,2.9061201930553437,53.81937625558421,5913.569506835937,6116.442508183253,5710.696505488621,405.7460026946319,4304161000.0,0.7814159368109139,81.63037109375,13.3603515625,185.0703125,1.379564905500724,0.22321643444663092
2024-11-29,6032.3798828125,6044.169921875,6003.97998046875,6003.97998046875,2444420000,0.005607785488815242,1,1,33.6396484375,40.18994140625,0.003888857251417516,0.007626955558271198,5929.915991210937,5838.87998046875,5455.173994140625,5966.529399077637,5914.304557324027,52.224841753610235,47.87851425081246,4.346327502797777,55.31050191028287,5929.915991210937,6113.996074636707,5745.835907785167,368.16016685153954,4205099000.0,0.5812990371927035,83.669921875,83.2099609375,326.9296875,1.4065221270564996,1.398681867054063
2024-12-02,6047.14990234375,6053.580078125,6035.330078125,6040.10986328125,4412470000,0.0024484564662998753,1,1,14.77001953125,18.25,0.003871992666464839,0.007621345909957171,5945.83349609375,5845.771982421875,5460.26109375,5978.93255342627,5924.144953251414,54.78760017485547,49.26033143562106,5.527268739234408,56.43584057438014,5945.83349609375,6110.747985256792,5780.919006930708,329.8289783260843,4235900000.0,1.0416841757359712,77.81005859375,176.52978515625,318.35009765625,1.3034952043351735,3.0070040580452684
2024-12-03,6049.8798828125,6052.06982421875,6033.39013671875,6042.97021484375,4095000000,0.0004514491145146682,1,1,2.72998046875,18.6796875,0.003971341473132563,0.00753072502657657,5962.6929931640625,5852.39818359375,5465.482644042969,5989.847527177997,5933.45865173742,56.38887544057707,50.686040236612264,5.702835203964803,59.655901790902085,5962.6929931640625,6092.445492106175,5832.94049422195,259.5049978842253,4260547000.0,0.9611441911097331,62.509765625,156.259765625,337.18994140625,1.044027083703375,2.6513375907839962
2024-12-04,6086.490234375,6089.83984375,6061.06005859375,6069.39013671875,4003390000,0.006051417924264779,1,1,36.6103515625,28.77978515625,0.004048725578161982,0.007246736445640328,5977.8795166015625,5859.469384765625,5471.0375463867185,6004.715635977536,5944.794324525388,59.921311452148075,52.53309447971942,7.388216972428651,63.430909369219314,5977.8795166015625,6088.672645630057,5867.086387573068,221.5862580569883,4272301000.0,0.9370571034203816,64.8603515625,169.51025390625,303.73046875,1.077122852529188,2.864810333409666
2024-12-05,6075.10986328125,6094.5498046875,6072.89990234375,6089.02978515625,4212020000,-0.0018697756269248078,-1,0,-11.38037109375,21.64990234375,0.003374829143395744,0.004947559622756432,5985.1830078125,5866.52638671875,5476.504096679688,6015.5455171011845,5954.447327396192,61.098189704992365,54.24611352477402,6.852076180218347,67.91058767976557,5985.1830078125,6101.538573496168,5868.827442128832,232.71113136733584,4166425500.0,1.0109433133989796,76.36962890625,158.0,146.06982421875,1.2730944485414417,2.6702225182681216
2024-12-06,6090.27001953125,6099.97021484375,6079.97998046875,6081.3798828125,3924830000,0.0024954538421815275,1,1,15.16015625,19.990234375,0.002923951207172384,0.004740695092962274,5991.04150390625,5873.424384765625,5481.520297851563,6027.041594398117,5964.5082675543445,62.53332684377256,55.90355618857373,6.629770655198826,88.10853031024394,5991.04150390625,6116.294324188364,5865.788683624136,250.5056405642281,4116380000.0,0.953466395230761,57.89013671875,141.56005859375,117.169921875,0.9596566834872419,2.3796765941407663
2024-12-09,6052.85009765625,6088.509765625,6048.6298828125,6083.009765625,4556460000,-0.006144213927296471,-1,0,-37.419921875,39.8798828125,0.004585422530226131,0.004948158850431571,5993.907006835938,5879.71798828125,5486.340549316406,6031.012133360907,5971.052106821153,59.960026539753926,56.71485025880977,3.2451762809441576,76.30944985437559,5993.907006835938,6122.1790212575615,5865.634992414314,256.54402884324736,4110866000.0,1.1083941923672531,5.7001953125,83.51025390625,57.31005859375,0.09426251051409726,1.3989864221533082
2024-12-10,6034.91015625,6065.39990234375,6029.89013671875,6057.58984375,4048410000,-0.002963883313944371,-1,0,-17.93994140625,35.509765625,0.00478792819180049,0.005005826028597601,5995.585009765625,5885.166591796875,5491.167451171875,6031.611829189998,5975.782332704771,55.82949648522754,56.53777950409332,-0.7082830188657852,69.84087604432797,5995.585009765625,6125.138628644761,5866.031390886488,259.1072377582732,4096636500.0,0.9882277814983097,-14.9697265625,47.5400390625,33.56005859375,-0.24743840956294813,0.7940053501291048
2024-12-11,6084.18994140625,6092.58984375,6060.14990234375,6060.14990234375,4269950000,0.008165786048233592,1,1,49.27978515625,32.43994140625,0.005543449520685591,0.005240902200480272,6000.594995117188,5892.675390625,5496.1975,6039.70076953096,5983.812525941918,55.88824358904276,56.40787232108321,-0.5196287320404522,74.1208283049299,6000.594995117188,6135.883429144526,5865.306561089849,270.5768680546771,4097964000.0,1.041968645893424,-2.30029296875,62.56005859375,100.19970703125,-0.03779342248441493,1.0389223484544405
2024-12-12,6051.25,6079.68017578125,6051.25,6074.2900390625,3678010000,-0.005414022527810203,-1,0,-32.93994140625,28.43017578125,0.006036838617836747,0.0054244355925854035,6003.888500976563,5899.50958984375,5501.104951171875,6041.477574218505,5988.807894390665,52.6696798278399,55.66023382243455,-2.9905539945946487,64.74633732557356,6003.888500976563,6140.814564831072,5866.962437122053,273.85212770901853,4070855500.0,0.9034980485060204,-23.85986328125,52.509765625,65.8701171875,-0.39274784848685784,0.8753465489987319
2024-12-13,6051.08984375,6078.580078125,6035.77001953125,6068.169921875,3584960000,-2.6466639124200775e-05,-1,0,-0.16015625,42.81005859375,0.005796126792872662,0.005200657222305823,6008.9844970703125,5906.532587890625,5505.879050292969,6042.956384915658,5993.421372120986,49.535012794672184,54.43518961688208,-4.900176822209893,62.49197912034453,6008.9844970703125,6144.918698188465,5873.05029595216,271.868402236305,4040875000.0,0.8871741887586229,-39.18017578125,18.7099609375,101.919921875,-0.6433241162641519,0.3101588643448758
2024-12-16,6074.080078125,6085.18994140625,6059.14013671875,6063.7900390625,4391100000,0.0037993543260221863,1,1,22.990234375,26.0498046875,0.005400839892909663,0.004040619452365856,6019.157495117188,5912.99279296875,5510.564050292969,6047.744645409403,5999.396091084246,48.34855432515724,53.217862558537114,-4.869308233379876,63.0520488501861,6019.157495117188,6141.239386249847,5897.075603984529,244.16378226531742,4030882000.0,1.0893645609075135,21.22998046875,26.93017578125,203.4599609375,0.3507435361230993,0.4453366662998121
2024-12-17,6050.60986328125,6057.68017578125,6035.18994140625,6052.5498046875,4544500000,-0.003863994965801476,-1,0,-23.47021484375,22.490234375,0.005566465087095946,0.004189051865059513,6027.006982421875,5920.08619140625,5515.162348632813,6048.185448158918,6003.189703839579,44.99574431933888,51.573438910697476,-6.577694591358593,54.50867306707668,6027.006982421875,6134.4081221431015,5919.605842700649,214.80227944245235,4058914000.0,1.119634463799923,15.69970703125,0.72998046875,156.98974609375,0.2601481484358262,0.012066032431880992
2024-12-18,5872.16015625,6070.669921875,5867.7900390625,6047.64990234375,5246960000,-0.02949284635160343,-1,0,-178.44970703125,202.8798828125,0.013072243587929695,0.008013587156556227,6024.7659912109375,5922.506796875,5519.129899902344,6021.104634019084,5993.483811425536,27.620822593547928,46.78291564726757,-19.162093053719644,36.72999076551997,6024.7659912109375,6143.143114221564,5906.388868200311,236.7542460212535,4119415000.0,1.2737148357230335,-212.02978515625,-214.330078125,-44.81982421875,-3.4849304048394516,-3.5214067528526773
2024-12-19,5867.080078125,5935.52001953125,5866.06982421875,5912.7099609375,4896880000,-0.0008651123249070469,-1,0,-5.080078125,69.4501953125,0.013365192971071747,0.008013879677719053,6022.264501953125,5924.00759765625,5522.941501464844,5997.408548496917,5984.120571921793,13.287976575124048,40.08392783283887,-26.79595125771482,31.567031550152237,6022.264501953125,6151.808062424489,5892.72094148176,259.0871209427296,4175628000.0,1.1727289883102614,-184.169921875,-208.02978515625,-50.02978515625,-3.04350211733113,-3.424296676733518
2024-12-20,5930.85009765625,5982.06005859375,5832.2998046875,5842.0,8223220000,0.010869123768910471,1,1,63.77001953125,149.76025390625,0.015342849523083124,0.008311892805041438,6021.371508789062,5927.023603515625,5526.8089526367185,5987.168786829122,5980.174610865086,6.994175964036003,33.465977459078296,-26.471801495042293,38.30877762026867,6021.371508789062,6153.274711620136,5889.468305957988,263.8064056621479,4375283000.0,1.8794715678962939,-120.23974609375,-159.419921875,-17.85986328125,-1.9870758689518093,-2.617616646942529
2024-12-23,5974.06982421875,5978.25,5902.56982421875,5940.25,3593280000,0.007287273468533639,1,1,43.2197265625,75.68017578125,0.0158518819698105,0.0084414594811241,6021.6080078125,5930.204404296875,5531.060852050781,5985.153561812142,5979.7224044468385,5.431157365303079,27.859013440323253,-22.427856075020173,42.95276058749463,6021.6080078125,6153.134829105139,5890.08118651986,263.0536425852788,4347876000.0,0.8264449124124055,-100.01025390625,-78.7802734375,4.72998046875,-1.6465086501974802,-1.3015401367366566
2024-12-24,6040.0400390625,6040.10009765625,5981.43994140625,5984.6298828125,1757720000,0.01104275925539211,1,1,65.97021484375,58.66015625,0.017055003509494227,0.008772933828230436,6024.24150390625,5933.808203125,5535.671352539062,5993.597635235274,5984.190377381332,9.4072578539417,24.16866232304694,-14.76140446910524,45.90552712948744,6024.24150390625,6154.9887474154275,5893.494260397072,261.49448701835536,4154104500.0,0.42312849857291746,-10.56982421875,5.1298828125,52.669921875,-0.17469022887914273,0.08500346616075606
2024-12-26,6037.58984375,6049.75,6007.3701171875,6024.97021484375,2904530000,-0.00040565878647391695,-1,0,-2.4501953125,42.3798828125,0.005875771746425247,0.008686619012210467,6025.039501953125,5938.2548046875,5539.982951660157,6000.3656673144615,5988.14589340864,12.219773905821057,21.778884639601767,-9.55911073378071,46.63979940510705,6025.039501953125,6155.9143876458265,5894.164616260424,261.7497713854027,4107572500.0,0.7071159425670515,165.4296875,-46.60009765625,15.9599609375,2.817186232972986,-0.7659211514602917
2024-12-27,5970.83984375,6006.169921875,5932.9501953125,6006.169921875,3159610000,-0.011055736101235558,-1,0,-66.75,73.2197265625,0.009389528216592799,0.00900667621205217,6023.644482421875,5940.822197265625,5544.010600585938,5995.823232919929,5986.863963804297,8.959269115632196,19.214961534807852,-10.255692419175656,40.208877911701244,6023.644482421875,6156.28261259365,5891.0063522501005,265.27626034354944,4097386000.0,0.7711282266303443,103.759765625,-80.41015625,-27.900390625,1.7685077456478064,-1.3288189423672796
2024-12-30,5906.93994140625,5940.7900390625,5869.16015625,5920.669921875,3433250000,-0.010701995701766776,-1,0,-63.89990234375,71.6298828125,0.010112301071770169,0.009190201510815756,6017.372485351562,5942.131591796875,5547.792900390625,5982.148880379364,5980.943665848886,1.2052145304778605,15.613012133941854,-14.407797603463994,38.5357473340464,6017.372485351562,6159.775200591895,5874.96977011123,284.80543048066465,4146827500.0,0.8279220681352191,-23.91015625,-144.14990234375,-125.43994140625,-0.40314888854548525,-2.38221388321706
2024-12-31,5881.6298828125,5929.740234375,5868.85986328125,5919.740234375,3128350000,-0.004284800394927402,-1,0,-25.31005859375,60.88037109375,0.009079690975431116,0.009180178282027126,6009.096484375,5942.470791015625,5551.6156005859375,5966.68441921523,5973.587089327672,-6.902670112442138,11.109875684665056,-18.012545797107194,38.094555439251195,6009.096484375,6162.9881406928625,5855.204828057137,307.78331263572545,4082621500.0,0.7662601100787815,-92.43994140625,-192.4501953125,-165.52001953125,-1.547352878794628,-3.1683842299936753
2025-01-02,5868.5498046875,5935.08984375,5829.52978515625,5903.259765625,3621680000,-0.0022238866412221947,-1,0,-13.080078125,105.56005859375,0.004894235153096556,0.009172092132313693,6000.02998046875,5942.7621875,5555.21125,5951.586786210964,5965.806549724697,-14.219763513732687,6.043947844985507,-20.263711358718194,32.25302452977432,6000.02998046875,6164.787283746947,5835.272677190554,329.5146065563931,4058955500.0,0.89226895934188,-171.490234375,-182.06005859375,-181.330078125,-2.8392234698102716,-3.0089538527116124
2025-01-03,5942.47021484375,5949.33984375,5888.66015625,5891.06982421875,3667340000,0.01259602672149196,1,1,73.92041015625,60.6796875,0.00961268498264739,0.009563333723370142,5992.8289794921875,5944.587587890625,5559.031052246094,5950.184236769854,5964.077932326109,-13.893695556254897,2.0564191647374255,-15.950114720992323,41.613241066097665,5992.8289794921875,6154.230254830281,5831.427704154094,322.8025506761878,4042153000.0,0.907273920606172,-95.11962890625,70.31005859375,-144.02001953125,-1.575456951662857,1.1973457249614674
2025-01-06,5975.3798828125,6021.0400390625,5960.009765625,5982.81005859375,4940120000,0.005538045085450305,1,1,32.90966796875,61.0302734375,0.009041531967543716,0.009676884301577208,5987.84248046875,5948.146787109375,5562.784851074219,5954.060490007184,5964.915113843619,-10.854623836435167,-0.5257894354970929,-10.328834400938074,44.44347288857417,5987.84248046875,6144.636874280478,5831.048086657022,313.5887876234556,4078558000.0,1.2112418163478367,4.5400390625,108.2998046875,-99.72998046875,0.07603685882233642,1.8458893222079633
2025-01-07,5909.02978515625,6000.68017578125,5890.68017578125,5993.259765625,4517330000,-0.01110391288210788,-1,0,-66.35009765625,110.0,0.009163480690513951,0.009909434070007656,5978.78046875,5950.130185546875,5566.122351074218,5947.132689260887,5960.775459866777,-13.642770605890291,-3.1491856695757328,-10.493584936314559,38.61141489835537,5978.78046875,6131.54718338547,5826.0137541145305,305.53342927093945,4108183000.0,1.0995931778112125,2.08984375,-21.8203125,-181.240234375,0.03537946501454484,-0.36791205545091993
2025-01-08,5918.25,5927.89013671875,5874.77978515625,5910.66015625,4441740000,0.001560360190925314,1,1,9.22021484375,53.1103515625,0.00883034976283093,0.0098675187178585,5972.050463867187,5952.332783203125,5569.542700195312,5942.689198605366,5957.625425802571,-14.936227197204971,-5.50659397510158,-9.42963322210339,40.683873832446984,5972.050463867187,6122.925592879493,5821.175334854882,301.75025802461096,4102447000.0,1.0827050294616847,36.6201171875,-55.81982421875,-134.60009765625,0.6226185244078781,-0.9343684600480838
2025-01-10,5827.0400390625,5890.35009765625,5807.77978515625,5890.35009765625,4751930000,-0.01541164380306681,-1,0,-91.2099609375,82.5703125,0.011654126458775487,0.010372434289205819,5961.656958007812,5952.40318359375,5572.586950683593,5924.897020214155,5947.952434192196,-23.055413978040633,-9.016357975689392,-14.039056002351241,46.37961999448358,5961.656958007812,6122.602767605412,5800.711148410212,321.8916191951994,4137623000.0,1.148468577248338,-41.509765625,-213.0,-207.8701171875,-0.7073257790509694,-3.5264666893344074
2025-01-13,5836.22021484375,5838.60986328125,5773.31005859375,5782.02001953125,4421200000,0.0015754440882007614,1,1,9.18017578125,65.2998046875,0.00912054046304564,0.010144714308595992,5949.258471679687,5952.469189453125,5575.750151367188,5911.254434772554,5939.675973499719,-28.42153872716426,-12.897394125984366,-15.524144601179895,47.54003031319745,5949.258471679687,6108.656995729442,5789.859947629932,318.79704809951,4145185500.0,1.0665867667442144,-106.25,-201.36962890625,-247.9697265625,-1.7879769886704213,-3.3352651325711378
2025-01-14,5842.91015625,5871.919921875,5805.419921875,5859.27001953125,4142280000,0.0011462798112440442,1,1,6.68994140625,66.5,0.008188114720242227,0.010135561663653569,5938.841479492187,5953.053994140625,5578.7222509765625,5900.739930384469,5932.508135184924,-31.76820480045535,-16.671556260878564,-15.096648539576787,42.28814350396381,5938.841479492187,6097.4040308550475,5780.278928129327,317.12510272572035,4168399000.0,0.9937340451333954,-132.4697265625,-127.9296875,-208.33984375,-2.216925604069694,-2.1425744258391206
2025-01-15,5949.91015625,5960.60986328125,5905.2099609375,5905.2099609375,4544570000,0.018312792279639112,1,1,107.0,55.39990234375,0.011924639042480341,0.011080557981223808,5933.782495117188,5957.943193359375,5582.200051269531,5908.304580517627,5933.797173782336,-25.492593264709285,-18.435763661644707,-7.056829603064578,48.09448583582824,5933.782495117188,6083.474000109997,5784.090990124379,299.3830099856186,4216379500.0,1.0778370400482216,40.88037109375,42.97021484375,-101.1796875,0.6918288209757097,0.7274530513259323
2025-01-16,5937.33984375,5964.68994140625,5930.72021484375,5963.60986328125,4285810000,-0.0021126894641922966,-1,0,-12.5703125,33.9697265625,0.012027804114090544,0.011030593688766924,5926.945483398437,5962.113994140625,5585.667900390625,5912.771544091838,5934.059593779941,-21.288049688102546,-19.006220866936275,-2.281828821166272,41.15478557514711,5926.945483398437,6061.368378546489,5792.5225882503855,268.8457902961036,4211115000.0,1.0177375825642376,19.08984375,55.7099609375,-136.740234375,0.3225589278925358,0.9471857639376043
2025-01-17,5996.66015625,6014.9599609375,5978.43994140625,5995.39990234375,4366830000,0.009991058969353706,1,1,59.3203125,36.52001953125,0.008310355993293456,0.011278805144986444,5924.247998046875,5967.7933984375,5589.622150878906,5925.677484423863,5938.6966724814265,-13.019188057563952,-17.808814305061812,4.789626247497861,46.789380872640024,5924.247998046875,6050.115031671952,5798.380964421798,251.7340672501541,4202231500.0,1.0391693080212263,169.6201171875,128.1103515625,-53.94970703125,2.9109138782370514,2.182998454919339
2025-01-21,6049.240234375,6051.509765625,6006.8798828125,6014.1201171875,4702920000,0.008768227105582893,1,1,52.580078125,44.6298828125,0.008017402613702537,0.009120498882249658,5933.102001953125,5973.1230078125,5593.810900878906,5944.687138262499,5946.8850844735425,-2.197946211043927,-14.686640686258237,12.48869447521431,56.2897309459902,5933.102001953125,6068.121666334045,5798.082337572206,270.039328761839,4175029500.0,1.1264399449153593,213.02001953125,106.77001953125,177.080078125,3.649965417505293,1.7967278870754488
2025-01-22,6086.3701171875,6100.81005859375,6076.1298828125,6081.39013671875,4323040000,0.006137941522227575,1,1,37.1298828125,24.68017578125,0.007355288853524188,0.009158216261649723,5944.06650390625,5976.269609375,5598.506701660156,5966.484519635576,5957.217309119021,9.267210516555679,-9.895870445695454,19.163080962251133,65.04097585653906,5944.06650390625,6091.551943733712,5796.581064078788,294.9708796549239,4146337500.0,1.042616526030503,243.4599609375,110.990234375,219.2900390625,4.166758591642516,1.8574590494949246
2025-01-23,6118.7099609375,6118.72998046875,6074.669921875,6076.31982421875,4432250000,0.00531348622041139,1,1,32.33984375,44.06005859375,0.0047216043382626105,0.008953050466059695,5953.459497070313,5979.181806640625,5603.078552246094,5989.903818297411,5969.179727772242,20.72409052516923,-3.7718782515225175,24.495968776691747,69.64206250960784,5953.459497070313,6120.087278505324,5786.831715635301,333.2555628700229,3956789000.0,1.1201633445705597,168.7998046875,209.68017578125,187.85986328125,2.8370143456735493,3.5484704495478443
2025-01-24,6101.240234375,6128.18017578125,6088.740234375,6121.43017578125,4214250000,-0.002855132319398823,-1,0,-17.4697265625,39.43994140625,0.005027343746690535,0.008900957310417148,5959.818017578125,5981.295810546875,5607.572802734375,6007.032497693963,5978.961987520594,28.070510173368348,2.5965994334556557,25.473910739912693,69.13916912993189,5959.818017578125,6138.990753060112,5780.6452820961385,358.34547096397364,3987837500.0,1.0567757587915756,163.900390625,182.990234375,127.17041015625,2.7605020924906527,3.0919652663371773
2025-01-27,6012.27978515625,6017.169921875,5962.919921875,5969.0400390625,5198750000,-0.014580715690809543,-1,0,-88.96044921875,54.25,0.009512996413263737,0.009231150535421583,5958.430004882813,5981.514404296875,5611.584650878906,6007.839772688161,5981.429972530643,26.409800157518475,7.35923957826822,19.050560579250256,55.60331786022785,5958.430004882813,6135.402652877682,5781.457356887943,353.94529598973895,4159889000.0,1.2497328654682853,15.61962890625,185.23974609375,-27.76025390625,0.26047213781108625,3.178968135656621
2025-01-28,6067.7001953125,6074.5400390625,5994.6298828125,6026.97021484375,4473640000,0.009217869449967608,1,1,55.42041015625,79.91015625,0.009611641262498905,0.009467107014404192,5959.935522460937,5983.188603515625,5616.119951171875,6017.049068476521,5987.820359403373,29.22870907314791,11.73313347724416,17.49557559590375,57.15171908759147,5959.935522460937,6140.22483610665,5779.646208815224,360.5786272914265,4238344500.0,1.0555158977756527,18.4599609375,231.47998046875,30.1103515625,0.30516164381438654,3.9662653557863954
2025-01-29,6039.31005859375,6062.830078125,6012.9599609375,6057.7001953125,4115310000,-0.004678895760321544,-1,0,-28.39013671875,49.8701171875,0.009278224697498498,0.009167476702570643,5963.359033203125,5984.26720703125,5620.321201171875,6020.473836186864,5991.634411195253,28.83942499161094,15.154391780117516,13.685033211493424,60.72298375882751,5963.359033203125,6147.08773947694,5779.63032692931,367.45741254763016,4286129500.0,0.9601459778571786,-47.06005859375,196.39990234375,68.47021484375,-0.7732040228847661,3.361337023703273
2025-01-30,6071.169921875,6086.64013671875,6027.4599609375,6050.75,4634620000,0.005275414405311762,1,1,31.85986328125,59.18017578125,0.009271231043527896,0.008819370876654391,5971.570532226562,5986.70720703125,5625.06,6028.273233985038,5997.525930504864,30.747303480174196,18.272974120128854,12.474329360045342,62.13416939948299,5971.570532226562,6159.318194705967,5783.822869747158,375.49532495880885,4346198000.0,1.066361909880774,-47.5400390625,121.259765625,164.22998046875,-0.7769618002160701,2.038010027724946
2025-01-31,6040.52978515625,6120.91015625,6030.93017578125,6096.7900390625,4843770000,-0.005046825754019935,-1,0,-30.64013671875,89.97998046875,0.009400788589187603,0.008846867231217866,5979.51552734375,5990.105400390625,5629.953549804687,6030.158857242147,6000.711401219782,29.44745602236526,20.507870500576136,8.939585521789123,68.74192522382187,5979.51552734375,6164.668224974728,5794.3628297127725,370.3053952619557,4431969000.0,1.0929160379957532,-60.71044921875,103.18994140625,158.89990234375,-0.9950509549960225,1.7379827350606165
2025-02-03,5994.56982421875,6022.1298828125,5923.93017578125,5969.64990234375,4797210000,-0.007608597684666707,-1,0,-45.9599609375,98.19970703125,0.0073559175572128896,0.009041814960907647,5985.8165283203125,5992.12439453125,5634.669348144531,6024.683621392393,6000.2564695900755,24.427151802317894,21.29172676092449,3.135425041393404,63.05801576142365,5985.8165283203125,6163.4953721421025,5808.1376844985225,355.35768764358,4490745500.0,1.0682435689130012,-17.7099609375,-2.09033203125,126.02001953125,-0.2945631535848385,-0.034858270717098384
2025-02-04,6037.8798828125,6042.47998046875,5990.8701171875,5998.14013671875,4410160000,0.007224881828679752,1,1,43.31005859375,51.60986328125,0.006719535576127894,0.008757750170776606,5990.58701171875,5994.542392578125,5639.747697753906,6026.713815457026,6003.043389088033,23.670426368992594,21.767466682538114,1.90295968645448,65.16209434644324,5990.58701171875,6168.488790991915,5812.685232445584,355.80355854633126,4527886500.0,0.9739996795414373,-29.8203125,-11.3603515625,95.40966796875,-0.4914598866146548,-0.18779798986894983
2025-02-05,6061.47998046875,6062.85986328125,6007.06005859375,6020.4501953125,4756250000,0.003908672930614365,1,1,23.60009765625,55.7998046875,0.006630422808537634,0.008719173358409356,5994.892016601562,5997.429794921875,5644.999497070313,6032.06245622806,6007.372025486605,24.690430741455202,22.352059494321534,2.3383712471336686,59.96958011660082,5994.892016601562,6175.392402653604,5814.39163054952,361.0007721040838,4518693000.0,1.052572060106761,22.169921875,-24.89013671875,86.10009765625,0.36709361930263695,-0.4089487862143304
2025-02-06,6083.56982421875,6084.02978515625,6046.830078125,6072.22021484375,4847120000,0.003644298722618622,1,1,22.08984375,37.19970703125,0.006387836522592154,0.008276128504802888,6003.6190185546875,6000.1269921875,5650.581196289062,6039.986666688166,6013.016306874171,26.970359813994946,23.275719558256217,3.6946402557387295,62.84813596726434,6003.6190185546875,6183.516690636213,5823.721346473162,359.7953441630507,4535182500.0,1.068781686293771,12.39990234375,-35.14013671875,174.5400390625,0.20424238661270175,-0.5743062989271986
2025-02-07,6025.990234375,6101.27978515625,6019.9599609375,6083.1298828125,4766900000,-0.009464770111542897,-1,0,-57.57958984375,81.31982421875,0.007536184536863055,0.008630717861685542,6009.006030273437,6001.26,5655.658146972656,6037.833369409218,6013.9773385409,23.856030868318157,23.391781820268605,0.46424904804955247,52.58492183438736,6009.006030273437,6184.5396666121,5833.472393934775,351.0672726773246,4551440500.0,1.047338749127886,-14.53955078125,-75.25,107.740234375,-0.24069992696632167,-1.233355795040391
2025-02-10,6066.43994140625,6073.3798828125,6044.83984375,6046.39990234375,4458760000,0.006712541085862833,1,1,40.44970703125,28.5400390625,0.006827783444827755,0.0078030474579207825,6020.976025390625,6002.841396484375,5660.63759765625,6042.234380485685,6017.863457271666,24.37092321401815,23.587610099018516,0.7833131149996326,51.54896578775409,6020.976025390625,6175.676884156193,5866.275166625057,309.40171753113646,4536782000.0,0.9828023475670641,71.8701171875,54.16015625,239.39990234375,1.1989203444947205,0.9008256133341682
2025-02-11,6068.5,6076.27978515625,6042.33984375,6049.31982421875,4324880000,0.00033958278885926063,1,1,2.06005859375,33.93994140625,0.006285488162129977,0.0078118423162414335,6032.590014648437,6003.778798828125,5665.6219482421875,6046.275245026349,6021.61431228858,24.660932737769144,23.802274626768643,0.8586581110005014,48.2821485769217,6032.590014648437,6161.639016594493,5903.5410127023815,258.0980038921116,4531966000.0,0.9543054824330103,30.6201171875,0.7998046875,232.27978515625,0.5071335929464842,0.013181348150949774
2025-02-12,6051.97021484375,6063.0,6003.0,6025.080078125,4627960000,-0.0027238667143857365,-1,0,-16.52978515625,60.0,0.006225159033326944,0.007881265849585442,6043.043017578125,6004.8433984375,5670.6396997070315,6047.151394229026,6023.862897663037,23.28849656598868,23.69951901461265,-0.41102244862397086,43.38319228307775,6043.043017578125,6136.307385866558,5949.778649289691,186.52873657686723,4556250000.0,1.0157388203017832,-9.509765625,12.66015625,209.06005859375,-0.15688850999495646,0.20962918159806998
2025-02-13,6115.06982421875,6116.91015625,6050.9501953125,6060.58984375,4763800000,0.010426292122230674,1,1,63.099609375,65.9599609375,0.007830805548032999,0.0071768128419619805,6051.301000976562,6006.497197265625,5675.7152490234375,6057.600383458213,6030.618966296794,26.981417161419813,24.355898643974083,2.6255185174457303,51.257350414677475,6051.301000976562,6138.920869646974,5963.68113230615,175.23973734082392,4567211500.0,1.0430434412770242,31.5,43.89990234375,165.15966796875,0.5177880900552534,0.7230880194206802
2025-02-14,6114.6298828125,6127.47021484375,6107.6201171875,6115.52001953125,4335190000,-7.194380749464546e-05,-1,0,-0.43994140625,19.85009765625,0.005435759762899141,0.0071387316669067466,6060.165502929687,6007.846796875,5680.707548828125,6066.374152589642,6036.841997149809,29.532155439833332,25.391150003145935,4.141005436687397,61.09055276839219,6060.165502929687,6134.034106905407,5986.296898953968,147.7372079514389,4569680500.0,0.9486855809722364,88.6396484375,74.10009765625,177.2900390625,1.4709557266100262,1.2267152102840473
2025-02-18,6129.580078125,6129.6298828125,6099.509765625,6121.60009765625,4684980000,0.0024449877750611915,1,1,14.9501953125,30.1201171875,0.0050132527509852455,0.006860116928377438,6066.811499023437,6009.44080078125,5686.176999511718,6076.098141133543,6043.711484629453,32.38665650409075,26.790251303334898,5.596405200755854,57.349870784249134,6066.811499023437,6140.5404186002825,5993.082579446592,147.45783915369066,4585588000.0,1.0216748648155918,63.14013671875,135.01025390625,132.919921875,1.04081038184833,2.2522092137586434
2025-02-19,6144.14990234375,6147.43017578125,6111.14990234375,6117.759765625,4562330000,0.0023769693899173827,1,1,14.56982421875,36.2802734375,0.0049180152416193855,0.006630053138796376,6071.556982421875,6010.593994140625,5691.805798339844,6086.56764285819,6051.151367423105,35.41627543508548,28.515456129685017,6.900819305400464,62.87520088268451,6071.556982421875,6152.398434201131,5990.715530642618,161.6829035585124,4578558500.0,0.9964555438136261,75.64990234375,106.27001953125,94.90966796875,1.2465996925722997,1.7600552113293855
2025-02-20,6117.52001953125,6134.5,6084.58984375,6134.5,4813690000,-0.0043341850761716705,-1,0,-26.6298828125,49.91015625,0.005376233284927322,0.006599717994198972,6073.114477539062,6011.442197265625,5697.072397460937,6091.329546961738,6056.067563875559,35.26198308617859,29.864761520983734,5.3972215651948545,55.76624724064492,6073.114477539062,6156.323184757245,5989.905770320879,166.41741443636602,4603091000.0,1.045751648185969,65.5498046875,56.0400390625,31.14990234375,1.0831151238438863,0.9245273306696012
2025-02-21,6013.1298828125,6114.81982421875,6008.56005859375,6114.10009765625,5434560000,-0.01706412670256352,-1,0,-104.39013671875,106.259765625,0.008157351545435437,0.00753181066460085,6067.835473632813,6009.89939453125,5701.499096679688,6079.298829400317,6052.886994907925,26.41183449239179,29.174176115265347,-2.7623416228735564,47.11979378924579,6067.835473632813,6152.252194848341,5983.418752417285,168.83344243105603,4653206500.0,1.1679172200932841,-101.93994140625,-70.43994140625,-105.580078125,-1.6670282488438086,-1.1578718325189252
2025-02-24,5983.25,6043.64990234375,5977.830078125,6026.68994140625,4990120000,-0.00496910650440241,-1,0,-29.8798828125,65.81982421875,0.007960027788734728,0.007576238540546203,6061.935961914062,6008.507392578125,5705.511645507812,6064.522086415653,6047.72869898882,16.79338742683285,26.698018377578848,-9.904630950745997,48.76845615835668,6061.935961914062,6152.770812561595,5971.101111266529,181.66970129506626,4692000000.0,1.063537936913896,-131.3798828125,-42.740234375,-117.990234375,-2.1486154571970624,-0.7092649126975046
2025-02-25,5955.25,5992.64990234375,5908.490234375,5982.72998046875,5374690000,-0.004679730915472358,-1,0,-28.0,84.15966796875,0.007032347096045059,0.006934935323167612,6059.08447265625,6006.914189453125,5709.34939453125,6047.7109961978595,6040.878424989648,6.832571208211448,22.72492894370537,-15.89235773549392,40.700457871633276,6059.08447265625,6159.552479291864,5958.616466020636,200.93601327122815,4700797000.0,1.1433571796442177,-174.330078125,-111.18994140625,-57.02978515625,-2.844078646547782,-1.8328697305206532
2025-02-26,5956.06005859375,6009.81982421875,5932.68994140625,5970.8701171875,4869580000,0.00013602428004699796,1,1,0.81005859375,77.1298828125,0.00643196033778823,0.006555274685970421,6053.502465820313,6004.351591796875,5713.191345214844,6033.610851951073,6034.5955830343955,-0.984731083322913,17.982996938299713,-18.967728021622626,37.494033744676706,6053.502465820313,6163.87243685748,5943.132494783145,220.73994207433498,4720594000.0,1.0315608586546523,-188.08984375,-112.43994140625,-111.64013671875,-3.0612834442442747,-1.8528457016766913
2025-02-27,5861.56982421875,5993.68994140625,5858.77978515625,5981.8798828125,5057680000,-0.015864553655509872,-1,0,-94.490234375,134.91015625,0.007570053042107595,0.007325845784043099,6044.615454101562,6000.55798828125,5716.4287939453125,6007.143001530715,6021.778860159163,-14.63585862844775,11.45922582495022,-26.09508445339797,27.524855061574115,6044.615454101562,6184.479602361694,5904.751305841431,279.72829652026303,4767712500.0,1.0608189986287972,-255.9501953125,-190.400390625,-177.740234375,-4.183888152312282,-3.146089353810803
2025-02-28,5954.5,5959.39990234375,5837.66015625,5856.740234375,6441140000,0.01585414463498891,1,1,92.93017578125,121.73974609375,0.011527250498608728,0.008171377077876359,6038.781958007812,5998.62619140625,5720.087893066407,5999.044078218297,6016.795240888114,-17.75116266981695,5.617148125996787,-23.368310795813734,43.24581911719389,6038.781958007812,6183.6263148560565,5893.937601159568,289.6887136964888,4858038500.0,1.3258725718209108,-58.6298828125,-160.56982421875,-116.669921875,-0.9750310396601187,-2.625805245637798
2025-03-03,5849.72021484375,5986.08984375,5810.91015625,5968.330078125,5613850000,-0.0175967394669998,-1,0,-104.77978515625,175.1796875,0.013568985888558482,0.008948430214284198,6029.241479492188,5994.138994140625,5723.22939453125,5976.071176160674,6004.419313032976,-28.34813687230144,-1.1759088736628582,-27.17222799863858,31.74406265167282,6029.241479492188,6196.935021939848,5861.547937044527,335.3870848953211,4896542500.0,1.1464926527238353,-133.52978515625,-264.90966796875,-190.8095703125,-2.2317266561860194,-4.3323908894858825
2025-03-04,5778.14990234375,5865.080078125,5732.58984375,5811.97998046875,6138110000,-0.012234826602200433,-1,0,-71.5703125,132.490234375,0.014016989571181769,0.009169914830609697,6018.420483398438,5988.689794921875,5725.886743164063,5945.621749419609,5987.658615944885,-42.03686652527631,-9.34810040398555,-32.68876612129076,28.105616704971467,6018.420483398438,6220.034140598142,5816.806826198734,403.227314399408,4963587500.0,1.2366277415276754,-177.10009765625,-351.43017578125,-216.419921875,-2.973848245770539,-5.733348309379625
2025-03-05,5842.6298828125,5860.58984375,5742.35009765625,5781.35986328125,5285970000,0.011159277893187936,1,1,64.47998046875,118.23974609375,0.015945963712182706,0.009412629938796997,6008.657983398438,5988.099189453125,5728.559143066406,5929.776846864669,5976.915746823968,-47.138899959299124,-16.906260315048264,-30.23263964425086,35.278872163876585,6008.657983398438,6224.696896101268,5792.619070695608,432.0778254056604,5007378000.0,1.0556363030711882,-113.43017578125,-301.52001953125,-195.25,-1.9044498320258934,-4.907432668858422
2025-03-06,5738.52001953125,5812.080078125,5711.64013671875,5785.8701171875,5165080000,-0.017819007085749905,-1,0,-104.10986328125,100.43994140625,0.016336754752577766,0.009980133570809346,5992.509985351562,5985.52798828125,5730.7662426757815,5900.352719582605,5959.256804061544,-58.904084478939694,-25.305825147826553,-33.59825933111314,24.964451699111393,5992.509985351562,6238.173450230708,5746.846520472416,491.32692975829195,5027819500.0,1.027300204392779,-123.0498046875,-379.0,-322.9599609375,-2.099263650824129,-6.195320959963782
2025-03-07,5770.2001953125,5783.009765625,5666.2900390625,5726.009765625,5705140000,0.00552061780274804,1,1,31.68017578125,116.7197265625,0.013601685253533185,0.010051341257524757,5976.84150390625,5982.314990234375,5733.100893554688,5880.329254310281,5945.252610820874,-64.9233565105933,-33.22933142037991,-31.694025090213387,28.013362940096172,5976.84150390625,6237.5630846514005,5716.1199231611,521.4431614903006,5070720500.0,1.1251142712362079,-184.2998046875,-242.9296875,-313.36962890625,-3.0951348507431353,-4.03998736488917
2025-03-10,5614.56005859375,5705.3701171875,5564.02001953125,5705.3701171875,6409370000,-0.0269730913054258,-1,0,-155.64013671875,141.35009765625,0.01600145149255573,0.011358774942653915,5956.269995117187,5975.124794921875,5734.633044433594,5839.441685738507,5920.756866211457,-81.31518047295049,-42.84650123089403,-38.46867924205646,22.129758369704973,5956.269995117187,6261.747459562446,5650.792530671928,610.9549288905182,5152844000.0,1.2438509685136985,-235.16015625,-368.68994140625,-411.43017578125,-4.020023994536999,-6.1620347036518615
2025-03-11,5572.06982421875,5636.2998046875,5528.41015625,5603.64990234375,6221240000,-0.007567865323653167,-1,0,-42.490234375,107.8896484375,0.015832960137831385,0.011131703225777164,5931.551489257812,5965.765390625,5735.886342773438,5798.307553197006,5894.928196434219,-96.62064323721279,-53.601329632157785,-43.019313605055004,19.950016722648215,5931.551489257812,6276.898164723802,5586.204813791822,690.6933509319806,5240968000.0,1.1870402566854061,-206.080078125,-383.18017578125,-494.3701171875,-3.5665408756773376,-6.434325608181856
2025-03-12,5599.2998046875,5642.18994140625,5546.08984375,5624.83984375,5219830000,0.004886869929446425,1,1,27.22998046875,96.10009765625,0.014183563762912575,0.011274442076584044,5908.091479492187,5956.99958984375,5737.34779296875,5767.690976503236,5873.029797045573,-105.33882054233709,-63.94882781419365,-41.38999272814344,22.796295242533247,5908.091479492187,6277.196911828107,5538.986047156268,738.2108646718389,5285715500.0,0.9875351785392157,-243.330078125,-356.76025390625,-469.2001953125,-4.16473545313582,-5.989869987820145
2025-03-13,5521.52001953125,5597.77978515625,5504.64990234375,5594.4501953125,5018980000,-0.013890984206835322,-1,0,-77.77978515625,93.1298828125,0.013628706782250796,0.011484835684546009,5881.5689697265625,5948.013193359375,5738.616193847656,5729.818521584469,5846.992035748216,-117.17351416374731,-74.59376508410439,-42.57974907964292,23.451481212520108,5881.5689697265625,6282.04288070785,5481.095058745275,800.9478219625744,5305266500.0,0.9460373008594385,-217.0,-340.0498046875,-530.4501953125,-3.781462803326172,-5.80134358005064
2025-03-14,5638.93994140625,5645.27001953125,5563.85009765625,5563.85009765625,4863180000,0.021265869083087807,1,1,117.419921875,81.419921875,0.01840262074509568,0.012442756173798348,5857.762475585938,5942.653193359375,5740.287292480469,5715.83720155705,5831.580769500663,-115.74356794361302,-82.82372565600612,-32.9198422876069,33.012312903373456,5857.762475585938,6256.395175966101,5459.129775205774,797.2654007603269,5310235500.0,0.9158124908019616,-131.26025390625,-315.56005859375,-476.1298828125,-2.2747954917210853,-5.299522354416827
2025-03-17,5675.1201171875,5703.52001953125,5631.1201171875,5635.60009765625,5031770000,0.006416130719105961,1,1,36.18017578125,72.39990234375,0.01362746250213609,0.012632888241003233,5835.7869873046875,5938.522998046875,5742.132692871094,5709.573034730965,5819.99109155154,-110.41805682057475,-88.34259188891986,-22.075464931654892,36.28952623483786,5835.7869873046875,6223.094037015861,5448.479937593514,774.6140994223479,5345064500.0,0.9413862077810287,60.56005859375,-174.60009765625,-439.509765625,1.0786251809891256,-2.9847598046347534
2025-03-18,5614.66015625,5654.52978515625,5597.759765625,5654.52978515625,4666270000,-0.010653512117636543,-1,0,-60.4599609375,56.77001953125,0.014237837510754954,0.012639987811706657,5810.040991210937,5933.445205078125,5743.871242675781,5694.971053426201,5804.781392640315,-109.81033921411381,-92.63614135395865,-17.17419786015516,34.212585819694084,5810.040991210937,6183.321648990105,5436.760333431769,746.561315558336,5344129000.0,0.8731581891080847,42.59033203125,-163.48974609375,-514.919921875,0.7643538823963233,-2.829447986931506
2025-03-19,5675.2900390625,5715.330078125,5622.2001953125,5632.3701171875,4660090000,0.010798495567894584,1,1,60.6298828125,93.1298828125,0.014812374696421939,0.013009065443281665,5786.597998046875,5928.1016015625,5746.07029296875,5691.9432050625555,5795.18944052344,-103.24623546088424,-94.75816017534378,-8.48807528554046,41.10734789875224,5786.597998046875,6129.156548103108,5444.039447990641,685.1171001124676,5349017000.0,0.8712049335419947,75.990234375,-167.33984375,-468.85986328125,1.3571381605854387,-2.8641185066723183
2025-03-20,5662.89013671875,5711.14990234375,5632.330078125,5646.919921875,4678420000,-0.0021848931523151816,-1,0,-12.39990234375,78.81982421875,0.012214531810311726,0.013013996987786134,5763.86650390625,5921.851806640625,5747.997194824219,5687.473502240431,5785.389492093463,-97.91598985303153,-95.38972611088133,-2.5262637421502063,34.91959281029479,5763.86650390625,6072.634870558004,5455.098137254496,617.5367333035083,5342253500.0,0.8757390490735791,141.3701171875,-75.6298828125,-454.6298828125,2.560347815228996,-1.3179335883658347
2025-03-21,5667.56005859375,5670.83984375,5603.10009765625,5630.72998046875,9367460000,0.0008246534476661349,1,1,4.669921875,67.73974609375,0.008235829538233336,0.012662426767973823,5746.5880126953125,5917.022412109375,5749.917995605469,5684.409895525557,5776.661385908299,-92.2514903827423,-94.76207896525352,2.510588582511218,39.4916522260355,5746.5880126953125,6034.603662612651,5458.572362777974,576.0312998346762,5538898500.0,1.6912135147448542,28.6201171875,-102.64013671875,-345.56982421875,0.507544281104059,-1.7787968050420693
2025-03-24,5767.56982421875,5775.14013671875,5718.080078125,5718.080078125,4517990000,0.017646000146633645,1,1,100.009765625,57.06005859375,0.01110119464934672,0.013451122700232104,5735.80400390625,5914.00880859375,5752.299145507813,5697.203730709125,5775.987936894258,-78.78420618513337,-91.5665044092295,12.782298224096124,49.40905282633549,5735.80400390625,6001.820332097529,5469.787675714971,532.0326563825583,5515292000.0,0.819175122550175,92.44970703125,153.009765625,-215.68017578125,1.6290352472233947,2.7252316125962603
2025-03-25,5776.64990234375,5786.9501953125,5760.419921875,5775.9599609375,4467340000,0.0015743334544251475,1,1,9.080078125,26.5302734375,0.008241028681384637,0.013452072277134514,5726.873999023437,5913.001005859375,5754.41224609375,5709.426218652914,5776.036971371998,-66.6107527190843,-86.57535407120047,19.964601352116162,46.071590336240725,5726.873999023437,5973.1298373530335,5480.618160693841,492.51167665919274,5469924500.0,0.8167096273449478,161.98974609375,204.580078125,-178.60009765625,2.8851211219512534,3.671527539655047
2025-03-26,5712.2001953125,5783.6201171875,5694.41015625,5771.66015625,4183140000,-0.011156934922627149,-1,0,-64.44970703125,89.2099609375,0.010425981814901926,0.013618630092497953,5714.681005859375,5910.52060546875,5756.208447265625,5709.85298429285,5771.308321293517,-61.45533700066699,-81.55135065709378,20.09601365642679,48.355256934845556,5714.681005859375,5936.047524531209,5493.31448718754,442.7330373436689,5435602500.0,0.7695816609106351,36.91015625,112.900390625,-243.85986328125,0.6503659900366463,2.0163305156563416
2025-03-27,5693.31005859375,5732.27978515625,5670.93994140625,5695.64013671875,4403460000,-0.003306980860763864,-1,0,-18.89013671875,61.33984375,0.010532373287831435,0.013229686198921052,5706.268017578125,5907.528603515625,5757.940046386719,5707.307918800681,5765.530672204645,-58.22275340396391,-76.88563120646782,18.662877802503914,45.11702991284697,5706.268017578125,5916.64598272348,5495.89005243277,420.75593029071024,5402891500.0,0.8150191429903784,30.419921875,171.7900390625,-168.259765625,0.5371801525470918,3.1112816480756713
2025-03-28,5580.93994140625,5685.89013671875,5572.419921875,5679.2001953125,4513330000,-0.01973722070834405,-1,0,-112.3701171875,113.47021484375,0.014088525087122564,0.013184274711469879,5687.590014648437,5900.14919921875,5759.040795898438,5687.86669150923,5751.857284738097,-63.99059322886751,-74.30662361094777,10.316030382080257,47.740764413971604,5687.590014648437,5869.590808602664,5505.589220694211,364.0015879084531,5306501000.0,0.8505284367231816,-86.6201171875,-58.0,-373.56005859375,-1.528349347726055,-1.0285621163316707
2025-03-31,5611.85009765625,5627.56005859375,5488.72998046875,5527.91015625,5257250000,0.005538521570653376,1,1,30.91015625,138.830078125,0.010141128500098288,0.012861132726749502,5675.696508789062,5893.639404296875,5760.223447265625,5676.1718309164635,5741.4863819912935,-65.31455107482998,-72.50820910372421,7.193658028894234,52.71545305102665,5675.696508789062,5843.632333830043,5507.760683748082,335.871650081961,5288671000.0,0.9940588098597928,-155.7197265625,-63.27001953125,-237.8701171875,-2.6999192260943823,-1.114866614710626
2025-04-01,5633.06982421875,5650.56982421875,5558.52001953125,5597.52978515625,4434500000,0.0037812354559083605,1,1,21.2197265625,92.0498046875,0.010560865903356257,0.012687420969329653,5668.4425048828125,5886.36759765625,5761.283647460938,5669.540752962969,5733.455525859994,-63.914772897024704,-70.78952186238432,6.874748965359615,52.32425667542003,5668.4425048828125,5830.163200600411,5506.721809165214,323.44139143519715,5203490500.0,0.8522164112723949,-143.580078125,18.40966796875,-145.080078125,-2.485525011075113,0.3278857037902311
2025-04-02,5670.97021484375,5695.31005859375,5571.47998046875,5580.759765625,4243830000,0.006728194715792668,1,1,37.900390625,123.830078125,0.010965241313702285,0.012497618735688162,5659.859521484375,5878.802197265625,5762.469797363281,5669.760670175397,5728.826984303235,-59.06631412783827,-68.4448803154751,9.378566187636835,60.883513401264175,5659.859521484375,5799.3482992773515,5520.370743691399,278.97755558595236,5151383500.0,0.8238233476501993,-41.22998046875,-4.31982421875,-171.65966796875,-0.721788086184091,-0.07611636038012237
2025-04-03,5396.52001953125,5499.52978515625,5390.830078125,5492.740234375,7210470000,-0.04839563335990149,-1,0,-274.4501953125,108.69970703125,0.02387137075259605,0.01599166182541237,5642.759521484375,5865.0051953125,5762.294396972657,5627.723646999374,5704.211653579385,-76.48800658001073,-70.05350556838223,-6.434501011628498,35.632163284394466,5642.759521484375,5820.306155953827,5465.212887014923,355.09326893890466,5253653000.0,1.3724678809201902,-296.7900390625,-266.3701171875,-342.0,-5.212961107124513,-4.703783947004893
2025-04-04,5074.080078125,5292.14013671875,5069.89990234375,5292.14013671875,8853500000,-0.05974960534553109,-1,0,-322.43994140625,222.240234375,0.03281010584010678,0.02026288832826125,5607.953515625,5844.11259765625,5760.298647460938,5542.547713326393,5657.535240582763,-114.98752725637041,-79.04030990597987,-35.947217350390545,23.40248073244787,5607.953515625,5909.75838750518,5306.148643744821,603.6097437603585,5411071000.0,1.6361825597926918,-506.85986328125,-593.47998046875,-696.1201171875,-9.081980250687568,-10.471525212491631
2025-04-07,5062.25,5246.56982421875,4835.0400390625,4953.7900390625,8691980000,-0.0023314724921273955,-1,0,-11.830078125,411.52978515625,0.03153753050652624,0.019674425526033292,5580.3380126953125,5823.33279296875,5758.174748535156,5468.655757430025,5613.440037576633,-144.78428014660767,-92.18910395410543,-52.59517619250224,24.455021676300575,5580.3380126953125,5968.357469286889,5192.318556103736,776.0389131831525,5525201500.0,1.5731516760067483,-549.60009765625,-705.31982421875,-552.31005859375,-9.793563407650298,-12.229064332381785
2025-04-08,4982.77001953125,5267.47021484375,4910.419921875,5193.56982421875,7408140000,-0.015700524562941354,-1,0,-79.47998046875,357.05029296875,0.028964412757810715,0.019814365150492497,5550.873022460937,5802.74259765625,5755.722749023437,5393.904105445598,5566.723739943641,-172.81963449804243,-108.31521006289285,-64.50442443514959,18.524681480955437,5550.873022460937,6022.111290346263,5079.634754575612,942.476535770651,5584546500.0,1.3265428088028275,-650.2998046875,-793.8798828125,-589.2998046875,-11.544323521281578,-13.742911483875812
2025-04-09,5456.89990234375,5481.33984375,4948.43017578125,4965.27978515625,9489600000,0.09515387644904849,1,1,474.1298828125,532.90966796875,0.06129001823599229,0.02995983778181738,5543.75302734375,5790.526591796875,5755.684147949219,5403.595766506852,5558.588640862167,-154.9928743553155,-117.65074292137739,-37.34213143393812,43.40548510173737,5543.75302734375,6016.212005073153,5071.2940496143465,944.9179554588063,5798035000.0,1.6366924311426199,-214.0703125,-255.30029296875,-142.39990234375,-3.7748445925473475,-4.469386300190467
2025-04-10,5268.0498046875,5353.14990234375,5115.27001953125,5353.14990234375,6677140000,-0.03460757958472693,-1,0,-188.85009765625,237.8798828125,0.059191408141486206,0.030780637794158308,5531.079516601562,5775.10138671875,5754.785046386719,5382.7425416115675,5537.067245589969,-154.32470397840189,-124.9855351327823,-29.339168845619582,38.559338268133075,5531.079516601562,6019.382412166728,5042.776621036397,976.6057911303305,5880943000.0,1.1353859406561158,-128.47021484375,-425.26025390625,-253.47021484375,-2.3806122163688204,-7.469472934542572
2025-04-11,5363.35986328125,5381.4599609375,5220.77001953125,5255.56005859375,5602550000,0.018092095201708958,1,1,95.31005859375,160.68994140625,0.05024087949337124,0.030662850431470125,5517.300512695312,5760.945185546875,5754.255346679687,5379.7605910992115,5524.2000320856205,-144.43944098640895,-128.87631630350765,-15.563124682901304,38.3935131024473,5517.300512695312,6008.3332485597975,5026.267776830827,982.0654717289708,5917911500.0,0.9467106765621621,289.27978515625,-217.580078125,-275.580078125,5.701127705953473,-3.8986278370552676
2025-04-14,5405.97021484375,5459.4599609375,5358.02001953125,5441.9599609375,5031440000,0.007944712390868913,1,1,42.6103515625,101.43994140625,0.04970921840268201,0.030686994511223108,5503.843017578125,5748.253994140625,5753.895698242188,5383.792840906064,5515.442267845482,-131.64942693941794,-129.4309384306897,-2.2184885087282282,39.5573821816107,5503.843017578125,5991.404679144878,5016.281356011372,975.1233231335063,5917895000.0,0.8502077174400695,343.72021484375,-205.8798828125,-269.14990234375,6.789870410267174,-3.668663261309925
2025-04-15,5396.6298828125,5450.41015625,5386.43994140625,5411.990234375,4317110000,-0.0017277808903947145,-1,0,-9.34033203125,63.97021484375,0.047972093895944534,0.030619153222399335,5492.94150390625,5736.2951953125,5753.464497070312,5385.767770430131,5506.6413504356315,-120.87358000550012,-127.7194667456518,6.845886740151684,40.825011854026535,5492.94150390625,5979.819881397909,5006.06312641459,973.7567549833184,5900437000.0,0.7316593669248566,413.85986328125,-236.43994140625,-218.0302734375,8.305819085749889,-4.197355061883009
2025-04-16,5275.7001953125,5367.240234375,5220.7900390625,5335.75,4607750000,-0.0224083715440897,-1,0,-120.9296875,146.4501953125,0.021675439381058703,0.030814537903369542,5472.96201171875,5721.0516015625,5752.540598144531,5368.834297335111,5489.534598204288,-120.70030086917723,-126.3156335703569,5.615332701179668,38.538354596250265,5472.96201171875,5961.127067811314,4984.796955626185,976.3301121851291,5897820000.0,0.7812632464198636,-181.19970703125,-395.27001953125,-399.58984375,-3.320561312723078,-6.97005987611488
2025-04-17,5282.7001953125,5328.31005859375,5255.580078125,5305.4501953125,4714880000,0.0013268380955802073,1,1,7.0,72.72998046875,0.014960279598121455,0.030830634623704913,5453.9525146484375,5705.476005859375,5751.578649902343,5355.58289702394,5474.213531323415,-118.63063429947488,-124.7786337161805,6.147999416705616,41.31206031880505,5453.9525146484375,5940.584111171805,4967.32091812507,973.2631930467342,5899643000.0,0.7991805605864626,14.650390625,-113.81982421875,-380.18994140625,0.27809893923106255,-2.109133734458685
2025-04-21,5158.2001953125,5232.93994140625,5101.6298828125,5232.93994140625,4226340000,-0.023567493023827546,-1,0,-124.5,131.31005859375,0.01440504112291581,0.03115109995657567,5428.484521484375,5686.96861328125,5749.824602050781,5325.216327529872,5450.805136063347,-125.58880853347546,-124.94066867963949,-0.6481398538359713,37.468170508686455,5428.484521484375,5921.321177254736,4935.647865714015,985.6733115407205,5642587000.0,0.7490075031186936,-205.15966796875,84.1201171875,-509.35986328125,-3.8252079517042765,1.6578397639042484
2025-04-22,5287.759765625,5309.60986328125,5207.669921875,5207.669921875,4666950000,0.025117204723895226,1,1,129.5595703125,101.93994140625,0.020017413675928717,0.031470591624705856,5404.4940185546875,5672.20400390625,5748.57830078125,5319.453779544507,5438.727701216062,-119.2739216715554,-123.80731927802267,4.533397606467275,40.999724848240184,5404.4940185546875,5873.991304865252,4934.996732244123,938.9945726211281,5650035000.0,0.8260037327202397,-118.21044921875,225.509765625,-479.81005859375,-2.1866648264943627,4.454733875746951
2025-04-23,5375.85986328125,5469.68994140625,5356.169921875,5395.919921875,5371390000,0.01666113847096007,1,1,88.10009765625,113.52001953125,0.022170598130252635,0.031787220258556605,5384.454516601562,5658.39240234375,5747.621650390625,5328.131638580929,5434.070824332002,-105.93918575107364,-120.23369257263288,14.294506821559239,42.50429735461547,5384.454516601562,5820.059326405489,4948.849706797636,871.2096196078528,5695237500.0,0.9431371387058046,-20.77001953125,393.08984375,-400.7900390625,-0.38487018717736343,7.8889822771105855
2025-04-24,5484.77001953125,5489.39990234375,5371.9599609375,5381.3798828125,4697710000,0.020259113708281262,1,1,108.91015625,117.43994140625,0.01974417213895001,0.03214325824024889,5373.0830078125,5646.717802734375,5747.18125,5352.229851034825,5437.826320272687,-85.59646923786204,-113.30624790567872,27.70977866781668,52.44732329431035,5373.0830078125,5783.828058719558,4962.337956905442,821.4901018141154,5720966000.0,0.8211392971047198,209.06982421875,27.8701171875,-227.43017578125,3.9628829629953217,0.5107316917345273
2025-04-25,5525.2099609375,5528.10986328125,5455.85986328125,5489.72998046875,4236580000,0.007373133469998461,1,1,40.43994140625,72.25,0.019418876809786014,0.03220113515103918,5364.678002929688,5636.18259765625,5746.922399902343,5378.842175635236,5444.299182544155,-65.45700690891863,-103.73639970632671,38.27939279740808,64.83013738736713,5364.678002929688,5754.161864816967,4975.194141042409,778.9677237745582,5712622000.0,0.7416174219123898,242.509765625,257.16015625,-168.10009765625,4.590640328977712,4.881505790267576
2025-04-28,5528.75,5553.66015625,5468.64013671875,5529.22021484375,4257880000,0.0006407067039131409,1,1,3.5400390625,85.02001953125,0.009902473861958737,0.0318984434085388,5362.068505859375,5624.456201171875,5746.3965991210935,5401.9049178452,5450.554798651996,-48.64988080679632,-92.71909592642064,44.06921511962432,65.41944667706042,5362.068505859375,5746.112960077699,4978.024051641051,768.0889084366481,5699849500.0,0.7470162150772578,370.5498046875,165.39013671875,-52.18994140625,7.183703436408615,3.0837038896279836
2025-04-29,5560.830078125,5571.9501953125,5505.7001953125,5508.8701171875,4747150000,0.005802410694099036,1,1,32.080078125,66.25,0.00808746324892182,0.03190090662521483,5359.517504882812,5613.380205078125,5746.278049316406,5426.35494250363,5458.7233378722185,-32.36839536858861,-80.64895581485423,48.280560446265625,69.72496905131234,5359.517504882812,5737.201122203633,4981.833887561992,755.3672346416406,5674344500.0,0.8365988353368393,273.0703125,154.85986328125,-51.02001953125,5.164196646662971,2.8646081485250274
2025-04-30,5569.06005859375,5581.83984375,5433.240234375,5499.43994140625,5449490000,0.00147999135976562,1,1,8.22998046875,148.599609375,0.007877610164763385,0.03189077339588187,5356.3170166015625,5602.1698046875,5746.046599121094,5448.309575748264,5466.896428296036,-18.58685254777174,-68.23653516143773,49.64968261366599,55.611372444024056,5356.3170166015625,5725.223135927455,4987.41089727567,737.8122386517844,5725094000.0,0.95186035373393,193.2001953125,172.43017578125,-64.009765625,3.5938473142150857,3.195145480152634
2025-05-01,5604.14013671875,5658.91015625,5597.35009765625,5625.14013671875,4935270000,0.006299102138585644,1,1,35.080078125,61.56005859375,0.003042977761453201,0.03188608514355836,5352.975512695312,5591.369609375,5745.911198730469,5472.283508205262,5477.062628919941,-4.779120714679266,-55.54505227208604,50.76593155740677,69.87217722540797,5352.975512695312,5710.929359733519,4995.021665657106,715.9076940764135,5759666000.0,0.8568673947412923,119.3701171875,328.43994140625,-66.830078125,2.1763923876921614,6.225523233827263
2025-05-02,5686.669921875,5700.7001953125,5642.27978515625,5645.8798828125,4854380000,0.01472657412963474,1,1,82.52978515625,58.42041015625,0.005594932792716789,0.029919188467590698,5367.4830078125,5582.752607421875,5746.008547363282,5505.266033385222,5492.58909506476,12.676938320461886,-41.90065415357646,54.57759247403835,69.4098589592285,5367.4830078125,5755.153114514898,4979.812901110101,775.3402134047974,5641861500.0,0.8604216888344388,161.4599609375,403.9697265625,290.14990234375,2.9222411832129542,7.647031094457237
2025-05-05,5650.3798828125,5683.3798828125,5634.47998046875,5655.31982421875,4358260000,-0.006381597588933863,-1,0,-36.2900390625,48.89990234375,0.007697072397261825,0.026169396244721373,5396.297998046875,5575.497607421875,5746.319096679687,5527.591240989418,5504.277301564593,23.31393942482555,-28.857735437896064,52.171674862721616,64.78529100572861,5396.297998046875,5777.765474686894,5014.830521406857,762.934953280037,5417099500.0,0.8045375574142584,121.6298828125,492.1796875,576.2998046875,2.1999526622202126,9.541694173624105
2025-05-06,5606.91015625,5649.580078125,5586.0400390625,5605.8701171875,4717260000,-0.007693239651855532,-1,0,-43.4697265625,63.5400390625,0.009279493408820358,0.0262833018110056,5423.531005859375,5567.970810546875,5746.6306982421875,5539.794151029508,5511.879735244993,27.91441578451486,-17.50330519341388,45.41772097792874,62.216233696238014,5423.531005859375,5781.6384586046215,5065.4235531141285,716.214905490493,5218363500.0,0.9039730559206923,46.080078125,319.150390625,544.66015625,0.8286546698534849,6.035644673189445
2025-05-07,5631.27978515625,5654.72998046875,5578.64013671875,5614.18017578125,4987440000,0.00434635623313584,1,1,24.36962890625,76.08984375,0.009351829845412078,0.025812713063358996,5455.956494140625,5561.49140625,5747.262097167969,5553.868863972083,5520.724183386567,33.144680585515744,-7.373708037627956,40.5183886231437,73.26789679686875,5455.956494140625,5759.273442859414,5152.639545421836,606.6338974375776,5097328500.0,0.9784419426764431,62.2197265625,255.419921875,648.509765625,1.1172392810971261,4.751238469209277
2025-05-08,5663.93994140625,5720.10009765625,5635.3798828125,5663.60009765625,5627400000,0.005799775094835535,1,1,32.66015625,84.72021484375,0.009300431734253352,0.015202163144527525,5466.30849609375,5555.64900390625,5747.75974609375,5570.802875885032,5531.332758054692,39.470117830340314,1.9950571359656983,37.47506069437462,74.13645252614182,5466.30849609375,5783.572626295125,5149.044365892376,634.5282604027489,4904218500.0,1.1474611092470697,59.7998046875,179.169921875,207.0400390625,1.067064763346783,3.266680667320169
2025-05-09,5659.91015625,5691.68994140625,5644.14990234375,5679.64990234375,4645090000,-0.0007114809122162891,-1,0,-4.02978515625,47.5400390625,0.006095877010696501,0.012570959881281785,5485.901513671875,5551.615810546875,5748.280595703125,5584.511688248873,5540.857009772863,43.654678476009394,10.326981403974438,33.32769707203496,87.48081277941846,5485.901513671875,5799.996999262471,5171.80602808128,628.1909711811913,4802616000.0,0.9671999593554846,-26.759765625,134.7001953125,391.8603515625,-0.4705700522912856,2.4379199390577457
2025-05-12,5844.18994140625,5845.3701171875,5786.080078125,5807.2001953125,6014580000,0.032558782749008364,1,1,184.27978515625,59.2900390625,0.015305179059536086,0.01380061479864097,5509.943017578125,5549.409609375,5750.365895996094,5624.462188734623,5563.326115819781,61.13607291484186,20.488799706147923,40.64727320869394,88.42700592336915,5509.943017578125,5856.477785330688,5163.408249825563,693.0695355051248,4823217500.0,1.2470057591224115,193.81005859375,315.43994140625,480.830078125,3.4300359022459253,5.705447730612706
2025-05-13,5886.5498046875,5906.64013671875,5845.02001953125,5854.14990234375,5516290000,0.0072482009835321826,1,1,42.35986328125,61.6201171875,0.013045089628096744,0.013792054690640076,5533.971997070313,5550.146201171875,5752.802543945312,5664.783360419681,5587.2686112914635,77.51474912821777,31.893989590561894,45.62075953765588,87.64656125031046,5533.971997070313,5915.074174630681,5152.869819509944,762.2043551207371,4847460000.0,1.1379753520400375,279.6396484375,325.7197265625,480.57958984375,4.987410902701674,5.857393985905179
2025-05-14,5892.580078125,5906.5498046875,5872.10986328125,5896.740234375,5233450000,0.001024415597859818,1,1,6.0302734375,34.43994140625,0.013472936991290325,0.013741782104653514,5558.769506835937,5552.4348046875,5754.969943847656,5699.829009297422,5609.884275501355,89.94473379606734,43.50413843166299,46.44059536440435,85.43775993998626,5558.769506835937,5965.8963332952235,5151.642680376651,814.2536529185727,4893277000.0,1.0695184433662759,261.30029296875,323.52001953125,495.9501953125,4.640158240006534,5.809239191666078
2025-05-15,5916.93017578125,5924.2099609375,5865.16015625,5869.81982421875,4991290000,0.004132332074135769,1,1,24.35009765625,59.0498046875,0.013597704012482219,0.012202265684420429,5590.831005859375,5553.920810546875,5757.23689453125,5733.2291887564725,5632.628416262828,100.6007724936444,54.92346524405927,45.67730724958513,85.0188354744226,5590.831005859375,6005.030356838241,5176.63165488051,828.3987019577307,4912454000.0,1.0160481909856052,252.990234375,312.7900390625,641.22998046875,4.466682856672157,5.58141001887294
2025-05-16,5958.3798828125,5958.6201171875,5907.35986328125,5929.08984375,4850850000,0.007005272294898557,1,1,41.44970703125,51.26025390625,0.012645698064027131,0.012158147808786442,5624.614990234375,5558.3180078125,5759.846594238281,5767.867757072784,5656.758154525767,111.10960254701695,66.16069270465081,44.948909842366135,85.96981074071772,5624.614990234375,6043.192949949094,5206.037030519656,837.1559194294387,4919252500.0,0.9860949402373633,298.4697265625,271.7099609375,675.6796875,5.273400430798579,4.778015335342555
2025-05-19,5963.60009765625,5968.60986328125,5895.68994140625,5902.8798828125,4144010000,0.0008761131291423752,1,1,5.22021484375,72.919921875,0.0030901600787373233,0.010067012126131729,5664.884985351562,5562.186005859375,5762.053095703125,5797.980424854856,5679.487187350247,118.49323750460917,76.62720166464248,41.866035839966685,85.30907690002782,5664.884985351562,6047.9942474088775,5281.775723294247,766.2185241146308,4915136000.0,0.8431119708589956,119.41015625,313.22021484375,805.39990234375,2.0432285303387503,5.543347904740227
2025-05-20,5940.4599609375,5953.06005859375,5909.259765625,5944.66015625,4416850000,-0.0038802294486252054,-1,0,-23.14013671875,43.80029296875,0.004069697487520093,0.009438689855572174,5697.519995117187,5568.70400390625,5764.521994628906,5819.900353482955,5698.818503912266,121.08184957068897,85.51813124585179,35.56371832483718,81.72951858442815,5697.519995117187,6055.757674310118,5339.282315924256,716.4753583858619,4902631000.0,0.9009142234037194,53.91015625,333.5498046875,652.7001953125,0.9158192496234547,5.94890582142989
2025-05-21,5844.60986328125,5938.3701171875,5830.91015625,5910.18017578125,5254250000,-0.01613513066101424,-1,0,-95.85009765625,107.4599609375,0.009076218205250907,0.010278319224263498,5720.957495117187,5574.1548046875,5767.012243652343,5823.701816528846,5709.617863865525,114.08395266332172,91.23129552934577,22.852657133975953,68.61136389059368,5720.957495117187,6050.796842311386,5391.118147922988,659.6786943883981,4896774000.0,1.0730023480765092,-47.97021484375,213.330078125,468.75,-0.8140782850254276,3.7883054343583953
2025-05-22,5842.009765625,5878.080078125,5825.81982421875,5841.259765625,5157050000,-0.00044487103794299543,-1,0,-2.60009765625,52.26025390625,0.008570187781719911,0.009600097240447929,5738.819482421875,5579.00900390625,5770.2906420898435,5826.518424082101,5719.424671403263,107.09375267883752,94.40378695924412,12.689965719593403,63.720186445765464,5738.819482421875,6053.130623209431,5424.50834163432,628.6222815751116,4919741000.0,1.0482360758422038,-74.92041015625,178.06982421875,357.23974609375,-1.2662040607291396,3.1439214762319425
2025-05-23,5802.81982421875,5829.509765625,5767.41015625,5781.89013671875,4662820000,-0.006708297825321674,-1,0,-39.18994140625,62.099609375,0.006765854343879653,0.009792624151644736,5752.699975585938,5584.635,5773.104592285156,5822.872485641586,5725.602090130336,97.27039551124926,94.97710866964515,2.2932868416041146,63.395436926279764,5752.699975585938,6051.424720242059,5453.9752309298165,597.4494893122428,4941053000.0,0.9436895333848878,-155.56005859375,142.90966796875,277.60986328125,-2.6107777894873307,2.524945874113229
2025-05-27,5921.5400390625,5924.330078125,5854.06982421875,5854.06982421875,5366380000,0.0204590558452733,1,1,118.72021484375,70.26025390625,0.013510804492382334,0.010566770142590857,5772.3394775390625,5590.287001953125,5776.7147924804685,5838.052109244803,5740.11601227346,97.93609697134343,95.56890632998481,2.3671906413586186,74.41830677629027,5772.3394775390625,6060.532549449779,5484.146405628346,576.3861438214335,4996478000.0,1.0740325485271824,-42.06005859375,77.35009765625,392.7900390625,-0.7052796616976378,1.3235383933746296
2025-05-28,5888.5498046875,5939.919921875,5881.8798828125,5925.5400390625,4665050000,-0.005571225417268844,-1,0,-32.990234375,58.0400390625,0.013611020846396371,0.010740407219102634,5788.7254638671875,5594.555595703125,5779.560991210938,5845.820985466757,5751.1111080078335,94.70987745892307,95.39710055577247,-0.6872230968493938,69.70298688409585,5788.7254638671875,6063.224442850574,5514.226484883801,548.9979579667724,4992373000.0,0.9344353877404593,-51.91015625,2.0,327.7197265625,-0.8738406889591719,0.03397575942375254
2025-05-29,5912.169921875,5943.1298828125,5873.7998046875,5939.9599609375,4569750000,0.004011194261904327,1,1,23.6201171875,69.330078125,0.010992126071310188,0.010737440055520624,5805.88095703125,5600.505791015625,5782.4010400390625,5856.028514144948,5763.041390516513,92.98712362843435,94.91510517030486,-1.9279815418705084,69.2775858603861,5805.88095703125,6065.033604579583,5546.728309482916,518.3052950966667,4948386000.0,0.9234829295855255,67.56005859375,19.58984375,343.10986328125,1.1559378670969287,0.33244934290707895
2025-05-30,5911.68994140625,5922.14013671875,5843.66015625,5903.669921875,6378540000,-8.118516130162234e-05,-1,0,-0.47998046875,78.47998046875,0.010970196543677596,0.01073054468237703,5821.258447265625,5605.2337890625,5785.2375390625,5864.591810646687,5774.052394286124,90.53941636056334,94.03996740835656,-3.5005510477932233,69.66167033352525,5821.258447265625,6066.1116958816565,5576.405198649594,489.70649723206225,5020549500.0,1.2704864278302603,69.68017578125,-5.240234375,307.5498046875,1.192743226676126,-0.08856339722325857
2025-06-02,5935.93994140625,5937.39990234375,5861.43017578125,5896.68017578125,4832240000,0.0041020419271569075,1,1,24.25,75.9697265625,0.009714298018257255,0.010361994029066304,5833.721948242188,5610.69478515625,5787.745087890625,5875.568446148158,5786.04406444317,89.52438170498772,93.1368502676828,-3.612468562695085,59.55229707774052,5833.721948242188,6075.081381125926,5592.36251535845,482.718865767476,5019442500.0,0.9627045234605237,133.1201171875,-22.43994140625,249.27001953125,2.2940591164300423,-0.37661145894675324
2025-06-03,5970.3701171875,5981.35009765625,5929.0,5938.56005859375,5026680000,0.005800290454605506,1,1,34.43017578125,52.35009765625,0.0045813680459252885,0.01018770955989615,5849.721459960938,5616.750986328125,5790.320888671875,5890.1533186157485,5799.697846127935,90.4554724878135,92.60057471170896,-2.1451022238954636,58.8732304091536,5849.721459960938,6082.167042439082,5617.2758774827935,464.8911649562888,5052863500.0,0.9948180868135464,48.830078125,6.77001953125,319.990234375,0.8246178832344903,0.11352235931967807
2025-06-04,5970.81005859375,5990.47998046875,5966.10986328125,5978.93994140625,4767050000,7.36874595066439e-05,1,1,0.43994140625,24.3701171875,0.002640846901200942,0.009910654084461479,5867.916455078125,5620.815791015625,5792.458837890625,5902.562047843134,5812.372824829106,90.18922301402745,92.11830437217266,-1.9290813581452113,58.38062906372762,5867.916455078125,6076.031286450957,5659.801623705293,416.2296627456635,5055353000.0,0.9429707480367839,82.26025390625,30.35009765625,363.89990234375,1.3969526731482824,0.5109048433256382
2025-06-05,5939.2998046875,5999.7001953125,5921.2001953125,5985.669921875,5091850000,-0.005277383403094138,-1,0,-31.51025390625,78.5,0.004303159958868172,0.010083937123273724,5883.317456054688,5624.0687890625,5794.384086914062,5908.214010434574,5821.774823337136,86.43918709743866,90.98248091722586,-4.543293819787195,52.36020768055359,5883.317456054688,6061.072948592824,5705.561963516551,355.51098507627285,5060573500.0,1.0061804259932199,27.1298828125,94.68994140625,308.02001953125,0.4588819870031064,1.6201242447530906
2025-06-06,6000.35986328125,6016.8701171875,5978.6298828125,5987.06005859375,4355710000,0.010280683010067904,1,1,61.06005859375,38.240234375,0.00589793954872943,0.010205153803113293,5900.138452148438,5629.831982421875,5796.3446362304685,5922.3902954879095,5835.003344814478,87.38695067343178,90.26337486846705,-2.87642419503527,54.25327820273456,5900.138452148438,6052.3151740835465,5747.961730213329,304.35344387021723,4996989000.0,0.87166691781791,88.669921875,158.35009765625,336.419921875,1.4999081946761832,2.7105414747506695
2025-06-09,6005.8798828125,6021.31005859375,5994.18017578125,6004.6298828125,4642360000,0.0009199480792858594,1,1,5.52001953125,27.1298828125,0.005920376171147896,0.010180938054413514,5917.436938476562,5636.08337890625,5798.388435058594,5935.234847384,5847.660866147665,87.57398123633538,89.72549614204073,-2.1515149057053407,54.28105269923515,5917.436938476562,6027.4476539772,5807.426222975924,220.02143100127614,4996852500.0,0.9290568412815867,69.93994140625,203.06005859375,345.9697265625,1.1782454353754956,3.49933419862969
2025-06-10,6038.81005859375,6043.009765625,6000.27978515625,6009.91015625,4882880000,0.00548298940767844,1,1,32.93017578125,42.72998046875,0.005875806164714048,0.007491163648761243,5927.167944335937,5645.24078125,5800.478234863282,5951.169495262423,5861.8200655881155,89.34942967430743,89.65028284849407,-0.30085317418664204,59.76487242511065,5927.167944335937,6044.11026970688,5810.225618964994,233.8846507418857,4940267500.0,0.9883837261848675,68.43994140625,117.27001953125,194.6201171875,1.1463266106271222,1.9803973080931194
2025-06-11,6022.240234375,6059.39990234375,6002.31982421875,6049.3798828125,5111550000,-0.002743888954607865,-1,0,-16.56982421875,57.080078125,0.0062644705998963325,0.007432238050593459,5933.952465820313,5653.448583984375,5802.736235351563,5962.103455125896,5873.70304105381,88.40041407208628,89.40030909321253,-0.9998950211262496,70.93162283987485,5933.952465820313,6056.578961522856,5811.325970117769,245.2529914050865,4920030500.0,1.0389264863297087,51.43017578125,133.6904296875,135.6904296875,0.8613601048525545,2.2703455710110076
2025-06-12,6045.259765625,6045.43017578125,6003.8798828125,6009.89990234375,4669500000,0.0038224199557175265,1,1,23.01953125,41.55029296875,0.004889860330604513,0.007455723833315512,5941.586450195313,5661.6923828125,5804.789484863281,5974.89673366422,5886.410946577602,88.48578708661807,89.21740469189365,-0.7316176052755736,72.85091918384555,5941.586450195313,6072.12304240874,5811.049857981886,261.0731844268539,4891833000.0,0.9545501655514406,105.9599609375,133.08984375,152.6796875,1.7840480262315224,2.2511166882664897
2025-06-13,5976.97021484375,6026.16015625,5963.2099609375,6000.56005859375,5258910000,-0.011296379879250695,-1,0,-68.28955078125,62.9501953125,0.006666085560848346,0.007930965280325001,5944.588452148438,5667.8123828125,5806.59013671875,5975.215730768763,5893.119040523243,82.09669024552022,87.79326180261896,-5.696571557098736,68.37688220576172,5944.588452148438,6075.498543975238,5813.678360321637,261.8201836536009,4905214000.0,1.0721061303339672,-23.3896484375,65.2802734375,60.0400390625,-0.3898040945949124,1.1042573965232585
2025-06-16,6033.10986328125,6050.830078125,6004.0,6004.0,5111710000,0.009392659896159117,1,1,56.1396484375,46.830078125,0.008119332347827609,0.00805054394507743,5948.324951171875,5680.5441796875,5808.626687011719,5984.122520386069,5903.48873109791,80.63378928815837,86.36136729972684,-5.727578011568468,63.56473637530439,5948.324951171875,6085.030170604146,5811.619731739604,273.4104388645428,4918257000.0,1.0393336501122248,27.22998046875,97.169921875,74.72998046875,0.45338869574591695,1.6369761627335473
2025-06-17,5982.72021484375,6023.25,5974.7998046875,6012.14990234375,4955700000,-0.008352184790166306,-1,0,-50.3896484375,48.4501953125,0.008527664277407268,0.008297812501486816,5949.28095703125,5698.716982421875,5810.579387207032,5983.906781071866,5909.357729893899,74.54905117796716,83.9989040753749,-9.449852897407737,60.98456154819661,5949.28095703125,6086.701503234269,5811.860410828232,274.8410924060372,4958841500.0,0.9993664850953595,-56.08984375,12.35009765625,19.1201171875,-0.9288227847169872,0.20685648316335603
2025-06-18,5980.8701171875,6018.25,5971.89013671875,5987.93017578125,5106470000,-0.0003092402101070313,-1,0,-1.85009765625,46.35986328125,0.008532334158014005,0.00824380365768895,5951.30146484375,5717.089384765625,5812.523937988281,5983.439602012733,5914.6549437674985,68.78465824523482,80.95605490934688,-12.171396664112052,58.44233926325592,5951.30146484375,6089.362738040895,5813.240191646605,276.1225463942901,4993322500.0,1.022659762112301,-41.3701171875,10.06005859375,40.41015625,-0.6869556108266656,0.1684873324561819
2025-06-20,5967.83984375,6018.2001953125,5952.56005859375,5999.669921875,7451500000,-0.002178658486505891,-1,0,-13.0302734375,65.64013671875,0.00803041913605637,0.0073109423966858985,5957.462963867188,5736.79078125,5814.121137695312,5981.0396392030825,5918.594565988425,62.445073214657896,77.25385857040908,-14.808785355751183,56.693609129781336,5957.462963867188,6086.1572043005635,5828.768723433812,257.3884808667517,5103185000.0,1.4601665430510553,-77.419921875,28.5400390625,123.22998046875,-1.2806715488924205,0.4805286818485778
2025-06-23,6025.169921875,6028.77001953125,5943.22998046875,5969.669921875,5597000000,0.009606504133156335,1,1,57.330078125,85.5400390625,0.007774863915252632,0.007543179897493673,5966.6209716796875,5748.156181640625,5816.602336425782,5987.8289134603,5926.489036794838,61.339876665461816,74.07106218941964,-12.73118552395782,59.859464207290294,5966.6209716796875,6086.4874717711855,5846.7544715881895,239.73300018299597,5125182500.0,1.092058673032619,48.19970703125,24.81005859375,183.16015625,0.8064237447853843,0.4134761774135129
2025-06-24,6092.18017578125,6101.759765625,6059.25,6061.2099609375,5443690000,0.01112172017970181,1,1,67.01025390625,42.509765625,0.008231398555137904,0.007566694577197477,5981.0889892578125,5764.6387890625,5819.462888183593,6003.882953817369,5938.762454497536,65.12049931983256,72.28094961550222,-7.160450295669662,62.55542481199602,5981.0889892578125,6086.7156624563,5875.462316059325,211.25334639697576,5164226000.0,1.054115369854069,59.0703125,86.30029296875,289.3603515625,0.9791022182359731,1.4369300527591693
2025-06-25,6092.16015625,6108.509765625,6080.08984375,6104.22998046875,5171110000,-3.2861029504172024e-06,-1,0,-0.02001953125,28.419921875,0.006210914837623982,0.006279196547976158,5989.6199951171875,5779.214794921875,5822.406638183594,6017.464061883928,5950.125247219941,67.33881466398634,71.29252262519906,-3.9537079612127144,62.51885194785831,5989.6199951171875,6102.31977084231,5876.920219392065,225.39955145024578,5154462500.0,1.0032297256988483,109.43994140625,53.35009765625,170.6201171875,1.8292672476095098,0.8834538119033598
2025-06-26,6141.02001953125,6146.52001953125,6107.27001953125,6112.08984375,5308140000,0.008020121275230219,1,1,48.85986328125,39.25,0.005997744531917718,0.006215605976027952,6002.243505859375,5793.915791015625,5826.069638671875,6036.472670752746,5964.265600724482,72.20707002826384,71.47543210581202,0.7316379224518244,70.09089273295822,6002.243505859375,6123.509295637784,5880.977716080965,242.53157955681854,5186617000.0,1.023430108681632,160.14990234375,118.77978515625,252.47021484375,2.6777023945649634,1.9723521568975932
2025-06-27,6173.06982421875,6187.68017578125,6132.35009765625,6150.7001953125,7889350000,0.005218970885222163,1,1,32.0498046875,55.330078125,0.004382537015954418,0.006240767596773552,6015.288500976562,5809.44458984375,5829.579738769531,6057.487617439823,5979.732580242577,77.75503719724657,72.73135312409893,5.023684073147635,68.25652767254175,6015.288500976562,6151.024741702571,5879.552260250553,271.47248145201775,5352597000.0,1.4739293841849106,205.22998046875,127.81005859375,260.89990234375,3.4389324419234084,2.1142194636616436
2025-06-30,6204.9501953125,6215.080078125,6174.97021484375,6193.35986328125,5782900000,0.005164427424532603,1,1,31.88037109375,40.10986328125,0.004111411982104332,0.006250955881581322,6029.951513671875,5828.02958984375,5833.126889648437,6080.174167881773,5996.415366544053,83.7588013377208,74.9368427668233,8.821958570897493,69.93218005530416,6029.951513671875,6181.055779798429,5878.84724754532,302.2085322531093,5322815000.0,1.0864364063000498,179.7802734375,227.97998046875,293.26025390625,2.983820801215733,3.814306785443967
2025-07-01,6198.009765625,6210.77978515625,6177.97021484375,6187.25,6275310000,-0.001118531087121899,-1,0,-6.9404296875,32.8095703125,0.0038649381641726265,0.006286896580653774,6043.055004882813,5846.33578125,5836.3462890625,6098.302721380731,6011.348284994493,86.95443638623783,77.34036149070621,9.614074895531616,66.81523413042649,6043.055004882813,6204.903369321286,5881.206640444339,323.6967288769465,5394968500.0,1.1631782465458325,105.82958984375,164.89990234375,262.06982421875,1.7371382130893496,2.733248790103505
2025-07-02,6227.419921875,6227.60009765625,6188.2900390625,6193.8798828125,5645710000,0.004745096791088033,1,1,29.41015625,39.31005859375,0.0033516203833148907,0.006259294036099412,6055.907495117188,5867.72017578125,5839.50458984375,6118.166906072157,6027.3535914300855,90.81331464207142,80.03495212097926,10.778362521092163,71.09948201305913,6055.907495117188,6233.511040424944,5878.303949809431,355.20709061551315,5425920000.0,1.0405074162538335,135.259765625,244.69970703125,257.0498046875,2.220226687347276,4.090107814571114
2025-07-03,6279.35009765625,6284.64990234375,6246.4599609375,6246.4599609375,3378110000,0.008338955206607324,1,1,51.93017578125,38.18994140625,0.003439453406725815,0.006388017193669294,6071.334497070313,5887.551982421875,5842.771240234375,6142.964320162017,6046.01999929869,96.94432086332745,83.4168258694489,13.527494993878548,72.72146481425838,6071.334497070313,6270.14915121849,5872.5198429221355,397.6293082963548,5356473000.0,0.6306593909835819,138.330078125,298.47998046875,308.5400390625,2.2525586577644616,4.990577869447364
2025-07-07,6229.97998046875,6262.06982421875,6201.0,6259.0400390625,5236740000,-0.007862297279128794,-1,0,-49.3701171875,61.06982421875,0.00641510692032937,0.006577872630989022,6085.868505859375,5904.634384765625,5845.755690917968,6156.351344824592,6059.646664570547,96.70468025404534,86.0743967463682,10.630283507677149,75.49417460442415,6085.868505859375,6286.533189781671,5885.203821937078,401.32936784459343,5363717500.0,0.9763265869240876,56.91015625,262.14013671875,290.68017578125,0.9219101333784513,4.39254644196399
2025-07-08,6225.52001953125,6242.7001953125,6217.75,6234.02978515625,5739030000,-0.0007158868810946961,-1,0,-4.4599609375,24.9501953125,0.006191498844530849,0.006340895105997771,6097.126513671875,5919.449384765625,5848.710390625,6166.992679394847,6071.933579752821,95.05909964202601,87.87133732549977,7.187762316526246,71.64191564147627,6097.126513671875,6302.794084250649,5891.458943093101,411.3351411575477,5432883500.0,1.0563506469446657,20.56982421875,200.35009765625,225.16015625,0.3315066772701798,3.3252190436797195
2025-07-09,6263.259765625,6269.16015625,6231.43017578125,6243.330078125,4813340000,0.0060621034026635545,1,1,37.73974609375,37.72998046875,0.006496056966818842,0.006404589069141375,6109.9955078125,5934.210380859375,5851.935390625,6181.803000353332,6086.105889817427,95.69711053590527,89.43649196758088,6.260618568324389,82.478775976746,6109.9955078125,6323.67655398791,5896.314461637091,427.3620923508188,5441432500.0,0.8845722151290124,65.25,171.07958984375,257.3798828125,1.052757295767511,2.808183358132724
2025-07-10,6280.4599609375,6290.22021484375,6251.43994140625,6266.7998046875,5367350000,0.0027462050044453346,1,1,17.2001953125,38.7802734375,0.006353567925281842,0.006358016891849176,6122.0780029296875,5949.244580078125,5854.769489746093,6196.980994289358,6100.502487678174,96.47850661118446,90.8448948963016,5.633611714882861,83.49382594739772,6122.0780029296875,6345.898456316595,5898.25754954278,447.640906773815,5465656000.0,0.9820138698813098,53.0400390625,188.2998046875,241.64990234375,0.8517177214304554,3.0908544729297964
2025-07-11,6259.75,6269.43994140625,6237.60009765625,6255.68017578125,4656210000,-0.0032975229626984737,-1,0,-20.7099609375,31.83984375,0.0053761236694318485,0.006380844072340729,6133.9534912109375,5963.222978515625,5857.555490722656,6206.637764398688,6112.298599702012,94.33916469667565,91.54374885637641,2.795415840299242,82.08430561429194,6133.9534912109375,6360.655025689995,5907.25195673188,453.4030689581159,5442889000.0,0.855466646481308,-19.60009765625,118.72998046875,237.509765625,-0.3121357680560872,1.9333918484410473
2025-07-14,6268.56005859375,6273.31005859375,6239.22021484375,6255.14990234375,4722250000,0.001407413809457303,1,1,8.81005859375,34.08984375,0.0035342597946465353,0.0063664849675458355,6145.118505859375,5977.212978515625,5860.305441894531,6216.164271197928,6123.873522582882,92.29074861504614,91.69314880811037,0.5975998069357757,79.94530745930801,6145.118505859375,6375.394647743203,5914.8423639755465,460.55228376765626,5445526500.0,0.867179693276674,38.580078125,95.490234375,223.30029296875,0.6192648812026712,1.5468840802733836
2025-07-15,6243.759765625,6302.0400390625,6241.68017578125,6295.2900390625,5133670000,-0.003956298214731202,-1,0,-24.80029296875,60.35986328125,0.004214348553523571,0.005751566577957472,6158.457983398437,5990.00537109375,5862.85958984375,6220.409731879016,6132.7539850304465,87.65574684856983,90.88566841620226,-3.229921567632431,70.81101518684227,6158.457983398437,6378.398716736282,5938.517250060592,439.8814666756898,5439264500.0,0.9438169443681218,18.23974609375,38.8095703125,266.78955078125,0.29298349433503806,0.625461431452238
2025-07-16,6263.7001953125,6268.1201171875,6201.58984375,6254.5,5177460000,0.003193657417327689,1,1,19.9404296875,66.5302734375,0.0034002246154012936,0.005505405126944137,6169.9875,6001.5459765625,5865.566791992187,6227.069803176475,6142.453704310598,84.61609886587667,89.63175450613714,-5.015655640260476,72.33003661141055,6169.9875,6386.408788110887,5953.566211889113,432.8425762217739,5442552000.0,0.951292702394024,0.4404296875,65.6904296875,230.59033203125,0.007031956265285929,1.059863281465415
2025-07-17,6297.35986328125,6304.68994140625,6262.27001953125,6263.39990234375,5512290000,0.00537376740890938,1,1,33.65966796875,42.419921875,0.004065181531835921,0.00499289760893071,6185.719482421875,6014.485576171875,5868.326740722656,6237.88365857721,6153.928234604721,83.95542397248846,88.49648839940741,-4.54106442691895,71.18992468663552,6185.719482421875,6390.240027610705,5981.198937233045,409.0410903776592,5470381500.0,1.007660983059408,16.89990234375,69.93994140625,314.6396484375,0.2690870166972183,1.1230965999349525
2025-07-18,6296.7900390625,6315.60986328125,6285.27001953125,6312.9501953125,5184700000,-9.048620868445933e-05,-1,0,-0.56982421875,30.33984375,0.0035245480371407486,0.00498647557666891,6201.515478515625,6028.283173828125,5871.119841308594,6246.94617865187,6164.510590490483,82.43558816138648,87.28430835180322,-4.848720190416742,68.33319103552766,6201.515478515625,6387.3672813525545,6015.663675678695,371.7036056738598,5474293000.0,0.9470994701964254,37.0400390625,17.43994140625,315.919921875,0.5917175456288191,0.27773481546696066
2025-07-21,6305.60009765625,6336.080078125,6303.7900390625,6304.740234375,5010840000,0.001399134882868358,1,1,8.81005859375,32.2900390625,0.0035244197294018896,0.004869239949048462,6218.403491210937,6041.769580078125,5873.835441894531,6255.969858498698,6174.961665095354,81.0081934033442,86.02908536211142,-5.020891958767223,66.00915514507037,6218.403491210937,6373.726208657948,6063.080773763927,310.6454348940206,5352260000.0,0.9362101243213148,37.0400390625,75.6201171875,337.76025390625,0.5908859246186967,1.2138099548405012
2025-07-22,6309.6201171875,6316.1201171875,6281.7099609375,6306.60009765625,5662040000,0.0006375316336257875,1,1,4.02001953125,34.41015625,0.0021989689652004564,0.004612491624594483,6232.626000976563,6054.68318359375,5876.8397924804685,6264.223744450821,6184.936365250328,79.28737920049298,84.68074412978774,-5.393364929294762,67.91897273482698,6232.626000976563,6363.638343498706,6101.61365845442,262.02468504428543,5355512000.0,1.057235984159871,65.8603515625,84.10009765625,284.4501953125,1.0548187956412731,1.3508927349426836
2025-07-23,6358.91015625,6360.64013671875,6317.490234375,6326.89990234375,5642510000,0.007811886951519131,1,1,49.2900390625,43.14990234375,0.003408837139746976,0.004330821382176232,6245.9625,6068.66318359375,5880.086643066406,6278.790884727618,6197.823312731785,80.96757199583226,83.93810970299666,-2.9705377071643966,69.84395540909385,6245.9625,6370.942940513242,6120.982059486757,249.96088102648537,5365453000.0,1.0516372056562606,95.2099609375,95.650390625,266.72998046875,1.5200274273783296,1.5271662713075291
2025-07-24,6363.35009765625,6381.31005859375,6360.56982421875,6368.60009765625,5282720000,0.0006982236416543941,1,1,4.43994140625,20.740234375,0.003241084034476901,0.00431524477592515,6259.521997070313,6079.04638671875,5883.4036938476565,6291.799994408946,6210.0845560595235,81.71543834942258,83.49357543228186,-1.7781370828592742,64.79809518566435,6259.521997070313,6372.512926236949,6146.531067903677,225.9818583332726,5371033500.0,0.9835574475564154,65.990234375,82.89013671875,271.18994140625,1.0479031817726814,1.319809969879607
2025-07-25,6388.64013671875,6395.81982421875,6368.52978515625,6370.009765625,4470720000,0.00397432777929585,1,1,25.2900390625,27.2900390625,0.0030618582127290577,0.004117811010457841,6271.903002929687,6089.088193359375,5886.591545410156,6306.698477841224,6223.310895367615,83.38758247360965,83.47237684054741,-0.0847943669377571,80.5420830607503,6271.903002929687,6384.48607357908,6159.319932280295,225.16614129878508,5329162500.0,0.8389160585739317,91.85009765625,128.89013671875,247.6201171875,1.458681281834913,2.0590301005431524
2025-07-28,6389.77001953125,6401.06982421875,6375.7900390625,6397.68994140625,4565620000,0.00017685810881817865,1,1,1.1298828125,25.27978515625,0.0032547785954990622,0.00406348383191209,6282.738012695312,6099.0319921875,5890.060695800781,6319.478715024305,6235.641200861218,83.83751416308678,83.54540430505529,0.2921098580314947,82.02876251123536,6282.738012695312,6396.97017674457,6168.505848646054,228.4643280985165,5162976000.0,0.884300062599555,84.169921875,121.2099609375,216.7001953125,1.334843957298932,1.933617286976931
2025-07-29,6370.85986328125,6409.259765625,6363.919921875,6405.6201171875,5076120000,-0.002959442388724254,-1,0,-18.91015625,45.33984375,0.0041009986213879765,0.004108359782051567,6291.03349609375,6108.1105859375,5893.159345703125,6327.383507063835,6245.6573980775165,81.72610898631865,83.18154524130796,-1.4554362549893085,72.64497035339575,6291.03349609375,6405.576896107867,6176.490096079633,229.08680002823348,5127637000.0,0.9899530719510761,61.23974609375,127.10009765625,165.90966796875,0.9705773874869584,2.035634015837688
2025-07-30,6362.89990234375,6396.5400390625,6336.3798828125,6381.22998046875,5375070000,-0.0012494327466496813,-1,0,-7.9599609375,60.16015625,0.002576402575306669,0.004112565032616777,6299.278002929687,6116.200986328125,5896.013645019531,6332.84756787613,6254.342028023163,78.50553985296665,82.24634416363969,-3.7408043106730418,68.05198859809127,6299.278002929687,6409.275929101413,6189.280076757962,219.99585234345068,5082625000.0,1.057538181549888,3.98974609375,99.19970703125,164.89013671875,0.06274260833562159,1.5837237405693052
2025-07-31,6339.39013671875,6427.02001953125,6327.64013671875,6427.02001953125,6077080000,-0.0036948193411530106,-1,0,-23.509765625,99.3798828125,0.0030406153715588015,0.004175332766947539,6304.876513671875,6123.716787109375,5898.810346679687,6333.85411692884,6260.641887926539,73.21222900230077,80.4395211313719,-7.227292129071131,67.2276736202799,6304.876513671875,6410.7974035984935,6198.955623745256,211.8417798532373,5104193500.0,1.1906053326544144,-23.9599609375,42.0302734375,111.97021484375,-0.3765306099742168,0.6674268955561967
2025-08-01,6238.009765625,6287.27978515625,6212.68994140625,6287.27978515625,5827150000,-0.015992133140148468,-1,0,-101.38037109375,74.58984375,0.00646592548797699,0.005289641279840783,6302.809497070312,6129.667783203125,5900.925246582031,6319.1088321128655,6258.965434422721,60.14339769014441,76.38029644312641,-16.236898752982,45.28123156937306,6302.809497070312,6412.378488852382,6193.240505288242,219.1379835641401,5226645500.0,1.1148929078890084,-150.63037109375,-58.7802734375,-41.34033203125,-2.357784565576029,-0.9334958458651659
2025-08-04,6329.93994140625,6330.68994140625,6271.7099609375,6271.7099609375,4842580000,0.01473710033091602,1,1,91.93017578125,58.97998046875,0.010955878135059065,0.005963826361045559,6307.8074951171875,6139.374384765625,5903.275695800781,6320.77515661954,6264.22280531039,56.552351309150254,72.41470741633118,-15.86235610718093,61.02498497703141,6307.8074951171875,6412.394705407605,6203.22028482677,209.17442058083543,5206937500.0,0.9300246065945673,-59.830078125,24.33984375,99.9599609375,-0.9363416514541333,0.3860036058906901
2025-08-05,6299.18994140625,6346.0,6289.3701171875,6336.6298828125,5517410000,-0.004857865996303334,-1,0,-30.75,56.6298828125,0.011037322654863986,0.0060902925580046145,6311.490991210938,6148.51798828125,5905.695346679688,6317.454354279033,6266.812963539713,50.64139073932074,68.0600440809291,-17.418653341608362,54.41799511050003,6311.490991210938,6408.812457839273,6214.169524582603,194.6429332566695,5195856500.0,1.061886524387269,-71.669921875,-10.43017578125,73.669921875,-1.1249646580373391,-0.16530592313851106
2025-08-06,6345.06005859375,6352.830078125,6301.10986328125,6309.2998046875,5408560000,0.007281907295092482,1,1,45.8701171875,51.72021484375,0.011852544350267353,0.006153586278515825,6315.581005859375,6159.36279296875,5908.208295898437,6321.701385712066,6272.609044654826,49.092341057240446,64.26650347619137,-15.174162418950928,55.76283704544436,6315.581005859375,6411.228977894684,6219.933033824066,191.29594407061813,5225617500.0,1.0350087812588655,-17.83984375,-13.85009765625,81.80029296875,-0.2803728492322936,-0.21780615413534526
2025-08-07,6340.0,6389.7099609375,6310.31982421875,6374.31982421875,5306090000,-0.0007974800154801898,-1,0,-5.06005859375,79.39013671875,0.011727785938975742,0.0061415735402062755,6318.5580078125,6167.7319921875,5910.700944824219,6324.516557140979,6277.600967272987,46.91558986799191,60.79632075455148,-13.880730886559569,55.16432418047999,6318.5580078125,6413.305414720026,6223.810600904974,189.4948138150521,5222554500.0,1.0159951418410282,0.60986328125,-23.35009765625,59.5400390625,0.009620220054253727,-0.36694661299321424
2025-08-08,6389.4501953125,6395.16015625,6355.22021484375,6355.22021484375,4769910000,0.007799715348974834,1,1,49.4501953125,39.93994140625,0.007721802553530121,0.006281102959891366,6325.043017578125,6177.75,5913.324846191406,6334.506347628905,6285.886095275914,48.620252352990974,58.36110707423938,-9.740854721248404,59.1341821868421,6325.043017578125,6420.593832091197,6229.492203065052,191.10162902614502,5228239500.0,0.9123357872186231,151.4404296875,0.81005859375,129.7001953125,2.4277042739179944,0.012679671673697553
2025-08-11,6373.4501953125,6407.25,6364.06005859375,6389.669921875,4652400000,-0.0025041278217863283,-1,0,-16.0,43.18994140625,0.005804825516528939,0.006329921732382325,6330.287524414062,6186.97560546875,5915.922197265625,6340.497708810997,6292.372324908254,48.125383902743124,56.31396243994013,-8.188578537197003,56.77643829026653,6330.287524414062,6424.2865550849465,6236.288493743178,187.99806134176833,5224747000.0,0.8904546000026413,43.51025390625,-16.31982421875,104.89013671875,0.6873723022494242,-0.2554055023712295
2025-08-12,6445.759765625,6446.5498046875,6385.759765625,6395.169921875,5135300000,0.01134543584661274,1,1,72.3095703125,60.7900390625,0.005969296124066635,0.006635884490373779,6340.387524414063,6197.657001953125,5918.894995117187,6356.691871397767,6303.734357553939,52.957513843827655,55.642672720717634,-2.685158876889979,58.79062007013993,6340.387524414063,6438.556787309469,6242.218261518657,196.33852579081213,5224828500.0,0.9828647964234616,146.56982421875,74.89990234375,202.0,2.3268043285265554,1.1756639441316095
2025-08-13,6466.580078125,6480.27978515625,6445.02001953125,6462.669921875,5195950000,0.0032300788824048965,1,1,20.8203125,35.259765625,0.005790809552811565,0.0066363457359064175,6350.531518554688,6208.2698046875,5922.240795898438,6373.597749355802,6315.797003522165,57.80074583363694,56.07428734330149,1.726458490335446,60.11323725961239,6350.531518554688,6456.919410295129,6244.143626814247,212.77578348088173,5225753000.0,0.9942968984565478,121.52001953125,103.68017578125,202.8798828125,1.9151910054289127,1.6294484806064573
2025-08-14,6468.5400390625,6473.919921875,6441.06982421875,6453.4599609375,4462050000,0.00030309080129242716,1,1,1.9599609375,32.85009765625,0.005589069482897196,0.006581865148813196,6359.09052734375,6218.233203125,5925.534196777344,6388.204255464525,6327.111302451079,61.09295301344628,57.07802047733045,4.014932536115829,58.202592788275005,6359.09052734375,6474.6176715922675,6243.563383095233,231.05428849703458,5173241000.0,0.8625250592423589,128.5400390625,129.14990234375,171.18017578125,2.0274454110804414,2.0372606758447214
2025-08-15,6449.7998046875,6481.33984375,6441.85009765625,6477.3798828125,4575060000,-0.0028971350972291088,-1,0,-18.740234375,39.48974609375,0.005829756244798038,0.006644100457874703,6366.741015625,6227.812998046875,5928.742595214844,6397.680493806522,6336.199339653776,61.48115415274515,57.95864721241339,3.522506940331759,55.94765487046758,6366.741015625,6485.126823597201,6248.3552076527985,236.77161594440258,5142759000.0,0.8896119767618899,60.349609375,211.7900390625,153.009765625,0.9445195991867087,3.3951540157821523
2025-08-18,6449.14990234375,6455.35009765625,6437.7001953125,6445.02001953125,4162290000,-0.00010076318078544588,-1,0,-0.64990234375,17.64990234375,0.005463915541926577,0.006650459486152536,6373.918505859375,6238.01,5931.870744628906,6405.598864350711,6344.566048001182,61.03281634952873,58.573481039836466,2.459335309692264,58.048062096437405,6373.918505859375,6494.089334443842,6253.747677274908,240.34165716893403,5100331500.0,0.816082248771477,75.69970703125,119.2099609375,143.5498046875,1.1877351310742976,1.8832715956388124
2025-08-19,6411.3701171875,6456.47998046875,6400.22021484375,6446.240234375,4377440000,-0.005858103118756786,-1,0,-37.77978515625,56.259765625,0.003448901392886529,0.0068327685110927796,6379.006005859375,6246.230205078125,5934.762995605469,6406.486749402525,6349.514497570539,56.972251831985886,58.25323519826635,-1.2809833662804664,54.694811478255275,6379.006005859375,6496.296083048136,6261.715928670615,234.58015437752147,5036101500.0,0.8692120283914055,-34.3896484375,112.18017578125,101.75,-0.5335235827574389,1.7808666959518062
2025-08-20,6395.77978515625,6408.39990234375,6343.85986328125,6406.6201171875,4470390000,-0.0024316693228262354,-1,0,-15.59033203125,64.5400390625,0.0024795966241129646,0.006663082136836275,6380.8494873046875,6254.028203125,5937.673544921875,6404.839524133868,6352.941555910221,51.897968223646785,56.98218180334244,-5.084213579695657,55.546984572230016,6380.8494873046875,6497.968516732093,6263.730457877282,234.23805885481124,4977495500.0,0.8981203498827874,-70.80029296875,50.7197265625,36.86962890625,-1.0948645514845106,0.7993577065327412
2025-08-21,6370.169921875,6393.64990234375,6352.7099609375,6380.830078125,4013560000,-0.004004181529308926,-1,0,-25.60986328125,40.93994140625,0.002115375469918381,0.006731286701496036,6381.190478515625,6260.655400390625,5940.997143554688,6399.505739170964,6354.217731166871,45.28800800409317,54.64334704349259,-9.355339039399418,65.27790634927445,6381.190478515625,6498.134565457938,6264.2463915733115,233.88817388462667,4914037500.0,0.8167540438997464,-98.3701171875,30.169921875,6.81982421875,-1.5207468237571118,0.4758662756309148
2025-08-22,6466.91015625,6478.89013671875,6384.58984375,6384.58984375,5046860000,0.015186444876893468,1,1,96.740234375,94.30029296875,0.008446054848927775,0.007496518832509305,6385.103979492187,6269.548798828125,5944.6876953125,6409.875649490816,6362.565318210066,47.31033128074978,53.176743890944024,-5.866412610194246,65.65980351765694,6385.103979492187,6508.17578004338,6262.0321789409945,246.14360110238522,4942844500.0,1.0210436520914223,17.1103515625,77.4599609375,78.27001953125,0.26528500233549523,1.2123102703629656
2025-08-25,6439.31982421875,6466.89013671875,6438.06005859375,6457.669921875,4059070000,-0.004266385548063467,-1,0,-27.59033203125,28.830078125,0.008728065276900706,0.007576246298784503,6387.581469726562,6277.43,5948.320844726562,6414.405522525882,6368.250837173672,46.154685352209526,51.77233218319713,-5.617646830987603,66.13764111284304,6387.581469726562,6513.020907967428,6262.142031485697,250.8788764817309,4917517000.0,0.8254308017643863,-9.830078125,65.86962890625,49.5498046875,-0.15242440125988627,1.033500331652318
2025-08-26,6465.93994140625,6468.3701171875,6429.2099609375,6435.490234375,4867680000,0.004133995191134998,1,1,26.6201171875,39.16015625,0.00826153539614696,0.007576070314551459,6392.335473632813,6287.20939453125,5951.736745605469,6422.333894661323,6375.487067116826,46.84682754449659,50.78723125545703,-3.940403710960439,64.56661779000609,6392.335473632813,6522.2341605217025,6262.436786743923,259.7973737777793,4907095000.0,0.9919677528150566,54.56982421875,20.18017578125,95.080078125,0.8511413819716954,0.31307675921883
2025-08-27,6481.39990234375,6487.06005859375,6457.83984375,6462.259765625,4143680000,0.0023909843081744153,1,1,15.4599609375,29.22021484375,0.007929990803589441,0.007568772623549562,6398.260473632812,6296.1751953125,5954.498544921875,6431.420972766312,6383.33246231882,48.0885104474919,50.24748709386401,-2.1589766463721105,66.62273536634228,6398.260473632812,6533.217647477676,6263.303299787948,269.91434768972795,4845525500.0,0.8551559578006555,85.6201171875,14.81982421875,118.5,1.3386970793805761,0.22917560812216897
2025-08-28,6501.85986328125,6508.22998046875,6466.9599609375,6483.83984375,4283760000,0.0031567194195349924,1,1,20.4599609375,41.27001953125,0.0070127609534413,0.0075022289487564914,6406.383959960937,6306.55798828125,5957.14234375,6442.257725153226,6392.112269797519,50.14545535570687,50.22708074623258,-0.0816253905257085,64.18130185971158,6406.383959960937,6545.90278007048,6266.865139851395,279.037640219085,4755859500.0,0.9007330851552701,131.68994140625,33.31982421875,162.4697265625,2.0672908732627384,0.5151057892126631
2025-08-29,6460.259765625,6491.759765625,6444.56982421875,6489.27978515625,4234840000,-0.00639818429357164,-1,0,-41.60009765625,47.18994140625,0.004788454879838014,0.0065901275251543726,6417.4964599609375,6316.14578125,5959.4659423828125,6445.027269841191,6397.160232451407,47.867037389783945,49.75507207494286,-1.8880346851589138,60.28718432984537,6417.4964599609375,6534.0650397532445,6300.9278801686305,233.13715958461398,4676244000.0,0.9056071496696921,-6.650390625,10.4599609375,222.25,-0.10283722000641486,0.16217497060758457
2025-09-02,6415.5400390625,6416.5400390625,6360.580078125,6401.509765625,4784000000,-0.006922279936861564,-1,0,-44.7197265625,55.9599609375,0.005453856407995596,0.0061096421479651985,6421.77646484375,6325.09978515625,5961.536892089844,6440.490772798315,6398.521699607784,41.96907319053116,48.197872298060524,-6.228799107529362,46.16832381966543,6421.77646484375,6530.854346561987,6312.698583125512,218.15576343647444,4673315000.0,1.0236844723713252,-23.77978515625,-33.60986328125,85.60009765625,-0.3692903257703166,-0.5211518384622368
2025-09-03,6448.259765625,6453.669921875,6416.169921875,6445.81982421875,4465360000,0.0051000736279842585,1,1,32.7197265625,37.5,0.005681516197705395,0.0060391202008947395,6429.229956054687,6333.56158203125,5963.858239746094,6441.686002463959,6402.206000794245,39.48000166971451,46.454298172391326,-6.974296502676815,47.74513810428135,6429.229956054687,6522.224855968947,6336.235056140427,185.9897998285196,4620712500.0,0.9663791027898836,-17.68017578125,36.8896484375,149.06982421875,-0.27343550885820345,0.575378550344595
2025-09-04,6502.080078125,6502.5400390625,6445.97998046875,6456.60009765625,4670770000,0.008346486409699372,1,1,53.8203125,56.56005859375,0.0069343134214562485,0.0061000487546946786,6437.08095703125,6341.759580078125,5966.4417407226565,6450.977398719503,6409.604080596522,41.37331812298089,45.43810216250924,-4.064784039528348,53.66077233822573,6437.08095703125,6526.603725106362,6347.558188956139,179.0455361502227,4583823000.0,1.0189682280489452,20.68017578125,106.30029296875,157.02001953125,0.3190695851643378,1.6620380397627006
2025-09-05,6481.5,6532.64990234375,6443.97998046875,6529.080078125,5066120000,-0.003165152978388819,-1,0,-20.580078125,88.669921875,0.006940827181533208,0.006164320366474631,6444.15595703125,6349.546376953125,5969.103391113281,6455.673183531888,6414.929704256039,40.743479275848586,44.499177585177115,-3.7556983093285297,53.44611967837208,6444.15595703125,6523.116673684464,6365.195240378036,157.9214333064283,4571824500.0,1.1081177766119412,-20.35986328125,111.330078125,141.5,-0.3131390665035823,1.7476783114167074
2025-09-08,6495.14990234375,6508.669921875,6483.2900390625,6498.08984375,5211500000,0.0021059789159529885,1,1,13.64990234375,25.3798828125,0.006165882128521853,0.005968056799342202,6449.440942382813,6356.628974609375,5972.226040039062,6461.746524887559,6420.871941151426,40.87458373613299,43.77425881536829,-2.899675079235301,54.86319175867402,6449.440942382813,6527.123584037077,6371.758300728548,155.3652833085289,4593904000.0,1.1344381597874051,34.89013671875,28.23974609375,105.69970703125,0.5400732785452403,0.43668066219317203
2025-09-09,6512.60986328125,6518.22998046875,6483.080078125,6503.330078125,4798350000,0.0026881536531127015,1,1,17.4599609375,35.14990234375,0.0042396850712840385,0.005927838482930635,6456.39892578125,6363.419775390625,5975.320988769531,6469.571653871204,6427.667342790673,41.90431108053144,43.40026926840092,-1.4959581878694763,61.18373145969598,6456.39892578125,6530.257630340468,6382.540221222032,147.71740911843517,4601201500.0,1.042847178068598,97.06982421875,73.2900390625,139.15966796875,1.5130421387399644,1.1381642947264528
2025-09-10,6532.0400390625,6555.97021484375,6516.33984375,6550.2900390625,5253010000,0.002983469943562689,1,1,19.43017578125,39.63037109375,0.004082206350902277,0.005441948759639642,6460.712939453125,6369.961572265625,5978.3962890625,6479.182174669864,6435.3986536256225,43.78352104424175,43.47691962356909,0.3066014206726635,64.92574593696615,6460.712939453125,6541.69108614314,6379.73479276311,161.95629338002982,4607087000.0,1.1402020408991624,83.7802734375,66.10009765625,86.2802734375,1.299269515848662,1.0222813427783581
2025-09-11,6587.47021484375,6592.89013671875,6545.7998046875,6554.41015625,5426460000,0.008485890387959882,1,1,55.43017578125,47.09033203125,0.004131514173728771,0.005692741565523602,6466.7574462890625,6377.75078125,5981.748090820312,6495.841873158154,6446.663213715854,49.17865944230016,44.617267587315304,4.561391854984855,72.3430896382479,6466.7574462890625,6565.646217869083,6367.868674709042,197.7775431600403,4618612500.0,1.1749112964120718,85.39013671875,106.0703125,120.89013671875,1.3132741475459326,1.6365339910849157
2025-09-12,6584.2900390625,6600.2099609375,6579.490234375,6590.66015625,4641640000,-0.00048276131466740146,-1,0,-3.18017578125,20.7197265625,0.0032787004455783735,0.005700089953131035,6472.544946289063,6384.88818359375,5984.925991210937,6509.449283297284,6456.857793371161,52.59148992612245,46.21211205507674,6.379377871045712,64.94444803628534,6472.544946289063,6584.551551394039,6360.538341184087,224.01321020995238,4627592000.0,1.0030357040983735,102.7900390625,82.43017578125,115.75,1.5858989286816325,1.267793793077086
2025-09-15,6615.27978515625,6619.6201171875,6602.06982421875,6603.490234375,5045020000,0.004706619226962694,1,1,30.98974609375,17.55029296875,0.0032767344687677207,0.005686880212726038,6480.8189453125,6391.60677734375,5988.155690917969,6525.730898967894,6468.592755725612,57.13814324228224,48.39731829251784,8.740824949764402,72.21042977908274,6480.8189453125,6609.027442938822,6352.610447686177,256.4169952526445,4651090000.0,1.0846962754967115,120.1298828125,155.02001953125,165.47998046875,1.8495321065515609,2.3995942137824007
2025-09-16,6606.759765625,6626.990234375,6600.10986328125,6624.1298828125,5359510000,-0.0012879303382402618,-1,0,-8.52001953125,26.88037109375,0.003982871208148596,0.005708236821747797,6488.699438476562,6399.142373046875,5991.252639160156,6538.196878453602,6478.827349051492,59.36952940210995,50.59176051443626,8.777768887673687,68.6259744118008,6488.699438476562,6627.638166426271,6349.7607105268535,277.8774558994173,4710951000.0,1.1376705043206774,94.14990234375,191.2197265625,157.60986328125,1.4456554948051874,2.980571010362564
2025-09-17,6600.35009765625,6624.39013671875,6551.14990234375,6604.8701171875,5805340000,-0.0009701681605103207,-1,0,-6.40966796875,73.240234375,0.004334404596140635,0.005489534359429942,6498.1484375,6406.638974609375,5994.146240234375,6547.758912177086,6487.829034133326,59.929878043760255,52.45938402030106,7.470494023459196,66.11923509561305,6498.1484375,6640.603772848294,6355.693102151706,284.91067069658857,4782346000.0,1.2139104949746422,68.31005859375,152.09033203125,188.97998046875,1.0457691346845157,2.358626010106288
2025-09-18,6631.9599609375,6656.7998046875,6611.89013671875,6626.85009765625,5292400000,0.004789119185128365,1,1,31.60986328125,44.90966796875,0.003114293637535281,0.0054569270267922475,6509.957446289062,6414.012978515625,5997.3123388671875,6560.712919678688,6498.505399081783,62.20752059690494,54.409011335621834,7.798509261283108,67.1130464941521,6509.957446289062,6655.799005057517,6364.115887520607,291.6831175369098,4823446500.0,1.0972237382543788,44.48974609375,129.8798828125,236.18017578125,0.6753692182698585,1.997512815159812
2025-09-19,6664.35986328125,6671.81982421875,6630.31005859375,6647.10986328125,9125960000,0.004885418870829605,1,1,32.39990234375,41.509765625,0.003246595317381079,0.00531705400460978,6524.666943359375,6421.6909765625,6000.472238769531,6576.658603309851,6510.79091494841,65.86768836144074,56.70074674078562,9.166941620655123,77.512726372783,6524.666943359375,6670.488412837814,6378.845473880936,291.6429389568784,5079066500.0,1.7967789947227508,80.06982421875,182.85986328125,294.18994140625,1.2160737717160268,2.8212584013152817
2025-09-22,6693.75,6698.8798828125,6648.06982421875,6654.27978515625,5642620000,0.004410046474333074,1,1,29.39013671875,50.81005859375,0.0031968080355086236,0.004407891062930955,6536.008935546875,6430.3709765625,6003.7052392578125,6594.672664339105,6524.343439767046,70.32922457205859,59.42644230704022,10.902782265018374,89.11950324614692,6536.008935546875,6697.374129350871,6374.64374174288,322.73038760799136,5108854500.0,1.1044785088320679,78.47021484375,198.60009765625,226.83984375,1.186196463221798,3.057667654207425
2025-09-23,6656.919921875,6699.52001953125,6645.580078125,6692.43994140625,5633620000,-0.005502159197012135,-1,0,-36.830078125,53.93994140625,0.004633497066327081,0.004504049829559693,6546.888940429688,6438.138173828125,6006.740439453125,6604.249165498473,6534.16391992319,70.0852455752829,61.55820296068876,8.527042614594137,79.0047321309793,6546.888940429688,6710.136985250459,6383.640895608917,326.4960896415414,5187582000.0,1.0859818697805643,50.16015625,144.31005859375,217.60009765625,0.7592247641723483,2.215856033498715
2025-09-24,6637.97021484375,6672.66015625,6621.759765625,6669.7900390625,5459180000,-0.002846617843333288,-1,0,-18.94970703125,50.900390625,0.004950974183973603,0.00457322221580587,6555.490454101562,6446.0223828125,6009.497839355468,6609.4370192439,6541.85327510249,67.58374414140962,62.76331119683294,4.820432944576687,70.91714255220961,6555.490454101562,6718.908211953615,6392.072696249509,326.835515704106,5217157000.0,1.046389824956389,37.6201171875,105.93017578125,172.0302734375,0.5699715413710965,1.6217012625117564
2025-09-25,6604.72021484375,6619.0,6569.22021484375,6608.18994140625,5874670000,-0.0050090613431266195,-1,0,-33.25,49.77978515625,0.0050863281702815885,0.004777135161236191,6561.656469726562,6452.842783203125,6012.145891113281,6608.711357028493,6546.510085453695,62.20127157479783,62.65090327242592,-0.4496316976280923,68.25487305392514,6561.656469726562,6722.590743019019,6400.722196434105,321.86854658491393,5303706500.0,1.1076536757831528,-27.23974609375,17.25,123.3203125,-0.4107344775027768,0.26186076653720636
2025-09-26,6643.7001953125,6648.97021484375,6604.43017578125,6615.3798828125,5103110000,0.005901836747171263,1,1,38.97998046875,44.5400390625,0.00538266436908192,0.004882047990307594,6568.748486328125,6459.76958984375,6014.913041992188,6614.094255226032,6553.709352850643,60.384902375389174,62.197703093018575,-1.8128007176294005,70.47108299969722,6568.748486328125,6731.082674637577,6406.414298018673,324.6683766189035,5344674000.0,0.9548028560769095,-20.65966796875,59.41015625,141.84033203125,-0.31000228667991003,0.9023016285360825
2025-09-29,6661.2099609375,6677.31005859375,6644.490234375,6661.580078125,5358760000,0.00263554421636214,1,1,17.509765625,32.81982421875,0.005014930031257014,0.004559962406444371,6578.79599609375,6467.05798828125,6017.954841308594,6621.342825335489,6561.6723608570765,59.670464478412214,61.6922553700973,-2.021790891685086,70.47513580210367,6578.79599609375,6737.696242202831,6419.895749984668,317.8004922181626,5400870000.0,0.9922031080177823,-32.5400390625,45.93017578125,200.9501953125,-0.48612570028011204,0.6943043570781512
2025-09-30,6688.4599609375,6691.25,6641.0,6656.18994140625,6057210000,0.0040908483833717035,1,1,27.25,50.25,0.004667742829269261,0.004128503333099692,6592.4419921875,6474.715185546875,6021.222590332031,6631.668538505029,6571.064034937108,60.6045035679208,61.474705009662,-0.8702014417412016,71.09795677509774,6592.4419921875,6738.681545124668,6446.202439250331,292.4791058743376,5464530500.0,1.10845936352629,31.5400390625,81.7001953125,272.919921875,0.4737932772611207,1.2366151973254194
2025-10-01,6711.2001953125,6718.47998046875,6656.2001953125,6664.919921875,6037950000,0.003399920834961989,1,1,22.740234375,62.27978515625,0.004209480498184589,0.004080558772103083,6605.589013671875,6482.746787109375,6024.357641601562,6643.9041780138705,6581.444491261211,62.45968675265976,61.67170135826156,0.7879853943982056,68.30274917911774,6605.589013671875,6744.336527925753,6466.8414994179975,277.4950285077557,5543160000.0,1.0892613599463121,73.22998046875,110.85009765625,262.9404296875,1.1031983889441683,1.6794578471771109
2025-10-02,6715.35009765625,6731.93994140625,6693.22998046875,6731.31005859375,5416130000,0.0006183547238911569,1,1,4.14990234375,38.7099609375,0.0019386470756343618,0.0038054045890303233,6616.252514648438,6489.8755859375,6027.678142089844,6654.895857958852,6591.363425068251,63.53243289060083,62.04384766472941,1.488585225871418,69.33158943230548,6616.252514648438,6754.284422582857,6478.220606714019,276.063815868838,5580428000.0,0.9705581722405522,110.6298828125,83.39013671875,213.27001953125,1.6750124034605636,1.2573980725143263
2025-10-03,6715.7900390625,6750.8701171875,6705.669921875,6722.14013671875,5713110000,6.551280273581206e-05,1,1,0.43994140625,45.2001953125,0.0017503747816326072,0.0036571904108734536,6627.967016601562,6496.924384765625,6031.001643066406,6664.264193513259,6600.580211290047,63.68398222321139,62.37187457642581,1.3121076467855772,66.29389405426627,6627.967016601562,6757.342621216701,6498.591411986423,258.7512092302786,5612777500.0,1.0178757308658681,72.08984375,51.43017578125,234.2900390625,1.0850857448513915,0.7717196675500045
2025-10-06,6740.27978515625,6749.52001953125,6717.77978515625,6733.85986328125,5604460000,0.0036465919796933033,1,1,24.48974609375,31.740234375,0.0018728654533800304,0.0036804929775692287,6640.2235107421875,6503.957177734375,6034.3326416015625,6675.958899919873,6610.928327872729,65.03057204714423,62.903614070569496,2.1269579765747366,70.57960260036215,6640.2235107421875,6762.891280067598,6517.555741416777,245.33553865082104,5632425500.0,0.995034909915808,79.06982421875,46.52978515625,245.1298828125,1.1870189452431208,0.6951228408029878
2025-10-07,6714.58984375,6754.490234375,6699.9599609375,6746.14013671875,5546150000,-0.0038114057910215715,-1,0,-25.68994140625,54.5302734375,0.003028980481983761,0.0038848351773413986,6650.322509765625,6510.45357421875,6037.652541503906,6681.902122047585,6618.606958678452,63.29516336913275,62.98192393028215,0.31323943885060146,66.62011351769897,6650.322509765625,6761.46999413688,6539.17502539437,222.2949687425098,5669815500.0,0.9781887964432,26.1298828125,57.669921875,201.97998046875,0.3906711405182346,0.8663153913793301
2025-10-08,6753.72021484375,6755.64013671875,6718.08984375,6723.8701171875,5383130000,0.0058276636405680815,1,1,39.13037109375,37.55029296875,0.0036781993193208988,0.003991232412147348,6661.406518554688,6518.11078125,6042.060341796875,6692.951059400841,6628.61534802403,64.33571137681065,63.25268141958786,1.0830299572227915,67.33490254526546,6661.406518554688,6766.961306636112,6555.851730473264,211.1095761628476,5676321500.0,0.9483483273454473,42.52001953125,115.75,221.68017578125,0.6335680399006499,1.7437559412538675
2025-10-09,6735.10986328125,6764.580078125,6716.169921875,6760.5,5385020000,-0.002755570407195318,-1,0,-18.6103515625,48.41015625,0.004111449627314323,0.003767254111995745,6668.788500976562,6525.55498046875,6046.400490722656,6699.437029228596,6636.503830635676,62.933198592919325,63.18878485425416,-0.25558626133483386,60.48427243363396,6668.788500976562,6773.216109587303,6564.360892365821,208.85521722148223,5674249500.0,0.9490277084220565,19.759765625,130.3896484375,147.6396484375,0.29424773597278914,1.9741888255077988
2025-10-10,6552.509765625,6762.39990234375,6550.77978515625,6740.490234375,6596610000,-0.02711167321141361,-1,0,-182.60009765625,211.6201171875,0.013107741677412495,0.007357132552654708,6667.199487304688,6529.817373046875,6049.5087890625,6676.832834828043,6630.282048042293,46.55078678574955,59.86118524055324,-13.310398454803689,35.6059475114203,6667.199487304688,6777.824126019178,6556.574848590198,221.24927742898035,5771998000.0,1.142864221366674,-163.2802734375,-91.1904296875,-31.7802734375,-2.4312891333376667,-1.372584960288243
2025-10-13,6654.72021484375,6668.68017578125,6620.7099609375,6622.52978515625,5303960000,0.015598671787557583,1,1,102.21044921875,47.97021484375,0.01584628656940311,0.008105739562110425,6669.1715087890625,6538.15158203125,6052.912041015625,6673.4308932919985,6632.092282620179,41.33861067181988,56.15667032680658,-14.818059654986698,49.80218479321395,6669.1715087890625,6777.276623499509,6561.066394078616,216.21022942089257,5784945000.0,0.9168557350156311,-85.5595703125,-6.48974609375,39.4404296875,-1.2693771332893802,-0.09742593510498852
2025-10-14,6644.31005859375,6680.7001953125,6555.06982421875,6602.490234375,5666920000,-0.0015643266604626893,-1,0,-10.41015625,125.63037109375,0.015829895693364043,0.00810887598720269,6671.0490234375,6544.438984375,6055.933391113282,6668.950764876884,6632.997303062665,35.95346181421883,52.11602862428903,-16.162566810070203,50.57902247591865,6671.0490234375,6775.843825409926,6566.254221465075,209.58960394485075,5800315500.0,0.9770020268725037,-70.27978515625,-44.14990234375,37.55029296875,-1.0466727944919383,-0.6600907025174394
2025-10-15,6671.06005859375,6724.1201171875,6612.10986328125,6688.27001953125,5633060000,0.004026001159503689,1,1,26.75,112.01025390625,0.015626338282229285,0.008144084190313273,6674.584521484375,6551.87638671875,6059.1007421875,6669.275271602555,6635.816766435339,33.45850516721657,48.384523932874544,-14.926018765657972,56.13166673887613,6674.584521484375,6773.967811468632,6575.2012315001175,198.76657996851463,5791701500.0,0.9726088266116615,-82.66015625,-40.14013671875,70.7099609375,-1.223920352346316,-0.5981066806319718
2025-10-16,6629.06982421875,6709.33984375,6593.990234375,6689.02001953125,6048180000,-0.006294387099829435,-1,0,-41.990234375,115.349609375,0.0157284639290733,0.008218259469530488,6674.440014648438,6557.55658203125,6062.391892089844,6663.089818158894,6635.316992937814,27.772825221079984,44.26218419051563,-16.48935896943565,48.65522555928668,6674.440014648438,6774.092303733304,6574.787725563571,199.30457816973285,5829490500.0,1.0375143419480657,-106.0400390625,-86.2802734375,-2.89013671875,-1.5744366642126133,-1.284821672478595
2025-10-17,6664.009765625,6678.8798828125,6603.759765625,6613.27001953125,5358120000,0.0052707155502571545,1,1,34.93994140625,75.1201171875,0.008235964711678688,0.008230730445937471,6674.422509765625,6564.03677734375,6066.177241210938,6663.231348538295,6637.442383507235,25.788965031059888,40.567540358624484,-14.778575327564596,50.24935855620787,6674.422509765625,6774.082377034243,6574.762642497008,199.3197345372355,5641098500.0,0.9498362774555346,111.5,-51.7802734375,-0.35009765625,1.7016380591287035,-0.7710228154292974
2025-10-20,6735.1298828125,6744.35009765625,6690.0498046875,6690.0498046875,4672170000,0.010672270853256949,1,1,71.1201171875,54.30029296875,0.006531102002362406,0.00852015593643291,6676.49150390625,6570.95037109375,6070.4447412109375,6674.292661503557,6644.678494566884,29.614166936672518,38.3768656742341,-8.762698737561578,53.855288335877184,6676.49150390625,6779.502634589867,6573.480373222633,206.02226136723402,5592576000.0,0.8354236044355946,80.40966796875,-5.14990234375,41.3798828125,1.2083102726000627,-0.07640487498888916
2025-10-21,6735.35009765625,6752.16015625,6722.02978515625,6736.75,5245020000,3.2696450934288634e-05,1,1,0.22021484375,30.13037109375,0.006323149397162218,0.008409479174206898,6680.413012695312,6578.188369140625,6074.778742675781,6683.686113219355,6651.394909610541,32.29120360881461,37.1597332611502,-4.868529652335589,52.07205848467711,6680.413012695312,6786.2205485663935,6574.605476824231,211.6150717421624,5573146000.0,0.9411237387285386,91.0400390625,20.76025390625,78.43017578125,1.3701955245864665,0.30918126630733567
2025-10-22,6699.39990234375,6741.75,6655.68994140625,6741.33984375,5710010000,-0.005337539220865439,-1,0,-35.9501953125,86.06005859375,0.007176591572027102,0.008481653457203496,6683.4844970703125,6583.261171875,6078.563391113281,6686.103619238493,6654.950834998186,31.152784240306573,35.95834345698148,-4.805559216674908,48.70229031894117,6683.4844970703125,6787.6582336711,6579.310760469525,208.34747320157476,5585687500.0,1.022257331796668,28.33984375,-54.3203125,61.4296875,0.42481769765349703,-0.8043020849547692
2025-10-23,6738.43994140625,6749.52978515625,6700.14013671875,6703.64990234375,5565750000,0.0058273934429324825,1,1,39.0400390625,49.3896484375,0.0061217630970227645,0.008457621491555033,6690.170483398438,6588.698369140625,6082.37869140625,6694.1553611104555,6661.135213250635,33.0201478598201,35.370704337549206,-2.350556477729107,51.733892520866746,6690.170483398438,6790.138936929281,6590.202029867594,199.93690706168672,5570241500.0,0.9991936615315512,109.3701171875,3.330078125,133.7197265625,1.6498561651579753,0.049443560574342786
2025-10-24,6791.68994140625,6807.10986328125,6772.06982421875,6772.06982421875,5058220000,0.00790242258787388,1,1,53.25,35.0400390625,0.006439208214186071,0.00852971065763688,6697.569970703125,6595.1613671875,6086.7919921875,6709.160681155962,6670.8059338547555,38.35474730120677,35.96751293028072,2.387234370926052,53.76955882900507,6697.569970703125,6804.706578052777,6590.433363353473,214.27321469930394,5567997000.0,0.9084451733720402,127.68017578125,239.18017578125,147.98974609375,1.915966216614258,3.6502070860849183
2025-10-27,6875.16015625,6877.27978515625,6843.93994140625,6845.4599609375,5290650000,0.012290050865671143,1,1,83.47021484375,33.33984375,0.006894202210124519,0.008884783064285987,6708.26748046875,6603.66857421875,6091.57654296875,6734.69906193966,6685.943283661811,48.75577827784946,38.52516599979447,10.230612278054991,60.85385737578306,6708.26748046875,6840.016196153749,6576.518764783752,263.4974313699968,5564591500.0,0.9507706001419871,140.0302734375,220.43994140625,213.9501953125,2.079102791986919,3.3125350772004745
2025-10-28,6890.89013671875,6911.2998046875,6870.72998046875,6897.740234375,5695930000,0.0022879438603986557,1,1,15.72998046875,40.56982421875,0.006626641014342069,0.008867520636452233,6718.388989257813,6612.50337890625,6096.895793457032,6758.728458059521,6701.124532036399,57.60392602312186,42.34091800445995,15.263008018661907,59.57500037492348,6718.388989257813,6872.872159756332,6563.905818759294,308.96634099703806,5546527500.0,1.0269362227087129,155.5400390625,246.580078125,202.43017578125,2.3093088971963676,3.7111464689410956
2025-10-29,6890.58984375,6920.33984375,6851.91015625,6910.9501953125,6280130000,-4.3578255173426506e-05,-1,0,-0.30029296875,68.4296875,0.004819630840827955,0.00886272261179615,6727.358471679688,6622.0877734375,6102.1676416015625,6779.014825088825,6715.15899957074,63.85582551808511,46.64389950718498,17.21192601090013,61.137822698950025,6727.358471679688,6899.864099704232,6554.852843655143,345.01125604908884,5558636500.0,1.1297968485616932,191.18994140625,219.52978515625,179.3896484375,2.85383682409171,3.290778125636101
2025-10-30,6822.33984375,6880.75,6820.68994140625,6860.5,6052700000,-0.00990481243951924,-1,0,-68.25,60.06005859375,0.008447265688311539,0.00921430060630701,6732.707958984375,6630.618974609375,6107.064790039062,6785.680212575159,6723.0983213617965,62.581891213362724,49.83149784842053,12.750393364942191,73.11646328301867,6732.707958984375,6910.208933203133,6555.206984765618,355.00194843751524,5590465000.0,1.0826827464262812,83.89990234375,193.27001953125,106.98974609375,1.2450938655430217,2.9154922886036623
2025-10-31,6840.2001953125,6879.169921875,6814.259765625,6879.169921875,6398280000,0.0026179217059763005,1,1,17.8603515625,64.91015625,0.00791731384548111,0.009220810478638463,6738.928466796875,6640.019580078125,6111.516240234375,6794.067902227058,6731.772534247034,62.29536798002391,52.324271874741214,9.971096105282697,68.57468101149209,6738.928466796875,6922.547523707367,6555.309409886383,367.2381138209839,5624723500.0,1.137527915816662,48.51025390625,176.1904296875,124.41015625,0.714258959474904,2.643910136451842
2025-11-03,6851.97021484375,6882.31982421875,6820.6201171875,6882.31982421875,6065720000,0.0017207127269924793,1,1,11.77001953125,61.69970703125,0.005266625448430857,0.009201300276763765,6744.51298828125,6647.72078125,6116.089392089843,6802.975950321933,6740.676066143087,62.29988417884579,54.31939433556214,7.9804898432836495,70.73940275856957,6744.51298828125,6934.971534081317,6554.054442481182,380.9170916001349,5647786500.0,1.0739995217595424,-23.18994140625,116.84033203125,111.6904296875,-0.33730038107066823,1.734789589276028
2025-11-04,6771.5498046875,6820.2099609375,6766.7099609375,6788.52001953125,5739510000,-0.011736830084583816,-1,0,-80.42041015625,53.5,0.006809808068775365,0.009576211323971538,6747.360986328125,6654.365380859375,6119.963840332031,6798.141158685867,6742.963009738969,55.178148946897636,54.49114525782924,0.6870036890683977,59.064366635512954,6747.360986328125,6937.638925381589,6557.083047274662,380.5558781069267,5657454500.0,1.0145039611012339,-119.34033203125,36.19970703125,56.9599609375,-1.7318565477533001,0.5374584320991226
2025-11-05,6796.2900390625,6829.77978515625,6763.10986328125,6769.77001953125,5939600000,0.0036535556982648654,1,1,24.740234375,66.669921875,0.007445801087847632,0.009524347276125038,6749.489477539062,6660.9723828125,6123.6990893554685,6797.856371051503,6746.91316005923,50.943210992272725,53.78155840471794,-2.8383474124452164,65.56805463754532,6749.489477539062,6941.01523496419,6557.963720113934,383.05151485025635,5685278000.0,1.0447334325603779,-94.2998046875,96.89013671875,42.56982421875,-1.3685302249274514,1.4462509796564538
2025-11-06,6720.31982421875,6796.68017578125,6707.509765625,6787.58984375,6051900000,-0.011178189042419073,-1,0,-75.97021484375,89.17041015625,0.007767395980037682,0.009849888857258801,6748.749975585937,6665.75078125,6126.868837890625,6785.927671538771,6744.943283330305,40.984388208466044,51.222124365467565,-10.237736157001521,54.87033472333316,6748.749975585937,6940.623403138076,6556.876548033798,383.74685510427844,5718622000.0,1.0582794246585978,-102.02001953125,-18.1201171875,-14.7900390625,-1.4953816706259708,-0.2689067105303679
2025-11-07,6728.7998046875,6730.10986328125,6631.43994140625,6696.18017578125,5926070000,0.0012618418007710464,1,1,8.47998046875,98.669921875,0.007543309650951006,0.007515908451943202,6757.564477539063,6670.289580078125,6129.919287109375,6777.138768946268,6743.747470097505,33.391298848762744,47.65595926212661,-14.264660413363863,49.38596840228637,6757.564477539063,6926.279178095081,6588.849776983045,337.42940111203643,5685095000.0,1.042387154480268,-111.400390625,-62.89013671875,176.2900390625,-1.62861301488429,-0.9259865697833713
2025-11-10,6832.43017578125,6841.31982421875,6770.56005859375,6785.35986328125,5366050000,0.01540101862170995,1,1,103.63037109375,70.759765625,0.011330121708772201,0.0074962982696779685,6766.449975585938,6677.73298828125,6133.575236816407,6785.645139228573,6750.316559407413,35.32857982116002,45.19048337393329,-9.86190355277327,57.843431195411185,6766.449975585938,6931.026610920511,6601.873340251364,329.1532706691469,5688199500.0,0.9433652951166709,-19.5400390625,-42.72998046875,177.7099609375,-0.2851740222129028,-0.6215125102199324
2025-11-11,6846.60986328125,6855.1298828125,6806.8701171875,6815.64013671875,4983490000,0.002075350517340535,1,1,14.1796875,48.259765625,0.009437189916704721,0.007466064833611987,6776.564965820313,6686.354384765625,6137.746887207031,6795.024327544369,6757.449396731401,37.57493081296798,43.667372861740226,-6.092442048772249,62.327246975084314,6776.564965820313,6934.256980763078,6618.872950877548,315.38402988553025,5654028000.0,0.8814052565710676,75.06005859375,-44.2802734375,202.2998046875,1.1084620324551233,-0.64259148758661
2025-11-12,6850.919921875,6869.91015625,6829.6201171875,6867.77001953125,5293610000,0.0006295171887717999,1,1,4.31005859375,40.2900390625,0.009421056086719577,0.007444834203455777,6785.557958984375,6694.407587890625,6141.662985839844,6803.623649749082,6764.373139334631,39.25051041445113,42.78400037228241,-3.5334899578312786,60.00067724970631,6785.557958984375,6938.354390817471,6632.761527151279,305.592863666192,5637055500.0,0.9390735996833808,54.6298828125,-39.669921875,179.85986328125,0.8038191792655719,-0.5757115540838927
